Transcripcion	Levenstein	Orden	Parcial
Estandar	38.0	45.90163934426229	66.66666666666667
Estandar_normalizada	38.63636363636363	45.90163934426229	73.6842105263158
Dialectal	38.0	45.90163934426229	66.66666666666667
Dialectal_normalizada	38.63636363636363	45.90163934426229	73.6842105263158