Transcripcion	Levenstein	Orden	Parcial
Estandar	41.69184290030211	63.926940639269404	56.459330143540676
Estandar_normalizada	49.27007299270073	65.27777777777779	63.297872340425535
Dialectal	40.243902439024396	63.44827586206896	55.50239234449761
Dialectal_normalizada	47.601476014760145	64.80186480186481	62.76595744680851