Transcripcion	Levenstein	Orden	Parcial
Estandar	36.29032258064516	64.77987421383648	53.37837837837838
Estandar_normalizada	41.666666666666664	65.60509554140128	59.57446808510638
Dialectal	36.29032258064516	64.77987421383648	53.37837837837838
Dialectal_normalizada	41.666666666666664	65.60509554140128	59.57446808510638