Transcripcion	Levenstein	Orden	Parcial
Estandar	53.191489361702125	50.0	65.71428571428571
Estandar_normalizada	63.41463414634146	50.0	67.64705882352942
Dialectal	53.191489361702125	50.0	65.71428571428571
Dialectal_normalizada	63.41463414634146	50.0	67.64705882352942