Transcripcion	Levenstein	Orden	Parcial
Estandar	46.15384615384615	85.71428571428572	66.66666666666667
Estandar_normalizada	66.66666666666667	92.3076923076923	83.33333333333334
Dialectal	46.15384615384615	85.71428571428572	66.66666666666667
Dialectal_normalizada	66.66666666666667	92.3076923076923	83.33333333333334