Transcripcion	Levenstein	Orden	Parcial
Estandar	45.685279187817265	60.71428571428572	68.70229007633588
Estandar_normalizada	52.976190476190474	61.15107913669065	73.6
Dialectal	45.91836734693877	60.93189964157706	68.70229007633588
Dialectal_normalizada	53.293413173652695	61.37184115523466	73.6