Transcripcion	Levenstein	Orden	Parcial
Estandar	57.49999999999999	80.0	82.75862068965517
Estandar_normalizada	70.58823529411764	80.0	85.71428571428572
Dialectal	57.49999999999999	80.0	82.75862068965517
Dialectal_normalizada	70.58823529411764	80.0	85.71428571428572