Transcripcion	Levenstein	Orden	Parcial
Estandar	62.264150943396224	83.9506172839506	66.66666666666667
Estandar_normalizada	68.88888888888889	83.9506172839506	75.0
Dialectal	62.264150943396224	83.9506172839506	66.66666666666667
Dialectal_normalizada	68.88888888888889	83.9506172839506	75.0