Transcripcion	Levenstein	Orden	Parcial
Estandar	50.0	62.4	69.23076923076923
Estandar_normalizada	55.88235294117647	64.51612903225806	73.77049180327869
Dialectal	50.0	62.4	69.23076923076923
Dialectal_normalizada	55.88235294117647	64.51612903225806	73.77049180327869