Transcripcion	Levenstein	Orden	Parcial
Estandar	71.1340206185567	82.80254777070064	79.48717948717949
Estandar_normalizada	80.45977011494253	82.80254777070064	86.66666666666667
Dialectal	71.1340206185567	82.80254777070064	79.48717948717949
Dialectal_normalizada	80.45977011494253	82.80254777070064	86.66666666666667