Transcripcion	Levenstein	Orden	Parcial
Estandar	43.790849673202615	69.5187165775401	68.57142857142857
Estandar_normalizada	50.3875968992248	69.89247311827957	75.75757575757575
Dialectal	43.790849673202615	69.5187165775401	68.57142857142857
Dialectal_normalizada	50.3875968992248	69.89247311827957	75.75757575757575