Transcripcion	Levenstein	Orden	Parcial
Estandar	3.8356164383561597	7.0844686648501405	87.5
Estandar_normalizada	3.9548022598870025	7.0844686648501405	100.0
Dialectal	3.8356164383561597	7.0844686648501405	87.5
Dialectal_normalizada	3.9548022598870025	7.0844686648501405	100.0