Transcripcion	Levenstein	Orden	Parcial
Estandar	57.8544061302682	76.78958785249458	71.27882599580713
Estandar_normalizada	62.0253164556962	76.68845315904139	75.80299785867237
Dialectal	57.8544061302682	76.78958785249458	71.27882599580713
Dialectal_normalizada	62.0253164556962	76.68845315904139	75.80299785867237