Transcripcion	Levenstein	Orden	Parcial
Estandar	59.72222222222222	64.15094339622642	65.1685393258427
Estandar_normalizada	64.51612903225806	64.15094339622642	71.42857142857143
Dialectal	59.72222222222222	64.15094339622642	65.1685393258427
Dialectal_normalizada	64.51612903225806	64.15094339622642	71.42857142857143