Transcripcion	Levenstein	Orden	Parcial
Estandar	43.75	79.12087912087912	59.523809523809526
Estandar_normalizada	56.4516129032258	80.0	69.23076923076923
Dialectal	43.75	79.12087912087912	59.523809523809526
Dialectal_normalizada	56.4516129032258	80.0	69.23076923076923