Transcripcion	Levenstein	Orden	Parcial
Estandar	65.3103448275862	81.998199819982	71.46814404432133
Estandar_normalizada	72.11311861743911	82.07674943566592	78.50287907869482
Dialectal	64.81994459833795	81.49819494584838	71.28347183748846
Dialectal_normalizada	71.58642462509866	81.57537347215936	78.40690978886757