Transcripcion	Levenstein	Orden	Parcial
Estandar	67.3913043478261	77.46031746031747	76.65615141955836
Estandar_normalizada	73.43283582089552	77.90143084260731	80.59701492537313
Dialectal	67.3913043478261	77.46031746031747	76.65615141955836
Dialectal_normalizada	73.43283582089552	77.90143084260731	80.59701492537313