Transcripcion	Levenstein	Orden	Parcial
Estandar	52.8888888888889	74.4336569579288	70.99236641221374
Estandar_normalizada	60.204081632653065	74.4336569579288	75.59055118110236
Dialectal	52.01793721973094	72.31270358306189	69.46564885496183
Dialectal_normalizada	58.76288659793815	72.31270358306189	74.80314960629921