Transcripcion	Levenstein	Orden	Parcial
Estandar	47.5	80.0	78.68852459016394
Estandar_normalizada	62.5	80.0	87.71929824561404
Dialectal	47.5	80.0	78.68852459016394
Dialectal_normalizada	62.5	80.0	87.71929824561404