Transcripcion	Levenstein	Orden	Parcial
Estandar	61.40350877192983	80.43478260869566	72.72727272727273
Estandar_normalizada	70.58823529411764	80.43478260869566	79.54545454545455
Dialectal	61.40350877192983	80.43478260869566	72.72727272727273
Dialectal_normalizada	70.58823529411764	80.43478260869566	79.54545454545455