Transcripcion	Levenstein	Orden	Parcial
Estandar	31.428571428571427	57.14285714285714	73.6842105263158
Estandar_normalizada	31.999999999999996	57.14285714285714	85.71428571428572
Dialectal	31.428571428571427	57.14285714285714	73.6842105263158
Dialectal_normalizada	31.999999999999996	57.14285714285714	85.71428571428572