Transcripcion	Levenstein	Orden	Parcial
Estandar	39.877300613496935	68.39378238341969	57.377049180327866
Estandar_normalizada	47.48201438848921	69.10994764397907	62.18487394957983
Dialectal	40.123456790123456	68.75	57.377049180327866
Dialectal_normalizada	47.82608695652174	69.47368421052632	62.18487394957983