Transcripcion	Levenstein	Orden	Parcial
Estandar	19.999999999999996	44.03669724770643	36.95652173913043
Estandar_normalizada	20.588235294117652	44.03669724770643	42.553191489361694
Dialectal	19.999999999999996	44.03669724770643	36.95652173913043
Dialectal_normalizada	20.588235294117652	44.03669724770643	42.553191489361694