Transcripcion	Levenstein	Orden	Parcial
Estandar	55.50405561993048	73.75099127676448	63.63636363636363
Estandar_normalizada	63.84105960264901	73.72611464968153	71.70474516695957
Dialectal	55.74912891986064	73.868149324861	63.63636363636363
Dialectal_normalizada	64.01062416998671	73.84370015948963	71.52899824253076