Transcripcion	Levenstein	Orden	Parcial
Estandar	14.28571428571429	33.333333333333336	25.0
Estandar_normalizada	25.0	26.086956521739136	42.85714285714286
Dialectal	14.28571428571429	33.333333333333336	25.0
Dialectal_normalizada	25.0	26.086956521739136	42.85714285714286