Transcripcion	Levenstein	Orden	Parcial
Estandar	59.65156794425087	78.52193995381063	67.03024293505206
Estandar_normalizada	66.53605015673982	78.72044506258693	72.61663286004057
Dialectal	59.6221133659902	78.64752200092636	67.18903036238981
Dialectal_normalizada	66.45669291338582	78.75406787540679	72.85641806189751