Transcripcion	Levenstein	Orden	Parcial
Estandar	10.416666666666663	12.0	30.76923076923077
Estandar_normalizada	11.363636363636365	12.0	36.36363636363637
Dialectal	10.416666666666663	12.0	30.76923076923077
Dialectal_normalizada	11.363636363636365	12.0	36.36363636363637