Transcripcion	Levenstein	Orden	Parcial
Estandar	45.833333333333336	63.1578947368421	61.53846153846154
Estandar_normalizada	50.0	63.1578947368421	66.66666666666667
Dialectal	45.833333333333336	63.1578947368421	61.53846153846154
Dialectal_normalizada	50.0	63.1578947368421	66.66666666666667