Transcripcion	Levenstein	Orden	Parcial
Estandar	71.79856115107914	87.01067615658363	76.52329749103943
Estandar_normalizada	78.93890675241157	87.32142857142857	83.91866913123845
Dialectal	71.90201729106629	87.08815672306322	76.52329749103943
Dialectal_normalizada	79.06602254428341	87.39946380697052	83.91866913123845