Transcripcion	Levenstein	Orden	Parcial
Estandar	22.22222222222222	63.829787234042556	62.745098039215684
Estandar_normalizada	41.379310344827594	63.829787234042556	82.05128205128204
Dialectal	22.22222222222222	63.829787234042556	62.745098039215684
Dialectal_normalizada	41.379310344827594	63.829787234042556	82.05128205128204