Transcripcion	Levenstein	Orden	Parcial
Estandar	51.70068027210885	67.94258373205741	85.0574712643678
Estandar_normalizada	56.81818181818181	69.23076923076923	86.04651162790698
Dialectal	51.70068027210885	67.94258373205741	85.0574712643678
Dialectal_normalizada	56.81818181818181	69.23076923076923	86.04651162790698