Transcripcion	Levenstein	Orden	Parcial
Estandar	67.09677419354838	80.3088803088803	73.52941176470588
Estandar_normalizada	75.53956834532374	80.3088803088803	82.03125
Dialectal	66.01307189542483	80.93385214007782	73.40823970037454
Dialectal_normalizada	74.45255474452554	80.93385214007782	82.03125