Transcripcion	Levenstein	Orden	Parcial
Estandar	50.598290598290596	67.66541822721598	70.77747989276139
Estandar_normalizada	57.42971887550201	68.01007556675063	75.4985754985755
Dialectal	50.598290598290596	67.66541822721598	70.77747989276139
Dialectal_normalizada	57.42971887550201	68.01007556675063	75.4985754985755