Transcripcion	Levenstein	Orden	Parcial
Estandar	13.905325443786987	32.398753894081	51.388888888888886
Estandar_normalizada	17.730496453900713	34.285714285714285	53.52112676056338
Dialectal	13.905325443786987	32.398753894081	51.388888888888886
Dialectal_normalizada	17.730496453900713	34.285714285714285	53.52112676056338