Transcripcion	Levenstein	Orden	Parcial
Estandar	51.11111111111111	65.625	64.0
Estandar_normalizada	55.696202531645575	66.14173228346456	69.23076923076923
Dialectal	51.11111111111111	65.625	64.0
Dialectal_normalizada	55.696202531645575	66.14173228346456	69.23076923076923