Transcripcion	Levenstein	Orden	Parcial
Estandar	15.000000000000002	29.411764705882348	34.48275862068966
Estandar_normalizada	15.000000000000002	29.411764705882348	37.03703703703704
Dialectal	15.000000000000002	29.411764705882348	34.48275862068966
Dialectal_normalizada	15.000000000000002	29.411764705882348	37.03703703703704