Transcripcion	Levenstein	Orden	Parcial
Estandar	50.63752276867031	71.85473411154345	60.18237082066869
Estandar_normalizada	57.4642126789366	72.22946544980444	67.91277258566979
Dialectal	50.276243093922645	71.63398692810458	60.18237082066869
Dialectal_normalizada	57.14285714285714	72.01051248357425	68.22429906542055