Transcripcion	Levenstein	Orden	Parcial
Estandar	52.1186440677966	67.44868035190616	69.32515337423312
Estandar_normalizada	60.0	67.64705882352942	75.16339869281046
Dialectal	52.1186440677966	67.44868035190616	69.32515337423312
Dialectal_normalizada	60.0	67.64705882352942	75.16339869281046