Transcripcion	Levenstein	Orden	Parcial
Estandar	8.94039735099338	22.614840989399298	48.837209302325576
Estandar_normalizada	10.984848484848486	22.93906810035843	48.10126582278481
Dialectal	8.97009966777409	22.69503546099291	48.837209302325576
Dialectal_normalizada	11.026615969581755	23.021582733812952	48.10126582278481