Transcripcion	Levenstein	Orden	Parcial
Estandar	5.882352941176472	15.384615384615385	33.333333333333336
Estandar_normalizada	7.4074074074074066	15.384615384615385	33.333333333333336
Dialectal	5.882352941176472	15.384615384615385	33.333333333333336
Dialectal_normalizada	7.4074074074074066	15.384615384615385	33.333333333333336