Transcripcion	Levenstein	Orden	Parcial
Estandar	61.40350877192983	81.27090301003345	70.09966777408638
Estandar_normalizada	68.11594202898551	81.81818181818181	77.11267605633803
Dialectal	61.40350877192983	81.27090301003345	70.09966777408638
Dialectal_normalizada	68.11594202898551	81.81818181818181	77.11267605633803