Transcripcion	Levenstein	Orden	Parcial
Estandar	52.38095238095239	60.71428571428572	81.4814814814815
Estandar_normalizada	67.64705882352942	60.71428571428572	80.76923076923077
Dialectal	52.38095238095239	60.71428571428572	81.4814814814815
Dialectal_normalizada	67.64705882352942	60.71428571428572	80.76923076923077