Transcripcion	Levenstein	Orden	Parcial
Estandar	25.30120481927711	37.93103448275862	48.57142857142858
Estandar_normalizada	24.390243902439025	37.93103448275862	53.125
Dialectal	25.30120481927711	37.93103448275862	48.57142857142858
Dialectal_normalizada	24.390243902439025	37.93103448275862	53.125