Transcripcion	Levenstein	Orden	Parcial
Estandar	78.76712328767124	95.54655870445345	89.0625
Estandar_normalizada	86.92307692307692	95.54655870445345	95.19999999999999
Dialectal	78.76712328767124	95.54655870445345	89.0625
Dialectal_normalizada	86.92307692307692	95.54655870445345	95.19999999999999