Transcripcion	Levenstein	Orden	Parcial
Estandar	12.73885350318471	26.74418604651163	40.54054054054054
Estandar_normalizada	13.698630136986301	25.730994152046783	44.11764705882353
Dialectal	12.73885350318471	26.74418604651163	40.54054054054054
Dialectal_normalizada	13.698630136986301	25.730994152046783	44.11764705882353