Transcripcion	Levenstein	Orden	Parcial
Estandar	42.10526315789473	57.360406091370564	58.04597701149425
Estandar_normalizada	48.275862068965516	57.8005115089514	62.34567901234568
Dialectal	42.10526315789473	57.360406091370564	58.04597701149425
Dialectal_normalizada	48.275862068965516	57.8005115089514	62.34567901234568