Transcripcion	Levenstein	Orden	Parcial
Estandar	48.98305084745763	76.69683257918551	61.46788990825688
Estandar_normalizada	56.310679611650485	77.44874715261959	70.71428571428571
Dialectal	48.98305084745763	76.69683257918551	61.46788990825688
Dialectal_normalizada	56.310679611650485	77.44874715261959	70.71428571428571