Transcripcion	Levenstein	Orden	Parcial
Estandar	16.216216216216218	28.125	48.64864864864865
Estandar_normalizada	19.298245614035093	28.57142857142857	48.275862068965516
Dialectal	16.216216216216218	28.125	48.64864864864865
Dialectal_normalizada	19.298245614035093	28.57142857142857	48.275862068965516