Transcripcion	Levenstein	Orden	Parcial
Estandar	3.3333333333333326	19.047619047619047	16.666666666666664
Estandar_normalizada	9.999999999999998	19.047619047619047	33.333333333333336
Dialectal	3.3333333333333326	19.047619047619047	16.666666666666664
Dialectal_normalizada	9.999999999999998	19.047619047619047	33.333333333333336