Transcripcion	Levenstein	Orden	Parcial
Estandar	21.287128712871283	34.74903474903475	41.379310344827594
Estandar_normalizada	24.725274725274726	34.645669291338585	48.0
Dialectal	21.287128712871283	34.74903474903475	41.379310344827594
Dialectal_normalizada	24.725274725274726	34.645669291338585	48.0