Transcripcion	Levenstein	Orden	Parcial
Estandar	45.751633986928105	65.64102564102564	85.33333333333333
Estandar_normalizada	51.49253731343284	65.97938144329896	89.04109589041096
Dialectal	45.751633986928105	65.64102564102564	85.33333333333333
Dialectal_normalizada	51.49253731343284	65.97938144329896	89.04109589041096