Transcripcion	Levenstein	Orden	Parcial
Estandar	56.02836879432624	74.43762781186093	76.98924731182795
Estandar_normalizada	64.36363636363636	74.18032786885246	83.52668213457076
Dialectal	56.02836879432624	74.43762781186093	76.98924731182795
Dialectal_normalizada	64.36363636363636	74.18032786885246	83.52668213457076