Transcripcion	Levenstein	Orden	Parcial
Estandar	24.705882352941178	41.666666666666664	58.62068965517242
Estandar_normalizada	31.506849315068497	41.666666666666664	71.42857142857143
Dialectal	24.705882352941178	41.666666666666664	58.62068965517242
Dialectal_normalizada	31.506849315068497	41.666666666666664	71.42857142857143