Transcripcion	Levenstein	Orden	Parcial
Estandar	6.545454545454543	14.184397163120565	39.13043478260869
Estandar_normalizada	8.076923076923082	13.523131672597867	48.78048780487805
Dialectal	6.545454545454543	14.184397163120565	39.13043478260869
Dialectal_normalizada	8.076923076923082	13.523131672597867	48.78048780487805