Transcripcion	Levenstein	Orden	Parcial
Estandar	17.647058823529417	29.629629629629626	40.67796610169492
Estandar_normalizada	21.212121212121215	29.629629629629626	46.15384615384615
Dialectal	17.647058823529417	29.629629629629626	40.67796610169492
Dialectal_normalizada	21.212121212121215	29.629629629629626	46.15384615384615