Transcripcion	Levenstein	Orden	Parcial
Estandar	35.13513513513513	55.28455284552846	52.727272727272734
Estandar_normalizada	38.46153846153846	54.0983606557377	57.94392523364487
Dialectal	35.13513513513513	55.28455284552846	52.727272727272734
Dialectal_normalizada	38.46153846153846	54.0983606557377	57.94392523364487