Transcripcion	Levenstein	Orden	Parcial
Estandar	9.677419354838712	23.529411764705888	32.14285714285714
Estandar_normalizada	13.793103448275868	23.529411764705888	36.36363636363637
Dialectal	9.677419354838712	23.529411764705888	32.14285714285714
Dialectal_normalizada	13.793103448275868	23.529411764705888	36.36363636363637