Transcripcion	Levenstein	Orden	Parcial
Estandar	50.39370078740157	73.03370786516854	67.08860759493672
Estandar_normalizada	60.57692307692308	72.31638418079096	77.10843373493977
Dialectal	49.60629921259843	70.78651685393258	65.83850931677019
Dialectal_normalizada	58.65384615384615	70.05649717514125	74.69879518072288