Transcripcion	Levenstein	Orden	Parcial
Estandar	21.62162162162162	44.96124031007752	39.370078740157474
Estandar_normalizada	21.42857142857143	44.96124031007752	40.0
Dialectal	21.62162162162162	44.96124031007752	39.370078740157474
Dialectal_normalizada	21.42857142857143	44.96124031007752	40.0