Transcripcion	Levenstein	Orden	Parcial
Estandar	48.275862068965516	70.08547008547008	77.77777777777779
Estandar_normalizada	54.794520547945204	70.08547008547008	81.63265306122449
Dialectal	48.275862068965516	70.08547008547008	77.77777777777779
Dialectal_normalizada	54.794520547945204	70.08547008547008	81.63265306122449