Transcripcion	Levenstein	Orden	Parcial
Estandar	14.70588235294118	27.027027027027028	40.0
Estandar_normalizada	18.518518518518523	27.027027027027028	40.0
Dialectal	14.70588235294118	27.027027027027028	40.0
Dialectal_normalizada	18.518518518518523	27.027027027027028	40.0