Transcripcion	Levenstein	Orden	Parcial
Estandar	41.9047619047619	61.34969325153374	75.40983606557377
Estandar_normalizada	47.524752475247524	61.34969325153374	80.67226890756302
Dialectal	41.9047619047619	61.34969325153374	75.40983606557377
Dialectal_normalizada	47.524752475247524	61.34969325153374	80.67226890756302