Transcripcion	Levenstein	Orden	Parcial
Estandar	70.0	71.91011235955057	86.04651162790698
Estandar_normalizada	76.47058823529412	72.72727272727273	87.5
Dialectal	70.0	71.91011235955057	86.04651162790698
Dialectal_normalizada	76.47058823529412	72.72727272727273	87.5