Transcripcion	Levenstein	Orden	Parcial
Estandar	66.66666666666667	85.71428571428572	91.80327868852459
Estandar_normalizada	77.77777777777779	85.71428571428572	93.33333333333333
Dialectal	66.66666666666667	85.71428571428572	91.80327868852459
Dialectal_normalizada	77.77777777777779	85.71428571428572	93.33333333333333