Transcripcion	Levenstein	Orden	Parcial
Estandar	82.6086956521739	92.3076923076923	85.0
Estandar_normalizada	85.71428571428572	92.3076923076923	86.8421052631579
Dialectal	82.6086956521739	92.3076923076923	85.0
Dialectal_normalizada	85.71428571428572	92.3076923076923	86.8421052631579