Transcripcion	Levenstein	Orden	Parcial
Estandar	55.660377358490564	67.5	72.82608695652173
Estandar_normalizada	65.11627906976744	67.5	76.36363636363637
Dialectal	55.660377358490564	67.5	72.82608695652173
Dialectal_normalizada	65.11627906976744	67.5	76.36363636363637