Transcripcion	Levenstein	Orden	Parcial
Estandar	25.0	38.70967741935484	40.0
Estandar_normalizada	25.71428571428571	38.70967741935484	40.74074074074075
Dialectal	25.0	38.70967741935484	40.0
Dialectal_normalizada	25.71428571428571	38.70967741935484	40.74074074074075