Transcripcion	Levenstein	Orden	Parcial
Estandar	19.999999999999996	34.78260869565217	57.14285714285714
Estandar_normalizada	21.052631578947366	34.78260869565217	61.53846153846154
Dialectal	19.999999999999996	34.78260869565217	57.14285714285714
Dialectal_normalizada	21.052631578947366	34.78260869565217	61.53846153846154