Transcripcion	Levenstein	Orden	Parcial
Estandar	47.36842105263158	70.83333333333333	82.35294117647058
Estandar_normalizada	52.727272727272734	70.83333333333333	87.5
Dialectal	47.36842105263158	70.83333333333333	82.35294117647058
Dialectal_normalizada	52.727272727272734	70.83333333333333	87.5