Transcripcion	Levenstein	Orden	Parcial
Estandar	55.55555555555556	72.72727272727273	66.66666666666667
Estandar_normalizada	66.66666666666667	72.72727272727273	80.0
Dialectal	55.55555555555556	72.72727272727273	66.66666666666667
Dialectal_normalizada	66.66666666666667	72.72727272727273	80.0