Transcripcion	Levenstein	Orden	Parcial
Estandar	25.92592592592593	40.0	37.5
Estandar_normalizada	38.095238095238095	40.0	47.05882352941176
Dialectal	25.92592592592593	40.0	37.5
Dialectal_normalizada	38.095238095238095	40.0	47.05882352941176