Transcripcion	Levenstein	Orden	Parcial
Estandar	73.41772151898735	95.16129032258065	90.625
Estandar_normalizada	82.85714285714285	95.16129032258065	95.08196721311475
Dialectal	73.41772151898735	95.16129032258065	90.625
Dialectal_normalizada	82.85714285714285	95.16129032258065	95.08196721311475