Transcripcion	Levenstein	Orden	Parcial
Estandar	34.14634146341463	60.0	51.515151515151516
Estandar_normalizada	36.36363636363637	60.0	60.0
Dialectal	34.14634146341463	60.0	51.515151515151516
Dialectal_normalizada	36.36363636363637	60.0	60.0