Transcripcion	Levenstein	Orden	Parcial
Estandar	33.673469387755105	79.53216374269006	73.93939393939394
Estandar_normalizada	44.565217391304344	79.53216374269006	83.22147651006712
Dialectal	33.673469387755105	79.53216374269006	73.93939393939394
Dialectal_normalizada	44.565217391304344	79.53216374269006	83.22147651006712