Transcripcion	Levenstein	Orden	Parcial
Estandar	14.70588235294118	50.0	35.29411764705882
Estandar_normalizada	14.28571428571429	50.0	44.44444444444444
Dialectal	14.70588235294118	50.0	35.29411764705882
Dialectal_normalizada	14.28571428571429	50.0	44.44444444444444