Transcripcion	Levenstein	Orden	Parcial
Estandar	81.25	92.61744966442953	89.47368421052632
Estandar_normalizada	85.52631578947368	92.61744966442953	92.0
Dialectal	81.25	92.61744966442953	89.47368421052632
Dialectal_normalizada	85.52631578947368	92.61744966442953	92.0