Transcripcion	Levenstein	Orden	Parcial
Estandar	71.80451127819549	79.65367965367966	78.01724137931035
Estandar_normalizada	76.92307692307692	78.95878524945769	82.0627802690583
Dialectal	71.80451127819549	79.65367965367966	78.01724137931035
Dialectal_normalizada	76.92307692307692	78.95878524945769	82.0627802690583