Transcripcion	Levenstein	Orden	Parcial
Estandar	25.352112676056336	41.02564102564102	64.95726495726495
Estandar_normalizada	25.179856115107913	41.23711340206185	70.2127659574468
Dialectal	25.352112676056336	41.02564102564102	64.95726495726495
Dialectal_normalizada	25.179856115107913	41.23711340206185	70.2127659574468