Transcripcion	Levenstein	Orden	Parcial
Estandar	11.111111111111116	34.78260869565217	33.333333333333336
Estandar_normalizada	22.22222222222222	34.78260869565217	50.0
Dialectal	11.111111111111116	34.78260869565217	33.333333333333336
Dialectal_normalizada	22.22222222222222	34.78260869565217	50.0