Transcripcion	Levenstein	Orden	Parcial
Estandar	53.57142857142857	82.92682926829268	71.11111111111111
Estandar_normalizada	70.83333333333333	82.92682926829268	84.21052631578947
Dialectal	53.57142857142857	82.92682926829268	71.11111111111111
Dialectal_normalizada	70.83333333333333	82.92682926829268	84.21052631578947