Transcripcion	Levenstein	Orden	Parcial
Estandar	25.0	19.999999999999996	33.333333333333336
Estandar_normalizada	16.666666666666664	19.999999999999996	28.57142857142857
Dialectal	25.0	19.999999999999996	33.333333333333336
Dialectal_normalizada	16.666666666666664	19.999999999999996	28.57142857142857