Transcripcion	Levenstein	Orden	Parcial
Estandar	53.50877192982456	70.89947089947091	80.98159509202453
Estandar_normalizada	60.71428571428572	70.89947089947091	86.45161290322581
Dialectal	53.50877192982456	70.89947089947091	80.98159509202453
Dialectal_normalizada	60.71428571428572	70.89947089947091	86.45161290322581