Transcripcion	Levenstein	Orden	Parcial
Estandar	64.86486486486487	65.47619047619048	66.66666666666667
Estandar_normalizada	70.10309278350515	65.47619047619048	73.20261437908498
Dialectal	64.86486486486487	65.47619047619048	66.66666666666667
Dialectal_normalizada	70.10309278350515	65.47619047619048	73.20261437908498