Transcripcion	Levenstein	Orden	Parcial
Estandar	9.999999999999998	16.666666666666664	26.66666666666667
Estandar_normalizada	9.999999999999998	16.666666666666664	50.0
Dialectal	9.999999999999998	16.666666666666664	26.66666666666667
Dialectal_normalizada	9.999999999999998	16.666666666666664	50.0