Transcripcion	Levenstein	Orden	Parcial
Estandar	35.38461538461538	62.06896551724138	59.01639344262295
Estandar_normalizada	42.85714285714286	62.06896551724138	67.9245283018868
Dialectal	35.38461538461538	62.06896551724138	59.01639344262295
Dialectal_normalizada	42.85714285714286	62.06896551724138	67.9245283018868