Transcripcion	Levenstein	Orden	Parcial
Estandar	10.256410256410254	19.999999999999996	60.0
Estandar_normalizada	8.108108108108103	19.999999999999996	75.0
Dialectal	10.256410256410254	19.999999999999996	60.0
Dialectal_normalizada	8.108108108108103	19.999999999999996	75.0