Transcripcion	Levenstein	Orden	Parcial
Estandar	70.88607594936708	87.17948717948718	74.57627118644068
Estandar_normalizada	79.10447761194031	87.17948717948718	83.92857142857143
Dialectal	70.88607594936708	87.17948717948718	74.57627118644068
Dialectal_normalizada	79.10447761194031	87.17948717948718	83.92857142857143