Transcripcion	Levenstein	Orden	Parcial
Estandar	67.53246753246754	86.88524590163934	81.63265306122449
Estandar_normalizada	74.64788732394366	86.88524590163934	84.5360824742268
Dialectal	67.53246753246754	86.88524590163934	81.63265306122449
Dialectal_normalizada	74.64788732394366	86.88524590163934	84.5360824742268