Transcripcion	Levenstein	Orden	Parcial
Estandar	30.000000000000004	43.63636363636364	44.44444444444444
Estandar_normalizada	34.48275862068966	43.63636363636364	46.15384615384615
Dialectal	30.000000000000004	43.63636363636364	44.44444444444444
Dialectal_normalizada	34.48275862068966	43.63636363636364	46.15384615384615