Transcripcion	Levenstein	Orden	Parcial
Estandar	62.878787878787875	68.80733944954129	76.41509433962264
Estandar_normalizada	67.22689075630252	68.80733944954129	80.40201005025126
Dialectal	62.878787878787875	68.80733944954129	76.41509433962264
Dialectal_normalizada	67.22689075630252	68.80733944954129	80.40201005025126