Transcripcion	Levenstein	Orden	Parcial
Estandar	12.5	22.22222222222222	28.57142857142857
Estandar_normalizada	16.666666666666664	22.22222222222222	40.0
Dialectal	12.5	22.22222222222222	28.57142857142857
Dialectal_normalizada	16.666666666666664	22.22222222222222	40.0