Transcripcion	Levenstein	Orden	Parcial
Estandar	82.05128205128204	87.32394366197182	91.66666666666666
Estandar_normalizada	89.1891891891892	87.32394366197182	91.42857142857143
Dialectal	82.05128205128204	87.32394366197182	91.66666666666666
Dialectal_normalizada	89.1891891891892	87.32394366197182	91.42857142857143