Transcripcion	Levenstein	Orden	Parcial
Estandar	81.03448275862068	83.63636363636364	86.48648648648648
Estandar_normalizada	83.92857142857143	83.63636363636364	89.0909090909091
Dialectal	81.03448275862068	83.63636363636364	86.48648648648648
Dialectal_normalizada	83.92857142857143	83.63636363636364	89.0909090909091