Transcripcion	Levenstein	Orden	Parcial
Estandar	24.13793103448276	43.90243902439024	48.88888888888889
Estandar_normalizada	43.47826086956522	43.90243902439024	61.111111111111114
Dialectal	24.13793103448276	43.90243902439024	48.88888888888889
Dialectal_normalizada	43.47826086956522	43.90243902439024	61.111111111111114