Transcripcion	Levenstein	Orden	Parcial
Estandar	36.36363636363637	35.29411764705882	46.15384615384615
Estandar_normalizada	30.000000000000004	35.29411764705882	40.0
Dialectal	36.36363636363637	35.29411764705882	46.15384615384615
Dialectal_normalizada	30.000000000000004	35.29411764705882	40.0