Transcripcion	Levenstein	Orden	Parcial
Estandar	35.61643835616438	50.74626865671642	70.07299270072993
Estandar_normalizada	37.410071942446045	50.74626865671642	75.2
Dialectal	35.61643835616438	50.74626865671642	70.07299270072993
Dialectal_normalizada	37.410071942446045	50.74626865671642	75.2