Transcripcion	Levenstein	Orden	Parcial
Estandar	38.0	71.95121951219512	68.91891891891892
Estandar_normalizada	41.23711340206185	71.95121951219512	75.0
Dialectal	38.0	71.95121951219512	68.91891891891892
Dialectal_normalizada	41.23711340206185	71.95121951219512	75.0