Transcripcion	Levenstein	Orden	Parcial
Estandar	75.90361445783132	84.13793103448276	92.61744966442953
Estandar_normalizada	85.71428571428572	84.13793103448276	97.14285714285714
Dialectal	75.90361445783132	84.13793103448276	92.61744966442953
Dialectal_normalizada	85.71428571428572	84.13793103448276	97.14285714285714