Transcripcion	Levenstein	Orden	Parcial
Estandar	55.55555555555556	75.86206896551724	74.57627118644068
Estandar_normalizada	65.625	75.86206896551724	85.18518518518519
Dialectal	55.55555555555556	75.86206896551724	74.57627118644068
Dialectal_normalizada	65.625	75.86206896551724	85.18518518518519