Transcripcion	Levenstein	Orden	Parcial
Estandar	43.99999999999999	75.67567567567568	61.111111111111114
Estandar_normalizada	52.38095238095239	75.67567567567568	66.66666666666667
Dialectal	43.99999999999999	75.67567567567568	61.111111111111114
Dialectal_normalizada	52.38095238095239	75.67567567567568	66.66666666666667