Transcripcion	Levenstein	Orden	Parcial
Estandar	75.0	87.94788273615634	83.05647840531562
Estandar_normalizada	79.5031055900621	87.94788273615634	87.32394366197182
Dialectal	75.0	87.94788273615634	83.05647840531562
Dialectal_normalizada	79.5031055900621	87.94788273615634	87.32394366197182