Transcripcion	Levenstein	Orden	Parcial
Estandar	13.131313131313128	19.469026548672563	41.666666666666664
Estandar_normalizada	13.829787234042556	19.64285714285714	44.99999999999999
Dialectal	13.131313131313128	19.469026548672563	41.666666666666664
Dialectal_normalizada	13.829787234042556	19.64285714285714	44.99999999999999