Transcripcion	Levenstein	Orden	Parcial
Estandar	60.810810810810814	52.100840336134446	70.0
Estandar_normalizada	62.121212121212125	52.100840336134446	71.9298245614035
Dialectal	60.810810810810814	52.100840336134446	70.0
Dialectal_normalizada	62.121212121212125	52.100840336134446	71.9298245614035