Transcripcion	Levenstein	Orden	Parcial
Estandar	43.07692307692308	72.89719626168225	77.22772277227723
Estandar_normalizada	45.76271186440678	72.89719626168225	80.0
Dialectal	43.07692307692308	72.89719626168225	77.22772277227723
Dialectal_normalizada	45.76271186440678	72.89719626168225	80.0