Transcripcion	Levenstein	Orden	Parcial
Estandar	70.96774193548387	82.4742268041237	93.75
Estandar_normalizada	81.4814814814815	82.4742268041237	95.74468085106383
Dialectal	70.96774193548387	82.4742268041237	93.75
Dialectal_normalizada	81.4814814814815	82.4742268041237	95.74468085106383