Transcripcion	Levenstein	Orden	Parcial
Estandar	2.5423728813559365	3.361344537815125	33.333333333333336
Estandar_normalizada	3.4188034188034178	3.361344537815125	50.0
Dialectal	2.5423728813559365	3.361344537815125	33.333333333333336
Dialectal_normalizada	3.4188034188034178	3.361344537815125	50.0