Transcripcion	Levenstein	Orden	Parcial
Estandar	41.6	69.44444444444444	71.1340206185567
Estandar_normalizada	45.45454545454546	69.44444444444444	73.79679144385027
Dialectal	41.6	69.44444444444444	71.1340206185567
Dialectal_normalizada	45.45454545454546	69.44444444444444	73.79679144385027