Transcripcion	Levenstein	Orden	Parcial
Estandar	39.02439024390244	58.53658536585367	71.42857142857143
Estandar_normalizada	45.45454545454546	58.53658536585367	83.33333333333334
Dialectal	39.02439024390244	58.53658536585367	71.42857142857143
Dialectal_normalizada	45.45454545454546	58.53658536585367	83.33333333333334