Transcripcion	Levenstein	Orden	Parcial
Estandar	12.5	28.57142857142857	28.57142857142857
Estandar_normalizada	16.666666666666664	28.57142857142857	36.36363636363637
Dialectal	12.5	28.57142857142857	28.57142857142857
Dialectal_normalizada	16.666666666666664	28.57142857142857	36.36363636363637