Transcripcion	Levenstein	Orden	Parcial
Estandar	55.55555555555556	76.33587786259541	68.81720430107528
Estandar_normalizada	64.74820143884892	76.33587786259541	78.1021897810219
Dialectal	55.55555555555556	76.33587786259541	68.81720430107528
Dialectal_normalizada	64.74820143884892	76.33587786259541	78.1021897810219