Transcripcion	Levenstein	Orden	Parcial
Estandar	39.28571428571429	65.3061224489796	62.0
Estandar_normalizada	44.230769230769226	65.3061224489796	67.3913043478261
Dialectal	39.28571428571429	65.3061224489796	62.0
Dialectal_normalizada	44.230769230769226	65.3061224489796	67.3913043478261