Transcripcion	Levenstein	Orden	Parcial
Estandar	74.35897435897436	83.07692307692307	93.5483870967742
Estandar_normalizada	85.71428571428572	83.07692307692307	96.7741935483871
Dialectal	74.35897435897436	83.07692307692307	93.5483870967742
Dialectal_normalizada	85.71428571428572	83.07692307692307	96.7741935483871