Transcripcion	Levenstein	Orden	Parcial
Estandar	46.34146341463414	60.60606060606061	55.660377358490564
Estandar_normalizada	53.52112676056338	60.60606060606061	63.725490196078425
Dialectal	46.34146341463414	60.60606060606061	55.660377358490564
Dialectal_normalizada	53.52112676056338	60.60606060606061	63.725490196078425