Transcripcion	Levenstein	Orden	Parcial
Estandar	84.61538461538461	95.65217391304348	89.36170212765957
Estandar_normalizada	91.66666666666666	95.65217391304348	95.65217391304348
Dialectal	84.61538461538461	95.65217391304348	89.36170212765957
Dialectal_normalizada	91.66666666666666	95.65217391304348	95.65217391304348