Transcripcion	Levenstein	Orden	Parcial
Estandar	77.45664739884393	90.84745762711864	88.23529411764706
Estandar_normalizada	85.8974358974359	91.83673469387756	95.17241379310344
Dialectal	77.45664739884393	90.84745762711864	88.23529411764706
Dialectal_normalizada	85.8974358974359	91.83673469387756	95.17241379310344