Transcripcion	Levenstein	Orden	Parcial
Estandar	13.33333333333333	19.047619047619047	28.57142857142857
Estandar_normalizada	15.384615384615385	19.047619047619047	28.57142857142857
Dialectal	13.33333333333333	19.047619047619047	28.57142857142857
Dialectal_normalizada	15.384615384615385	19.047619047619047	28.57142857142857