Transcripcion	Levenstein	Orden	Parcial
Estandar	14.953271028037385	28.57142857142857	40.0
Estandar_normalizada	16.84210526315789	28.828828828828833	43.99999999999999
Dialectal	14.953271028037385	28.57142857142857	40.0
Dialectal_normalizada	16.84210526315789	28.828828828828833	43.99999999999999