Transcripcion	Levenstein	Orden	Parcial
Estandar	50.0	60.41666666666667	64.44444444444444
Estandar_normalizada	55.75221238938053	62.10526315789473	71.08433734939759
Dialectal	50.0	60.41666666666667	64.44444444444444
Dialectal_normalizada	55.75221238938053	62.10526315789473	71.08433734939759