Transcripcion	Levenstein	Orden	Parcial
Estandar	75.29411764705883	96.18320610687023	88.05970149253731
Estandar_normalizada	86.3013698630137	96.18320610687023	93.75
Dialectal	75.29411764705883	96.18320610687023	88.05970149253731
Dialectal_normalizada	86.3013698630137	96.18320610687023	93.75