Transcripcion	Levenstein	Orden	Parcial
Estandar	66.06217616580311	78.80690737833595	76.97160883280758
Estandar_normalizada	70.48710601719196	78.61635220125787	81.22977346278317
Dialectal	66.14583333333333	79.05511811023622	76.97160883280758
Dialectal_normalizada	70.60518731988472	78.86435331230284	81.22977346278317