Transcripcion	Levenstein	Orden	Parcial
Estandar	41.379310344827594	72.72727272727273	60.60606060606061
Estandar_normalizada	52.38095238095239	72.72727272727273	78.57142857142857
Dialectal	41.379310344827594	72.72727272727273	60.60606060606061
Dialectal_normalizada	52.38095238095239	72.72727272727273	78.57142857142857