Transcripcion	Levenstein	Orden	Parcial
Estandar	20.588235294117652	57.14285714285714	52.0
Estandar_normalizada	28.125	50.90909090909091	56.52173913043479
Dialectal	20.588235294117652	57.14285714285714	52.0
Dialectal_normalizada	28.125	50.90909090909091	56.52173913043479