Transcripcion	Levenstein	Orden	Parcial
Estandar	15.217391304347828	28.828828828828833	35.13513513513513
Estandar_normalizada	15.189873417721522	29.09090909090909	36.111111111111114
Dialectal	15.217391304347828	28.828828828828833	35.13513513513513
Dialectal_normalizada	15.189873417721522	29.09090909090909	36.111111111111114