Transcripcion	Levenstein	Orden	Parcial
Estandar	20.775623268698062	34.83870967741935	38.0
Estandar_normalizada	22.22222222222222	35.064935064935064	44.26229508196722
Dialectal	20.775623268698062	34.83870967741935	38.0
Dialectal_normalizada	22.22222222222222	35.064935064935064	44.26229508196722