Transcripcion	Levenstein	Orden	Parcial
Estandar	9.523809523809524	52.63157894736843	50.0
Estandar_normalizada	12.903225806451612	54.054054054054056	63.63636363636363
Dialectal	9.523809523809524	52.63157894736843	50.0
Dialectal_normalizada	12.903225806451612	54.054054054054056	63.63636363636363