Transcripcion	Levenstein	Orden	Parcial
Estandar	45.238095238095234	67.9245283018868	68.42105263157895
Estandar_normalizada	56.56565656565656	67.08860759493672	75.0
Dialectal	45.238095238095234	67.9245283018868	68.42105263157895
Dialectal_normalizada	56.56565656565656	67.08860759493672	75.0