Transcripcion	Levenstein	Orden	Parcial
Estandar	48.14814814814815	70.27027027027026	71.7948717948718
Estandar_normalizada	66.66666666666667	70.27027027027026	78.94736842105263
Dialectal	48.14814814814815	70.27027027027026	71.7948717948718
Dialectal_normalizada	66.66666666666667	70.27027027027026	78.94736842105263