Transcripcion	Levenstein	Orden	Parcial
Estandar	17.05426356589147	34.53237410071942	36.73469387755102
Estandar_normalizada	20.90909090909091	36.76470588235294	46.15384615384615
Dialectal	17.05426356589147	34.53237410071942	36.73469387755102
Dialectal_normalizada	20.90909090909091	36.76470588235294	46.15384615384615