Transcripcion	Levenstein	Orden	Parcial
Estandar	60.94276094276094	74.75149105367794	74.5631067961165
Estandar_normalizada	65.55555555555556	74.5019920318725	77.68595041322314
Dialectal	60.94276094276094	74.75149105367794	74.5631067961165
Dialectal_normalizada	65.55555555555556	74.5019920318725	77.68595041322314