Transcripcion	Levenstein	Orden	Parcial
Estandar	51.117318435754186	71.64750957854406	69.8744769874477
Estandar_normalizada	58.86075949367089	71.78502879078694	75.10917030567686
Dialectal	51.117318435754186	71.64750957854406	69.8744769874477
Dialectal_normalizada	58.86075949367089	71.78502879078694	75.10917030567686