Transcripcion	Levenstein	Orden	Parcial
Estandar	64.33333333333333	83.01075268817203	71.32867132867133
Estandar_normalizada	72.83018867924528	83.1896551724138	77.80548628428927
Dialectal	64.33333333333333	83.01075268817203	71.32867132867133
Dialectal_normalizada	72.83018867924528	83.1896551724138	77.80548628428927