Transcripcion	Levenstein	Orden	Parcial
Estandar	16.129032258064512	54.32098765432099	40.0
Estandar_normalizada	25.373134328358205	55.00000000000001	55.172413793103445
Dialectal	16.129032258064512	54.32098765432099	40.0
Dialectal_normalizada	25.373134328358205	55.00000000000001	55.172413793103445