Transcripcion	Levenstein	Orden	Parcial
Estandar	65.0	78.84615384615384	80.38277511961722
Estandar_normalizada	70.86956521739131	79.03614457831326	84.34343434343434
Dialectal	65.0	78.84615384615384	80.38277511961722
Dialectal_normalizada	70.86956521739131	79.03614457831326	84.34343434343434