Transcripcion	Levenstein	Orden	Parcial
Estandar	51.35135135135135	67.85714285714286	83.01886792452831
Estandar_normalizada	63.63636363636363	67.85714285714286	89.79591836734694
Dialectal	51.35135135135135	67.85714285714286	83.01886792452831
Dialectal_normalizada	63.63636363636363	67.85714285714286	89.79591836734694