Transcripcion	Levenstein	Orden	Parcial
Estandar	20.408163265306122	29.411764705882348	40.0
Estandar_normalizada	19.999999999999996	29.411764705882348	41.02564102564102
Dialectal	20.408163265306122	29.411764705882348	40.0
Dialectal_normalizada	19.999999999999996	29.411764705882348	41.02564102564102