Transcripcion	Levenstein	Orden	Parcial
Estandar	64.64646464646464	68.96551724137932	76.74418604651163
Estandar_normalizada	66.66666666666667	68.96551724137932	77.38095238095238
Dialectal	64.64646464646464	68.96551724137932	76.74418604651163
Dialectal_normalizada	66.66666666666667	68.96551724137932	77.38095238095238