Transcripcion	Levenstein	Orden	Parcial
Estandar	33.333333333333336	47.05882352941176	52.0
Estandar_normalizada	44.827586206896555	47.05882352941176	66.66666666666667
Dialectal	33.333333333333336	47.05882352941176	52.0
Dialectal_normalizada	44.827586206896555	47.05882352941176	66.66666666666667