Transcripcion	Levenstein	Orden	Parcial
Estandar	53.558052434456926	73.39449541284404	64.81481481481481
Estandar_normalizada	60.56910569105691	73.73271889400922	71.21951219512195
Dialectal	53.558052434456926	73.39449541284404	64.81481481481481
Dialectal_normalizada	60.56910569105691	73.73271889400922	71.21951219512195