Transcripcion	Levenstein	Orden	Parcial
Estandar	7.9999999999999964	22.22222222222222	19.999999999999996
Estandar_normalizada	11.764705882352944	22.22222222222222	19.999999999999996
Dialectal	7.9999999999999964	22.22222222222222	19.999999999999996
Dialectal_normalizada	11.764705882352944	22.22222222222222	19.999999999999996