Transcripcion	Levenstein	Orden	Parcial
Estandar	16.176470588235293	39.43661971830986	37.03703703703704
Estandar_normalizada	18.867924528301884	34.78260869565217	43.47826086956522
Dialectal	16.176470588235293	39.43661971830986	37.03703703703704
Dialectal_normalizada	18.867924528301884	34.78260869565217	43.47826086956522