Transcripcion	Levenstein	Orden	Parcial
Estandar	36.04060913705583	65.92592592592592	51.85185185185186
Estandar_normalizada	41.42011834319527	65.91760299625469	60.0896860986547
Dialectal	36.04060913705583	65.92592592592592	51.85185185185186
Dialectal_normalizada	41.42011834319527	65.91760299625469	60.0896860986547