Transcripcion	Levenstein	Orden	Parcial
Estandar	46.808510638297875	71.06227106227105	67.47967479674797
Estandar_normalizada	53.25443786982249	72.32472324723247	75.42372881355932
Dialectal	46.808510638297875	71.06227106227105	67.47967479674797
Dialectal_normalizada	53.25443786982249	72.32472324723247	75.42372881355932