Transcripcion	Levenstein	Orden	Parcial
Estandar	18.181818181818176	33.333333333333336	36.36363636363637
Estandar_normalizada	18.75	33.333333333333336	36.36363636363637
Dialectal	18.181818181818176	33.333333333333336	36.36363636363637
Dialectal_normalizada	18.75	33.333333333333336	36.36363636363637