Transcripcion	Levenstein	Orden	Parcial
Estandar	58.35010060362173	78.15468113975577	68.67816091954023
Estandar_normalizada	65.74712643678161	76.67121418826738	75.97597597597597
Dialectal	58.35010060362173	78.15468113975577	68.67816091954023
Dialectal_normalizada	65.74712643678161	76.67121418826738	75.97597597597597