Transcripcion	Levenstein	Orden	Parcial
Estandar	23.529411764705888	31.57894736842105	50.0
Estandar_normalizada	19.999999999999996	31.57894736842105	60.0
Dialectal	23.529411764705888	31.57894736842105	50.0
Dialectal_normalizada	19.999999999999996	31.57894736842105	60.0