Transcripcion	Levenstein	Orden	Parcial
Estandar	41.44736842105263	72.09302325581395	71.01449275362319
Estandar_normalizada	52.459016393442624	72.51461988304094	83.2
Dialectal	41.44736842105263	72.09302325581395	71.01449275362319
Dialectal_normalizada	52.459016393442624	72.51461988304094	83.2