Transcripcion	Levenstein	Orden	Parcial
Estandar	25.0	23.529411764705888	33.333333333333336
Estandar_normalizada	30.000000000000004	23.529411764705888	46.15384615384615
Dialectal	25.0	23.529411764705888	33.333333333333336
Dialectal_normalizada	30.000000000000004	23.529411764705888	46.15384615384615