Transcripcion	Levenstein	Orden	Parcial
Estandar	26.851851851851848	40.6015037593985	51.06382978723405
Estandar_normalizada	29.47368421052632	39.39393939393939	60.97560975609756
Dialectal	26.851851851851848	40.6015037593985	51.06382978723405
Dialectal_normalizada	29.47368421052632	39.39393939393939	60.97560975609756