Transcripcion	Levenstein	Orden	Parcial
Estandar	24.0	43.63636363636364	48.17518248175182
Estandar_normalizada	25.842696629213478	45.12195121951219	48.1203007518797
Dialectal	24.0	43.63636363636364	48.17518248175182
Dialectal_normalizada	25.842696629213478	45.12195121951219	48.1203007518797