Transcripcion	Levenstein	Orden	Parcial
Estandar	10.81081081081081	27.027027027027028	36.8421052631579
Estandar_normalizada	14.28571428571429	27.397260273972602	37.03703703703704
Dialectal	10.81081081081081	27.027027027027028	36.8421052631579
Dialectal_normalizada	14.28571428571429	27.397260273972602	37.03703703703704