Transcripcion	Levenstein	Orden	Parcial
Estandar	27.450980392156865	44.73684210526315	43.333333333333336
Estandar_normalizada	28.260869565217394	45.333333333333336	50.90909090909091
Dialectal	27.450980392156865	44.73684210526315	43.333333333333336
Dialectal_normalizada	28.260869565217394	45.333333333333336	50.90909090909091