Transcripcion	Levenstein	Orden	Parcial
Estandar	37.02127659574468	52.727272727272734	53.205128205128204
Estandar_normalizada	42.18009478672986	52.4390243902439	58.82352941176471
Dialectal	37.02127659574468	52.727272727272734	53.205128205128204
Dialectal_normalizada	42.18009478672986	52.4390243902439	58.82352941176471