Transcripcion	Levenstein	Orden	Parcial
Estandar	21.599999999999998	39.24050632911392	41.584158415841586
Estandar_normalizada	24.32432432432432	39.24050632911392	45.833333333333336
Dialectal	21.599999999999998	39.24050632911392	41.584158415841586
Dialectal_normalizada	24.32432432432432	39.24050632911392	45.833333333333336