Transcripcion	Levenstein	Orden	Parcial
Estandar	46.34146341463414	71.9660837307896	55.7632398753894
Estandar_normalizada	55.38894095595126	72.13638785295684	65.9041394335512
Dialectal	46.34146341463414	71.9660837307896	55.7632398753894
Dialectal_normalizada	55.38894095595126	72.13638785295684	65.9041394335512