Transcripcion	Levenstein	Orden	Parcial
Estandar	16.666666666666664	16.666666666666664	57.14285714285714
Estandar_normalizada	9.999999999999998	16.666666666666664	50.0
Dialectal	16.666666666666664	16.666666666666664	57.14285714285714
Dialectal_normalizada	9.999999999999998	16.666666666666664	50.0