Transcripcion	Levenstein	Orden	Parcial
Estandar	49.04109589041096	66.66666666666667	63.48547717842323
Estandar_normalizada	56.42633228840126	66.7910447761194	69.89010989010988
Dialectal	49.04109589041096	66.66666666666667	63.48547717842323
Dialectal_normalizada	56.42633228840126	66.7910447761194	69.89010989010988