Transcripcion	Levenstein	Orden	Parcial
Estandar	14.70588235294118	34.285714285714285	29.411764705882348
Estandar_normalizada	17.391304347826086	35.29411764705882	40.0
Dialectal	14.70588235294118	34.285714285714285	29.411764705882348
Dialectal_normalizada	17.391304347826086	35.29411764705882	40.0