Transcripcion	Levenstein	Orden	Parcial
Estandar	42.307692307692314	60.37735849056604	74.72527472527473
Estandar_normalizada	47.14285714285714	60.37735849056604	81.92771084337349
Dialectal	42.307692307692314	60.37735849056604	74.72527472527473
Dialectal_normalizada	47.14285714285714	60.37735849056604	81.92771084337349