Transcripcion	Levenstein	Orden	Parcial
Estandar	46.63461538461539	56.11940298507463	63.58024691358024
Estandar_normalizada	52.10526315789474	57.65765765765766	68.0
Dialectal	47.0873786407767	56.45645645645645	63.722397476340696
Dialectal_normalizada	52.65957446808511	58.006042296072515	68.0