Transcripcion	Levenstein	Orden	Parcial
Estandar	38.44011142061281	57.44234800838575	67.41573033707866
Estandar_normalizada	42.94670846394985	57.50528541226216	76.33136094674556
Dialectal	38.44011142061281	57.44234800838575	67.41573033707866
Dialectal_normalizada	42.94670846394985	57.50528541226216	76.33136094674556