Transcripcion	Levenstein	Orden	Parcial
Estandar	27.959413754227736	67.30486008836525	52.87356321839081
Estandar_normalizada	29.697766097240475	68.05349182763744	58.47953216374269
Dialectal	27.990970654627546	67.20707442888725	52.914110429447845
Dialectal_normalizada	29.73684210526316	67.9553903345725	58.52842809364549