Transcripcion	Levenstein	Orden	Parcial
Estandar	26.66666666666667	77.77777777777779	47.61904761904761
Estandar_normalizada	36.36363636363637	77.77777777777779	62.5
Dialectal	26.66666666666667	77.77777777777779	47.61904761904761
Dialectal_normalizada	36.36363636363637	77.77777777777779	62.5