Transcripcion	Levenstein	Orden	Parcial
Estandar	33.333333333333336	36.36363636363637	38.46153846153846
Estandar_normalizada	33.333333333333336	36.36363636363637	55.55555555555556
Dialectal	33.333333333333336	36.36363636363637	38.46153846153846
Dialectal_normalizada	33.333333333333336	36.36363636363637	55.55555555555556