Transcripcion	Levenstein	Orden	Parcial
Estandar	16.666666666666664	9.090909090909093	27.27272727272727
Estandar_normalizada	11.764705882352944	9.090909090909093	16.666666666666664
Dialectal	16.666666666666664	9.090909090909093	27.27272727272727
Dialectal_normalizada	11.764705882352944	9.090909090909093	16.666666666666664