Transcripcion	Levenstein	Orden	Parcial
Estandar	34.66666666666667	56.07476635514019	43.01075268817204
Estandar_normalizada	39.83739837398373	54.976303317535546	53.333333333333336
Dialectal	34.66666666666667	56.07476635514019	43.01075268817204
Dialectal_normalizada	39.83739837398373	54.976303317535546	53.333333333333336