Transcripcion	Levenstein	Orden	Parcial
Estandar	25.38860103626943	50.81967213114754	40.54054054054054
Estandar_normalizada	34.39490445859873	50.83333333333333	49.01960784313726
Dialectal	25.654450261780106	51.23966942148761	41.44144144144144
Dialectal_normalizada	34.83870967741935	51.26050420168067	50.0