Transcripcion	Levenstein	Orden	Parcial
Estandar	51.06382978723405	61.9718309859155	67.79661016949152
Estandar_normalizada	56.09756097560976	61.9718309859155	68.96551724137932
Dialectal	54.16666666666667	63.888888888888886	70.0
Dialectal_normalizada	59.523809523809526	63.888888888888886	71.1864406779661