Transcripcion	Levenstein	Orden	Parcial
Estandar	26.66666666666667	54.23728813559322	73.6842105263158
Estandar_normalizada	32.6530612244898	55.172413793103445	78.78787878787878
Dialectal	26.66666666666667	54.23728813559322	73.6842105263158
Dialectal_normalizada	32.6530612244898	55.172413793103445	78.78787878787878