Transcripcion	Levenstein	Orden	Parcial
Estandar	34.02061855670103	68.63905325443787	70.19867549668875
Estandar_normalizada	42.85714285714286	69.04761904761905	75.71428571428571
Dialectal	34.02061855670103	68.63905325443787	70.19867549668875
Dialectal_normalizada	42.85714285714286	69.04761904761905	75.71428571428571