Transcripcion	Levenstein	Orden	Parcial
Estandar	32.87671232876712	51.94805194805194	45.54455445544554
Estandar_normalizada	37.878787878787875	52.40174672489083	50.0
Dialectal	32.87671232876712	51.94805194805194	45.54455445544554
Dialectal_normalizada	37.878787878787875	52.40174672489083	50.0