Transcripcion	Levenstein	Orden	Parcial
Estandar	28.947368421052634	48.38709677419355	45.09803921568627
Estandar_normalizada	28.57142857142857	48.38709677419355	47.42268041237113
Dialectal	28.947368421052634	48.38709677419355	45.09803921568627
Dialectal_normalizada	28.57142857142857	48.38709677419355	47.42268041237113