Transcripcion	Levenstein	Orden	Parcial
Estandar	39.449541284403665	60.7565011820331	53.37837837837838
Estandar_normalizada	44.8936170212766	61.04513064133017	61.165048543689316
Dialectal	39.52205882352941	60.591715976331365	53.60360360360361
Dialectal_normalizada	44.989339019189764	60.879904875148625	61.165048543689316