Transcripcion	Levenstein	Orden	Parcial
Estandar	35.29411764705882	100.0	75.0
Estandar_normalizada	72.72727272727273	100.0	100.0
Dialectal	35.29411764705882	100.0	75.0
Dialectal_normalizada	72.72727272727273	100.0	100.0