Transcripcion	Levenstein	Orden	Parcial
Estandar	11.5	23.529411764705888	50.0
Estandar_normalizada	13.068181818181824	23.655913978494624	55.55555555555556
Dialectal	11.5	23.529411764705888	50.0
Dialectal_normalizada	13.068181818181824	23.655913978494624	55.55555555555556