Transcripcion	Levenstein	Orden	Parcial
Estandar	7.7562326869806135	16.455696202531644	42.42424242424242
Estandar_normalizada	9.223300970873783	15.831987075928922	44.44444444444444
Dialectal	7.638888888888884	16.507936507936506	42.42424242424242
Dialectal_normalizada	9.253246753246758	15.88330632090762	44.44444444444444