Transcripcion	Levenstein	Orden	Parcial
Estandar	42.307692307692314	57.14285714285714	61.05263157894737
Estandar_normalizada	45.53571428571429	57.73195876288659	64.51612903225806
Dialectal	41.98473282442748	57.868020304568525	60.0
Dialectal_normalizada	45.13274336283186	58.46153846153845	64.51612903225806