Transcripcion	Levenstein	Orden	Parcial
Estandar	50.0	72.72727272727273	72.72727272727273
Estandar_normalizada	58.33333333333333	72.72727272727273	80.0
Dialectal	46.15384615384615	76.19047619047619	76.19047619047619
Dialectal_normalizada	54.54545454545454	76.19047619047619	80.0