Transcripcion	Levenstein	Orden	Parcial
Estandar	46.68674698795181	60.970873786407765	59.83263598326361
Estandar_normalizada	52.04081632653062	60.66536203522506	65.06550218340612
Dialectal	46.036585365853654	61.4481409001957	60.66945606694561
Dialectal_normalizada	51.37931034482759	61.1439842209073	65.06550218340612