Transcripcion	Levenstein	Orden	Parcial
Estandar	10.29411764705882	13.888888888888884	46.15384615384615
Estandar_normalizada	9.090909090909093	13.888888888888884	57.14285714285714
Dialectal	10.29411764705882	13.888888888888884	46.15384615384615
Dialectal_normalizada	9.090909090909093	13.888888888888884	57.14285714285714