Transcripcion	Levenstein	Orden	Parcial
Estandar	33.333333333333336	46.42857142857143	50.847457627118644
Estandar_normalizada	37.93103448275862	46.42857142857143	53.06122448979591
Dialectal	33.333333333333336	47.27272727272728	48.275862068965516
Dialectal_normalizada	34.48275862068966	47.27272727272728	54.16666666666667