Transcripcion	Levenstein	Orden	Parcial
Estandar	31.903190319031903	61.54882154882155	46.07530312699426
Estandar_normalizada	36.15960099750624	59.79661016949153	55.026455026455025
Dialectal	31.93832599118943	61.59029649595688	46.10472541507025
Dialectal_normalizada	36.28428927680798	59.83717774762552	55.09933774834437