Transcripcion	Levenstein	Orden	Parcial
Estandar	16.666666666666664	33.333333333333336	32.25806451612904
Estandar_normalizada	17.647058823529417	33.333333333333336	42.85714285714286
Dialectal	16.666666666666664	33.333333333333336	32.25806451612904
Dialectal_normalizada	17.647058823529417	33.333333333333336	42.85714285714286