Transcripcion	Levenstein	Orden	Parcial
Estandar	8.695652173913048	14.28571428571429	46.15384615384615
Estandar_normalizada	13.043478260869568	14.28571428571429	54.54545454545454
Dialectal	8.695652173913048	14.28571428571429	46.15384615384615
Dialectal_normalizada	13.043478260869568	14.28571428571429	54.54545454545454