Transcripcion	Levenstein	Orden	Parcial
Estandar	24.32432432432432	44.89795918367348	36.0
Estandar_normalizada	25.0	41.666666666666664	44.44444444444444
Dialectal	24.32432432432432	44.89795918367348	36.0
Dialectal_normalizada	25.0	41.666666666666664	44.44444444444444