Transcripcion	Levenstein	Orden	Parcial
Estandar	21.212121212121215	33.333333333333336	52.17391304347826
Estandar_normalizada	20.68965517241379	34.14634146341463	57.14285714285714
Dialectal	21.212121212121215	33.333333333333336	52.17391304347826
Dialectal_normalizada	20.68965517241379	34.14634146341463	57.14285714285714