Transcripcion	Levenstein	Orden	Parcial
Estandar	23.611111111111114	52.42718446601942	42.10526315789473
Estandar_normalizada	25.0	50.98039215686274	54.54545454545454
Dialectal	23.611111111111114	52.42718446601942	42.10526315789473
Dialectal_normalizada	25.0	50.98039215686274	54.54545454545454