Transcripcion	Levenstein	Orden	Parcial
Estandar	33.333333333333336	43.47826086956522	58.33333333333333
Estandar_normalizada	30.76923076923077	43.47826086956522	57.14285714285714
Dialectal	33.333333333333336	43.47826086956522	58.33333333333333
Dialectal_normalizada	30.76923076923077	43.47826086956522	57.14285714285714