Transcripcion	Levenstein	Orden	Parcial
Estandar	43.36283185840708	75.5771567436209	58.55855855855856
Estandar_normalizada	51.082251082251084	75.79462102689487	69.02439024390243
Dialectal	43.36283185840708	75.5771567436209	58.55855855855856
Dialectal_normalizada	51.082251082251084	75.79462102689487	69.02439024390243