Transcripcion	Levenstein	Orden	Parcial
Estandar	24.576271186440678	42.51968503937008	51.515151515151516
Estandar_normalizada	31.313131313131315	43.2	56.71641791044777
Dialectal	24.576271186440678	42.51968503937008	51.515151515151516
Dialectal_normalizada	31.313131313131315	43.2	56.71641791044777