Transcripcion	Levenstein	Orden	Parcial
Estandar	12.765957446808507	27.27272727272727	48.78048780487805
Estandar_normalizada	15.189873417721522	27.906976744186053	51.28205128205128
Dialectal	12.765957446808507	27.27272727272727	48.78048780487805
Dialectal_normalizada	15.189873417721522	27.906976744186053	51.28205128205128