Transcripcion	Levenstein	Orden	Parcial
Estandar	94.91525423728814	100.0	97.34513274336283
Estandar_normalizada	98.24561403508771	100.0	100.0
Dialectal	94.91525423728814	100.0	97.34513274336283
Dialectal_normalizada	98.24561403508771	100.0	100.0