Transcripcion	Levenstein	Orden	Parcial
Estandar	49.411764705882355	65.48672566371681	69.0909090909091
Estandar_normalizada	55.223880597014926	66.66666666666667	77.66990291262135
Dialectal	49.411764705882355	65.48672566371681	69.0909090909091
Dialectal_normalizada	55.223880597014926	66.66666666666667	77.66990291262135