Transcripcion	Levenstein	Orden	Parcial
Estandar	16.666666666666664	28.75816993464052	43.75
Estandar_normalizada	16.666666666666664	28.75816993464052	50.847457627118644
Dialectal	16.666666666666664	28.75816993464052	43.75
Dialectal_normalizada	16.666666666666664	28.75816993464052	50.847457627118644