Transcripcion	Levenstein	Orden	Parcial
Estandar	12.5	9.999999999999998	42.85714285714286
Estandar_normalizada	11.111111111111116	9.999999999999998	60.0
Dialectal	12.5	9.999999999999998	42.85714285714286
Dialectal_normalizada	11.111111111111116	9.999999999999998	60.0