Transcripcion	Levenstein	Orden	Parcial
Estandar	62.68656716417911	73.21428571428572	87.75510204081633
Estandar_normalizada	64.84375	73.21428571428572	89.94708994708995
Dialectal	62.68656716417911	73.21428571428572	87.75510204081633
Dialectal_normalizada	64.84375	73.21428571428572	89.94708994708995