Transcripcion	Levenstein	Orden	Parcial
Estandar	49.15966386554622	63.01369863013699	62.34718826405867
Estandar_normalizada	53.53773584905661	62.07759699624531	69.42355889724311
Dialectal	49.148936170212764	62.98619824341281	62.59168704156479
Dialectal_normalizada	53.827751196172244	62.042875157629254	70.32418952618454