Transcripcion	Levenstein	Orden	Parcial
Estandar	33.333333333333336	46.25850340136054	44.57831325301205
Estandar_normalizada	37.03703703703704	45.205479452054796	52.17391304347826
Dialectal	32.96703296703297	46.896551724137936	46.98795180722891
Dialectal_normalizada	37.9746835443038	45.833333333333336	52.94117647058824