Transcripcion	Levenstein	Orden	Parcial
Estandar	8.799999999999997	15.503875968992254	50.0
Estandar_normalizada	10.084033613445376	15.503875968992254	66.66666666666667
Dialectal	8.799999999999997	15.503875968992254	50.0
Dialectal_normalizada	10.084033613445376	15.503875968992254	66.66666666666667