Transcripcion	Levenstein	Orden	Parcial
Estandar	17.948717948717952	31.746031746031743	38.70967741935484
Estandar_normalizada	22.857142857142854	31.746031746031743	41.666666666666664
Dialectal	17.948717948717952	31.746031746031743	38.70967741935484
Dialectal_normalizada	22.857142857142854	31.746031746031743	41.666666666666664