Transcripcion	Levenstein	Orden	Parcial
Estandar	17.808219178082197	31.906614785992215	46.15384615384615
Estandar_normalizada	20.100502512562812	31.496062992125985	48.88888888888889
Dialectal	17.808219178082197	31.906614785992215	46.15384615384615
Dialectal_normalizada	20.100502512562812	31.496062992125985	48.88888888888889