Transcripcion	Levenstein	Orden	Parcial
Estandar	46.666666666666664	63.26530612244898	66.66666666666667
Estandar_normalizada	48.275862068965516	61.855670103092784	74.35897435897436
Dialectal	46.666666666666664	63.26530612244898	66.66666666666667
Dialectal_normalizada	48.275862068965516	61.855670103092784	74.35897435897436