Transcripcion	Levenstein	Orden	Parcial
Estandar	52.25225225225225	74.21383647798743	63.26530612244898
Estandar_normalizada	59.68586387434556	74.68354430379746	70.62937062937063
Dialectal	52.25225225225225	74.21383647798743	63.26530612244898
Dialectal_normalizada	59.68586387434556	74.68354430379746	70.62937062937063