Transcripcion	Levenstein	Orden	Parcial
Estandar	19.999999999999996	41.379310344827594	42.10526315789473
Estandar_normalizada	25.0	41.379310344827594	66.66666666666667
Dialectal	19.999999999999996	41.379310344827594	42.10526315789473
Dialectal_normalizada	25.0	41.379310344827594	66.66666666666667