Transcripcion	Levenstein	Orden	Parcial
Estandar	30.681818181818176	39.71631205673759	44.99999999999999
Estandar_normalizada	31.034482758620683	39.71631205673759	46.42857142857143
Dialectal	30.681818181818176	39.71631205673759	44.99999999999999
Dialectal_normalizada	31.034482758620683	39.71631205673759	46.42857142857143