Transcripcion	Levenstein	Orden	Parcial
Estandar	12.5	19.999999999999996	42.85714285714286
Estandar_normalizada	8.695652173913048	19.999999999999996	42.85714285714286
Dialectal	12.5	19.999999999999996	42.85714285714286
Dialectal_normalizada	8.695652173913048	19.999999999999996	42.85714285714286