Transcripcion	Levenstein	Orden	Parcial
Estandar	81.25	100.0	88.88888888888889
Estandar_normalizada	92.85714285714286	100.0	100.0
Dialectal	81.25	100.0	88.88888888888889
Dialectal_normalizada	92.85714285714286	100.0	100.0