Transcripcion	Levenstein	Orden	Parcial
Estandar	50.0	60.71428571428572	71.1864406779661
Estandar_normalizada	58.62068965517242	60.71428571428572	86.27450980392157
Dialectal	50.0	60.71428571428572	71.1864406779661
Dialectal_normalizada	58.62068965517242	60.71428571428572	86.27450980392157