Transcripcion	Levenstein	Orden	Parcial
Estandar	19.999999999999996	37.2093023255814	37.03703703703704
Estandar_normalizada	20.68965517241379	35.29411764705882	42.85714285714286
Dialectal	19.999999999999996	37.2093023255814	37.03703703703704
Dialectal_normalizada	20.68965517241379	35.29411764705882	42.85714285714286