Transcripcion	Levenstein	Orden	Parcial
Estandar	19.999999999999996	42.307692307692314	36.73469387755102
Estandar_normalizada	25.0	39.21568627450981	43.24324324324324
Dialectal	19.999999999999996	42.307692307692314	36.73469387755102
Dialectal_normalizada	25.0	39.21568627450981	43.24324324324324