Transcripcion	Levenstein	Orden	Parcial
Estandar	87.03703703703704	100.0	95.91836734693877
Estandar_normalizada	96.0	100.0	97.91666666666666
Dialectal	87.03703703703704	100.0	95.91836734693877
Dialectal_normalizada	96.0	100.0	97.91666666666666