Transcripcion	Levenstein	Orden	Parcial
Estandar	14.864864864864868	38.1578947368421	31.372549019607842
Estandar_normalizada	21.599999999999998	37.83783783783784	44.73684210526315
Dialectal	14.864864864864868	38.1578947368421	31.372549019607842
Dialectal_normalizada	21.599999999999998	37.83783783783784	44.73684210526315