Transcripcion	Levenstein	Orden	Parcial
Estandar	31.896551724137932	43.37349397590361	49.66442953020134
Estandar_normalizada	36.633663366336634	43.63636363636364	51.06382978723405
Dialectal	31.896551724137932	43.37349397590361	49.66442953020134
Dialectal_normalizada	36.633663366336634	43.63636363636364	51.06382978723405