Transcripcion	Levenstein	Orden	Parcial
Estandar	16.36363636363637	44.44444444444444	38.70967741935484
Estandar_normalizada	18.867924528301884	43.0379746835443	42.85714285714286
Dialectal	16.36363636363637	44.44444444444444	38.70967741935484
Dialectal_normalizada	18.867924528301884	43.0379746835443	42.85714285714286