Transcripcion	Levenstein	Orden	Parcial
Estandar	20.481927710843372	37.5	43.90243902439024
Estandar_normalizada	23.684210526315784	36.03603603603604	49.31506849315068
Dialectal	20.481927710843372	37.5	43.90243902439024
Dialectal_normalizada	23.684210526315784	36.03603603603604	49.31506849315068