Transcripcion	Levenstein	Orden	Parcial
Estandar	52.27272727272727	79.24528301886792	69.38775510204081
Estandar_normalizada	69.6969696969697	79.24528301886792	76.0
Dialectal	52.27272727272727	79.24528301886792	69.38775510204081
Dialectal_normalizada	69.6969696969697	79.24528301886792	76.0