Transcripcion	Levenstein	Orden	Parcial
Estandar	58.04597701149425	83.19327731092436	73.79679144385027
Estandar_normalizada	64.23841059602648	83.89830508474576	76.6839378238342
Dialectal	58.04597701149425	83.19327731092436	73.79679144385027
Dialectal_normalizada	64.23841059602648	83.89830508474576	76.6839378238342