Transcripcion	Levenstein	Orden	Parcial
Estandar	76.59574468085107	90.69767441860466	87.64044943820225
Estandar_normalizada	82.97872340425532	90.69767441860466	90.2439024390244
Dialectal	76.59574468085107	90.69767441860466	87.64044943820225
Dialectal_normalizada	82.97872340425532	90.69767441860466	90.2439024390244