Transcripcion	Levenstein	Orden	Parcial
Estandar	13.043478260869568	25.531914893617024	27.586206896551722
Estandar_normalizada	16.216216216216218	26.086956521739136	35.29411764705882
Dialectal	13.043478260869568	25.531914893617024	27.586206896551722
Dialectal_normalizada	16.216216216216218	26.086956521739136	35.29411764705882