Transcripcion	Levenstein	Orden	Parcial
Estandar	17.444219066937116	34.380776340110906	42.48366013071896
Estandar_normalizada	20.465116279069772	34.8968105065666	48.96551724137931
Dialectal	17.65913757700205	34.76635514018691	42.48366013071896
Dialectal_normalizada	20.75471698113207	35.29411764705882	48.275862068965516