Transcripcion	Levenstein	Orden	Parcial
Estandar	61.04513064133017	83.20950965824666	70.15384615384616
Estandar_normalizada	66.49350649350649	82.98507462686567	76.35782747603834
Dialectal	61.04513064133017	83.20950965824666	70.15384615384616
Dialectal_normalizada	66.49350649350649	82.98507462686567	76.35782747603834