Transcripcion	Levenstein	Orden	Parcial
Estandar	71.11111111111111	84.50704225352112	86.48648648648648
Estandar_normalizada	79.48717948717949	84.50704225352112	91.17647058823529
Dialectal	71.11111111111111	84.50704225352112	86.48648648648648
Dialectal_normalizada	79.48717948717949	84.50704225352112	91.17647058823529