Transcripcion	Levenstein	Orden	Parcial
Estandar	19.64285714285714	31.428571428571427	47.36842105263158
Estandar_normalizada	22.22222222222222	31.428571428571427	52.94117647058824
Dialectal	19.64285714285714	31.428571428571427	47.36842105263158
Dialectal_normalizada	22.22222222222222	31.428571428571427	52.94117647058824