Transcripcion	Levenstein	Orden	Parcial
Estandar	3.125	10.256410256410254	33.333333333333336
Estandar_normalizada	4.347826086956519	10.526315789473683	33.333333333333336
Dialectal	3.125	10.256410256410254	33.333333333333336
Dialectal_normalizada	4.347826086956519	10.526315789473683	33.333333333333336