Transcripcion	Levenstein	Orden	Parcial
Estandar	50.0	55.55555555555556	67.79661016949152
Estandar_normalizada	52.38095238095239	55.55555555555556	77.77777777777779
Dialectal	50.0	55.55555555555556	67.79661016949152
Dialectal_normalizada	52.38095238095239	55.55555555555556	77.77777777777779