Transcripcion	Levenstein	Orden	Parcial
Estandar	89.1891891891892	97.05882352941177	92.7536231884058
Estandar_normalizada	94.28571428571428	97.05882352941177	97.05882352941177
Dialectal	89.1891891891892	97.05882352941177	92.7536231884058
Dialectal_normalizada	94.28571428571428	97.05882352941177	97.05882352941177