Transcripcion	Levenstein	Orden	Parcial
Estandar	64.94464944649447	88.20960698689957	79.65738758029978
Estandar_normalizada	73.77049180327869	87.527352297593	85.14412416851441
Dialectal	64.94464944649447	88.20960698689957	79.65738758029978
Dialectal_normalizada	73.77049180327869	87.527352297593	85.14412416851441