Transcripcion	Levenstein	Orden	Parcial
Estandar	62.0253164556962	87.5	68.04123711340206
Estandar_normalizada	70.58823529411764	88.28828828828829	73.33333333333334
Dialectal	62.0253164556962	87.5	68.04123711340206
Dialectal_normalizada	70.58823529411764	88.28828828828829	73.33333333333334