Transcripcion	Levenstein	Orden	Parcial
Estandar	13.571428571428568	25.67567567567568	34.61538461538461
Estandar_normalizada	18.691588785046733	23.129251700680275	41.860465116279066
Dialectal	13.571428571428568	25.67567567567568	34.61538461538461
Dialectal_normalizada	18.691588785046733	23.129251700680275	41.860465116279066