Transcripcion	Levenstein	Orden	Parcial
Estandar	44.73684210526315	68.0	78.94736842105263
Estandar_normalizada	50.0	68.0	77.77777777777779
Dialectal	44.73684210526315	68.0	78.94736842105263
Dialectal_normalizada	50.0	68.0	77.77777777777779