Transcripcion	Levenstein	Orden	Parcial
Estandar	40.0	47.61904761904761	55.00000000000001
Estandar_normalizada	38.46153846153846	47.61904761904761	55.55555555555556
Dialectal	40.0	47.61904761904761	55.00000000000001
Dialectal_normalizada	38.46153846153846	47.61904761904761	55.55555555555556