Transcripcion	Levenstein	Orden	Parcial
Estandar	16.216216216216218	31.45161290322581	41.269841269841265
Estandar_normalizada	20.603015075376884	29.387755102040813	46.7741935483871
Dialectal	16.216216216216218	31.45161290322581	41.269841269841265
Dialectal_normalizada	20.603015075376884	29.387755102040813	46.7741935483871