Transcripcion	Levenstein	Orden	Parcial
Estandar	26.249999999999996	44.03669724770643	47.82608695652174
Estandar_normalizada	36.76470588235294	42.990654205607484	55.00000000000001
Dialectal	23.684210526315784	45.714285714285715	50.0
Dialectal_normalizada	34.375	44.66019417475729	57.89473684210527