Transcripcion	Levenstein	Orden	Parcial
Estandar	21.052631578947366	26.66666666666667	37.03703703703704
Estandar_normalizada	23.529411764705888	26.66666666666667	37.03703703703704
Dialectal	21.052631578947366	26.66666666666667	37.03703703703704
Dialectal_normalizada	23.529411764705888	26.66666666666667	37.03703703703704