Transcripcion	Levenstein	Orden	Parcial
Estandar	0.0	14.28571428571429	0.0
Estandar_normalizada	12.5	14.28571428571429	66.66666666666667
Dialectal	0.0	14.28571428571429	0.0
Dialectal_normalizada	12.5	14.28571428571429	66.66666666666667