Transcripcion	Levenstein	Orden	Parcial
Estandar	9.090909090909093	23.076923076923073	33.333333333333336
Estandar_normalizada	9.999999999999998	23.076923076923073	40.0
Dialectal	9.090909090909093	23.076923076923073	33.333333333333336
Dialectal_normalizada	9.999999999999998	23.076923076923073	40.0