Transcripcion	Levenstein	Orden	Parcial
Estandar	23.076923076923073	32.55813953488372	36.36363636363637
Estandar_normalizada	28.000000000000004	33.333333333333336	42.10526315789473
Dialectal	23.076923076923073	32.55813953488372	36.36363636363637
Dialectal_normalizada	28.000000000000004	33.333333333333336	42.10526315789473