Transcripcion	Levenstein	Orden	Parcial
Estandar	55.263157894736835	74.19354838709677	69.84126984126983
Estandar_normalizada	63.63636363636363	74.19354838709677	82.14285714285714
Dialectal	55.263157894736835	74.19354838709677	69.84126984126983
Dialectal_normalizada	63.63636363636363	74.19354838709677	82.14285714285714