Transcripcion	Levenstein	Orden	Parcial
Estandar	50.0	65.11627906976744	66.66666666666667
Estandar_normalizada	52.17391304347826	65.11627906976744	75.0
Dialectal	50.0	65.11627906976744	66.66666666666667
Dialectal_normalizada	52.17391304347826	65.11627906976744	75.0