Transcripcion	Levenstein	Orden	Parcial
Estandar	16.393442622950815	32.16783216783217	35.08771929824561
Estandar_normalizada	21.29629629629629	32.16783216783217	44.18604651162791
Dialectal	16.666666666666664	32.62411347517731	35.71428571428571
Dialectal_normalizada	21.698113207547166	32.62411347517731	44.89795918367348