Transcripcion	Levenstein	Orden	Parcial
Estandar	37.34939759036144	66.66666666666667	63.1578947368421
Estandar_normalizada	48.529411764705884	66.66666666666667	67.6923076923077
Dialectal	37.34939759036144	66.66666666666667	63.1578947368421
Dialectal_normalizada	48.529411764705884	66.66666666666667	67.6923076923077