Transcripcion	Levenstein	Orden	Parcial
Estandar	19.999999999999996	32.098765432098766	38.095238095238095
Estandar_normalizada	20.408163265306122	32.098765432098766	38.59649122807017
Dialectal	19.999999999999996	32.098765432098766	38.095238095238095
Dialectal_normalizada	20.408163265306122	32.098765432098766	38.59649122807017