Transcripcion	Levenstein	Orden	Parcial
Estandar	38.93805309734514	57.77777777777777	56.470588235294116
Estandar_normalizada	40.70796460176991	53.63128491620112	63.51351351351351
Dialectal	38.05309734513275	55.367231638418076	56.62650602409638
Dialectal_normalizada	39.82300884955752	51.13636363636363	64.7887323943662