Transcripcion	Levenstein	Orden	Parcial
Estandar	40.375586854460096	63.6986301369863	57.48031496062992
Estandar_normalizada	46.48648648648649	66.20689655172414	62.8099173553719
Dialectal	40.86538461538461	66.89895470383276	58.26771653543308
Dialectal_normalizada	47.77777777777777	66.66666666666667	64.46280991735537