Transcripcion	Levenstein	Orden	Parcial
Estandar	46.666666666666664	68.29268292682926	67.24137931034483
Estandar_normalizada	53.333333333333336	68.29268292682926	69.0909090909091
Dialectal	44.827586206896555	66.66666666666667	65.51724137931035
Dialectal_normalizada	50.0	66.66666666666667	67.88990825688073