Transcripcion	Levenstein	Orden	Parcial
Estandar	52.459016393442624	75.0	74.28571428571429
Estandar_normalizada	61.111111111111114	75.72815533980582	80.41237113402062
Dialectal	52.459016393442624	75.0	74.28571428571429
Dialectal_normalizada	61.111111111111114	75.72815533980582	80.41237113402062