Transcripcion	Levenstein	Orden	Parcial
Estandar	57.14285714285714	69.97084548104957	69.56521739130434
Estandar_normalizada	63.212435233160626	70.38123167155426	73.71794871794873
Dialectal	57.14285714285714	69.97084548104957	69.56521739130434
Dialectal_normalizada	63.212435233160626	70.38123167155426	73.71794871794873