Transcripcion	Levenstein	Orden	Parcial
Estandar	49.16666666666667	78.75	68.0
Estandar_normalizada	57.00000000000001	78.75	76.38888888888889
Dialectal	48.30508474576271	77.21518987341773	68.0
Dialectal_normalizada	56.122448979591844	77.21518987341773	76.38888888888889