Transcripcion	Levenstein	Orden	Parcial
Estandar	58.39160839160839	67.54385964912281	71.55172413793103
Estandar_normalizada	66.00790513833992	66.51982378854626	77.62557077625571
Dialectal	58.273381294964025	66.51785714285714	71.17903930131004
Dialectal_normalizada	66.12244897959184	65.47085201793722	76.71232876712328