Transcripcion	Levenstein	Orden	Parcial
Estandar	20.430107526881724	43.16546762589928	40.57971014492754
Estandar_normalizada	19.480519480519476	42.33576642335767	45.669291338582674
Dialectal	20.430107526881724	43.16546762589928	40.57971014492754
Dialectal_normalizada	19.480519480519476	42.33576642335767	45.669291338582674