Transcripcion	Levenstein	Orden	Parcial
Estandar	66.66666666666667	84.21052631578947	81.81818181818181
Estandar_normalizada	70.0	84.21052631578947	84.21052631578947
Dialectal	66.66666666666667	84.21052631578947	81.81818181818181
Dialectal_normalizada	70.0	84.21052631578947	84.21052631578947