Transcripcion	Levenstein	Orden	Parcial
Estandar	52.77777777777778	64.51612903225806	71.42857142857143
Estandar_normalizada	55.88235294117647	64.51612903225806	71.69811320754718
Dialectal	57.57575757575757	61.01694915254237	71.42857142857143
Dialectal_normalizada	61.29032258064516	61.01694915254237	72.41379310344827