Transcripcion	Levenstein	Orden	Parcial
Estandar	25.0	45.714285714285715	53.333333333333336
Estandar_normalizada	33.333333333333336	45.714285714285715	60.0
Dialectal	25.0	45.714285714285715	53.333333333333336
Dialectal_normalizada	33.333333333333336	45.714285714285715	60.0