Transcripcion	Levenstein	Orden	Parcial
Estandar	23.809523809523814	40.36697247706422	42.85714285714286
Estandar_normalizada	23.611111111111114	40.36697247706422	45.945945945945944
Dialectal	23.809523809523814	40.36697247706422	42.85714285714286
Dialectal_normalizada	23.611111111111114	40.36697247706422	45.945945945945944