Transcripcion	Levenstein	Orden	Parcial
Estandar	71.27371273712737	81.18195956454122	80.5921052631579
Estandar_normalizada	75.64469914040114	81.18195956454122	83.88157894736842
Dialectal	71.27371273712737	81.18195956454122	80.5921052631579
Dialectal_normalizada	75.64469914040114	81.18195956454122	83.88157894736842