Transcripcion	Levenstein	Orden	Parcial
Estandar	77.55102040816327	76.92307692307692	86.95652173913044
Estandar_normalizada	80.85106382978724	76.92307692307692	88.88888888888889
Dialectal	77.55102040816327	76.92307692307692	86.95652173913044
Dialectal_normalizada	80.85106382978724	76.92307692307692	88.88888888888889