Transcripcion	Levenstein	Orden	Parcial
Estandar	18.918918918918916	26.315789473684216	50.0
Estandar_normalizada	18.75	26.315789473684216	71.42857142857143
Dialectal	18.918918918918916	26.315789473684216	50.0
Dialectal_normalizada	18.75	26.315789473684216	71.42857142857143