Transcripcion	Levenstein	Orden	Parcial
Estandar	48.466257668711656	66.3716814159292	73.95833333333333
Estandar_normalizada	54.28571428571429	64.0	79.14438502673798
Dialectal	48.466257668711656	66.3716814159292	73.95833333333333
Dialectal_normalizada	54.28571428571429	64.0	79.14438502673798