Transcripcion	Levenstein	Orden	Parcial
Estandar	29.268292682926834	49.31506849315068	47.76119402985075
Estandar_normalizada	36.8421052631579	49.31506849315068	50.0
Dialectal	29.268292682926834	49.31506849315068	47.76119402985075
Dialectal_normalizada	36.8421052631579	49.31506849315068	50.0