Transcripcion	Levenstein	Orden	Parcial
Estandar	21.568627450980394	46.57534246575342	46.15384615384615
Estandar_normalizada	23.404255319148938	46.57534246575342	50.0
Dialectal	21.153846153846157	48.64864864864865	46.15384615384615
Dialectal_normalizada	25.0	48.64864864864865	50.0