Transcripcion	Levenstein	Orden	Parcial
Estandar	38.095238095238095	61.01694915254237	61.81818181818181
Estandar_normalizada	44.44444444444444	61.01694915254237	69.38775510204081
Dialectal	38.095238095238095	61.01694915254237	61.81818181818181
Dialectal_normalizada	44.44444444444444	61.01694915254237	69.38775510204081