Transcripcion	Levenstein	Orden	Parcial
Estandar	11.475409836065575	25.806451612903224	58.33333333333333
Estandar_normalizada	13.207547169811317	25.806451612903224	58.33333333333333
Dialectal	11.475409836065575	25.806451612903224	58.33333333333333
Dialectal_normalizada	13.207547169811317	25.806451612903224	58.33333333333333