Transcripcion	Levenstein	Orden	Parcial
Estandar	43.36283185840708	64.05228758169935	70.6896551724138
Estandar_normalizada	49.504950495049506	64.05228758169935	79.3103448275862
Dialectal	43.36283185840708	64.05228758169935	70.6896551724138
Dialectal_normalizada	49.504950495049506	64.05228758169935	79.3103448275862