Transcripcion	Levenstein	Orden	Parcial
Estandar	47.14285714285714	55.65217391304348	60.0
Estandar_normalizada	50.0	55.65217391304348	62.5
Dialectal	47.14285714285714	55.65217391304348	60.0
Dialectal_normalizada	50.0	55.65217391304348	62.5