Transcripcion	Levenstein	Orden	Parcial
Estandar	7.017543859649122	17.543859649122805	25.0
Estandar_normalizada	10.416666666666663	17.85714285714286	36.36363636363637
Dialectal	6.896551724137934	20.68965517241379	25.0
Dialectal_normalizada	10.204081632653061	21.052631578947366	36.36363636363637