Transcripcion	Levenstein	Orden	Parcial
Estandar	52.95566502463054	72.66553480475382	61.111111111111114
Estandar_normalizada	61.04651162790697	72.7891156462585	68.97810218978103
Dialectal	51.99004975124378	71.7948717948718	60.41666666666667
Dialectal_normalizada	59.705882352941174	71.91780821917808	68.61313868613139