Transcripcion	Levenstein	Orden	Parcial
Estandar	32.03883495145631	59.44055944055944	49.78165938864629
Estandar_normalizada	35.26011560693642	59.36395759717315	57.510729613733915
Dialectal	31.527093596059107	60.07067137809188	50.0
Dialectal_normalizada	35.29411764705882	60.0	57.9591836734694