Transcripcion	Levenstein	Orden	Parcial
Estandar	61.40350877192983	71.35135135135135	67.74193548387098
Estandar_normalizada	65.68627450980392	71.35135135135135	71.1864406779661
Dialectal	61.40350877192983	71.35135135135135	67.74193548387098
Dialectal_normalizada	65.68627450980392	71.35135135135135	71.1864406779661