Transcripcion	Levenstein	Orden	Parcial
Estandar	10.344827586206895	16.129032258064512	46.15384615384615
Estandar_normalizada	10.909090909090914	16.129032258064512	55.55555555555556
Dialectal	8.62068965517241	16.393442622950815	41.666666666666664
Dialectal_normalizada	9.090909090909093	16.393442622950815	50.0