Transcripcion	Levenstein	Orden	Parcial
Estandar	52.6829268292683	72.22222222222221	76.31578947368422
Estandar_normalizada	57.92349726775956	71.08013937282229	78.8135593220339
Dialectal	52.70935960591133	71.32867132867133	75.42372881355932
Dialectal_normalizada	58.011049723756905	70.17543859649122	77.96610169491525