Transcripcion	Levenstein	Orden	Parcial
Estandar	58.69565217391304	84.84848484848484	75.75757575757575
Estandar_normalizada	73.6842105263158	84.84848484848484	84.375
Dialectal	58.69565217391304	84.84848484848484	75.75757575757575
Dialectal_normalizada	73.6842105263158	84.84848484848484	84.375