Transcripcion	Levenstein	Orden	Parcial
Estandar	26.66666666666667	66.66666666666667	83.33333333333334
Estandar_normalizada	45.45454545454546	66.66666666666667	100.0
Dialectal	26.66666666666667	66.66666666666667	83.33333333333334
Dialectal_normalizada	45.45454545454546	66.66666666666667	100.0