Transcripcion	Levenstein	Orden	Parcial
Estandar	12.5	22.857142857142854	27.586206896551722
Estandar_normalizada	10.526315789473683	29.411764705882348	32.25806451612904
Dialectal	12.5	22.857142857142854	27.586206896551722
Dialectal_normalizada	10.526315789473683	29.411764705882348	32.25806451612904