Transcripcion	Levenstein	Orden	Parcial
Estandar	57.870370370370374	72.56637168141593	72.89156626506023
Estandar_normalizada	62.56410256410256	72.61904761904762	78.70967741935485
Dialectal	57.870370370370374	72.56637168141593	72.89156626506023
Dialectal_normalizada	62.56410256410256	72.61904761904762	78.70967741935485