Transcripcion	Levenstein	Orden	Parcial
Estandar	3.508771929824561	6.382978723404253	40.0
Estandar_normalizada	3.0303030303030276	6.451612903225811	50.0
Dialectal	3.508771929824561	6.382978723404253	40.0
Dialectal_normalizada	3.0303030303030276	6.451612903225811	50.0