Transcripcion	Levenstein	Orden	Parcial
Estandar	28.169014084507037	40.74074074074075	44.9438202247191
Estandar_normalizada	30.15873015873016	45.28301886792453	48.837209302325576
Dialectal	25.373134328358205	40.38461538461539	46.51162790697675
Dialectal_normalizada	27.118644067796616	43.13725490196079	48.19277108433735