Transcripcion	Levenstein	Orden	Parcial
Estandar	51.21951219512195	47.76119402985075	68.42105263157895
Estandar_normalizada	54.28571428571429	47.76119402985075	69.6969696969697
Dialectal	51.21951219512195	47.76119402985075	68.42105263157895
Dialectal_normalizada	54.28571428571429	47.76119402985075	69.6969696969697