Transcripcion	Levenstein	Orden	Parcial
Estandar	10.077519379844958	19.402985074626866	55.88235294117647
Estandar_normalizada	11.392405063291145	19.622641509433958	63.33333333333333
Dialectal	10.077519379844958	19.402985074626866	55.88235294117647
Dialectal_normalizada	11.392405063291145	19.622641509433958	63.33333333333333