Transcripcion	Levenstein	Orden	Parcial
Estandar	38.18181818181819	40.44943820224719	57.49999999999999
Estandar_normalizada	37.254901960784316	40.44943820224719	58.97435897435898
Dialectal	36.36363636363637	40.44943820224719	55.00000000000001
Dialectal_normalizada	35.29411764705882	40.44943820224719	56.41025641025641