Transcripcion	Levenstein	Orden	Parcial
Estandar	1.4925373134328401	19.047619047619047	22.22222222222222
Estandar_normalizada	6.779661016949157	19.047619047619047	40.0
Dialectal	1.4925373134328401	19.047619047619047	22.22222222222222
Dialectal_normalizada	6.779661016949157	19.047619047619047	40.0