Transcripcion	Levenstein	Orden	Parcial
Estandar	61.80257510729614	75.71428571428571	72.30046948356808
Estandar_normalizada	66.21004566210046	75.71428571428571	78.36538461538461
Dialectal	59.73451327433628	74.09200968523002	73.70892018779342
Dialectal_normalizada	64.15094339622642	74.09200968523002	77.77777777777779