Transcripcion	Levenstein	Orden	Parcial
Estandar	32.92682926829268	38.01652892561983	53.16455696202531
Estandar_normalizada	34.14634146341463	38.01652892561983	58.33333333333333
Dialectal	32.92682926829268	38.01652892561983	53.16455696202531
Dialectal_normalizada	34.14634146341463	38.01652892561983	58.33333333333333