Transcripcion	Levenstein	Orden	Parcial
Estandar	29.54545454545454	43.0379746835443	50.74626865671642
Estandar_normalizada	30.952380952380953	43.0379746835443	53.125
Dialectal	28.57142857142857	41.55844155844156	49.23076923076923
Dialectal_normalizada	30.000000000000004	41.55844155844156	51.61290322580645