Transcripcion	Levenstein	Orden	Parcial
Estandar	14.70588235294118	38.888888888888886	33.333333333333336
Estandar_normalizada	15.384615384615385	38.888888888888886	35.29411764705882
Dialectal	14.70588235294118	38.888888888888886	33.333333333333336
Dialectal_normalizada	15.384615384615385	38.888888888888886	35.29411764705882