Transcripcion	Levenstein	Orden	Parcial
Estandar	63.19444444444444	74.9003984063745	78.57142857142857
Estandar_normalizada	68.93939393939394	75.2	80.65843621399176
Dialectal	63.19444444444444	74.9003984063745	78.57142857142857
Dialectal_normalizada	68.93939393939394	75.2	80.65843621399176