Transcripcion	Levenstein	Orden	Parcial
Estandar	47.05882352941176	81.4814814814815	79.41176470588236
Estandar_normalizada	61.111111111111114	81.4814814814815	79.41176470588236
Dialectal	47.05882352941176	81.4814814814815	79.41176470588236
Dialectal_normalizada	61.111111111111114	81.4814814814815	79.41176470588236