Transcripcion	Levenstein	Orden	Parcial
Estandar	15.441176470588236	27.2189349112426	36.66666666666667
Estandar_normalizada	21.37404580152672	27.544910179640713	50.74626865671642
Dialectal	16.176470588235293	27.380952380952383	36.111111111111114
Dialectal_normalizada	19.84732824427481	27.710843373493976	51.515151515151516