Transcripcion	Levenstein	Orden	Parcial
Estandar	51.315789473684205	64.0	71.05263157894737
Estandar_normalizada	60.0	64.64646464646464	76.54320987654322
Dialectal	51.315789473684205	64.0	71.05263157894737
Dialectal_normalizada	60.0	64.64646464646464	76.54320987654322