Transcripcion	Levenstein	Orden	Parcial
Estandar	8.695652173913048	24.0	30.000000000000004
Estandar_normalizada	12.5	25.0	30.000000000000004
Dialectal	8.695652173913048	24.0	30.000000000000004
Dialectal_normalizada	12.5	25.0	30.000000000000004