Transcripcion	Levenstein	Orden	Parcial
Estandar	53.968253968253975	62.71186440677966	71.66666666666667
Estandar_normalizada	57.377049180327866	62.71186440677966	75.43859649122807
Dialectal	53.968253968253975	62.71186440677966	71.66666666666667
Dialectal_normalizada	57.377049180327866	62.71186440677966	75.43859649122807