Transcripcion	Levenstein	Orden	Parcial
Estandar	45.56962025316456	63.86554621848739	57.391304347826086
Estandar_normalizada	50.76923076923077	63.86554621848739	63.934426229508205
Dialectal	45.56962025316456	63.86554621848739	57.391304347826086
Dialectal_normalizada	50.76923076923077	63.86554621848739	63.934426229508205