Transcripcion	Levenstein	Orden	Parcial
Estandar	44.99999999999999	74.50980392156863	90.0
Estandar_normalizada	55.88235294117647	74.50980392156863	95.0
Dialectal	44.99999999999999	74.50980392156863	90.0
Dialectal_normalizada	55.88235294117647	74.50980392156863	95.0