Transcripcion	Levenstein	Orden	Parcial
Estandar	63.63636363636363	78.87323943661973	81.69014084507043
Estandar_normalizada	72.5	78.87323943661973	90.9090909090909
Dialectal	63.63636363636363	78.87323943661973	81.69014084507043
Dialectal_normalizada	72.5	78.87323943661973	90.9090909090909