Transcripcion	Levenstein	Orden	Parcial
Estandar	55.769230769230774	55.00000000000001	72.72727272727273
Estandar_normalizada	60.86956521739131	55.00000000000001	73.97260273972603
Dialectal	55.769230769230774	55.00000000000001	72.72727272727273
Dialectal_normalizada	60.86956521739131	55.00000000000001	73.97260273972603