Transcripcion	Levenstein	Orden	Parcial
Estandar	19.047619047619047	50.0	80.0
Estandar_normalizada	29.411764705882348	50.0	100.0
Dialectal	19.047619047619047	50.0	80.0
Dialectal_normalizada	29.411764705882348	50.0	100.0