Transcripcion	Levenstein	Orden	Parcial
Estandar	54.87364620938629	75.66204287515762	62.634408602150536
Estandar_normalizada	64.55696202531645	75.38071065989847	72.5
Dialectal	54.347826086956516	74.5891276864728	62.365591397849464
Dialectal_normalizada	63.98305084745763	74.30025445292621	72.5