Transcripcion	Levenstein	Orden	Parcial
Estandar	25.0	56.60377358490566	52.63157894736843
Estandar_normalizada	34.375	56.60377358490566	57.14285714285714
Dialectal	25.0	56.60377358490566	52.63157894736843
Dialectal_normalizada	34.375	56.60377358490566	57.14285714285714