Transcripcion	Levenstein	Orden	Parcial
Estandar	34.48275862068966	51.028806584362144	53.18352059925093
Estandar_normalizada	37.69230769230769	50.413223140495866	55.93220338983051
Dialectal	34.48275862068966	51.028806584362144	53.18352059925093
Dialectal_normalizada	37.69230769230769	50.413223140495866	55.93220338983051