Transcripcion	Levenstein	Orden	Parcial
Estandar	49.473684210526315	78.26086956521739	67.96116504854368
Estandar_normalizada	55.263157894736835	78.94736842105263	72.72727272727273
Dialectal	50.53763440860215	79.64601769911505	67.96116504854368
Dialectal_normalizada	56.75675675675676	80.35714285714286	71.73913043478262