Transcripcion	Levenstein	Orden	Parcial
Estandar	50.29239766081872	71.4859437751004	64.95726495726495
Estandar_normalizada	57.432432432432435	70.96774193548387	73.91304347826086
Dialectal	50.29239766081872	71.4859437751004	64.95726495726495
Dialectal_normalizada	57.432432432432435	70.96774193548387	73.91304347826086