Transcripcion	Levenstein	Orden	Parcial
Estandar	15.789473684210531	31.57894736842105	50.0
Estandar_normalizada	19.999999999999996	31.57894736842105	50.0
Dialectal	15.789473684210531	31.57894736842105	50.0
Dialectal_normalizada	19.999999999999996	31.57894736842105	50.0