Transcripcion	Levenstein	Orden	Parcial
Estandar	68.85245901639344	84.5360824742268	88.04347826086956
Estandar_normalizada	75.22935779816513	84.97409326424871	91.01123595505618
Dialectal	68.85245901639344	84.5360824742268	88.04347826086956
Dialectal_normalizada	75.22935779816513	84.97409326424871	91.01123595505618