Transcripcion	Levenstein	Orden	Parcial
Estandar	72.11538461538461	83.9506172839506	78.2051282051282
Estandar_normalizada	79.34782608695652	83.9506172839506	84.21052631578947
Dialectal	71.84466019417476	83.22981366459628	78.2051282051282
Dialectal_normalizada	79.12087912087912	83.22981366459628	84.21052631578947