Transcripcion	Levenstein	Orden	Parcial
Estandar	42.29607250755287	61.870503597122294	61.04651162790697
Estandar_normalizada	49.4661921708185	62.46973365617434	66.66666666666667
Dialectal	42.553191489361694	62.65060240963856	61.04651162790697
Dialectal_normalizada	49.820788530465954	63.26034063260341	67.27272727272727