Transcripcion	Levenstein	Orden	Parcial
Estandar	44.44444444444444	69.03553299492387	77.21518987341773
Estandar_normalizada	52.94117647058824	69.38775510204081	85.52631578947368
Dialectal	44.375	69.74358974358974	77.21518987341773
Dialectal_normalizada	53.73134328358209	70.10309278350515	85.52631578947368