Transcripcion	Levenstein	Orden	Parcial
Estandar	57.78267254038178	81.047018904508	63.902932254802835
Estandar_normalizada	66.61016949152543	80.05836575875487	74.81940144478844
Dialectal	57.13224368499257	81.28969223253542	63.59959555106167
Dialectal_normalizada	66.1512027491409	80.29411764705883	74.81940144478844