Transcripcion	Levenstein	Orden	Parcial
Estandar	50.0	78.78787878787878	87.5
Estandar_normalizada	65.0	78.78787878787878	87.5
Dialectal	50.0	78.78787878787878	87.5
Dialectal_normalizada	65.0	78.78787878787878	87.5