Transcripcion	Levenstein	Orden	Parcial
Estandar	6.666666666666665	25.0	36.36363636363637
Estandar_normalizada	9.090909090909093	25.0	40.0
Dialectal	6.666666666666665	25.0	36.36363636363637
Dialectal_normalizada	9.090909090909093	25.0	40.0