Transcripcion	Levenstein	Orden	Parcial
Estandar	61.31386861313868	77.66990291262135	73.11827956989248
Estandar_normalizada	67.19999999999999	78.04878048780488	78.65168539325843
Dialectal	59.3984962406015	75.24752475247524	72.04301075268818
Dialectal_normalizada	65.28925619834712	75.62189054726367	76.40449438202246