Transcripcion	Levenstein	Orden	Parcial
Estandar	20.879120879120883	45.238095238095234	80.95238095238095
Estandar_normalizada	27.027027027027028	45.78313253012048	85.71428571428572
Dialectal	20.879120879120883	45.238095238095234	80.95238095238095
Dialectal_normalizada	27.027027027027028	45.78313253012048	85.71428571428572