Transcripcion	Levenstein	Orden	Parcial
Estandar	36.36363636363637	65.3061224489796	84.21052631578947
Estandar_normalizada	40.54054054054054	66.66666666666667	83.33333333333334
Dialectal	36.36363636363637	65.3061224489796	84.21052631578947
Dialectal_normalizada	40.54054054054054	66.66666666666667	83.33333333333334