Transcripcion	Levenstein	Orden	Parcial
Estandar	61.48648648648649	76.90140845070422	72.5212464589235
Estandar_normalizada	67.84810126582279	76.4456981664316	76.83284457478005
Dialectal	60.94808126410835	76.4456981664316	71.95467422096317
Dialectal_normalizada	67.25888324873097	75.98870056497175	76.35829662261379