Transcripcion	Levenstein	Orden	Parcial
Estandar	25.903614457831324	42.78074866310161	47.945205479452056
Estandar_normalizada	30.88235294117647	43.24324324324324	53.52112676056338
Dialectal	25.903614457831324	42.78074866310161	47.945205479452056
Dialectal_normalizada	30.88235294117647	43.24324324324324	53.52112676056338