Transcripcion	Levenstein	Orden	Parcial
Estandar	65.80246913580248	77.52976190476191	70.15151515151516
Estandar_normalizada	71.50610583446404	77.55406413124534	77.11598746081505
Dialectal	65.35532994923858	77.15582450832072	70.75757575757575
Dialectal_normalizada	70.9090909090909	76.87642153146324	77.58620689655173