Transcripcion	Levenstein	Orden	Parcial
Estandar	72.74590163934427	86.38036809815951	78.03030303030303
Estandar_normalizada	79.6875	86.83886838868389	84.23772609819122
Dialectal	72.70833333333333	86.74101610904586	78.53535353535354
Dialectal_normalizada	79.77272727272727	87.45341614906832	84.23772609819122