Transcripcion	Levenstein	Orden	Parcial
Estandar	19.17808219178082	40.54054054054054	73.6842105263158
Estandar_normalizada	24.590163934426236	41.666666666666664	73.6842105263158
Dialectal	19.17808219178082	40.54054054054054	73.6842105263158
Dialectal_normalizada	24.590163934426236	41.666666666666664	73.6842105263158