Transcripcion	Levenstein	Orden	Parcial
Estandar	64.86486486486487	65.38461538461539	80.0
Estandar_normalizada	75.86206896551724	65.38461538461539	85.18518518518519
Dialectal	64.86486486486487	65.38461538461539	80.0
Dialectal_normalizada	75.86206896551724	65.38461538461539	85.18518518518519