Transcripcion	Levenstein	Orden	Parcial
Estandar	57.33333333333333	68.27309236947792	67.19999999999999
Estandar_normalizada	62.96296296296296	68.27309236947792	72.72727272727273
Dialectal	57.71812080536913	67.74193548387098	68.0
Dialectal_normalizada	63.43283582089552	67.74193548387098	73.55371900826447