Transcripcion	Levenstein	Orden	Parcial
Estandar	31.372549019607842	58.33333333333333	52.23880597014925
Estandar_normalizada	38.63636363636363	56.73758865248226	56.60377358490566
Dialectal	31.372549019607842	58.33333333333333	52.23880597014925
Dialectal_normalizada	38.63636363636363	56.73758865248226	56.60377358490566