Transcripcion	Levenstein	Orden	Parcial
Estandar	35.0	51.42857142857142	45.16129032258065
Estandar_normalizada	40.0	51.42857142857142	55.172413793103445
Dialectal	35.0	51.42857142857142	45.16129032258065
Dialectal_normalizada	40.0	51.42857142857142	55.172413793103445