Transcripcion	Levenstein	Orden	Parcial
Estandar	54.54545454545454	75.93246957204555	61.7124394184168
Estandar_normalizada	61.48148148148148	75.51181102362204	68.41201716738196
Dialectal	54.4595392793857	75.88373919874313	61.7124394184168
Dialectal_normalizada	61.38814016172507	75.46278062229223	68.32618025751073