Transcripcion	Levenstein	Orden	Parcial
Estandar	47.67970882620565	70.10309278350515	58.24022346368716
Estandar_normalizada	54.73465140478668	70.16181229773463	64.60843373493977
Dialectal	47.67970882620565	70.10309278350515	58.24022346368716
Dialectal_normalizada	54.73465140478668	70.16181229773463	64.60843373493977