Transcripcion	Levenstein	Orden	Parcial
Estandar	50.96153846153846	74.55357142857143	70.93596059113301
Estandar_normalizada	58.60805860805861	74.72035794183445	76.0204081632653
Dialectal	50.96153846153846	74.55357142857143	70.93596059113301
Dialectal_normalizada	58.60805860805861	74.72035794183445	76.0204081632653