Transcripcion	Levenstein	Orden	Parcial
Estandar	60.57692307692308	72.83236994219652	75.26881720430107
Estandar_normalizada	74.44444444444444	72.83236994219652	84.33734939759037
Dialectal	60.57692307692308	72.83236994219652	75.26881720430107
Dialectal_normalizada	74.44444444444444	72.83236994219652	84.33734939759037