Transcripcion	Levenstein	Orden	Parcial
Estandar	19.41176470588235	49.16666666666667	36.94267515923567
Estandar_normalizada	22.307692307692307	47.008547008547005	45.8498023715415
Dialectal	19.41176470588235	49.16666666666667	36.94267515923567
Dialectal_normalizada	22.307692307692307	47.008547008547005	45.8498023715415