Transcripcion	Levenstein	Orden	Parcial
Estandar	0.0	15.384615384615385	16.666666666666664
Estandar_normalizada	0.0	15.384615384615385	22.22222222222222
Dialectal	0.0	15.384615384615385	16.666666666666664
Dialectal_normalizada	0.0	15.384615384615385	22.22222222222222