Transcripcion	Levenstein	Orden	Parcial
Estandar	64.77483035163479	85.5376022341911	70.48567870485678
Estandar_normalizada	73.02585604472397	85.69713942788557	78.82049074472664
Dialectal	64.75485661424607	85.52054248105306	70.44416770444168
Dialectal_normalizada	73.00034928396786	85.68	78.82049074472664