Transcripcion	Levenstein	Orden	Parcial
Estandar	12.0	29.629629629629626	33.333333333333336
Estandar_normalizada	14.28571428571429	29.629629629629626	46.15384615384615
Dialectal	12.0	29.629629629629626	33.333333333333336
Dialectal_normalizada	14.28571428571429	29.629629629629626	46.15384615384615