Transcripcion	Levenstein	Orden	Parcial
Estandar	65.45454545454545	86.5979381443299	83.16831683168317
Estandar_normalizada	76.0	86.5979381443299	92.47311827956989
Dialectal	65.45454545454545	86.5979381443299	83.16831683168317
Dialectal_normalizada	76.0	86.5979381443299	92.47311827956989