Transcripcion	Levenstein	Orden	Parcial
Estandar	21.53846153846154	37.362637362637365	37.93103448275862
Estandar_normalizada	23.809523809523814	35.55555555555555	44.89795918367348
Dialectal	21.53846153846154	37.362637362637365	37.93103448275862
Dialectal_normalizada	23.809523809523814	35.55555555555555	44.89795918367348