Transcripcion	Levenstein	Orden	Parcial
Estandar	11.111111111111116	0.0	19.999999999999996
Estandar_normalizada	14.28571428571429	0.0	33.333333333333336
Dialectal	11.111111111111116	0.0	19.999999999999996
Dialectal_normalizada	14.28571428571429	0.0	33.333333333333336