Transcripcion	Levenstein	Orden	Parcial
Estandar	13.432835820895528	37.03703703703704	31.06796116504854
Estandar_normalizada	19.672131147540984	35.51401869158879	37.03703703703704
Dialectal	13.432835820895528	37.03703703703704	31.06796116504854
Dialectal_normalizada	19.672131147540984	35.51401869158879	37.03703703703704