Transcripcion	Levenstein	Orden	Parcial
Estandar	22.22222222222222	42.288557213930346	33.99014778325123
Estandar_normalizada	23.904382470119522	40.7035175879397	40.828402366863905
Dialectal	22.22222222222222	42.288557213930346	33.99014778325123
Dialectal_normalizada	23.904382470119522	40.7035175879397	40.828402366863905