Transcripcion	Levenstein	Orden	Parcial
Estandar	57.57575757575757	78.26086956521739	63.41463414634146
Estandar_normalizada	74.07407407407408	78.26086956521739	72.72727272727273
Dialectal	57.57575757575757	78.26086956521739	63.41463414634146
Dialectal_normalizada	74.07407407407408	78.26086956521739	72.72727272727273