Transcripcion	Levenstein	Orden	Parcial
Estandar	16.666666666666664	11.764705882352944	42.85714285714286
Estandar_normalizada	13.793103448275868	11.764705882352944	50.0
Dialectal	16.666666666666664	11.764705882352944	42.85714285714286
Dialectal_normalizada	13.793103448275868	11.764705882352944	50.0