Transcripcion	Levenstein	Orden	Parcial
Estandar	60.65573770491803	69.6629213483146	76.92307692307692
Estandar_normalizada	70.58823529411764	69.6629213483146	84.21052631578947
Dialectal	60.65573770491803	69.6629213483146	76.92307692307692
Dialectal_normalizada	70.58823529411764	69.6629213483146	84.21052631578947