Transcripcion	Levenstein	Orden	Parcial
Estandar	5.714285714285716	0.0	25.0
Estandar_normalizada	5.714285714285716	0.0	50.0
Dialectal	5.714285714285716	0.0	25.0
Dialectal_normalizada	5.714285714285716	0.0	50.0