Transcripcion	Levenstein	Orden	Parcial
Estandar	63.63636363636363	73.23943661971832	74.66666666666666
Estandar_normalizada	68.42105263157895	73.23943661971832	76.92307692307692
Dialectal	63.63636363636363	73.23943661971832	74.66666666666666
Dialectal_normalizada	68.42105263157895	73.23943661971832	76.92307692307692