Transcripcion	Levenstein	Orden	Parcial
Estandar	77.77777777777779	90.9090909090909	97.5609756097561
Estandar_normalizada	80.0	90.9090909090909	100.0
Dialectal	77.77777777777779	90.9090909090909	97.5609756097561
Dialectal_normalizada	80.0	90.9090909090909	100.0