Transcripcion	Levenstein	Orden	Parcial
Estandar	69.45244956772333	82.07792207792208	74.57337883959045
Estandar_normalizada	76.58227848101265	82.32235701906411	81.4748201438849
Dialectal	69.45244956772333	82.07792207792208	74.57337883959045
Dialectal_normalizada	76.58227848101265	82.32235701906411	81.4748201438849