Transcripcion	Levenstein	Orden	Parcial
Estandar	30.76923076923077	38.70967741935484	53.333333333333336
Estandar_normalizada	31.428571428571427	38.70967741935484	50.90909090909091
Dialectal	30.76923076923077	38.70967741935484	53.333333333333336
Dialectal_normalizada	31.428571428571427	38.70967741935484	50.90909090909091