Transcripcion	Levenstein	Orden	Parcial
Estandar	48.0	62.96296296296296	84.0909090909091
Estandar_normalizada	52.112676056338024	62.96296296296296	90.9090909090909
Dialectal	48.0	62.96296296296296	84.0909090909091
Dialectal_normalizada	52.112676056338024	62.96296296296296	90.9090909090909