Transcripcion	Levenstein	Orden	Parcial
Estandar	61.01694915254237	67.36842105263158	75.0
Estandar_normalizada	61.40350877192983	67.36842105263158	75.75757575757575
Dialectal	61.01694915254237	67.36842105263158	75.0
Dialectal_normalizada	61.40350877192983	67.36842105263158	75.75757575757575