Transcripcion	Levenstein	Orden	Parcial
Estandar	46.98795180722891	65.78947368421053	65.4320987654321
Estandar_normalizada	53.84615384615385	65.78947368421053	68.83116883116884
Dialectal	46.98795180722891	65.78947368421053	65.4320987654321
Dialectal_normalizada	53.84615384615385	65.78947368421053	68.83116883116884