Transcripcion	Levenstein	Orden	Parcial
Estandar	35.13513513513513	52.25225225225225	60.97560975609756
Estandar_normalizada	36.986301369863014	52.25225225225225	64.1025641025641
Dialectal	35.13513513513513	52.25225225225225	60.97560975609756
Dialectal_normalizada	36.986301369863014	52.25225225225225	64.1025641025641