Transcripcion	Levenstein	Orden	Parcial
Estandar	20.547945205479458	41.73913043478261	38.095238095238095
Estandar_normalizada	23.4375	42.10526315789473	41.23711340206185
Dialectal	20.547945205479458	41.73913043478261	38.095238095238095
Dialectal_normalizada	23.4375	42.10526315789473	41.23711340206185