Transcripcion	Levenstein	Orden	Parcial
Estandar	23.33333333333333	50.0	50.0
Estandar_normalizada	26.923076923076927	50.0	52.17391304347826
Dialectal	23.33333333333333	50.0	50.0
Dialectal_normalizada	26.923076923076927	50.0	52.17391304347826