Transcripcion	Levenstein	Orden	Parcial
Estandar	47.87234042553191	58.27814569536424	66.21621621621621
Estandar_normalizada	50.0	58.27814569536424	69.56521739130434
Dialectal	47.87234042553191	58.27814569536424	66.21621621621621
Dialectal_normalizada	50.0	58.27814569536424	69.56521739130434