Transcripcion	Levenstein	Orden	Parcial
Estandar	66.88888888888889	75.54980595084088	75.43624161073825
Estandar_normalizada	70.75471698113208	75.54980595084088	77.87114845938376
Dialectal	66.88888888888889	75.54980595084088	75.43624161073825
Dialectal_normalizada	70.75471698113208	75.54980595084088	77.87114845938376