Transcripcion	Levenstein	Orden	Parcial
Estandar	12.0	26.66666666666667	35.29411764705882
Estandar_normalizada	19.047619047619047	26.66666666666667	40.0
Dialectal	12.0	26.66666666666667	35.29411764705882
Dialectal_normalizada	19.047619047619047	26.66666666666667	40.0