Transcripcion	Levenstein	Orden	Parcial
Estandar	56.52173913043479	72.72727272727273	75.0
Estandar_normalizada	62.71186440677966	72.72727272727273	82.22222222222221
Dialectal	56.52173913043479	72.72727272727273	75.0
Dialectal_normalizada	62.71186440677966	72.72727272727273	82.22222222222221