Transcripcion	Levenstein	Orden	Parcial
Estandar	77.89473684210526	74.11764705882354	87.20930232558139
Estandar_normalizada	82.02247191011236	74.11764705882354	89.28571428571429
Dialectal	77.89473684210526	74.11764705882354	87.20930232558139
Dialectal_normalizada	82.02247191011236	74.11764705882354	89.28571428571429