Transcripcion	Levenstein	Orden	Parcial
Estandar	71.90860215053763	80.12519561815337	77.49244712990937
Estandar_normalizada	77.56598240469208	80.12519561815337	82.32484076433121
Dialectal	71.90860215053763	80.12519561815337	77.49244712990937
Dialectal_normalizada	77.56598240469208	80.12519561815337	82.32484076433121