Transcripcion	Levenstein	Orden	Parcial
Estandar	3.6231884057971064	6.6115702479338845	37.5
Estandar_normalizada	5.309734513274334	6.779661016949157	50.0
Dialectal	3.6231884057971064	6.6115702479338845	37.5
Dialectal_normalizada	5.309734513274334	6.779661016949157	50.0