Transcripcion	Levenstein	Orden	Parcial
Estandar	42.27642276422764	58.563535911602216	60.215053763440864
Estandar_normalizada	49.504950495049506	58.563535911602216	67.03296703296704
Dialectal	42.27642276422764	58.563535911602216	60.215053763440864
Dialectal_normalizada	49.504950495049506	58.563535911602216	67.03296703296704