Transcripcion	Levenstein	Orden	Parcial
Estandar	49.01960784313726	62.22222222222222	69.1358024691358
Estandar_normalizada	53.191489361702125	62.22222222222222	74.35897435897436
Dialectal	49.01960784313726	62.22222222222222	69.1358024691358
Dialectal_normalizada	53.191489361702125	62.22222222222222	74.35897435897436