Transcripcion	Levenstein	Orden	Parcial
Estandar	67.58793969849246	79.84084880636605	79.79539641943734
Estandar_normalizada	72.13541666666667	80.0531914893617	84.63611859838275
Dialectal	67.58793969849246	79.84084880636605	79.79539641943734
Dialectal_normalizada	72.13541666666667	80.0531914893617	84.63611859838275