Transcripcion	Levenstein	Orden	Parcial
Estandar	72.79411764705883	86.20689655172413	78.26086956521739
Estandar_normalizada	79.83870967741935	86.20689655172413	83.33333333333334
Dialectal	72.79411764705883	86.20689655172413	78.26086956521739
Dialectal_normalizada	79.83870967741935	86.20689655172413	83.33333333333334