Transcripcion	Levenstein	Orden	Parcial
Estandar	3.703703703703709	14.28571428571429	22.22222222222222
Estandar_normalizada	6.666666666666665	14.28571428571429	28.57142857142857
Dialectal	3.703703703703709	14.28571428571429	22.22222222222222
Dialectal_normalizada	6.666666666666665	14.28571428571429	28.57142857142857