Transcripcion	Levenstein	Orden	Parcial
Estandar	74.19354838709677	90.9090909090909	84.44444444444444
Estandar_normalizada	84.0	90.9090909090909	87.8048780487805
Dialectal	74.19354838709677	90.9090909090909	84.44444444444444
Dialectal_normalizada	84.0	90.9090909090909	87.8048780487805