Transcripcion	Levenstein	Orden	Parcial
Estandar	44.15584415584416	65.81740976645436	60.82474226804124
Estandar_normalizada	52.95950155763241	66.09808102345416	66.84782608695652
Dialectal	44.15584415584416	65.81740976645436	60.82474226804124
Dialectal_normalizada	52.95950155763241	66.09808102345416	66.84782608695652