Transcripcion	Levenstein	Orden	Parcial
Estandar	62.169312169312164	71.42857142857143	68.0
Estandar_normalizada	67.55952380952381	71.21464226289518	73.01038062283737
Dialectal	62.169312169312164	71.42857142857143	68.0
Dialectal_normalizada	67.55952380952381	71.21464226289518	73.01038062283737