Transcripcion	Levenstein	Orden	Parcial
Estandar	43.75	74.74747474747474	75.26881720430107
Estandar_normalizada	50.90909090909091	74.74747474747474	77.77777777777779
Dialectal	43.75	74.74747474747474	75.26881720430107
Dialectal_normalizada	50.90909090909091	74.74747474747474	77.77777777777779