Transcripcion	Levenstein	Orden	Parcial
Estandar	44.230769230769226	72.46376811594203	83.87096774193549
Estandar_normalizada	53.48837209302326	72.46376811594203	86.66666666666667
Dialectal	44.230769230769226	72.46376811594203	83.87096774193549
Dialectal_normalizada	53.48837209302326	72.46376811594203	86.66666666666667