Transcripcion	Levenstein	Orden	Parcial
Estandar	10.81081081081081	20.512820512820518	50.0
Estandar_normalizada	8.571428571428575	20.512820512820518	60.0
Dialectal	10.81081081081081	20.512820512820518	50.0
Dialectal_normalizada	8.571428571428575	20.512820512820518	60.0