Transcripcion	Levenstein	Orden	Parcial
Estandar	13.592233009708742	29.78723404255319	46.666666666666664
Estandar_normalizada	16.09195402298851	29.78723404255319	56.00000000000001
Dialectal	13.592233009708742	29.78723404255319	46.666666666666664
Dialectal_normalizada	16.09195402298851	29.78723404255319	56.00000000000001