Transcripcion	Levenstein	Orden	Parcial
Estandar	20.588235294117652	41.0958904109589	70.0
Estandar_normalizada	24.561403508771928	41.666666666666664	68.42105263157895
Dialectal	20.588235294117652	41.0958904109589	70.0
Dialectal_normalizada	24.561403508771928	41.666666666666664	68.42105263157895