Transcripcion	Levenstein	Orden	Parcial
Estandar	14.619883040935678	40.70796460176991	59.09090909090908
Estandar_normalizada	25.0	40.70796460176991	61.904761904761905
Dialectal	14.619883040935678	40.70796460176991	59.09090909090908
Dialectal_normalizada	25.0	40.70796460176991	61.904761904761905