Transcripcion	Levenstein	Orden	Parcial
Estandar	54.45544554455446	76.47058823529412	68.44919786096257
Estandar_normalizada	62.01550387596899	76.65847665847666	75.28735632183908
Dialectal	54.45544554455446	76.47058823529412	68.44919786096257
Dialectal_normalizada	62.01550387596899	76.65847665847666	75.28735632183908