Transcripcion	Levenstein	Orden	Parcial
Estandar	61.152416356877325	77.4617067833698	69.6774193548387
Estandar_normalizada	67.34279918864097	77.54654983570646	74.85779294653014
Dialectal	61.19402985074627	77.63157894736842	69.6774193548387
Dialectal_normalizada	67.41344195519348	77.71679473106477	74.80045610034207