Transcripcion	Levenstein	Orden	Parcial
Estandar	23.62204724409449	54.3046357615894	59.50413223140496
Estandar_normalizada	31.06796116504854	53.333333333333336	64.86486486486487
Dialectal	23.62204724409449	54.3046357615894	59.50413223140496
Dialectal_normalizada	31.06796116504854	53.333333333333336	64.86486486486487