Transcripcion	Levenstein	Orden	Parcial
Estandar	65.79804560260587	81.69868554095045	71.94388777555109
Estandar_normalizada	72.74401473296501	81.86423505572442	80.20833333333334
Dialectal	66.01307189542483	81.66160081053698	72.34468937875751
Dialectal_normalizada	73.01293900184844	81.8274111675127	80.625