Transcripcion	Levenstein	Orden	Parcial
Estandar	70.0	85.71428571428572	84.61538461538461
Estandar_normalizada	80.76923076923077	85.71428571428572	88.0
Dialectal	70.0	85.71428571428572	84.61538461538461
Dialectal_normalizada	80.76923076923077	85.71428571428572	88.0