Transcripcion	Levenstein	Orden	Parcial
Estandar	59.87460815047022	73.39805825242718	70.1195219123506
Estandar_normalizada	67.01388888888889	73.6842105263158	74.79674796747969
Dialectal	59.93690851735016	73.6842105263158	70.5179282868526
Dialectal_normalizada	67.13286713286713	73.97260273972603	75.35641547861506