Transcripcion	Levenstein	Orden	Parcial
Estandar	21.875	38.888888888888886	60.0
Estandar_normalizada	21.42857142857143	38.888888888888886	60.0
Dialectal	21.875	38.888888888888886	60.0
Dialectal_normalizada	21.42857142857143	38.888888888888886	60.0