Transcripcion	Levenstein	Orden	Parcial
Estandar	55.45927209705373	78.12142038946163	62.24256292906178
Estandar_normalizada	62.772277227722775	78.07118254879448	70.2179176755448
Dialectal	55.497382198952884	77.79056386651324	62.47139588100686
Dialectal_normalizada	62.874251497005986	77.73933102652826	70.70217917675545