Transcripcion	Levenstein	Orden	Parcial
Estandar	29.166666666666664	33.333333333333336	40.0
Estandar_normalizada	38.095238095238095	33.333333333333336	48.484848484848484
Dialectal	29.166666666666664	33.333333333333336	40.0
Dialectal_normalizada	38.095238095238095	33.333333333333336	48.484848484848484