Transcripcion	Levenstein	Orden	Parcial
Estandar	54.35540069686411	68.68008948545861	63.18181818181819
Estandar_normalizada	60.86956521739131	69.1358024691358	70.0
Dialectal	53.87323943661973	68.46846846846847	63.40909090909091
Dialectal_normalizada	60.4	68.92655367231639	70.23809523809523