Transcripcion	Levenstein	Orden	Parcial
Estandar	54.83870967741935	69.56521739130434	68.08510638297872
Estandar_normalizada	64.0	69.56521739130434	75.0
Dialectal	54.83870967741935	69.56521739130434	68.08510638297872
Dialectal_normalizada	64.0	69.56521739130434	75.0