Transcripcion	Levenstein	Orden	Parcial
Estandar	59.34065934065934	83.22147651006712	70.88607594936708
Estandar_normalizada	68.35443037974683	83.22147651006712	77.63157894736842
Dialectal	60.0	83.78378378378379	72.15189873417722
Dialectal_normalizada	69.23076923076923	83.78378378378379	78.94736842105263