Transcripcion	Levenstein	Orden	Parcial
Estandar	28.57142857142857	29.629629629629626	48.0
Estandar_normalizada	35.29411764705882	29.629629629629626	54.54545454545454
Dialectal	28.57142857142857	29.629629629629626	48.0
Dialectal_normalizada	35.29411764705882	29.629629629629626	54.54545454545454