Transcripcion	Levenstein	Orden	Parcial
Estandar	16.666666666666664	37.83783783783784	30.303030303030297
Estandar_normalizada	25.0	37.83783783783784	43.75
Dialectal	16.666666666666664	37.83783783783784	30.303030303030297
Dialectal_normalizada	25.0	37.83783783783784	43.75