Transcripcion	Levenstein	Orden	Parcial
Estandar	31.147540983606557	56.33802816901409	78.26086956521739
Estandar_normalizada	35.84905660377359	56.33802816901409	81.81818181818181
Dialectal	31.147540983606557	56.33802816901409	78.26086956521739
Dialectal_normalizada	35.84905660377359	56.33802816901409	81.81818181818181