Transcripcion	Levenstein	Orden	Parcial
Estandar	50.0	71.1864406779661	69.84126984126983
Estandar_normalizada	61.76470588235294	71.1864406779661	75.0
Dialectal	50.0	71.1864406779661	69.84126984126983
Dialectal_normalizada	61.76470588235294	71.1864406779661	75.0