Transcripcion	Levenstein	Orden	Parcial
Estandar	60.19590382902938	78.17142857142856	67.2319806178074
Estandar_normalizada	66.20416253716552	78.16618911174785	72.64742785445421
Dialectal	60.035682426405	78.03203661327231	67.2319806178074
Dialectal_normalizada	66.03773584905662	78.02639127940333	72.64742785445421