Transcripcion	Levenstein	Orden	Parcial
Estandar	57.22120658135283	71.12676056338027	66.10576923076923
Estandar_normalizada	64.47638603696099	71.46226415094338	71.71717171717171
Dialectal	57.247706422018354	71.05882352941177	66.10576923076923
Dialectal_normalizada	64.5360824742268	71.39479905437352	71.71717171717171