Transcripcion	Levenstein	Orden	Parcial
Estandar	52.283105022831045	77.1830985915493	67.41573033707866
Estandar_normalizada	57.8005115089514	77.11864406779661	73.9766081871345
Dialectal	52.283105022831045	77.1830985915493	67.41573033707866
Dialectal_normalizada	57.8005115089514	77.11864406779661	73.9766081871345