Transcripcion	Levenstein	Orden	Parcial
Estandar	32.1285140562249	49.504950495049506	47.44897959183674
Estandar_normalizada	31.336405529953915	49.25373134328358	51.5
Dialectal	32.1285140562249	49.504950495049506	47.44897959183674
Dialectal_normalizada	31.336405529953915	49.25373134328358	51.5