Transcripcion	Levenstein	Orden	Parcial
Estandar	18.75	50.0	41.666666666666664
Estandar_normalizada	16.666666666666664	50.0	52.63157894736843
Dialectal	18.75	50.0	41.666666666666664
Dialectal_normalizada	16.666666666666664	50.0	52.63157894736843