Transcripcion	Levenstein	Orden	Parcial
Estandar	45.833333333333336	70.27027027027026	65.0
Estandar_normalizada	60.0	70.27027027027026	75.67567567567568
Dialectal	45.833333333333336	70.27027027027026	65.0
Dialectal_normalizada	60.0	70.27027027027026	75.67567567567568