Transcripcion	Levenstein	Orden	Parcial
Estandar	52.303120356612176	71.52542372881356	68.94254787676937
Estandar_normalizada	55.40983606557377	70.96774193548387	73.16666666666667
Dialectal	52.08955223880597	71.70773152081563	68.9482470784641
Dialectal_normalizada	55.18945634266886	71.14893617021276	73.1829573934837