Transcripcion	Levenstein	Orden	Parcial
Estandar	32.432432432432435	47.27272727272728	46.666666666666664
Estandar_normalizada	31.428571428571427	47.27272727272728	54.16666666666667
Dialectal	32.432432432432435	47.27272727272728	46.666666666666664
Dialectal_normalizada	31.428571428571427	47.27272727272728	54.16666666666667