Transcripcion	Levenstein	Orden	Parcial
Estandar	21.875	31.818181818181824	53.333333333333336
Estandar_normalizada	22.580645161290324	32.55813953488372	53.84615384615385
Dialectal	21.875	31.818181818181824	53.333333333333336
Dialectal_normalizada	22.580645161290324	32.55813953488372	53.84615384615385