Transcripcion	Levenstein	Orden	Parcial
Estandar	48.14814814814815	73.91304347826086	70.83333333333333
Estandar_normalizada	64.0	73.91304347826086	75.55555555555556
Dialectal	48.14814814814815	73.91304347826086	70.83333333333333
Dialectal_normalizada	64.0	73.91304347826086	75.55555555555556