Transcripcion	Levenstein	Orden	Parcial
Estandar	9.433962264150942	10.344827586206895	35.71428571428571
Estandar_normalizada	11.32075471698113	10.344827586206895	50.0
Dialectal	9.433962264150942	10.344827586206895	35.71428571428571
Dialectal_normalizada	11.32075471698113	10.344827586206895	50.0