Transcripcion	Levenstein	Orden	Parcial
Estandar	5.263157894736848	15.000000000000002	33.333333333333336
Estandar_normalizada	5.633802816901412	15.000000000000002	40.0
Dialectal	5.263157894736848	15.000000000000002	33.333333333333336
Dialectal_normalizada	5.633802816901412	15.000000000000002	40.0