Transcripcion	Levenstein	Orden	Parcial
Estandar	64.22976501305483	78.91268533772653	68.45637583892618
Estandar_normalizada	71.80232558139534	79.10817506193229	75.6140350877193
Dialectal	64.22976501305483	78.91268533772653	68.45637583892618
Dialectal_normalizada	71.80232558139534	79.10817506193229	75.6140350877193