Transcripcion	Levenstein	Orden	Parcial
Estandar	26.923076923076927	50.0	85.71428571428572
Estandar_normalizada	30.952380952380953	50.0	88.88888888888889
Dialectal	27.450980392156865	50.98039215686274	85.71428571428572
Dialectal_normalizada	31.707317073170728	50.98039215686274	88.88888888888889