Transcripcion	Levenstein	Orden	Parcial
Estandar	41.17647058823529	61.224489795918366	61.53846153846154
Estandar_normalizada	53.57142857142857	61.224489795918366	69.76744186046511
Dialectal	41.17647058823529	61.224489795918366	61.53846153846154
Dialectal_normalizada	53.57142857142857	61.224489795918366	69.76744186046511