Transcripcion	Levenstein	Orden	Parcial
Estandar	26.315789473684216	44.680851063829785	41.75824175824175
Estandar_normalizada	29.09090909090909	44.680851063829785	43.90243902439024
Dialectal	26.315789473684216	44.680851063829785	41.75824175824175
Dialectal_normalizada	29.09090909090909	44.680851063829785	43.90243902439024