Transcripcion	Levenstein	Orden	Parcial
Estandar	50.0	78.04878048780488	75.0
Estandar_normalizada	65.21739130434783	80.0	88.88888888888889
Dialectal	50.0	78.04878048780488	75.0
Dialectal_normalizada	65.21739130434783	80.0	88.88888888888889