Transcripcion	Levenstein	Orden	Parcial
Estandar	9.999999999999998	9.090909090909093	44.44444444444444
Estandar_normalizada	9.999999999999998	9.090909090909093	50.0
Dialectal	9.999999999999998	9.090909090909093	44.44444444444444
Dialectal_normalizada	9.999999999999998	9.090909090909093	50.0