Transcripcion	Levenstein	Orden	Parcial
Estandar	42.85714285714286	53.57142857142857	62.295081967213115
Estandar_normalizada	53.333333333333336	53.57142857142857	64.28571428571428
Dialectal	42.85714285714286	53.57142857142857	62.295081967213115
Dialectal_normalizada	53.333333333333336	53.57142857142857	64.28571428571428