Transcripcion	Levenstein	Orden	Parcial
Estandar	34.285714285714285	50.98039215686274	54.23728813559322
Estandar_normalizada	39.28571428571429	50.98039215686274	59.57446808510638
Dialectal	34.285714285714285	50.98039215686274	54.23728813559322
Dialectal_normalizada	39.28571428571429	50.98039215686274	59.57446808510638