Transcripcion	Levenstein	Orden	Parcial
Estandar	36.75213675213676	53.68421052631579	56.38297872340425
Estandar_normalizada	39.63963963963963	53.68421052631579	60.56338028169015
Dialectal	36.75213675213676	53.68421052631579	56.38297872340425
Dialectal_normalizada	39.63963963963963	53.68421052631579	60.56338028169015