Transcripcion	Levenstein	Orden	Parcial
Estandar	19.999999999999996	41.666666666666664	57.14285714285714
Estandar_normalizada	21.42857142857143	41.666666666666664	55.55555555555556
Dialectal	19.999999999999996	41.666666666666664	57.14285714285714
Dialectal_normalizada	21.42857142857143	41.666666666666664	55.55555555555556