Transcripcion	Levenstein	Orden	Parcial
Estandar	33.333333333333336	57.14285714285714	48.97959183673469
Estandar_normalizada	37.125748502994014	57.61316872427984	56.043956043956044
Dialectal	33.155080213903744	57.49999999999999	50.0
Dialectal_normalizada	37.65432098765432	57.98319327731092	56.043956043956044