Transcripcion	Levenstein	Orden	Parcial
Estandar	25.64102564102564	51.764705882352935	56.666666666666664
Estandar_normalizada	29.850746268656714	52.38095238095239	75.0
Dialectal	25.64102564102564	51.764705882352935	56.666666666666664
Dialectal_normalizada	29.850746268656714	52.38095238095239	75.0