Transcripcion	Levenstein	Orden	Parcial
Estandar	65.10416666666667	77.75947281713344	72.66666666666667
Estandar_normalizada	72.59475218658893	77.22772277227723	80.06993006993007
Dialectal	65.10416666666667	77.75947281713344	72.66666666666667
Dialectal_normalizada	72.59475218658893	77.22772277227723	80.06993006993007