Transcripcion	Levenstein	Orden	Parcial
Estandar	46.90721649484536	68.08510638297872	59.70149253731343
Estandar_normalizada	54.117647058823536	67.61565836298932	64.8
Dialectal	46.90721649484536	68.08510638297872	59.70149253731343
Dialectal_normalizada	54.117647058823536	67.61565836298932	64.8