Transcripcion	Levenstein	Orden	Parcial
Estandar	32.25806451612904	69.38775510204081	68.0
Estandar_normalizada	48.14814814814815	69.38775510204081	68.18181818181819
Dialectal	32.25806451612904	69.38775510204081	68.0
Dialectal_normalizada	48.14814814814815	69.38775510204081	68.18181818181819