Transcripcion	Levenstein	Orden	Parcial
Estandar	41.666666666666664	68.96551724137932	62.5
Estandar_normalizada	50.0	68.96551724137932	72.0
Dialectal	41.666666666666664	68.96551724137932	62.5
Dialectal_normalizada	50.0	68.96551724137932	72.0