Transcripcion	Levenstein	Orden	Parcial
Estandar	45.13274336283186	58.241758241758234	66.66666666666667
Estandar_normalizada	48.57142857142858	58.241758241758234	67.90123456790124
Dialectal	45.13274336283186	58.241758241758234	66.66666666666667
Dialectal_normalizada	48.57142857142858	58.241758241758234	67.90123456790124