Transcripcion	Levenstein	Orden	Parcial
Estandar	54.83870967741935	66.66666666666667	66.66666666666667
Estandar_normalizada	59.375	65.84615384615384	70.06802721088435
Dialectal	54.24528301886793	67.0807453416149	67.33333333333333
Dialectal_normalizada	58.288770053475936	65.625	71.42857142857143