Transcripcion	Levenstein	Orden	Parcial
Estandar	50.943396226415096	61.53846153846154	60.526315789473685
Estandar_normalizada	57.77777777777777	61.53846153846154	67.56756756756756
Dialectal	50.943396226415096	61.53846153846154	60.526315789473685
Dialectal_normalizada	57.77777777777777	61.53846153846154	67.56756756756756