Transcripcion	Levenstein	Orden	Parcial
Estandar	65.4054054054054	80.14440433212997	81.45454545454545
Estandar_normalizada	70.625	80.43478260869566	83.33333333333334
Dialectal	65.4054054054054	80.14440433212997	81.45454545454545
Dialectal_normalizada	70.625	80.43478260869566	83.33333333333334