Transcripcion	Levenstein	Orden	Parcial
Estandar	78.125	100.0	88.46153846153845
Estandar_normalizada	92.85714285714286	100.0	96.15384615384616
Dialectal	78.125	100.0	88.46153846153845
Dialectal_normalizada	92.85714285714286	100.0	96.15384615384616