Transcripcion	Levenstein	Orden	Parcial
Estandar	81.06060606060606	90.2654867256637	84.21052631578947
Estandar_normalizada	88.33333333333333	90.2654867256637	89.28571428571429
Dialectal	81.06060606060606	90.2654867256637	84.21052631578947
Dialectal_normalizada	88.33333333333333	90.2654867256637	89.28571428571429