Transcripcion	Levenstein	Orden	Parcial
Estandar	65.51724137931035	89.36170212765957	84.0
Estandar_normalizada	76.0	89.36170212765957	89.36170212765957
Dialectal	65.51724137931035	89.36170212765957	84.0
Dialectal_normalizada	76.0	89.36170212765957	89.36170212765957