Transcripcion	Levenstein	Orden	Parcial
Estandar	12.5	18.181818181818176	17.391304347826086
Estandar_normalizada	8.333333333333337	18.181818181818176	21.052631578947366
Dialectal	12.5	18.181818181818176	17.391304347826086
Dialectal_normalizada	8.333333333333337	18.181818181818176	21.052631578947366