Transcripcion	Levenstein	Orden	Parcial
Estandar	24.390243902439025	38.8235294117647	40.98360655737705
Estandar_normalizada	30.252100840336137	39.053254437869825	47.16981132075472
Dialectal	24.390243902439025	38.8235294117647	40.98360655737705
Dialectal_normalizada	30.252100840336137	39.053254437869825	47.16981132075472