Transcripcion	Levenstein	Orden	Parcial
Estandar	27.472527472527474	43.08943089430895	40.65934065934066
Estandar_normalizada	28.48484848484848	43.265306122448976	44.80874316939891
Dialectal	27.62430939226519	43.265306122448976	40.42553191489362
Dialectal_normalizada	28.65853658536586	43.442622950819676	45.05494505494505