Transcripcion	Levenstein	Orden	Parcial
Estandar	77.5	89.85507246376811	94.28571428571428
Estandar_normalizada	81.57894736842105	89.85507246376811	98.46153846153847
Dialectal	77.5	89.85507246376811	94.28571428571428
Dialectal_normalizada	81.57894736842105	89.85507246376811	98.46153846153847