Transcripcion	Levenstein	Orden	Parcial
Estandar	28.164556962025312	53.54330708661416	45.32710280373832
Estandar_normalizada	30.2491103202847	52.67326732673268	47.63948497854077
Dialectal	28.164556962025312	53.54330708661416	45.32710280373832
Dialectal_normalizada	30.2491103202847	52.67326732673268	47.63948497854077