Transcripcion	Levenstein	Orden	Parcial
Estandar	6.25	33.333333333333336	16.666666666666664
Estandar_normalizada	19.999999999999996	33.333333333333336	25.0
Dialectal	6.25	33.333333333333336	16.666666666666664
Dialectal_normalizada	19.999999999999996	33.333333333333336	25.0