Transcripcion	Levenstein	Orden	Parcial
Estandar	47.87234042553191	70.0	68.65671641791045
Estandar_normalizada	54.32098765432099	69.06474820143885	72.3076923076923
Dialectal	47.87234042553191	70.0	68.65671641791045
Dialectal_normalizada	54.32098765432099	69.06474820143885	72.3076923076923