Transcripcion	Levenstein	Orden	Parcial
Estandar	20.65217391304348	42.622950819672134	44.18604651162791
Estandar_normalizada	23.750000000000004	43.333333333333336	43.37349397590361
Dialectal	20.65217391304348	42.622950819672134	44.18604651162791
Dialectal_normalizada	23.750000000000004	43.333333333333336	43.37349397590361