Transcripcion	Levenstein	Orden	Parcial
Estandar	7.86516853932584	18.666666666666664	45.45454545454546
Estandar_normalizada	9.459459459459463	19.444444444444443	45.45454545454546
Dialectal	7.86516853932584	18.666666666666664	45.45454545454546
Dialectal_normalizada	9.459459459459463	19.444444444444443	45.45454545454546