Transcripcion	Levenstein	Orden	Parcial
Estandar	20.63492063492064	44.979919678714865	36.36363636363637
Estandar_normalizada	25.170068027210878	43.80165289256198	44.53781512605042
Dialectal	20.63492063492064	44.979919678714865	36.36363636363637
Dialectal_normalizada	25.170068027210878	43.80165289256198	44.53781512605042