Transcripcion	Levenstein	Orden	Parcial
Estandar	66.21621621621621	79.03225806451613	79.41176470588236
Estandar_normalizada	76.92307692307692	79.03225806451613	87.3015873015873
Dialectal	66.21621621621621	79.03225806451613	79.41176470588236
Dialectal_normalizada	76.92307692307692	79.03225806451613	87.3015873015873