Transcripcion	Levenstein	Orden	Parcial
Estandar	24.193548387096776	42.553191489361694	47.22222222222222
Estandar_normalizada	24.13793103448276	42.553191489361694	49.27536231884058
Dialectal	24.193548387096776	42.553191489361694	47.22222222222222
Dialectal_normalizada	24.13793103448276	42.553191489361694	49.27536231884058