Transcripcion	Levenstein	Orden	Parcial
Estandar	6.217616580310881	14.634146341463417	32.14285714285714
Estandar_normalizada	7.361963190184051	14.90683229813664	43.47826086956522
Dialectal	6.282722513089	14.814814814814813	32.14285714285714
Dialectal_normalizada	7.453416149068326	15.094339622641506	43.47826086956522