Transcripcion	Levenstein	Orden	Parcial
Estandar	59.64912280701755	72.16494845360825	70.2127659574468
Estandar_normalizada	67.9245283018868	72.16494845360825	71.73913043478262
Dialectal	59.64912280701755	72.16494845360825	70.2127659574468
Dialectal_normalizada	67.9245283018868	72.16494845360825	71.73913043478262