Transcripcion	Levenstein	Orden	Parcial
Estandar	17.85714285714286	40.0	36.09022556390977
Estandar_normalizada	27.380952380952383	40.27777777777778	40.98360655737705
Dialectal	17.85714285714286	40.0	36.09022556390977
Dialectal_normalizada	27.380952380952383	40.27777777777778	40.98360655737705