Transcripcion	Levenstein	Orden	Parcial
Estandar	44.99999999999999	50.0	60.0
Estandar_normalizada	44.99999999999999	50.0	64.0
Dialectal	44.99999999999999	50.0	60.0
Dialectal_normalizada	44.99999999999999	50.0	64.0