Transcripcion	Levenstein	Orden	Parcial
Estandar	24.390243902439025	46.42857142857143	46.666666666666664
Estandar_normalizada	24.32432432432432	46.42857142857143	56.25
Dialectal	24.390243902439025	46.42857142857143	46.666666666666664
Dialectal_normalizada	24.32432432432432	46.42857142857143	56.25