Transcripcion	Levenstein	Orden	Parcial
Estandar	21.42857142857143	35.61643835616438	40.0
Estandar_normalizada	25.0	35.61643835616438	43.47826086956522
Dialectal	21.42857142857143	35.61643835616438	40.0
Dialectal_normalizada	25.0	35.61643835616438	43.47826086956522