Transcripcion	Levenstein	Orden	Parcial
Estandar	19.653179190751445	36.03603603603604	43.07692307692308
Estandar_normalizada	22.51655629139073	36.5296803652968	44.44444444444444
Dialectal	19.883040935672515	36.36363636363637	43.07692307692308
Dialectal_normalizada	22.818791946308725	35.944700460829495	44.44444444444444