Transcripcion	Levenstein	Orden	Parcial
Estandar	44.99999999999999	45.16129032258065	64.51612903225806
Estandar_normalizada	50.0	45.16129032258065	74.07407407407408
Dialectal	44.99999999999999	45.16129032258065	64.51612903225806
Dialectal_normalizada	50.0	45.16129032258065	74.07407407407408