Transcripcion	Levenstein	Orden	Parcial
Estandar	10.989010989010994	39.6551724137931	27.848101265822788
Estandar_normalizada	17.500000000000004	37.5	33.333333333333336
Dialectal	10.989010989010994	39.6551724137931	27.848101265822788
Dialectal_normalizada	17.500000000000004	37.5	33.333333333333336