Transcripcion	Levenstein	Orden	Parcial
Estandar	50.847457627118644	59.79381443298969	66.66666666666667
Estandar_normalizada	60.7843137254902	59.79381443298969	72.0
Dialectal	50.847457627118644	59.79381443298969	66.66666666666667
Dialectal_normalizada	60.7843137254902	59.79381443298969	72.0