Transcripcion	Levenstein	Orden	Parcial
Estandar	19.999999999999996	43.13725490196079	35.55555555555555
Estandar_normalizada	23.33333333333333	43.13725490196079	41.860465116279066
Dialectal	19.999999999999996	44.89795918367348	37.2093023255814
Dialectal_normalizada	23.33333333333333	44.89795918367348	44.99999999999999