Transcripcion	Levenstein	Orden	Parcial
Estandar	54.6218487394958	85.71428571428572	93.93939393939394
Estandar_normalizada	64.94845360824742	86.3013698630137	96.82539682539682
Dialectal	54.6218487394958	85.71428571428572	93.93939393939394
Dialectal_normalizada	64.94845360824742	86.3013698630137	96.82539682539682