Transcripcion	Levenstein	Orden	Parcial
Estandar	42.85714285714286	77.27272727272727	60.0
Estandar_normalizada	58.62068965517242	77.27272727272727	72.22222222222221
Dialectal	42.85714285714286	77.27272727272727	60.0
Dialectal_normalizada	58.62068965517242	77.27272727272727	72.22222222222221