Transcripcion	Levenstein	Orden	Parcial
Estandar	43.07692307692308	62.53602305475504	52.71084337349398
Estandar_normalizada	49.37965260545906	62.807525325615046	58.65384615384615
Dialectal	43.75	63.17321688500728	53.191489361702125
Dialectal_normalizada	50.25252525252526	63.450292397660824	59.3900481540931