Transcripcion	Levenstein	Orden	Parcial
Estandar	17.460317460317466	34.92063492063492	86.95652173913044
Estandar_normalizada	19.999999999999996	35.483870967741936	86.95652173913044
Dialectal	17.460317460317466	34.92063492063492	86.95652173913044
Dialectal_normalizada	19.999999999999996	35.483870967741936	86.95652173913044