Transcripcion	Levenstein	Orden	Parcial
Estandar	38.983050847457626	55.39358600583091	52.42165242165242
Estandar_normalizada	44.61538461538461	55.55555555555556	60.25641025641026
Dialectal	38.983050847457626	55.39358600583091	52.42165242165242
Dialectal_normalizada	44.61538461538461	55.55555555555556	60.25641025641026