Transcripcion	Levenstein	Orden	Parcial
Estandar	17.647058823529417	35.47169811320755	45.58823529411765
Estandar_normalizada	20.28985507246377	35.47169811320755	49.23076923076923
Dialectal	17.727272727272727	35.60606060606061	45.58823529411765
Dialectal_normalizada	20.38834951456311	35.60606060606061	49.23076923076923