Transcripcion	Levenstein	Orden	Parcial
Estandar	27.605118829981723	52.215568862275454	41.59779614325069
Estandar_normalizada	30.41666666666667	51.93236714975845	46.132208157524616
Dialectal	27.70642201834862	52.34093637454982	41.4364640883978
Dialectal_normalizada	30.543933054393303	52.05811138014528	45.98025387870239