Transcripcion	Levenstein	Orden	Parcial
Estandar	3.3333333333333326	14.814814814814813	33.333333333333336
Estandar_normalizada	4.1666666666666625	14.814814814814813	33.333333333333336
Dialectal	3.3333333333333326	14.814814814814813	33.333333333333336
Dialectal_normalizada	4.1666666666666625	14.814814814814813	33.333333333333336