Transcripcion	Levenstein	Orden	Parcial
Estandar	20.588235294117652	33.333333333333336	52.17391304347826
Estandar_normalizada	23.33333333333333	33.333333333333336	52.17391304347826
Dialectal	20.588235294117652	33.333333333333336	52.17391304347826
Dialectal_normalizada	23.33333333333333	33.333333333333336	52.17391304347826