Transcripcion	Levenstein	Orden	Parcial
Estandar	17.85714285714286	28.865979381443296	40.0
Estandar_normalizada	18.918918918918916	29.166666666666664	44.827586206896555
Dialectal	18.07228915662651	29.166666666666664	40.0
Dialectal_normalizada	19.17808219178082	29.47368421052632	44.827586206896555