Transcripcion	Levenstein	Orden	Parcial
Estandar	22.857142857142854	46.808510638297875	41.02564102564102
Estandar_normalizada	25.0	43.47826086956522	44.99999999999999
Dialectal	22.857142857142854	46.808510638297875	41.02564102564102
Dialectal_normalizada	25.0	43.47826086956522	44.99999999999999