Transcripcion	Levenstein	Orden	Parcial
Estandar	14.18918918918919	29.885057471264364	54.23728813559322
Estandar_normalizada	15.384615384615385	29.885057471264364	56.25
Dialectal	14.18918918918919	27.906976744186053	56.14035087719298
Dialectal_normalizada	14.685314685314687	27.906976744186053	58.18181818181818