Transcripcion	Levenstein	Orden	Parcial
Estandar	28.647214854111404	49.488752556237216	47.05882352941176
Estandar_normalizada	33.033033033033036	50.30927835051546	51.89873417721519
Dialectal	28.647214854111404	49.488752556237216	47.05882352941176
Dialectal_normalizada	33.033033033033036	50.30927835051546	51.89873417721519