Transcripcion	Levenstein	Orden	Parcial
Estandar	16.129032258064512	38.095238095238095	37.03703703703704
Estandar_normalizada	16.000000000000004	38.095238095238095	40.0
Dialectal	16.129032258064512	38.095238095238095	37.03703703703704
Dialectal_normalizada	16.000000000000004	38.095238095238095	40.0