Transcripcion	Levenstein	Orden	Parcial
Estandar	23.809523809523814	45.52845528455285	41.17647058823529
Estandar_normalizada	26.315789473684216	45.52845528455285	45.56962025316456
Dialectal	23.809523809523814	45.52845528455285	41.17647058823529
Dialectal_normalizada	26.315789473684216	45.52845528455285	45.56962025316456