Transcripcion	Levenstein	Orden	Parcial
Estandar	16.71732522796353	28.985507246376805	42.465753424657535
Estandar_normalizada	17.525773195876294	28.739002932551315	44.5945945945946
Dialectal	16.81957186544343	29.154518950437314	42.465753424657535
Dialectal_normalizada	17.647058823529417	28.908554572271385	44.5945945945946