Transcripcion	Levenstein	Orden	Parcial
Estandar	7.7669902912621325	20.618556701030933	40.0
Estandar_normalizada	9.999999999999998	20.833333333333336	46.666666666666664
Dialectal	7.7669902912621325	20.618556701030933	40.0
Dialectal_normalizada	9.999999999999998	20.833333333333336	46.666666666666664