Transcripcion	Levenstein	Orden	Parcial
Estandar	41.833333333333336	64.65997770345597	53.956834532374096
Estandar_normalizada	46.927374301675975	65.02242152466367	58.89724310776943
Dialectal	41.87604690117253	63.982102908277405	53.23741007194245
Dialectal_normalizada	46.81647940074907	64.34195725534309	59.14786967418546