Transcripcion	Levenstein	Orden	Parcial
Estandar	22.857142857142854	36.36363636363637	43.90243902439024
Estandar_normalizada	19.354838709677423	36.36363636363637	50.0
Dialectal	22.857142857142854	36.36363636363637	43.90243902439024
Dialectal_normalizada	19.354838709677423	36.36363636363637	50.0