Transcripcion	Levenstein	Orden	Parcial
Estandar	19.8019801980198	37.42690058479532	39.75903614457831
Estandar_normalizada	24.489795918367353	37.64705882352941	47.61904761904761
Dialectal	19.8019801980198	37.42690058479532	39.75903614457831
Dialectal_normalizada	24.489795918367353	37.64705882352941	47.61904761904761