Transcripcion	Levenstein	Orden	Parcial
Estandar	4.1666666666666625	19.999999999999996	28.57142857142857
Estandar_normalizada	6.25	19.999999999999996	30.76923076923077
Dialectal	4.1666666666666625	19.999999999999996	28.57142857142857
Dialectal_normalizada	6.25	19.999999999999996	30.76923076923077