Transcripcion	Levenstein	Orden	Parcial
Estandar	27.77777777777778	51.42857142857142	45.45454545454546
Estandar_normalizada	35.71428571428571	51.42857142857142	54.54545454545454
Dialectal	27.77777777777778	51.42857142857142	45.45454545454546
Dialectal_normalizada	35.71428571428571	51.42857142857142	54.54545454545454