Transcripcion	Levenstein	Orden	Parcial
Estandar	35.71428571428571	52.5	60.41666666666667
Estandar_normalizada	35.416666666666664	52.5	60.63829787234043
Dialectal	35.71428571428571	52.5	60.41666666666667
Dialectal_normalizada	35.416666666666664	52.5	60.63829787234043