Transcripcion	Levenstein	Orden	Parcial
Estandar	40.625	64.17910447761194	65.45454545454545
Estandar_normalizada	49.42528735632183	64.66165413533835	74.0
Dialectal	41.48936170212766	62.121212121212125	65.45454545454545
Dialectal_normalizada	49.411764705882355	62.59541984732824	74.0