Transcripcion	Levenstein	Orden	Parcial
Estandar	30.85714285714286	55.88235294117647	49.33333333333333
Estandar_normalizada	38.0	54.47761194029851	57.2463768115942
Dialectal	30.85714285714286	55.88235294117647	49.33333333333333
Dialectal_normalizada	38.0	54.47761194029851	57.2463768115942