Transcripcion	Levenstein	Orden	Parcial
Estandar	57.77777777777777	76.47058823529412	83.07692307692307
Estandar_normalizada	63.63636363636363	77.03703703703704	85.48387096774194
Dialectal	57.77777777777777	76.47058823529412	83.07692307692307
Dialectal_normalizada	63.63636363636363	77.03703703703704	85.48387096774194