Transcripcion	Levenstein	Orden	Parcial
Estandar	40.38461538461539	70.4225352112676	67.74193548387098
Estandar_normalizada	55.00000000000001	70.4225352112676	75.0
Dialectal	40.38461538461539	70.4225352112676	67.74193548387098
Dialectal_normalizada	55.00000000000001	70.4225352112676	75.0