Transcripcion	Levenstein	Orden	Parcial
Estandar	16.94915254237288	39.50617283950617	36.111111111111114
Estandar_normalizada	23.529411764705888	39.50617283950617	45.45454545454546
Dialectal	16.94915254237288	39.50617283950617	36.111111111111114
Dialectal_normalizada	23.529411764705888	39.50617283950617	45.45454545454546