Transcripcion	Levenstein	Orden	Parcial
Estandar	33.333333333333336	59.45945945945945	47.36842105263158
Estandar_normalizada	39.13043478260869	59.45945945945945	64.86486486486487
Dialectal	33.333333333333336	59.45945945945945	47.36842105263158
Dialectal_normalizada	39.13043478260869	59.45945945945945	64.86486486486487