Transcripcion	Levenstein	Orden	Parcial
Estandar	34.04255319148937	63.1578947368421	57.14285714285714
Estandar_normalizada	43.58974358974359	63.1578947368421	70.27027027027026
Dialectal	34.04255319148937	63.1578947368421	57.14285714285714
Dialectal_normalizada	43.58974358974359	63.1578947368421	70.27027027027026