Transcripcion	Levenstein	Orden	Parcial
Estandar	18.324607329842934	36.36363636363637	43.548387096774185
Estandar_normalizada	19.680851063829785	36.36363636363637	51.78571428571428
Dialectal	18.324607329842934	36.36363636363637	43.548387096774185
Dialectal_normalizada	19.680851063829785	36.36363636363637	51.78571428571428