Transcripcion	Levenstein	Orden	Parcial
Estandar	21.311475409836067	33.84615384615385	52.17391304347826
Estandar_normalizada	25.0	34.375	51.61290322580645
Dialectal	21.311475409836067	33.84615384615385	52.17391304347826
Dialectal_normalizada	25.0	34.375	51.61290322580645