Transcripcion	Levenstein	Orden	Parcial
Estandar	8.139534883720934	12.195121951219512	42.10526315789473
Estandar_normalizada	10.389610389610393	12.345679012345679	42.10526315789473
Dialectal	8.139534883720934	12.195121951219512	42.10526315789473
Dialectal_normalizada	10.389610389610393	12.345679012345679	42.10526315789473