Transcripcion	Levenstein	Orden	Parcial
Estandar	58.97435897435898	66.66666666666667	72.72727272727273
Estandar_normalizada	65.71428571428571	66.66666666666667	76.66666666666666
Dialectal	58.97435897435898	66.66666666666667	72.72727272727273
Dialectal_normalizada	65.71428571428571	66.66666666666667	76.66666666666666