Transcripcion	Levenstein	Orden	Parcial
Estandar	24.63768115942029	48.71794871794872	50.74626865671642
Estandar_normalizada	35.18518518518518	49.350649350649356	57.14285714285714
Dialectal	24.63768115942029	48.71794871794872	50.74626865671642
Dialectal_normalizada	35.18518518518518	49.350649350649356	57.14285714285714