Transcripcion	Levenstein	Orden	Parcial
Estandar	12.5	18.181818181818176	22.22222222222222
Estandar_normalizada	16.666666666666664	18.181818181818176	22.22222222222222
Dialectal	12.5	18.181818181818176	22.22222222222222
Dialectal_normalizada	16.666666666666664	18.181818181818176	22.22222222222222