Transcripcion	Levenstein	Orden	Parcial
Estandar	58.94736842105264	67.9245283018868	73.75
Estandar_normalizada	63.2183908045977	67.9245283018868	78.87323943661973
Dialectal	58.94736842105264	67.9245283018868	73.75
Dialectal_normalizada	63.2183908045977	67.9245283018868	78.87323943661973