Transcripcion	Levenstein	Orden	Parcial
Estandar	53.06122448979591	81.81818181818181	89.65517241379311
Estandar_normalizada	65.85365853658536	81.81818181818181	96.42857142857143
Dialectal	53.06122448979591	81.81818181818181	89.65517241379311
Dialectal_normalizada	65.85365853658536	81.81818181818181	96.42857142857143