Transcripcion	Levenstein	Orden	Parcial
Estandar	12.5	32.6530612244898	37.2093023255814
Estandar_normalizada	11.538461538461542	32.6530612244898	40.0
Dialectal	12.5	32.6530612244898	37.2093023255814
Dialectal_normalizada	11.538461538461542	32.6530612244898	40.0