Transcripcion	Levenstein	Orden	Parcial
Estandar	62.65060240963856	87.39495798319328	69.4915254237288
Estandar_normalizada	71.63120567375887	87.76371308016877	79.27927927927928
Dialectal	61.212121212121204	86.07594936708861	68.64406779661016
Dialectal_normalizada	70.0	86.4406779661017	78.37837837837837