Transcripcion	Levenstein	Orden	Parcial
Estandar	12.5	31.818181818181824	47.05882352941176
Estandar_normalizada	24.32432432432432	32.55813953488372	56.00000000000001
Dialectal	12.5	31.818181818181824	47.05882352941176
Dialectal_normalizada	24.32432432432432	32.55813953488372	56.00000000000001