Transcripcion	Levenstein	Orden	Parcial
Estandar	63.42857142857143	88.715953307393	67.0
Estandar_normalizada	73.8255033557047	89.0625	73.52941176470588
Dialectal	63.42857142857143	88.715953307393	67.0
Dialectal_normalizada	73.8255033557047	89.0625	73.52941176470588