Transcripcion	Levenstein	Orden	Parcial
Estandar	35.11904761904761	59.44700460829493	61.24661246612466
Estandar_normalizada	41.31944444444444	59.86078886310905	66.29213483146069
Dialectal	34.626865671641795	59.58429561200924	60.86956521739131
Dialectal_normalizada	40.76655052264808	60.0	65.91549295774648