Transcripcion	Levenstein	Orden	Parcial
Estandar	55.714285714285715	77.22772277227723	82.22222222222221
Estandar_normalizada	69.4915254237288	78.0	89.65517241379311
Dialectal	55.714285714285715	77.22772277227723	82.22222222222221
Dialectal_normalizada	69.4915254237288	78.0	89.65517241379311