Transcripcion	Levenstein	Orden	Parcial
Estandar	32.35294117647059	43.90243902439024	50.0
Estandar_normalizada	32.14285714285714	43.90243902439024	50.0
Dialectal	32.35294117647059	43.90243902439024	50.0
Dialectal_normalizada	32.14285714285714	43.90243902439024	50.0