Transcripcion	Levenstein	Orden	Parcial
Estandar	14.28571428571429	26.086956521739136	30.000000000000004
Estandar_normalizada	17.647058823529417	26.086956521739136	37.5
Dialectal	14.28571428571429	26.086956521739136	30.000000000000004
Dialectal_normalizada	17.647058823529417	26.086956521739136	37.5