Transcripcion	Levenstein	Orden	Parcial
Estandar	33.91812865497076	53.383458646616546	66.31578947368422
Estandar_normalizada	35.32934131736527	51.320754716981135	69.6629213483146
Dialectal	34.50292397660819	54.13533834586466	67.36842105263158
Dialectal_normalizada	35.928143712574844	52.075471698113205	70.78651685393258