Transcripcion	Levenstein	Orden	Parcial
Estandar	30.08474576271186	55.55555555555556	56.70103092783505
Estandar_normalizada	35.29411764705882	57.04225352112676	66.34146341463413
Dialectal	30.08474576271186	55.55555555555556	56.70103092783505
Dialectal_normalizada	35.29411764705882	57.04225352112676	66.34146341463413