Transcripcion	Levenstein	Orden	Parcial
Estandar	35.361216730038024	56.69781931464175	53.98230088495575
Estandar_normalizada	39.56521739130435	58.490566037735846	59.63302752293578
Dialectal	35.361216730038024	56.69781931464175	53.98230088495575
Dialectal_normalizada	39.56521739130435	58.490566037735846	59.63302752293578