Transcripcion	Levenstein	Orden	Parcial
Estandar	75.0	78.57142857142857	82.1917808219178
Estandar_normalizada	79.54545454545455	78.57142857142857	86.48648648648648
Dialectal	75.0	78.57142857142857	82.1917808219178
Dialectal_normalizada	79.54545454545455	78.57142857142857	86.48648648648648