Transcripcion	Levenstein	Orden	Parcial
Estandar	3.57142857142857	12.903225806451612	16.666666666666664
Estandar_normalizada	7.692307692307687	12.903225806451612	33.333333333333336
Dialectal	3.57142857142857	12.903225806451612	16.666666666666664
Dialectal_normalizada	7.692307692307687	12.903225806451612	33.333333333333336