Transcripcion	Levenstein	Orden	Parcial
Estandar	53.73134328358209	79.38144329896907	64.63414634146342
Estandar_normalizada	58.67768595041323	79.79274611398964	71.60493827160495
Dialectal	53.73134328358209	79.38144329896907	64.63414634146342
Dialectal_normalizada	58.67768595041323	79.79274611398964	71.60493827160495