Transcripcion	Levenstein	Orden	Parcial
Estandar	58.57142857142856	74.76635514018693	85.85365853658537
Estandar_normalizada	66.40625	72.03791469194313	91.30434782608697
Dialectal	59.57446808510638	69.76744186046511	86.40776699029126
Dialectal_normalizada	67.44186046511628	76.41509433962264	91.30434782608697