Transcripcion	Levenstein	Orden	Parcial
Estandar	62.30769230769231	75.33632286995515	75.43859649122807
Estandar_normalizada	71.55172413793103	75.67567567567568	82.29665071770334
Dialectal	62.30769230769231	75.33632286995515	75.43859649122807
Dialectal_normalizada	71.55172413793103	75.67567567567568	82.29665071770334