Transcripcion	Levenstein	Orden	Parcial
Estandar	50.0	79.16666666666666	78.26086956521739
Estandar_normalizada	63.33333333333333	79.16666666666666	86.36363636363636
Dialectal	50.0	79.16666666666666	78.26086956521739
Dialectal_normalizada	63.33333333333333	79.16666666666666	86.36363636363636