Transcripcion	Levenstein	Orden	Parcial
Estandar	66.83937823834196	77.27272727272727	73.33333333333334
Estandar_normalizada	71.02272727272727	77.52442996742671	76.33587786259541
Dialectal	66.83937823834196	77.27272727272727	73.33333333333334
Dialectal_normalizada	71.02272727272727	77.52442996742671	76.33587786259541