Transcripcion	Levenstein	Orden	Parcial
Estandar	75.51020408163265	78.16091954022988	84.44444444444444
Estandar_normalizada	77.77777777777779	78.16091954022988	85.0574712643678
Dialectal	75.51020408163265	78.16091954022988	84.44444444444444
Dialectal_normalizada	77.77777777777779	78.16091954022988	85.0574712643678