Transcripcion	Levenstein	Orden	Parcial
Estandar	12.765957446808507	41.55844155844156	31.999999999999996
Estandar_normalizada	26.315789473684216	41.0958904109589	41.0958904109589
Dialectal	12.765957446808507	41.55844155844156	31.999999999999996
Dialectal_normalizada	26.315789473684216	41.0958904109589	41.0958904109589