Transcripcion	Levenstein	Orden	Parcial
Estandar	22.093023255813947	32.692307692307686	44.11764705882353
Estandar_normalizada	23.076923076923073	31.06796116504854	46.875
Dialectal	22.093023255813947	32.692307692307686	44.11764705882353
Dialectal_normalizada	23.076923076923073	31.06796116504854	46.875