Transcripcion	Levenstein	Orden	Parcial
Estandar	59.71223021582735	77.41935483870968	73.84615384615385
Estandar_normalizada	64.34108527131784	77.7327935222672	82.51121076233183
Dialectal	59.71223021582735	77.41935483870968	73.84615384615385
Dialectal_normalizada	64.34108527131784	77.7327935222672	82.51121076233183