Transcripcion	Levenstein	Orden	Parcial
Estandar	0.0	7.9999999999999964	25.0
Estandar_normalizada	4.1666666666666625	7.9999999999999964	60.0
Dialectal	0.0	7.9999999999999964	25.0
Dialectal_normalizada	4.1666666666666625	7.9999999999999964	60.0