Transcripcion	Levenstein	Orden	Parcial
Estandar	44.44444444444444	71.69811320754718	65.21739130434783
Estandar_normalizada	60.0	71.69811320754718	81.81818181818181
Dialectal	44.44444444444444	71.69811320754718	65.21739130434783
Dialectal_normalizada	60.0	71.69811320754718	81.81818181818181