Transcripcion	Levenstein	Orden	Parcial
Estandar	68.20809248554913	81.20805369127517	80.66666666666666
Estandar_normalizada	75.31645569620254	80.13468013468014	83.5820895522388
Dialectal	68.20809248554913	81.20805369127517	80.66666666666666
Dialectal_normalizada	75.31645569620254	80.13468013468014	83.5820895522388