Transcripcion	Levenstein	Orden	Parcial
Estandar	25.0	59.45945945945945	48.484848484848484
Estandar_normalizada	25.0	59.45945945945945	52.94117647058824
Dialectal	25.0	59.45945945945945	48.484848484848484
Dialectal_normalizada	25.0	59.45945945945945	52.94117647058824