Transcripcion	Levenstein	Orden	Parcial
Estandar	65.2439024390244	73.98230088495575	73.45454545454547
Estandar_normalizada	69.8051948051948	74.37722419928825	77.01149425287358
Dialectal	65.2439024390244	73.98230088495575	73.45454545454547
Dialectal_normalizada	69.8051948051948	74.37722419928825	77.01149425287358