Transcripcion	Levenstein	Orden	Parcial
Estandar	70.96774193548387	93.61702127659575	95.65217391304348
Estandar_normalizada	81.4814814814815	93.61702127659575	100.0
Dialectal	70.96774193548387	93.61702127659575	95.65217391304348
Dialectal_normalizada	81.4814814814815	93.61702127659575	100.0