Transcripcion	Levenstein	Orden	Parcial
Estandar	10.344827586206895	16.666666666666664	80.0
Estandar_normalizada	10.909090909090914	16.666666666666664	100.0
Dialectal	10.344827586206895	16.666666666666664	80.0
Dialectal_normalizada	10.909090909090914	16.666666666666664	100.0