Transcripcion	Levenstein	Orden	Parcial
Estandar	21.678321678321677	45.02164502164502	33.88429752066116
Estandar_normalizada	21.95121951219512	46.49122807017544	39.647577092511014
Dialectal	21.678321678321677	45.02164502164502	33.88429752066116
Dialectal_normalizada	21.95121951219512	46.49122807017544	39.647577092511014