Transcripcion	Levenstein	Orden	Parcial
Estandar	25.0	31.57894736842105	57.14285714285714
Estandar_normalizada	28.57142857142857	31.57894736842105	54.54545454545454
Dialectal	25.0	31.57894736842105	57.14285714285714
Dialectal_normalizada	28.57142857142857	31.57894736842105	54.54545454545454