Transcripcion	Levenstein	Orden	Parcial
Estandar	75.32467532467533	98.27586206896551	80.95238095238095
Estandar_normalizada	87.6923076923077	98.27586206896551	91.22807017543859
Dialectal	75.32467532467533	98.27586206896551	80.95238095238095
Dialectal_normalizada	87.6923076923077	98.27586206896551	91.22807017543859