Transcripcion	Levenstein	Orden	Parcial
Estandar	36.065573770491795	58.53658536585367	75.0
Estandar_normalizada	43.13725490196079	58.53658536585367	78.26086956521739
Dialectal	36.065573770491795	58.53658536585367	75.0
Dialectal_normalizada	43.13725490196079	58.53658536585367	78.26086956521739