Transcripcion	Levenstein	Orden	Parcial
Estandar	15.789473684210531	16.000000000000004	23.076923076923073
Estandar_normalizada	17.647058823529417	16.666666666666664	33.333333333333336
Dialectal	15.789473684210531	16.000000000000004	23.076923076923073
Dialectal_normalizada	17.647058823529417	16.666666666666664	33.333333333333336