Transcripcion	Levenstein	Orden	Parcial
Estandar	72.97297297297297	93.91304347826087	96.36363636363636
Estandar_normalizada	83.07692307692307	93.91304347826087	96.2962962962963
Dialectal	72.97297297297297	93.91304347826087	96.36363636363636
Dialectal_normalizada	83.07692307692307	93.91304347826087	96.2962962962963