Transcripcion	Levenstein	Orden	Parcial
Estandar	11.66666666666667	26.22950819672131	46.15384615384615
Estandar_normalizada	15.384615384615385	26.66666666666667	50.0
Dialectal	11.66666666666667	26.22950819672131	46.15384615384615
Dialectal_normalizada	15.384615384615385	26.66666666666667	50.0