Transcripcion	Levenstein	Orden	Parcial
Estandar	65.5	70.1949860724234	73.45844504021449
Estandar_normalizada	71.12299465240642	69.83240223463687	79.2022792022792
Dialectal	65.5	70.1949860724234	73.45844504021449
Dialectal_normalizada	71.12299465240642	69.83240223463687	79.2022792022792