Transcripcion	Levenstein	Orden	Parcial
Estandar	36.458333333333336	57.851239669421496	83.9506172839506
Estandar_normalizada	40.69767441860465	57.851239669421496	87.5
Dialectal	36.458333333333336	57.851239669421496	83.9506172839506
Dialectal_normalizada	40.69767441860465	57.851239669421496	87.5