Transcripcion	Levenstein	Orden	Parcial
Estandar	20.75471698113207	30.3448275862069	35.416666666666664
Estandar_normalizada	20.952380952380956	30.555555555555557	39.02439024390244
Dialectal	20.75471698113207	30.3448275862069	35.416666666666664
Dialectal_normalizada	20.952380952380956	30.555555555555557	39.02439024390244