Transcripcion	Levenstein	Orden	Parcial
Estandar	58.730158730158735	65.34653465346535	81.4814814814815
Estandar_normalizada	60.65573770491803	65.34653465346535	85.0
Dialectal	59.67741935483871	65.99999999999999	81.4814814814815
Dialectal_normalizada	61.66666666666667	65.99999999999999	85.0