Transcripcion	Levenstein	Orden	Parcial
Estandar	16.000000000000004	32.25806451612904	33.333333333333336
Estandar_normalizada	19.047619047619047	32.25806451612904	35.29411764705882
Dialectal	16.000000000000004	32.25806451612904	33.333333333333336
Dialectal_normalizada	19.047619047619047	32.25806451612904	35.29411764705882