Transcripcion	Levenstein	Orden	Parcial
Estandar	60.1063829787234	79.5774647887324	68.5483870967742
Estandar_normalizada	69.46107784431138	79.85865724381625	80.76923076923077
Dialectal	60.1063829787234	79.5774647887324	68.5483870967742
Dialectal_normalizada	69.46107784431138	79.85865724381625	80.76923076923077