Transcripcion	Levenstein	Orden	Parcial
Estandar	75.75757575757575	94.54545454545455	89.65517241379311
Estandar_normalizada	89.65517241379311	94.54545454545455	96.42857142857143
Dialectal	75.75757575757575	94.54545454545455	89.65517241379311
Dialectal_normalizada	89.65517241379311	94.54545454545455	96.42857142857143