Transcripcion	Levenstein	Orden	Parcial
Estandar	23.076923076923073	52.0	35.71428571428571
Estandar_normalizada	37.142857142857146	52.0	54.54545454545454
Dialectal	23.076923076923073	52.0	35.71428571428571
Dialectal_normalizada	37.142857142857146	52.0	54.54545454545454