Transcripcion	Levenstein	Orden	Parcial
Estandar	49.01960784313726	58.53658536585367	65.11627906976744
Estandar_normalizada	53.333333333333336	58.53658536585367	68.35443037974683
Dialectal	50.0	59.25925925925925	65.11627906976744
Dialectal_normalizada	54.54545454545454	59.25925925925925	68.35443037974683