Transcripcion	Levenstein	Orden	Parcial
Estandar	38.28125	59.13978494623655	77.14285714285715
Estandar_normalizada	42.50000000000001	60.54054054054055	84.61538461538461
Dialectal	38.28125	59.13978494623655	77.14285714285715
Dialectal_normalizada	42.50000000000001	60.54054054054055	84.61538461538461