Transcripcion	Levenstein	Orden	Parcial
Estandar	20.833333333333336	34.78260869565217	36.36363636363637
Estandar_normalizada	16.666666666666664	36.36363636363637	31.57894736842105
Dialectal	20.833333333333336	34.78260869565217	36.36363636363637
Dialectal_normalizada	16.666666666666664	36.36363636363637	31.57894736842105