Transcripcion	Levenstein	Orden	Parcial
Estandar	22.033898305084744	39.603960396039604	36.36363636363637
Estandar_normalizada	22.64150943396226	39.603960396039604	35.89743589743589
Dialectal	22.033898305084744	39.603960396039604	36.36363636363637
Dialectal_normalizada	22.64150943396226	39.603960396039604	35.89743589743589