Transcripcion	Levenstein	Orden	Parcial
Estandar	19.191919191919194	34.23423423423423	40.0
Estandar_normalizada	19.999999999999996	34.23423423423423	45.714285714285715
Dialectal	19.191919191919194	34.23423423423423	40.0
Dialectal_normalizada	19.999999999999996	34.23423423423423	45.714285714285715