Transcripcion	Levenstein	Orden	Parcial
Estandar	30.76923076923077	62.5	63.1578947368421
Estandar_normalizada	45.45454545454546	62.5	92.3076923076923
Dialectal	30.76923076923077	62.5	63.1578947368421
Dialectal_normalizada	45.45454545454546	62.5	92.3076923076923