Transcripcion	Levenstein	Orden	Parcial
Estandar	53.333333333333336	73.17073170731707	77.27272727272727
Estandar_normalizada	66.66666666666667	73.17073170731707	82.05128205128204
Dialectal	53.333333333333336	73.17073170731707	77.27272727272727
Dialectal_normalizada	66.66666666666667	73.17073170731707	82.05128205128204