Transcripcion	Levenstein	Orden	Parcial
Estandar	46.15384615384615	74.28571428571429	65.21739130434783
Estandar_normalizada	55.00000000000001	74.28571428571429	66.66666666666667
Dialectal	46.15384615384615	74.28571428571429	65.21739130434783
Dialectal_normalizada	55.00000000000001	74.28571428571429	66.66666666666667