Transcripcion	Levenstein	Orden	Parcial
Estandar	79.81072555205047	88.28522920203736	85.9504132231405
Estandar_normalizada	84.0531561461794	88.28522920203736	89.5368782161235
Dialectal	79.81072555205047	88.28522920203736	85.9504132231405
Dialectal_normalizada	84.0531561461794	88.28522920203736	89.5368782161235