Transcripcion	Levenstein	Orden	Parcial
Estandar	66.82577565632458	76.28294036061027	79.7752808988764
Estandar_normalizada	70.73791348600508	77.32962447844228	82.21574344023324
Dialectal	66.82577565632458	76.28294036061027	79.7752808988764
Dialectal_normalizada	70.73791348600508	77.32962447844228	82.21574344023324