Transcripcion	Levenstein	Orden	Parcial
Estandar	62.5	100.0	84.61538461538461
Estandar_normalizada	83.33333333333334	100.0	90.0
Dialectal	62.5	100.0	84.61538461538461
Dialectal_normalizada	83.33333333333334	100.0	90.0