Transcripcion	Levenstein	Orden	Parcial
Estandar	29.268292682926834	54.23728813559322	56.60377358490566
Estandar_normalizada	32.35294117647059	55.172413793103445	68.08510638297872
Dialectal	29.268292682926834	54.23728813559322	56.60377358490566
Dialectal_normalizada	32.35294117647059	55.172413793103445	68.08510638297872