Transcripcion	Levenstein	Orden	Parcial
Estandar	33.92857142857143	50.0	46.15384615384615
Estandar_normalizada	40.74074074074075	50.0	52.87356321839081
Dialectal	33.92857142857143	40.86021505376344	45.54455445544554
Dialectal_normalizada	37.03703703703704	40.86021505376344	50.0