Transcripcion	Levenstein	Orden	Parcial
Estandar	24.242424242424242	44.21052631578948	39.39393939393939
Estandar_normalizada	29.31034482758621	42.553191489361694	48.0
Dialectal	24.242424242424242	44.21052631578948	39.39393939393939
Dialectal_normalizada	29.31034482758621	42.553191489361694	48.0