Transcripcion	Levenstein	Orden	Parcial
Estandar	22.72727272727273	34.78260869565217	57.14285714285714
Estandar_normalizada	27.77777777777778	34.78260869565217	57.14285714285714
Dialectal	22.72727272727273	34.78260869565217	57.14285714285714
Dialectal_normalizada	27.77777777777778	34.78260869565217	57.14285714285714