Transcripcion	Levenstein	Orden	Parcial
Estandar	25.0	56.17977528089888	62.59946949602122
Estandar_normalizada	33.97683397683397	54.17607223476297	70.87912087912088
Dialectal	27.23880597014925	56.947608200455576	63.61185983827493
Dialectal_normalizada	36.2934362934363	54.91990846681922	72.06703910614524