Transcripcion	Levenstein	Orden	Parcial
Estandar	65.25547445255475	74.39024390243902	75.35714285714286
Estandar_normalizada	71.45135566188198	74.62946817785527	79.70749542961609
Dialectal	65.05139500734214	74.3006993006993	75.17857142857143
Dialectal_normalizada	71.42857142857143	74.54068241469815	79.52468007312615