Transcripcion	Levenstein	Orden	Parcial
Estandar	52.1551724137931	66.46884272997033	64.96815286624205
Estandar_normalizada	56.65024630541872	66.46884272997033	68.45637583892618
Dialectal	51.73913043478261	66.86567164179105	64.33121019108282
Dialectal_normalizada	56.21890547263681	66.86567164179105	67.78523489932886