Transcripcion	Levenstein	Orden	Parcial
Estandar	61.76470588235294	84.61538461538461	79.24528301886792
Estandar_normalizada	66.66666666666667	84.61538461538461	87.5
Dialectal	61.76470588235294	84.61538461538461	79.24528301886792
Dialectal_normalizada	66.66666666666667	84.61538461538461	87.5