Transcripcion	Levenstein	Orden	Parcial
Estandar	64.58333333333333	69.56521739130434	75.67567567567568
Estandar_normalizada	67.5	69.56521739130434	78.125
Dialectal	64.58333333333333	69.56521739130434	75.67567567567568
Dialectal_normalizada	67.5	69.56521739130434	78.125