Transcripcion	Levenstein	Orden	Parcial
Estandar	35.78947368421053	56.00000000000001	51.42857142857142
Estandar_normalizada	40.963855421686745	52.702702702702695	57.60000000000001
Dialectal	35.78947368421053	56.00000000000001	51.42857142857142
Dialectal_normalizada	40.963855421686745	52.702702702702695	57.60000000000001