Transcripcion	Levenstein	Orden	Parcial
Estandar	33.333333333333336	38.095238095238095	57.14285714285714
Estandar_normalizada	35.71428571428571	38.095238095238095	66.66666666666667
Dialectal	33.333333333333336	38.095238095238095	57.14285714285714
Dialectal_normalizada	35.71428571428571	38.095238095238095	66.66666666666667