Transcripcion	Levenstein	Orden	Parcial
Estandar	42.85714285714286	74.57627118644068	75.0
Estandar_normalizada	54.28571428571429	72.41379310344827	81.63265306122449
Dialectal	42.85714285714286	74.57627118644068	75.0
Dialectal_normalizada	54.28571428571429	72.41379310344827	81.63265306122449