Transcripcion	Levenstein	Orden	Parcial
Estandar	16.417910447761198	31.32530120481928	63.1578947368421
Estandar_normalizada	17.910447761194025	31.32530120481928	64.70588235294117
Dialectal	16.417910447761198	31.32530120481928	63.1578947368421
Dialectal_normalizada	17.910447761194025	31.32530120481928	64.70588235294117