Transcripcion	Levenstein	Orden	Parcial
Estandar	46.08695652173913	70.70707070707071	73.73737373737373
Estandar_normalizada	48.07692307692307	70.70707070707071	75.93582887700535
Dialectal	44.73684210526315	71.06598984771574	73.09644670050761
Dialectal_normalizada	46.601941747572816	71.06598984771574	75.26881720430107