Transcripcion	Levenstein	Orden	Parcial
Estandar	21.052631578947366	40.0	41.93548387096774
Estandar_normalizada	25.0	40.625	46.15384615384615
Dialectal	21.052631578947366	40.0	41.93548387096774
Dialectal_normalizada	25.0	40.625	46.15384615384615