Transcripcion	Levenstein	Orden	Parcial
Estandar	43.58974358974359	51.85185185185186	71.11111111111111
Estandar_normalizada	43.24324324324324	51.85185185185186	75.0
Dialectal	43.58974358974359	51.85185185185186	71.11111111111111
Dialectal_normalizada	43.24324324324324	51.85185185185186	75.0