Transcripcion	Levenstein	Orden	Parcial
Estandar	72.1311475409836	96.62921348314607	89.36170212765957
Estandar_normalizada	84.31372549019608	96.62921348314607	90.69767441860466
Dialectal	72.1311475409836	96.62921348314607	89.36170212765957
Dialectal_normalizada	84.31372549019608	96.62921348314607	90.69767441860466