Transcripcion	Levenstein	Orden	Parcial
Estandar	19.354838709677423	42.42424242424242	45.45454545454546
Estandar_normalizada	31.999999999999996	42.42424242424242	63.63636363636363
Dialectal	19.354838709677423	42.42424242424242	45.45454545454546
Dialectal_normalizada	31.999999999999996	42.42424242424242	63.63636363636363