Transcripcion	Levenstein	Orden	Parcial
Estandar	77.5	67.64705882352942	91.42857142857143
Estandar_normalizada	88.88888888888889	67.64705882352942	97.05882352941177
Dialectal	77.5	67.64705882352942	91.42857142857143
Dialectal_normalizada	88.88888888888889	67.64705882352942	97.05882352941177