Transcripcion	Levenstein	Orden	Parcial
Estandar	78.37837837837837	88.88888888888889	80.75880758807588
Estandar_normalizada	84.39024390243902	88.88888888888889	84.593837535014
Dialectal	77.62557077625571	88.0	79.7872340425532
Dialectal_normalizada	83.66336633663366	88.0	83.97790055248619