Transcripcion	Levenstein	Orden	Parcial
Estandar	71.42857142857143	96.20253164556962	92.3076923076923
Estandar_normalizada	79.06976744186046	96.20253164556962	96.0
Dialectal	71.42857142857143	96.20253164556962	92.3076923076923
Dialectal_normalizada	79.06976744186046	96.20253164556962	96.0