Transcripcion	Levenstein	Orden	Parcial
Estandar	16.666666666666664	40.0	42.85714285714286
Estandar_normalizada	20.68965517241379	40.0	50.0
Dialectal	16.666666666666664	40.0	42.85714285714286
Dialectal_normalizada	20.68965517241379	40.0	50.0