Transcripcion	Levenstein	Orden	Parcial
Estandar	13.461538461538458	34.48275862068966	41.379310344827594
Estandar_normalizada	20.45454545454546	34.48275862068966	45.16129032258065
Dialectal	13.461538461538458	34.48275862068966	41.379310344827594
Dialectal_normalizada	20.45454545454546	34.48275862068966	45.16129032258065