Transcripcion	Levenstein	Orden	Parcial
Estandar	78.0952380952381	77.00534759358288	87.5
Estandar_normalizada	82.4742268041237	77.00534759358288	89.36170212765957
Dialectal	78.0952380952381	77.00534759358288	87.5
Dialectal_normalizada	82.4742268041237	77.00534759358288	89.36170212765957