Transcripcion	Levenstein	Orden	Parcial
Estandar	19.999999999999996	29.629629629629626	45.16129032258065
Estandar_normalizada	19.999999999999996	29.629629629629626	51.85185185185186
Dialectal	19.999999999999996	29.629629629629626	45.16129032258065
Dialectal_normalizada	19.999999999999996	29.629629629629626	51.85185185185186