Transcripcion	Levenstein	Orden	Parcial
Estandar	72.22222222222221	100.0	79.16666666666666
Estandar_normalizada	90.0	100.0	92.5925925925926
Dialectal	72.22222222222221	100.0	79.16666666666666
Dialectal_normalizada	90.0	100.0	92.5925925925926