Transcripcion	Levenstein	Orden	Parcial
Estandar	73.6842105263158	73.58490566037736	83.49514563106796
Estandar_normalizada	75.0	73.58490566037736	84.31372549019608
Dialectal	73.6842105263158	73.58490566037736	83.49514563106796
Dialectal_normalizada	75.0	73.58490566037736	84.31372549019608