Transcripcion	Levenstein	Orden	Parcial
Estandar	18.518518518518523	37.2093023255814	32.98969072164949
Estandar_normalizada	8.888888888888891	35.29411764705882	37.9746835443038
Dialectal	18.518518518518523	37.2093023255814	32.98969072164949
Dialectal_normalizada	8.888888888888891	35.29411764705882	37.9746835443038