Transcripcion	Levenstein	Orden	Parcial
Estandar	41.666666666666664	86.66666666666667	73.6842105263158
Estandar_normalizada	48.0	86.66666666666667	78.57142857142857
Dialectal	41.666666666666664	86.66666666666667	73.6842105263158
Dialectal_normalizada	48.0	86.66666666666667	78.57142857142857