Transcripcion	Levenstein	Orden	Parcial
Estandar	56.02409638554218	72.92418772563177	67.16417910447761
Estandar_normalizada	59.86842105263157	72.92418772563177	71.96969696969697
Dialectal	56.09756097560976	72.72727272727273	66.91176470588236
Dialectal_normalizada	60.0	72.72727272727273	71.96969696969697