Transcripcion	Levenstein	Orden	Parcial
Estandar	37.5	48.64864864864865	59.45945945945945
Estandar_normalizada	40.0	48.64864864864865	68.75
Dialectal	37.5	48.64864864864865	59.45945945945945
Dialectal_normalizada	40.0	48.64864864864865	68.75