Transcripcion	Levenstein	Orden	Parcial
Estandar	52.94117647058824	63.1578947368421	66.66666666666667
Estandar_normalizada	56.25	63.1578947368421	75.0
Dialectal	52.94117647058824	63.1578947368421	66.66666666666667
Dialectal_normalizada	56.25	63.1578947368421	75.0