Transcripcion	Levenstein	Orden	Parcial
Estandar	33.333333333333336	65.48672566371681	55.769230769230774
Estandar_normalizada	41.0958904109589	65.48672566371681	62.0
Dialectal	33.333333333333336	65.48672566371681	55.769230769230774
Dialectal_normalizada	41.0958904109589	65.48672566371681	62.0