Transcripcion	Levenstein	Orden	Parcial
Estandar	23.750000000000004	47.524752475247524	36.92307692307693
Estandar_normalizada	28.125	48.0	47.82608695652174
Dialectal	23.750000000000004	47.524752475247524	36.92307692307693
Dialectal_normalizada	28.125	48.0	47.82608695652174