Transcripcion	Levenstein	Orden	Parcial
Estandar	47.36842105263158	53.333333333333336	60.0
Estandar_normalizada	47.22222222222222	53.333333333333336	65.38461538461539
Dialectal	47.36842105263158	53.333333333333336	60.0
Dialectal_normalizada	47.22222222222222	53.333333333333336	65.38461538461539