Transcripcion	Levenstein	Orden	Parcial
Estandar	8.695652173913048	9.090909090909093	50.0
Estandar_normalizada	4.761904761904767	9.090909090909093	50.0
Dialectal	8.695652173913048	9.090909090909093	50.0
Dialectal_normalizada	4.761904761904767	9.090909090909093	50.0