Transcripcion	Levenstein	Orden	Parcial
Estandar	68.05555555555556	65.54621848739495	79.03225806451613
Estandar_normalizada	72.72727272727273	65.54621848739495	83.92857142857143
Dialectal	68.05555555555556	65.54621848739495	79.03225806451613
Dialectal_normalizada	72.72727272727273	65.54621848739495	83.92857142857143