Transcripcion	Levenstein	Orden	Parcial
Estandar	51.04166666666667	69.04761904761905	69.04761904761905
Estandar_normalizada	55.55555555555556	67.06586826347305	75.9493670886076
Dialectal	48.958333333333336	67.06586826347305	67.06586826347305
Dialectal_normalizada	53.333333333333336	65.06024096385542	73.07692307692308