Transcripcion	Levenstein	Orden	Parcial
Estandar	31.57894736842105	51.39664804469274	63.76811594202898
Estandar_normalizada	33.333333333333336	51.685393258426956	62.68656716417911
Dialectal	31.818181818181824	51.685393258426956	63.76811594202898
Dialectal_normalizada	33.61344537815126	51.9774011299435	64.17910447761194