Transcripcion	Levenstein	Orden	Parcial
Estandar	42.42424242424242	49.21135646687698	58.95522388059702
Estandar_normalizada	46.36871508379888	49.523809523809526	63.035019455252915
Dialectal	42.42424242424242	49.21135646687698	58.95522388059702
Dialectal_normalizada	46.36871508379888	49.523809523809526	63.035019455252915