Transcripcion	Levenstein	Orden	Parcial
Estandar	65.71428571428571	78.94736842105263	76.47058823529412
Estandar_normalizada	69.84126984126983	78.94736842105263	80.0
Dialectal	66.66666666666667	79.64601769911505	76.47058823529412
Dialectal_normalizada	69.35483870967742	79.64601769911505	80.0