Transcripcion	Levenstein	Orden	Parcial
Estandar	21.568627450980394	33.11258278145696	36.92307692307693
Estandar_normalizada	22.10526315789474	31.999999999999996	39.175257731958766
Dialectal	20.999999999999996	33.55704697986577	37.5
Dialectal_normalizada	22.580645161290324	32.432432432432435	39.66942148760331