Transcripcion	Levenstein	Orden	Parcial
Estandar	50.0	62.68656716417911	68.75
Estandar_normalizada	57.89473684210527	62.68656716417911	70.96774193548387
Dialectal	50.0	62.68656716417911	68.75
Dialectal_normalizada	57.89473684210527	62.68656716417911	70.96774193548387