Transcripcion	Levenstein	Orden	Parcial
Estandar	33.333333333333336	50.0	48.0
Estandar_normalizada	39.28571428571429	50.0	51.06382978723405
Dialectal	33.333333333333336	50.0	48.0
Dialectal_normalizada	39.28571428571429	50.0	51.06382978723405