Transcripcion	Levenstein	Orden	Parcial
Estandar	56.73758865248226	67.63485477178423	68.38842975206612
Estandar_normalizada	61.702127659574465	66.94386694386694	73.59307359307358
Dialectal	56.96428571428571	67.5	68.80165289256198
Dialectal_normalizada	61.98830409356726	66.80584551148226	73.70689655172413