Transcripcion	Levenstein	Orden	Parcial
Estandar	40.0	52.27272727272727	52.77777777777778
Estandar_normalizada	46.0	55.172413793103445	58.82352941176471
Dialectal	40.0	52.27272727272727	52.77777777777778
Dialectal_normalizada	46.0	55.172413793103445	58.82352941176471