Transcripcion	Levenstein	Orden	Parcial
Estandar	52.17391304347826	61.76470588235294	82.53968253968253
Estandar_normalizada	55.00000000000001	61.76470588235294	85.24590163934427
Dialectal	52.17391304347826	61.76470588235294	82.53968253968253
Dialectal_normalizada	55.00000000000001	61.76470588235294	85.24590163934427