Transcripcion	Levenstein	Orden	Parcial
Estandar	22.22222222222222	36.70886075949367	36.111111111111114
Estandar_normalizada	23.33333333333333	36.94267515923567	38.84892086330935
Dialectal	20.618556701030933	37.17948717948718	37.5
Dialectal_normalizada	21.590909090909093	37.41935483870967	40.87591240875912