Transcripcion	Levenstein	Orden	Parcial
Estandar	39.39393939393939	64.15094339622642	61.53846153846154
Estandar_normalizada	51.72413793103448	64.15094339622642	69.23076923076923
Dialectal	39.39393939393939	64.15094339622642	61.53846153846154
Dialectal_normalizada	51.72413793103448	64.15094339622642	69.23076923076923