Transcripcion	Levenstein	Orden	Parcial
Estandar	60.71428571428572	94.44444444444444	80.95238095238095
Estandar_normalizada	77.27272727272727	94.44444444444444	100.0
Dialectal	60.71428571428572	94.44444444444444	80.95238095238095
Dialectal_normalizada	77.27272727272727	94.44444444444444	100.0