Transcripcion	Levenstein	Orden	Parcial
Estandar	54.794520547945204	76.47058823529412	58.82352941176471
Estandar_normalizada	64.0625	77.22772277227723	69.1358024691358
Dialectal	50.70422535211267	74.0	54.90196078431373
Dialectal_normalizada	59.67741935483871	72.72727272727273	64.44444444444444