Transcripcion	Levenstein	Orden	Parcial
Estandar	17.699115044247794	35.29411764705882	35.55555555555555
Estandar_normalizada	19.999999999999996	34.074074074074076	40.90909090909091
Dialectal	17.699115044247794	35.29411764705882	35.55555555555555
Dialectal_normalizada	19.999999999999996	34.074074074074076	40.90909090909091