Transcripcion	Levenstein	Orden	Parcial
Estandar	68.75	86.79245283018868	86.79245283018868
Estandar_normalizada	75.0	86.79245283018868	90.19607843137256
Dialectal	68.75	86.79245283018868	86.79245283018868
Dialectal_normalizada	75.0	86.79245283018868	90.19607843137256