Transcripcion	Levenstein	Orden	Parcial
Estandar	38.1578947368421	39.02439024390244	50.588235294117645
Estandar_normalizada	40.74074074074075	39.21568627450981	55.94405594405594
Dialectal	38.1578947368421	39.02439024390244	50.588235294117645
Dialectal_normalizada	40.74074074074075	39.21568627450981	55.94405594405594