Transcripcion	Levenstein	Orden	Parcial
Estandar	35.29411764705882	52.0	66.66666666666667
Estandar_normalizada	40.625	52.0	73.6842105263158
Dialectal	35.29411764705882	52.0	66.66666666666667
Dialectal_normalizada	40.625	52.0	73.6842105263158