Transcripcion	Levenstein	Orden	Parcial
Estandar	19.950124688279303	39.29273084479371	49.19093851132686
Estandar_normalizada	22.955145118733512	39.36381709741551	59.05511811023623
Dialectal	19.950124688279303	39.29273084479371	49.19093851132686
Dialectal_normalizada	22.955145118733512	39.36381709741551	59.05511811023623