Transcripcion	Levenstein	Orden	Parcial
Estandar	80.0	87.5	87.8048780487805
Estandar_normalizada	87.8048780487805	87.5	91.13924050632912
Dialectal	80.0	87.5	87.8048780487805
Dialectal_normalizada	87.8048780487805	87.5	91.13924050632912