Transcripcion	Levenstein	Orden	Parcial
Estandar	17.24137931034483	24.242424242424242	45.45454545454546
Estandar_normalizada	16.000000000000004	24.242424242424242	50.0
Dialectal	17.24137931034483	24.242424242424242	45.45454545454546
Dialectal_normalizada	16.000000000000004	24.242424242424242	50.0