Transcripcion	Levenstein	Orden	Parcial
Estandar	38.34586466165414	56.44171779141105	66.66666666666667
Estandar_normalizada	42.73504273504274	57.14285714285714	75.47169811320755
Dialectal	38.34586466165414	56.44171779141105	66.66666666666667
Dialectal_normalizada	42.73504273504274	57.14285714285714	75.47169811320755