Transcripcion	Levenstein	Orden	Parcial
Estandar	50.0	48.88888888888889	66.66666666666667
Estandar_normalizada	62.5	48.88888888888889	70.0
Dialectal	43.99999999999999	40.90909090909091	60.86956521739131
Dialectal_normalizada	56.52173913043479	40.90909090909091	65.11627906976744