Transcripcion	Levenstein	Orden	Parcial
Estandar	45.833333333333336	46.15384615384615	62.5
Estandar_normalizada	45.833333333333336	46.15384615384615	66.66666666666667
Dialectal	45.833333333333336	46.15384615384615	62.5
Dialectal_normalizada	45.833333333333336	46.15384615384615	66.66666666666667