Transcripcion	Levenstein	Orden	Parcial
Estandar	31.57894736842105	57.14285714285714	48.78048780487805
Estandar_normalizada	39.28571428571429	57.14285714285714	53.06122448979591
Dialectal	29.729729729729726	58.33333333333333	48.0
Dialectal_normalizada	40.74074074074075	58.33333333333333	54.16666666666667