Transcripcion	Levenstein	Orden	Parcial
Estandar	61.36363636363637	72.27722772277228	63.212435233160626
Estandar_normalizada	67.24137931034483	72.27722772277228	69.89247311827957
Dialectal	61.36363636363637	72.27722772277228	63.212435233160626
Dialectal_normalizada	67.24137931034483	72.27722772277228	69.89247311827957