Transcripcion	Levenstein	Orden	Parcial
Estandar	53.548387096774185	64.0926640926641	69.38775510204081
Estandar_normalizada	57.04225352112676	64.34108527131784	72.96137339055794
Dialectal	53.548387096774185	64.0926640926641	69.38775510204081
Dialectal_normalizada	57.04225352112676	64.34108527131784	72.96137339055794