Transcripcion	Levenstein	Orden	Parcial
Estandar	21.100917431192656	42.93785310734464	38.8235294117647
Estandar_normalizada	22.916666666666664	42.04545454545454	41.05960264900662
Dialectal	21.100917431192656	42.93785310734464	38.8235294117647
Dialectal_normalizada	22.916666666666664	42.04545454545454	41.05960264900662