Transcripcion	Levenstein	Orden	Parcial
Estandar	52.83018867924528	66.39344262295081	73.63636363636363
Estandar_normalizada	57.931034482758626	65.84362139917695	74.54545454545455
Dialectal	52.83018867924528	66.39344262295081	73.63636363636363
Dialectal_normalizada	57.931034482758626	65.84362139917695	74.54545454545455