Transcripcion	Levenstein	Orden	Parcial
Estandar	40.816326530612244	55.696202531645575	63.1578947368421
Estandar_normalizada	46.666666666666664	55.696202531645575	66.66666666666667
Dialectal	40.42553191489362	57.14285714285714	60.526315789473685
Dialectal_normalizada	46.51162790697675	57.14285714285714	63.888888888888886