Transcripcion	Levenstein	Orden	Parcial
Estandar	30.000000000000004	42.25352112676056	49.18032786885246
Estandar_normalizada	33.333333333333336	42.25352112676056	54.54545454545454
Dialectal	30.000000000000004	42.25352112676056	49.18032786885246
Dialectal_normalizada	33.333333333333336	42.25352112676056	54.54545454545454