Transcripcion	Levenstein	Orden	Parcial
Estandar	53.75722543352601	69.06976744186046	62.11512717536814
Estandar_normalizada	59.20502092050209	68.84480746791132	67.99007444168734
Dialectal	53.606237816764136	69.3208430913349	61.725067385444746
Dialectal_normalizada	59.11016949152542	69.09518213866039	68.23821339950372