Transcripcion	Levenstein	Orden	Parcial
Estandar	55.1219512195122	69.53846153846153	64.05228758169935
Estandar_normalizada	60.215053763440864	69.75308641975309	69.5364238410596
Dialectal	55.1219512195122	69.53846153846153	64.05228758169935
Dialectal_normalizada	60.215053763440864	69.75308641975309	69.5364238410596