Transcripcion	Levenstein	Orden	Parcial
Estandar	6.25	11.111111111111116	19.999999999999996
Estandar_normalizada	7.14285714285714	11.111111111111116	22.22222222222222
Dialectal	6.25	11.111111111111116	19.999999999999996
Dialectal_normalizada	7.14285714285714	11.111111111111116	22.22222222222222