Transcripcion	Levenstein	Orden	Parcial
Estandar	29.457364341085267	47.74193548387097	67.27272727272727
Estandar_normalizada	33.02752293577982	49.006622516556284	72.54901960784314
Dialectal	27.34375	45.45454545454546	63.63636363636363
Dialectal_normalizada	30.555555555555557	46.666666666666664	70.58823529411764