Transcripcion	Levenstein	Orden	Parcial
Estandar	62.24328593996841	76.95390781563127	66.94736842105263
Estandar_normalizada	69.23076923076923	77.03109327983952	73.31887201735358
Dialectal	61.94267515923566	76.73716012084593	66.73684210526316
Dialectal_normalizada	68.95943562610229	76.81451612903226	73.10195227765726