Transcripcion	Levenstein	Orden	Parcial
Estandar	19.047619047619047	25.0	33.333333333333336
Estandar_normalizada	23.529411764705888	25.0	33.333333333333336
Dialectal	19.047619047619047	25.0	33.333333333333336
Dialectal_normalizada	23.529411764705888	25.0	33.333333333333336