Transcripcion	Levenstein	Orden	Parcial
Estandar	61.137440758293835	77.84552845528455	67.88617886178862
Estandar_normalizada	68.5251798561151	79.95910020449898	76.38297872340425
Dialectal	61.137440758293835	78.04878048780488	68.29268292682926
Dialectal_normalizada	68.5251798561151	80.16359918200409	76.59574468085107