Transcripcion	Levenstein	Orden	Parcial
Estandar	40.625	58.82352941176471	70.58823529411764
Estandar_normalizada	43.47826086956522	60.60606060606061	76.92307692307692
Dialectal	40.625	58.82352941176471	70.58823529411764
Dialectal_normalizada	43.47826086956522	60.60606060606061	76.92307692307692