Transcripcion	Levenstein	Orden	Parcial
Estandar	75.0	90.66666666666666	76.92307692307692
Estandar_normalizada	80.95238095238095	90.66666666666666	83.33333333333334
Dialectal	75.0	90.66666666666666	76.92307692307692
Dialectal_normalizada	80.95238095238095	90.66666666666666	83.33333333333334