Transcripcion	Levenstein	Orden	Parcial
Estandar	5.000000000000004	15.384615384615385	21.052631578947366
Estandar_normalizada	11.111111111111116	15.384615384615385	26.66666666666667
Dialectal	5.000000000000004	15.384615384615385	21.052631578947366
Dialectal_normalizada	11.111111111111116	15.384615384615385	26.66666666666667