Transcripcion	Levenstein	Orden	Parcial
Estandar	27.027027027027028	48.88888888888889	43.47826086956522
Estandar_normalizada	34.61538461538461	48.88888888888889	56.52173913043479
Dialectal	27.027027027027028	48.88888888888889	43.47826086956522
Dialectal_normalizada	34.61538461538461	48.88888888888889	56.52173913043479