Transcripcion	Levenstein	Orden	Parcial
Estandar	46.09375	66.66666666666667	53.57142857142857
Estandar_normalizada	53.46534653465347	67.12328767123287	60.3448275862069
Dialectal	46.09375	66.66666666666667	53.57142857142857
Dialectal_normalizada	53.46534653465347	67.12328767123287	60.3448275862069