Transcripcion	Levenstein	Orden	Parcial
Estandar	22.22222222222222	26.66666666666667	45.45454545454546
Estandar_normalizada	30.000000000000004	27.586206896551722	45.45454545454546
Dialectal	22.22222222222222	26.66666666666667	45.45454545454546
Dialectal_normalizada	30.000000000000004	27.586206896551722	45.45454545454546