Transcripcion	Levenstein	Orden	Parcial
Estandar	7.692307692307687	30.76923076923077	19.999999999999996
Estandar_normalizada	11.111111111111116	30.76923076923077	28.57142857142857
Dialectal	7.692307692307687	30.76923076923077	19.999999999999996
Dialectal_normalizada	11.111111111111116	30.76923076923077	28.57142857142857