Transcripcion	Levenstein	Orden	Parcial
Estandar	61.859356376638864	78.57142857142857	67.3913043478261
Estandar_normalizada	69.66442953020135	78.77862595419846	74.83974358974359
Dialectal	62.30677764565993	78.90743550834598	67.85714285714286
Dialectal_normalizada	70.01338688085677	79.11585365853658	75.32051282051282