Transcripcion	Levenstein	Orden	Parcial
Estandar	23.076923076923073	39.34426229508197	36.36363636363637
Estandar_normalizada	25.0	39.34426229508197	42.85714285714286
Dialectal	23.076923076923073	39.34426229508197	36.36363636363637
Dialectal_normalizada	25.0	39.34426229508197	42.85714285714286