Transcripcion	Levenstein	Orden	Parcial
Estandar	44.047619047619044	69.56521739130434	90.9090909090909
Estandar_normalizada	54.794520547945204	70.79646017699115	98.79518072289156
Dialectal	44.047619047619044	69.56521739130434	90.9090909090909
Dialectal_normalizada	54.794520547945204	70.79646017699115	98.79518072289156