Transcripcion	Levenstein	Orden	Parcial
Estandar	0.0	31.57894736842105	35.29411764705882
Estandar_normalizada	9.090909090909093	31.57894736842105	35.29411764705882
Dialectal	0.0	31.57894736842105	35.29411764705882
Dialectal_normalizada	9.090909090909093	31.57894736842105	35.29411764705882