Transcripcion	Levenstein	Orden	Parcial
Estandar	73.95659432387312	86.83693516699411	77.32558139534885
Estandar_normalizada	81.83486238532109	86.83693516699411	84.93975903614458
Dialectal	74.08026755852843	86.92232055063913	77.51937984496125
Dialectal_normalizada	81.98529411764706	86.92232055063913	85.14056224899599