Transcripcion	Levenstein	Orden	Parcial
Estandar	16.666666666666664	25.531914893617024	31.57894736842105
Estandar_normalizada	15.625	25.531914893617024	36.36363636363637
Dialectal	17.14285714285714	26.086956521739136	31.57894736842105
Dialectal_normalizada	16.129032258064512	26.086956521739136	36.36363636363637