Transcripcion	Levenstein	Orden	Parcial
Estandar	52.23880597014925	77.64705882352942	64.1025641025641
Estandar_normalizada	69.23076923076923	78.57142857142857	77.14285714285715
Dialectal	52.23880597014925	77.64705882352942	64.1025641025641
Dialectal_normalizada	69.23076923076923	78.57142857142857	77.14285714285715