Transcripcion	Levenstein	Orden	Parcial
Estandar	35.71428571428571	53.191489361702125	55.319148936170215
Estandar_normalizada	35.59322033898306	53.76344086021505	58.13953488372092
Dialectal	35.71428571428571	53.191489361702125	55.319148936170215
Dialectal_normalizada	35.59322033898306	53.76344086021505	58.13953488372092