Transcripcion	Levenstein	Orden	Parcial
Estandar	24.0	32.25806451612904	41.379310344827594
Estandar_normalizada	26.315789473684216	32.25806451612904	44.44444444444444
Dialectal	24.0	32.25806451612904	41.379310344827594
Dialectal_normalizada	26.315789473684216	32.25806451612904	44.44444444444444