Transcripcion	Levenstein	Orden	Parcial
Estandar	38.63636363636363	76.59574468085107	84.21052631578947
Estandar_normalizada	56.25	76.59574468085107	89.47368421052632
Dialectal	38.63636363636363	76.59574468085107	84.21052631578947
Dialectal_normalizada	56.25	76.59574468085107	89.47368421052632