Transcripcion	Levenstein	Orden	Parcial
Estandar	20.618556701030933	36.065573770491795	36.61971830985915
Estandar_normalizada	22.891566265060238	36.66666666666667	40.0
Dialectal	20.618556701030933	36.065573770491795	36.61971830985915
Dialectal_normalizada	22.891566265060238	36.66666666666667	40.0