Transcripcion	Levenstein	Orden	Parcial
Estandar	48.21428571428571	68.5185185185185	65.92178770949721
Estandar_normalizada	55.319148936170215	69.1588785046729	69.04761904761905
Dialectal	48.21428571428571	68.5185185185185	65.92178770949721
Dialectal_normalizada	55.319148936170215	69.1588785046729	69.04761904761905