Transcripcion	Levenstein	Orden	Parcial
Estandar	60.35502958579882	80.42328042328042	62.653898768809846
Estandar_normalizada	67.71300448430493	80.85106382978724	69.82758620689656
Dialectal	60.35502958579882	80.42328042328042	62.653898768809846
Dialectal_normalizada	67.71300448430493	80.85106382978724	69.82758620689656