Transcripcion	Levenstein	Orden	Parcial
Estandar	62.66233766233766	71.29455909943715	73.13432835820896
Estandar_normalizada	69.25795053003534	70.67669172932331	78.07692307692308
Dialectal	62.45954692556634	71.16104868913857	73.13432835820896
Dialectal_normalizada	69.01408450704226	70.54409005628519	78.07692307692308