Transcripcion	Levenstein	Orden	Parcial
Estandar	21.052631578947366	37.2093023255814	40.0
Estandar_normalizada	25.0	37.2093023255814	43.47826086956522
Dialectal	21.052631578947366	37.2093023255814	40.0
Dialectal_normalizada	25.0	37.2093023255814	43.47826086956522