Transcripcion	Levenstein	Orden	Parcial
Estandar	63.05084745762712	85.64867967853043	75.5050505050505
Estandar_normalizada	71.26436781609196	86.37413394919169	81.28205128205128
Dialectal	63.05084745762712	85.64867967853043	75.5050505050505
Dialectal_normalizada	71.26436781609196	86.37413394919169	81.28205128205128