Transcripcion	Levenstein	Orden	Parcial
Estandar	65.66901408450705	73.06434023991277	73.55555555555556
Estandar_normalizada	72.4609375	72.78688524590164	79.17146144994246
Dialectal	65.78483245149911	72.92576419213974	73.55555555555556
Dialectal_normalizada	72.6027397260274	72.64770240700219	79.17146144994246