Transcripcion	Levenstein	Orden	Parcial
Estandar	58.666666666666664	69.35483870967742	72.4867724867725
Estandar_normalizada	66.50246305418719	69.54177897574124	78.57142857142857
Dialectal	58.4070796460177	67.02412868632707	72.4867724867725
Dialectal_normalizada	66.17647058823529	67.20430107526883	78.02197802197803