Transcripcion	Levenstein	Orden	Parcial
Estandar	23.076923076923073	35.483870967741936	37.03703703703704
Estandar_normalizada	26.315789473684216	35.483870967741936	45.833333333333336
Dialectal	23.076923076923073	35.483870967741936	37.03703703703704
Dialectal_normalizada	26.315789473684216	35.483870967741936	45.833333333333336