Transcripcion	Levenstein	Orden	Parcial
Estandar	55.81787521079258	69.90825688073394	69.56521739130434
Estandar_normalizada	60.03552397868561	69.42909760589319	73.32089552238806
Dialectal	55.98650927487352	70.27522935779817	69.56521739130434
Dialectal_normalizada	60.213143872113676	69.61325966850829	73.32089552238806