Transcripcion	Levenstein	Orden	Parcial
Estandar	70.54263565891472	76.63551401869158	75.96153846153845
Estandar_normalizada	76.92307692307692	76.63551401869158	81.37254901960785
Dialectal	70.54263565891472	76.63551401869158	75.96153846153845
Dialectal_normalizada	76.92307692307692	76.63551401869158	81.37254901960785