Transcripcion	Levenstein	Orden	Parcial
Estandar	8.333333333333337	11.764705882352944	11.764705882352944
Estandar_normalizada	8.333333333333337	11.764705882352944	15.384615384615385
Dialectal	8.333333333333337	11.764705882352944	11.764705882352944
Dialectal_normalizada	8.333333333333337	11.764705882352944	15.384615384615385