Transcripcion	Levenstein	Orden	Parcial
Estandar	73.91304347826086	83.33333333333334	80.73394495412845
Estandar_normalizada	80.0	83.33333333333334	87.5
Dialectal	73.91304347826086	83.33333333333334	80.73394495412845
Dialectal_normalizada	80.0	83.33333333333334	87.5