Transcripcion	Levenstein	Orden	Parcial
Estandar	20.68965517241379	38.0	42.22222222222223
Estandar_normalizada	24.13793103448276	38.0	46.51162790697675
Dialectal	20.68965517241379	38.0	42.22222222222223
Dialectal_normalizada	24.13793103448276	38.0	46.51162790697675