Transcripcion	Levenstein	Orden	Parcial
Estandar	3.57142857142857	19.047619047619047	33.333333333333336
Estandar_normalizada	9.090909090909093	19.047619047619047	50.0
Dialectal	3.57142857142857	19.047619047619047	33.333333333333336
Dialectal_normalizada	9.090909090909093	19.047619047619047	50.0