Transcripcion	Levenstein	Orden	Parcial
Estandar	70.78260869565217	78.92204042348412	79.89031078610603
Estandar_normalizada	74.90636704119851	78.9980732177264	83.41323106423776
Dialectal	71.602787456446	78.9980732177264	80.80438756855575
Dialectal_normalizada	75.79737335834898	79.07425265188043	84.26103646833013