Transcripcion	Levenstein	Orden	Parcial
Estandar	63.63636363636363	85.71428571428572	80.0
Estandar_normalizada	68.42105263157895	85.71428571428572	82.35294117647058
Dialectal	63.63636363636363	85.71428571428572	80.0
Dialectal_normalizada	68.42105263157895	85.71428571428572	82.35294117647058