Transcripcion	Levenstein	Orden	Parcial
Estandar	90.58823529411765	96.44012944983818	92.54658385093167
Estandar_normalizada	95.625	96.44012944983818	96.1038961038961
Dialectal	90.58823529411765	96.44012944983818	92.54658385093167
Dialectal_normalizada	95.625	96.44012944983818	96.1038961038961