Transcripcion	Levenstein	Orden	Parcial
Estandar	71.1864406779661	92.13483146067416	80.0
Estandar_normalizada	78.43137254901961	92.13483146067416	83.54430379746836
Dialectal	71.1864406779661	92.13483146067416	80.0
Dialectal_normalizada	78.43137254901961	92.13483146067416	83.54430379746836