Transcripcion	Levenstein	Orden	Parcial
Estandar	72.05882352941177	81.23249299719888	77.29729729729729
Estandar_normalizada	78.01047120418848	81.69014084507043	84.02366863905326
Dialectal	71.9387755102041	83.66762177650429	80.0
Dialectal_normalizada	77.59562841530054	84.14985590778097	86.20689655172413