Transcripcion	Levenstein	Orden	Parcial
Estandar	10.280373831775702	19.17808219178082	38.46153846153846
Estandar_normalizada	13.095238095238093	20.588235294117652	54.54545454545454
Dialectal	10.280373831775702	19.17808219178082	38.46153846153846
Dialectal_normalizada	13.095238095238093	20.588235294117652	54.54545454545454