Transcripcion	Levenstein	Orden	Parcial
Estandar	50.0	66.66666666666667	61.53846153846154
Estandar_normalizada	33.333333333333336	66.66666666666667	66.66666666666667
Dialectal	50.0	66.66666666666667	61.53846153846154
Dialectal_normalizada	33.333333333333336	66.66666666666667	66.66666666666667