Transcripcion	Levenstein	Orden	Parcial
Estandar	57.14285714285714	82.92682926829268	68.08510638297872
Estandar_normalizada	67.32673267326732	82.92682926829268	76.5625
Dialectal	57.14285714285714	82.92682926829268	68.08510638297872
Dialectal_normalizada	67.32673267326732	82.92682926829268	76.5625