Transcripcion	Levenstein	Orden	Parcial
Estandar	67.41214057507987	85.9776168531929	74.53580901856765
Estandar_normalizada	73.95957193816885	85.86525759577279	80.85399449035813
Dialectal	67.19914802981896	85.84595128373931	74.53580901856765
Dialectal_normalizada	73.7217598097503	85.7331571994716	80.85399449035813