Transcripcion	Levenstein	Orden	Parcial
Estandar	67.63848396501457	87.64044943820225	78.88372093023256
Estandar_normalizada	76.97368421052632	87.6763875823142	85.43111992071357
Dialectal	67.24890829694323	87.37137511693172	78.84972170686456
Dialectal_normalizada	76.51888341543514	87.40601503759399	85.26211671612265