Transcripcion	Levenstein	Orden	Parcial
Estandar	66.20178041543026	85.03401360544218	71.37476459510358
Estandar_normalizada	75.17682721455036	85.10879848628193	78.88493475682088
Dialectal	66.16900567333532	84.84158603680515	71.63841807909604
Dialectal_normalizada	75.2035278154681	84.95440729483282	79.12218268090155