Transcripcion	Levenstein	Orden	Parcial
Estandar	53.764705882352935	73.01066447908123	60.070052539404564
Estandar_normalizada	62.55088195386702	73.73653686826843	67.76556776556777
Dialectal	53.71900826446281	73.02631578947368	60.070052539404564
Dialectal_normalizada	62.5340599455041	73.75415282392026	68.13186813186813