Transcripcion	Levenstein	Orden	Parcial
Estandar	32.72727272727273	51.162790697674424	49.382716049382715
Estandar_normalizada	34.04255319148937	51.162790697674424	51.35135135135135
Dialectal	32.72727272727273	51.162790697674424	49.382716049382715
Dialectal_normalizada	34.04255319148937	51.162790697674424	51.35135135135135