Transcripcion	Levenstein	Orden	Parcial
Estandar	37.03703703703704	57.14285714285714	68.96551724137932
Estandar_normalizada	42.10526315789473	57.14285714285714	72.72727272727273
Dialectal	37.03703703703704	57.14285714285714	68.96551724137932
Dialectal_normalizada	42.10526315789473	57.14285714285714	72.72727272727273