Transcripcion	Levenstein	Orden	Parcial
Estandar	39.5	61.29032258064516	85.88235294117648
Estandar_normalizada	44.134078212290504	61.78861788617886	86.90476190476191
Dialectal	39.69849246231156	61.53846153846154	85.88235294117648
Dialectal_normalizada	44.38202247191011	62.04081632653061	88.09523809523809