Transcripcion	Levenstein	Orden	Parcial
Estandar	1.8181818181818188	4.651162790697672	100.0
Estandar_normalizada	2.1739130434782594	4.651162790697672	100.0
Dialectal	1.834862385321101	4.705882352941182	100.0
Dialectal_normalizada	2.197802197802201	4.705882352941182	100.0