Transcripcion	Levenstein	Orden	Parcial
Estandar	18.666666666666664	36.26373626373627	36.14457831325302
Estandar_normalizada	20.63492063492064	36.66666666666667	41.83006535947712
Dialectal	18.791946308724828	36.46408839779005	36.14457831325302
Dialectal_normalizada	20.799999999999997	36.871508379888276	40.789473684210535