Transcripcion	Levenstein	Orden	Parcial
Estandar	29.729729729729726	52.542372881355924	51.35135135135135
Estandar_normalizada	36.66666666666667	53.91304347826087	54.054054054054056
Dialectal	29.729729729729726	52.542372881355924	51.35135135135135
Dialectal_normalizada	36.66666666666667	53.91304347826087	54.054054054054056