Transcripcion	Levenstein	Orden	Parcial
Estandar	10.526315789473683	35.71428571428571	30.000000000000004
Estandar_normalizada	13.157894736842103	35.71428571428571	40.0
Dialectal	10.526315789473683	35.71428571428571	30.000000000000004
Dialectal_normalizada	13.157894736842103	35.71428571428571	40.0