Transcripcion	Levenstein	Orden	Parcial
Estandar	33.333333333333336	44.44444444444444	58.33333333333333
Estandar_normalizada	45.45454545454546	44.44444444444444	58.82352941176471
Dialectal	33.333333333333336	44.44444444444444	58.33333333333333
Dialectal_normalizada	45.45454545454546	44.44444444444444	58.82352941176471