Transcripcion	Levenstein	Orden	Parcial
Estandar	68.25980392156863	85.041761579347	77.3172569706104
Estandar_normalizada	76.27586206896552	84.86692015209125	83.49056603773585
Dialectal	68.34975369458128	84.99619192688499	77.74436090225564
Dialectal_normalizada	76.42163661581137	84.82074752097634	83.68794326241135