Transcripcion	Levenstein	Orden	Parcial
Estandar	13.492063492063489	29.90654205607477	88.23529411764706
Estandar_normalizada	15.094339622641506	30.476190476190478	100.0
Dialectal	13.492063492063489	29.90654205607477	88.23529411764706
Dialectal_normalizada	15.094339622641506	30.476190476190478	100.0