Transcripcion	Levenstein	Orden	Parcial
Estandar	52.32558139534884	73.01587301587303	69.56521739130434
Estandar_normalizada	67.12328767123287	75.2	78.57142857142857
Dialectal	52.32558139534884	73.01587301587303	69.56521739130434
Dialectal_normalizada	67.12328767123287	75.2	78.57142857142857