Transcripcion	Levenstein	Orden	Parcial
Estandar	62.72609819121446	79.60582690659812	70.17387427552386
Estandar_normalizada	69.81684981684981	79.72449418854929	76.55813953488372
Dialectal	62.653721682847895	79.19347919347919	70.14260249554367
Dialectal_normalizada	69.7503671071953	79.3103448275862	76.50069799906933