Transcripcion	Levenstein	Orden	Parcial
Estandar	75.0	88.0	82.35294117647058
Estandar_normalizada	80.76923076923077	88.0	88.0
Dialectal	75.0	88.0	82.35294117647058
Dialectal_normalizada	80.76923076923077	88.0	88.0