Transcripcion	Levenstein	Orden	Parcial
Estandar	74.1444866920152	88.16705336426914	81.0126582278481
Estandar_normalizada	79.9163179916318	89.04428904428904	83.68421052631578
Dialectal	74.1444866920152	88.16705336426914	81.0126582278481
Dialectal_normalizada	79.9163179916318	89.04428904428904	83.68421052631578