Transcripcion	Levenstein	Orden	Parcial
Estandar	42.85714285714286	71.05263157894737	87.5
Estandar_normalizada	53.84615384615385	72.0	90.625
Dialectal	42.85714285714286	71.05263157894737	87.5
Dialectal_normalizada	53.84615384615385	72.0	90.625