Transcripcion	Levenstein	Orden	Parcial
Estandar	59.58230958230959	74.9805144193297	75.04132231404958
Estandar_normalizada	66.98630136986301	75.52775605942142	81.32231404958678
Dialectal	59.50920245398773	74.61059190031153	74.87603305785125
Dialectal_normalizada	66.89466484268125	75.15625	81.32231404958678