Transcripcion	Levenstein	Orden	Parcial
Estandar	61.80555555555556	75.0	70.0
Estandar_normalizada	70.39999999999999	75.34883720930232	76.28865979381443
Dialectal	61.80555555555556	75.0	70.0
Dialectal_normalizada	70.39999999999999	75.34883720930232	76.28865979381443