Transcripcion	Levenstein	Orden	Parcial
Estandar	61.29032258064516	90.9090909090909	69.0909090909091
Estandar_normalizada	80.0	90.9090909090909	86.36363636363636
Dialectal	61.29032258064516	90.9090909090909	69.0909090909091
Dialectal_normalizada	80.0	90.9090909090909	86.36363636363636