Transcripcion	Levenstein	Orden	Parcial
Estandar	54.379562043795616	76.23762376237624	65.34653465346535
Estandar_normalizada	62.869198312236286	77.61194029850746	71.57894736842105
Dialectal	54.379562043795616	76.23762376237624	65.34653465346535
Dialectal_normalizada	62.869198312236286	77.61194029850746	71.57894736842105