Transcripcion	Levenstein	Orden	Parcial
Estandar	56.81818181818181	80.0	71.05263157894737
Estandar_normalizada	70.58823529411764	80.0	80.64516129032258
Dialectal	56.81818181818181	80.0	71.05263157894737
Dialectal_normalizada	70.58823529411764	80.0	80.64516129032258