Transcripcion	Levenstein	Orden	Parcial
Estandar	59.732824427480914	76.85076380728555	67.4364896073903
Estandar_normalizada	66.88034188034189	77.44982290436836	74.4578313253012
Dialectal	59.57854406130267	76.56065959952886	67.4364896073903
Dialectal_normalizada	66.7381974248927	76.68639053254438	74.69879518072288