Transcripcion	Levenstein	Orden	Parcial
Estandar	29.729729729729726	53.06122448979591	57.14285714285714
Estandar_normalizada	29.629629629629626	53.06122448979591	63.829787234042556
Dialectal	29.729729729729726	53.06122448979591	57.14285714285714
Dialectal_normalizada	29.629629629629626	53.06122448979591	63.829787234042556