Transcripcion	Levenstein	Orden	Parcial
Estandar	15.75091575091575	30.069930069930074	74.0
Estandar_normalizada	16.000000000000004	30.281690140845075	74.46808510638299
Dialectal	15.073529411764708	29.47368421052632	70.0
Dialectal_normalizada	15.261044176706829	29.681978798586574	74.46808510638299