Transcripcion	Levenstein	Orden	Parcial
Estandar	59.375	51.72413793103448	67.9245283018868
Estandar_normalizada	63.33333333333333	51.72413793103448	72.41379310344827
Dialectal	59.375	51.72413793103448	67.9245283018868
Dialectal_normalizada	63.33333333333333	51.72413793103448	72.41379310344827