Transcripcion	Levenstein	Orden	Parcial
Estandar	50.0	74.07407407407408	63.63636363636363
Estandar_normalizada	62.745098039215684	74.07407407407408	73.6842105263158
Dialectal	50.0	74.07407407407408	63.63636363636363
Dialectal_normalizada	62.745098039215684	74.07407407407408	73.6842105263158