Transcripcion	Levenstein	Orden	Parcial
Estandar	75.32467532467533	84.97409326424871	80.73878627968338
Estandar_normalizada	79.34272300469483	84.97409326424871	84.26966292134833
Dialectal	75.32467532467533	84.97409326424871	80.73878627968338
Dialectal_normalizada	79.34272300469483	84.97409326424871	84.26966292134833