Transcripcion	Levenstein	Orden	Parcial
Estandar	45.378151260504204	56.43564356435644	58.09523809523809
Estandar_normalizada	50.0	56.43564356435644	63.725490196078425
Dialectal	45.378151260504204	56.43564356435644	58.09523809523809
Dialectal_normalizada	50.0	56.43564356435644	63.725490196078425