Transcripcion	Levenstein	Orden	Parcial
Estandar	5.263157894736848	12.244897959183676	33.333333333333336
Estandar_normalizada	4.081632653061229	12.244897959183676	40.0
Dialectal	5.263157894736848	12.244897959183676	33.333333333333336
Dialectal_normalizada	4.081632653061229	12.244897959183676	40.0