Transcripcion	Levenstein	Orden	Parcial
Estandar	68.75	83.49514563106796	75.47169811320755
Estandar_normalizada	76.78571428571428	83.49514563106796	85.14851485148515
Dialectal	68.75	83.49514563106796	75.47169811320755
Dialectal_normalizada	76.78571428571428	83.49514563106796	85.14851485148515