Transcripcion	Levenstein	Orden	Parcial
Estandar	7.8947368421052655	28.57142857142857	28.57142857142857
Estandar_normalizada	13.33333333333333	28.57142857142857	40.0
Dialectal	7.8947368421052655	28.57142857142857	28.57142857142857
Dialectal_normalizada	13.33333333333333	28.57142857142857	40.0