Transcripcion	Levenstein	Orden	Parcial
Estandar	28.125	47.55244755244755	45.87155963302752
Estandar_normalizada	32.38095238095238	49.64539007092199	49.056603773584904
Dialectal	28.125	47.55244755244755	45.87155963302752
Dialectal_normalizada	32.38095238095238	49.64539007092199	49.056603773584904