Transcripcion	Levenstein	Orden	Parcial
Estandar	22.857142857142854	39.63963963963963	42.22222222222223
Estandar_normalizada	26.984126984126988	39.63963963963963	45.45454545454546
Dialectal	22.857142857142854	39.63963963963963	42.22222222222223
Dialectal_normalizada	26.984126984126988	39.63963963963963	45.45454545454546