Transcripcion	Levenstein	Orden	Parcial
Estandar	51.93798449612403	69.80392156862744	58.011049723756905
Estandar_normalizada	58.31485587583148	69.73684210526316	64.26512968299711
Dialectal	51.93798449612403	69.80392156862744	58.011049723756905
Dialectal_normalizada	58.31485587583148	69.73684210526316	64.26512968299711