Transcripcion	Levenstein	Orden	Parcial
Estandar	48.64532019704434	73.38371116708649	59.96533795493934
Estandar_normalizada	57.10227272727273	72.69653423499578	67.75956284153006
Dialectal	48.64532019704434	73.55163727959697	59.96533795493934
Dialectal_normalizada	57.10227272727273	73.03465765004226	67.75956284153006