Transcripcion	Levenstein	Orden	Parcial
Estandar	74.07407407407408	100.0	85.0
Estandar_normalizada	85.71428571428572	100.0	94.44444444444444
Dialectal	74.07407407407408	100.0	85.0
Dialectal_normalizada	85.71428571428572	100.0	94.44444444444444