Transcripcion	Levenstein	Orden	Parcial
Estandar	13.33333333333333	29.629629629629626	46.15384615384615
Estandar_normalizada	26.66666666666667	29.629629629629626	48.0
Dialectal	13.33333333333333	29.629629629629626	46.15384615384615
Dialectal_normalizada	26.66666666666667	29.629629629629626	48.0