Transcripcion	Levenstein	Orden	Parcial
Estandar	20.45454545454546	38.095238095238095	37.17948717948718
Estandar_normalizada	23.584905660377352	40.243902439024396	42.553191489361694
Dialectal	20.45454545454546	38.095238095238095	37.17948717948718
Dialectal_normalizada	23.584905660377352	40.243902439024396	42.553191489361694