Transcripcion	Levenstein	Orden	Parcial
Estandar	21.153846153846157	35.08771929824561	34.61538461538461
Estandar_normalizada	22.499999999999996	35.71428571428571	43.99999999999999
Dialectal	21.153846153846157	35.08771929824561	34.61538461538461
Dialectal_normalizada	22.499999999999996	35.71428571428571	43.99999999999999