Transcripcion	Levenstein	Orden	Parcial
Estandar	64.0	79.70297029702971	75.72815533980582
Estandar_normalizada	70.4035874439462	79.90074441687345	82.07792207792208
Dialectal	62.34817813765182	78.80299251870323	74.81662591687042
Dialectal_normalizada	68.63636363636363	79.0	81.15183246073299