Transcripcion	Levenstein	Orden	Parcial
Estandar	16.000000000000004	22.857142857142854	45.16129032258065
Estandar_normalizada	14.28571428571429	22.857142857142854	48.275862068965516
Dialectal	16.000000000000004	22.857142857142854	45.16129032258065
Dialectal_normalizada	14.28571428571429	22.857142857142854	48.275862068965516