Transcripcion	Levenstein	Orden	Parcial
Estandar	52.27272727272727	80.70175438596492	84.0
Estandar_normalizada	63.888888888888886	80.70175438596492	89.36170212765957
Dialectal	52.27272727272727	80.70175438596492	84.0
Dialectal_normalizada	63.888888888888886	80.70175438596492	89.36170212765957