Transcripcion	Levenstein	Orden	Parcial
Estandar	67.27272727272727	86.99763593380615	73.30097087378641
Estandar_normalizada	76.56903765690377	87.20379146919431	83.16831683168317
Dialectal	67.27272727272727	86.99763593380615	73.30097087378641
Dialectal_normalizada	76.56903765690377	87.20379146919431	83.16831683168317