Transcripcion	Levenstein	Orden	Parcial
Estandar	50.617283950617285	71.7948717948718	59.64912280701755
Estandar_normalizada	62.68656716417911	71.7948717948718	75.0
Dialectal	50.617283950617285	71.7948717948718	59.64912280701755
Dialectal_normalizada	62.68656716417911	71.7948717948718	75.0