Transcripcion	Levenstein	Orden	Parcial
Estandar	61.702127659574465	70.27027027027026	78.04878048780488
Estandar_normalizada	66.66666666666667	70.27027027027026	80.55555555555556
Dialectal	61.702127659574465	70.27027027027026	78.04878048780488
Dialectal_normalizada	66.66666666666667	70.27027027027026	80.55555555555556