Transcripcion	Levenstein	Orden	Parcial
Estandar	36.065573770491795	63.888888888888886	74.19354838709677
Estandar_normalizada	44.680851063829785	63.888888888888886	77.41935483870968
Dialectal	36.065573770491795	63.888888888888886	74.19354838709677
Dialectal_normalizada	44.680851063829785	63.888888888888886	77.41935483870968