Transcripcion	Levenstein	Orden	Parcial
Estandar	33.333333333333336	85.71428571428572	71.42857142857143
Estandar_normalizada	62.5	85.71428571428572	92.3076923076923
Dialectal	33.333333333333336	85.71428571428572	71.42857142857143
Dialectal_normalizada	62.5	85.71428571428572	92.3076923076923