Transcripcion	Levenstein	Orden	Parcial
Estandar	67.9245283018868	80.0	80.0
Estandar_normalizada	78.72340425531915	80.0	88.60759493670886
Dialectal	67.9245283018868	80.0	80.0
Dialectal_normalizada	78.72340425531915	80.0	88.60759493670886