Transcripcion	Levenstein	Orden	Parcial
Estandar	43.518518518518526	69.6969696969697	84.21052631578947
Estandar_normalizada	54.02298850574713	69.23076923076923	88.88888888888889
Dialectal	43.518518518518526	69.6969696969697	84.21052631578947
Dialectal_normalizada	54.02298850574713	69.23076923076923	88.88888888888889