Transcripcion	Levenstein	Orden	Parcial
Estandar	19.999999999999996	34.285714285714285	42.85714285714286
Estandar_normalizada	28.57142857142857	35.29411764705882	53.84615384615385
Dialectal	19.999999999999996	34.285714285714285	42.85714285714286
Dialectal_normalizada	28.57142857142857	35.29411764705882	53.84615384615385