Transcripcion	Levenstein	Orden	Parcial
Estandar	0.0	15.384615384615385	18.181818181818176
Estandar_normalizada	0.0	16.666666666666664	28.57142857142857
Dialectal	0.0	15.384615384615385	18.181818181818176
Dialectal_normalizada	0.0	16.666666666666664	28.57142857142857