Transcripcion	Levenstein	Orden	Parcial
Estandar	64.44444444444444	66.66666666666667	85.29411764705883
Estandar_normalizada	68.29268292682926	66.66666666666667	87.87878787878788
Dialectal	64.44444444444444	66.66666666666667	85.29411764705883
Dialectal_normalizada	68.29268292682926	66.66666666666667	87.87878787878788