Transcripcion	Levenstein	Orden	Parcial
Estandar	48.38709677419355	64.70588235294117	72.22222222222221
Estandar_normalizada	52.17391304347826	64.70588235294117	75.86206896551724
Dialectal	48.38709677419355	64.70588235294117	72.22222222222221
Dialectal_normalizada	52.17391304347826	64.70588235294117	75.86206896551724