Transcripcion	Levenstein	Orden	Parcial
Estandar	80.26315789473684	100.0	82.53968253968253
Estandar_normalizada	92.42424242424242	100.0	93.44262295081968
Dialectal	80.26315789473684	100.0	82.53968253968253
Dialectal_normalizada	92.42424242424242	100.0	93.44262295081968