Transcripcion	Levenstein	Orden	Parcial
Estandar	66.66666666666667	75.36231884057972	73.61111111111111
Estandar_normalizada	78.66666666666666	75.36231884057972	84.05797101449275
Dialectal	66.66666666666667	75.36231884057972	73.61111111111111
Dialectal_normalizada	78.66666666666666	75.36231884057972	84.05797101449275