Transcripcion	Levenstein	Orden	Parcial
Estandar	41.17647058823529	76.19047619047619	77.77777777777779
Estandar_normalizada	61.53846153846154	76.19047619047619	88.88888888888889
Dialectal	41.17647058823529	76.19047619047619	77.77777777777779
Dialectal_normalizada	61.53846153846154	76.19047619047619	88.88888888888889