Transcripcion	Levenstein	Orden	Parcial
Estandar	40.0	74.50980392156863	70.83333333333333
Estandar_normalizada	47.36842105263158	72.0	76.19047619047619
Dialectal	40.0	74.50980392156863	70.83333333333333
Dialectal_normalizada	47.36842105263158	72.0	76.19047619047619