Transcripcion	Levenstein	Orden	Parcial
Estandar	29.411764705882348	36.065573770491795	44.067796610169495
Estandar_normalizada	38.23529411764706	36.065573770491795	47.27272727272728
Dialectal	29.411764705882348	36.065573770491795	44.067796610169495
Dialectal_normalizada	38.23529411764706	36.065573770491795	47.27272727272728