Transcripcion	Levenstein	Orden	Parcial
Estandar	70.49180327868852	96.1038961038961	86.04651162790698
Estandar_normalizada	78.72340425531915	96.1038961038961	91.89189189189189
Dialectal	70.49180327868852	96.1038961038961	86.04651162790698
Dialectal_normalizada	78.72340425531915	96.1038961038961	91.89189189189189