Transcripcion	Levenstein	Orden	Parcial
Estandar	53.535353535353536	77.61194029850746	73.6842105263158
Estandar_normalizada	60.71428571428572	78.19548872180451	75.92592592592592
Dialectal	53.535353535353536	77.61194029850746	73.6842105263158
Dialectal_normalizada	60.71428571428572	78.19548872180451	75.92592592592592