Transcripcion	Levenstein	Orden	Parcial
Estandar	66.10169491525424	88.42105263157895	72.91666666666667
Estandar_normalizada	84.31372549019608	88.42105263157895	87.5
Dialectal	66.10169491525424	88.42105263157895	72.91666666666667
Dialectal_normalizada	84.31372549019608	88.42105263157895	87.5