Transcripcion	Levenstein	Orden	Parcial
Estandar	24.0	31.16883116883117	47.22222222222222
Estandar_normalizada	27.27272727272727	31.16883116883117	48.57142857142858
Dialectal	24.0	31.16883116883117	47.22222222222222
Dialectal_normalizada	27.27272727272727	31.16883116883117	48.57142857142858