Transcripcion	Levenstein	Orden	Parcial
Estandar	60.41666666666667	78.04878048780488	74.46808510638299
Estandar_normalizada	72.72727272727273	78.04878048780488	78.04878048780488
Dialectal	60.41666666666667	78.04878048780488	74.46808510638299
Dialectal_normalizada	72.72727272727273	78.04878048780488	78.04878048780488