Transcripcion	Levenstein	Orden	Parcial
Estandar	15.384615384615385	28.07017543859649	41.666666666666664
Estandar_normalizada	16.901408450704224	28.07017543859649	45.714285714285715
Dialectal	15.384615384615385	28.07017543859649	41.666666666666664
Dialectal_normalizada	16.901408450704224	28.07017543859649	45.714285714285715