Transcripcion	Levenstein	Orden	Parcial
Estandar	25.531914893617024	56.00000000000001	40.816326530612244
Estandar_normalizada	31.428571428571427	53.06122448979591	52.38095238095239
Dialectal	25.531914893617024	56.00000000000001	40.816326530612244
Dialectal_normalizada	31.428571428571427	53.06122448979591	52.38095238095239