Transcripcion	Levenstein	Orden	Parcial
Estandar	38.53211009174312	57.77777777777777	53.333333333333336
Estandar_normalizada	41.666666666666664	57.77777777777777	56.41025641025641
Dialectal	38.53211009174312	57.77777777777777	53.333333333333336
Dialectal_normalizada	41.666666666666664	57.77777777777777	56.41025641025641