Transcripcion	Levenstein	Orden	Parcial
Estandar	68.81496881496881	78.60696517412936	74.75247524752476
Estandar_normalizada	75.17241379310344	78.60696517412936	81.12244897959184
Dialectal	68.27731092436974	78.84856070087609	74.5049504950495
Dialectal_normalizada	74.65116279069768	78.84856070087609	80.86734693877551