Transcripcion	Levenstein	Orden	Parcial
Estandar	28.57142857142857	49.14675767918089	51.36186770428015
Estandar_normalizada	32.12435233160622	46.20689655172414	57.65765765765766
Dialectal	28.57142857142857	49.14675767918089	51.36186770428015
Dialectal_normalizada	32.12435233160622	46.20689655172414	57.65765765765766