Transcripcion	Levenstein	Orden	Parcial
Estandar	32.95454545454546	51.318944844124694	52.488687782805435
Estandar_normalizada	39.224137931034484	52.048192771084345	57.711442786069654
Dialectal	32.95019157088122	51.20772946859904	52.488687782805435
Dialectal_normalizada	38.864628820960704	51.94174757281553	57.711442786069654