Transcripcion	Levenstein	Orden	Parcial
Estandar	79.34782608695652	97.26027397260275	89.1891891891892
Estandar_normalizada	88.75	97.26027397260275	94.36619718309859
Dialectal	79.34782608695652	97.26027397260275	89.1891891891892
Dialectal_normalizada	88.75	97.26027397260275	94.36619718309859