Transcripcion	Levenstein	Orden	Parcial
Estandar	55.3030303030303	77.77777777777779	67.08860759493672
Estandar_normalizada	65.21739130434783	78.65168539325843	76.62337662337663
Dialectal	55.3030303030303	77.77777777777779	67.08860759493672
Dialectal_normalizada	65.21739130434783	78.65168539325843	76.62337662337663