Transcripcion	Levenstein	Orden	Parcial
Estandar	77.33333333333333	91.17647058823529	86.7132867132867
Estandar_normalizada	84.28571428571429	91.17647058823529	89.05109489051095
Dialectal	77.33333333333333	91.17647058823529	86.7132867132867
Dialectal_normalizada	84.28571428571429	91.17647058823529	89.05109489051095