Transcripcion	Levenstein	Orden	Parcial
Estandar	42.22222222222223	71.69811320754718	67.85714285714286
Estandar_normalizada	54.54545454545454	71.69811320754718	80.0
Dialectal	42.22222222222223	71.69811320754718	67.85714285714286
Dialectal_normalizada	54.54545454545454	71.69811320754718	80.0