Transcripcion	Levenstein	Orden	Parcial
Estandar	77.01149425287358	85.1063829787234	78.87323943661973
Estandar_normalizada	84.4155844155844	85.1063829787234	86.95652173913044
Dialectal	77.01149425287358	85.1063829787234	78.87323943661973
Dialectal_normalizada	84.4155844155844	85.1063829787234	86.95652173913044