Transcripcion	Levenstein	Orden	Parcial
Estandar	45.945945945945944	61.53846153846154	90.9090909090909
Estandar_normalizada	47.14285714285714	61.53846153846154	94.44444444444444
Dialectal	45.945945945945944	61.53846153846154	90.9090909090909
Dialectal_normalizada	47.14285714285714	61.53846153846154	94.44444444444444