Transcripcion	Levenstein	Orden	Parcial
Estandar	39.097744360902254	59.756097560975604	66.66666666666667
Estandar_normalizada	49.54128440366973	60.49382716049383	75.18796992481202
Dialectal	39.097744360902254	59.756097560975604	66.66666666666667
Dialectal_normalizada	49.54128440366973	60.49382716049383	75.18796992481202