Transcripcion	Levenstein	Orden	Parcial
Estandar	46.808510638297875	75.0	76.66666666666666
Estandar_normalizada	58.97435897435898	75.0	79.3103448275862
Dialectal	46.808510638297875	75.0	76.66666666666666
Dialectal_normalizada	58.97435897435898	75.0	79.3103448275862