Transcripcion	Levenstein	Orden	Parcial
Estandar	57.14285714285714	86.66666666666667	81.9672131147541
Estandar_normalizada	72.22222222222221	86.66666666666667	96.2962962962963
Dialectal	57.14285714285714	86.66666666666667	81.9672131147541
Dialectal_normalizada	72.22222222222221	86.66666666666667	96.2962962962963