Transcripcion	Levenstein	Orden	Parcial
Estandar	13.157894736842103	23.25581395348837	41.666666666666664
Estandar_normalizada	16.666666666666664	23.25581395348837	62.5
Dialectal	13.157894736842103	23.25581395348837	41.666666666666664
Dialectal_normalizada	16.666666666666664	23.25581395348837	62.5