Transcripcion	Levenstein	Orden	Parcial
Estandar	14.28571428571429	22.22222222222222	35.29411764705882
Estandar_normalizada	19.23076923076923	22.22222222222222	40.0
Dialectal	14.814814814814813	22.857142857142854	35.29411764705882
Dialectal_normalizada	19.999999999999996	22.857142857142854	40.0