Transcripcion	Levenstein	Orden	Parcial
Estandar	17.85714285714286	43.47826086956522	40.0
Estandar_normalizada	20.833333333333336	43.47826086956522	40.0
Dialectal	17.85714285714286	43.47826086956522	40.0
Dialectal_normalizada	20.833333333333336	43.47826086956522	40.0