Transcripcion	Levenstein	Orden	Parcial
Estandar	8.333333333333337	13.157894736842103	41.666666666666664
Estandar_normalizada	7.971014492753625	13.157894736842103	46.15384615384615
Dialectal	8.333333333333337	13.157894736842103	41.666666666666664
Dialectal_normalizada	7.971014492753625	13.157894736842103	46.15384615384615