Transcripcion	Levenstein	Orden	Parcial
Estandar	42.168674698795186	65.75342465753424	55.55555555555556
Estandar_normalizada	46.62162162162162	66.3594470046083	61.1764705882353
Dialectal	42.168674698795186	65.75342465753424	55.55555555555556
Dialectal_normalizada	46.62162162162162	66.3594470046083	61.1764705882353