Transcripcion	Levenstein	Orden	Parcial
Estandar	75.0	100.0	95.45454545454545
Estandar_normalizada	91.66666666666666	100.0	100.0
Dialectal	75.0	100.0	95.45454545454545
Dialectal_normalizada	91.66666666666666	100.0	100.0