Transcripcion	Levenstein	Orden	Parcial
Estandar	30.939226519337016	57.861635220125784	65.55183946488295
Estandar_normalizada	36.627906976744185	58.67507886435332	68.81720430107528
Dialectal	30.939226519337016	57.861635220125784	65.55183946488295
Dialectal_normalizada	36.627906976744185	58.67507886435332	68.81720430107528