Transcripcion	Levenstein	Orden	Parcial
Estandar	36.8421052631579	50.79365079365079	51.85185185185186
Estandar_normalizada	44.11764705882353	50.79365079365079	56.666666666666664
Dialectal	36.8421052631579	50.79365079365079	51.85185185185186
Dialectal_normalizada	44.11764705882353	50.79365079365079	56.666666666666664