Transcripcion	Levenstein	Orden	Parcial
Estandar	25.0	50.0	52.892561983471076
Estandar_normalizada	29.06976744186046	50.68493150684932	56.363636363636374
Dialectal	25.0	50.0	52.892561983471076
Dialectal_normalizada	29.06976744186046	50.68493150684932	56.363636363636374