Transcripcion	Levenstein	Orden	Parcial
Estandar	53.14960629921259	71.7557251908397	65.78947368421053
Estandar_normalizada	60.810810810810814	72.3076923076923	73.36956521739131
Dialectal	53.14960629921259	71.7557251908397	65.78947368421053
Dialectal_normalizada	60.810810810810814	72.3076923076923	73.36956521739131