Transcripcion	Levenstein	Orden	Parcial
Estandar	32.47863247863248	62.18487394957983	73.80952380952381
Estandar_normalizada	40.42553191489362	62.71186440677966	79.48717948717949
Dialectal	32.47863247863248	62.18487394957983	73.80952380952381
Dialectal_normalizada	40.42553191489362	62.71186440677966	79.48717948717949