Transcripcion	Levenstein	Orden	Parcial
Estandar	58.666666666666664	74.54545454545455	69.38775510204081
Estandar_normalizada	65.15151515151516	77.06422018348624	74.72527472527473
Dialectal	58.666666666666664	74.54545454545455	69.38775510204081
Dialectal_normalizada	65.15151515151516	77.06422018348624	74.72527472527473