Transcripcion	Levenstein	Orden	Parcial
Estandar	22.55639097744361	49.25373134328358	70.0
Estandar_normalizada	28.828828828828833	50.0	74.35897435897436
Dialectal	22.72727272727273	49.62406015037594	70.0
Dialectal_normalizada	29.09090909090909	50.38167938931297	74.35897435897436