Transcripcion	Levenstein	Orden	Parcial
Estandar	57.14285714285714	70.37037037037037	72.41379310344827
Estandar_normalizada	63.33333333333333	70.37037037037037	80.76923076923077
Dialectal	57.14285714285714	70.37037037037037	72.41379310344827
Dialectal_normalizada	63.33333333333333	70.37037037037037	80.76923076923077