Transcripcion	Levenstein	Orden	Parcial
Estandar	65.625	70.58823529411764	80.76923076923077
Estandar_normalizada	78.57142857142857	70.58823529411764	84.0
Dialectal	65.625	70.58823529411764	80.76923076923077
Dialectal_normalizada	78.57142857142857	70.58823529411764	84.0