Transcripcion	Levenstein	Orden	Parcial
Estandar	45.945945945945944	74.46808510638299	82.92682926829268
Estandar_normalizada	58.730158730158735	75.26881720430107	89.74358974358975
Dialectal	45.945945945945944	74.46808510638299	82.92682926829268
Dialectal_normalizada	58.730158730158735	75.26881720430107	89.74358974358975