Transcripcion	Levenstein	Orden	Parcial
Estandar	72.09302325581395	76.71232876712328	81.08108108108108
Estandar_normalizada	82.05128205128204	76.71232876712328	86.11111111111111
Dialectal	72.09302325581395	76.71232876712328	81.08108108108108
Dialectal_normalizada	82.05128205128204	76.71232876712328	86.11111111111111