Transcripcion	Levenstein	Orden	Parcial
Estandar	74.62686567164178	85.21739130434783	83.87096774193549
Estandar_normalizada	80.0	85.21739130434783	86.95652173913044
Dialectal	74.62686567164178	85.21739130434783	83.87096774193549
Dialectal_normalizada	80.0	85.21739130434783	86.95652173913044