Transcripcion	Levenstein	Orden	Parcial
Estandar	45.652173913043484	68.46275752773377	57.71604938271605
Estandar_normalizada	50.413223140495866	68.47133757961782	62.944162436548226
Dialectal	45.25547445255474	68.47133757961782	57.407407407407405
Dialectal_normalizada	50.0	68.48	62.5