Transcripcion	Levenstein	Orden	Parcial
Estandar	32.53012048192772	56.52173913043479	69.44444444444444
Estandar_normalizada	38.80597014925373	56.52173913043479	80.64516129032258
Dialectal	32.53012048192772	56.52173913043479	69.44444444444444
Dialectal_normalizada	38.80597014925373	56.52173913043479	80.64516129032258