Transcripcion	Levenstein	Orden	Parcial
Estandar	48.0	74.56140350877193	60.972017673048605
Estandar_normalizada	54.0	74.67057101024889	67.21556886227545
Dialectal	48.05194805194806	74.57875457875458	60.972017673048605
Dialectal_normalizada	53.94912985274431	74.68818782098312	67.36526946107784