Transcripcion	Levenstein	Orden	Parcial
Estandar	51.21951219512195	83.01886792452831	84.0
Estandar_normalizada	63.63636363636363	83.01886792452831	91.66666666666666
Dialectal	51.21951219512195	83.01886792452831	84.0
Dialectal_normalizada	63.63636363636363	83.01886792452831	91.66666666666666