Transcripcion	Levenstein	Orden	Parcial
Estandar	69.6969696969697	93.87755102040816	95.91836734693877
Estandar_normalizada	82.14285714285714	93.87755102040816	97.82608695652173
Dialectal	69.6969696969697	93.87755102040816	95.91836734693877
Dialectal_normalizada	82.14285714285714	93.87755102040816	97.82608695652173