Transcripcion	Levenstein	Orden	Parcial
Estandar	41.0	67.76859504132231	70.45454545454545
Estandar_normalizada	49.411764705882355	68.33333333333333	80.43478260869566
Dialectal	41.0	67.76859504132231	70.45454545454545
Dialectal_normalizada	49.411764705882355	68.33333333333333	80.43478260869566