Transcripcion	Levenstein	Orden	Parcial
Estandar	32.08955223880597	45.45454545454546	61.66666666666667
Estandar_normalizada	32.52032520325203	45.714285714285715	63.06306306306306
Dialectal	33.84615384615385	47.67441860465116	65.0
Dialectal_normalizada	34.45378151260504	47.953216374269005	66.66666666666667