Transcripcion	Levenstein	Orden	Parcial
Estandar	9.848484848484851	21.91780821917808	33.333333333333336
Estandar_normalizada	12.598425196850393	22.06896551724138	44.18604651162791
Dialectal	9.848484848484851	21.91780821917808	33.333333333333336
Dialectal_normalizada	12.598425196850393	22.06896551724138	44.18604651162791