Transcripcion	Levenstein	Orden	Parcial
Estandar	11.627906976744185	35.61643835616438	31.999999999999996
Estandar_normalizada	23.25581395348837	36.61971830985915	43.333333333333336
Dialectal	11.627906976744185	35.61643835616438	31.999999999999996
Dialectal_normalizada	23.25581395348837	36.61971830985915	43.333333333333336