Transcripcion	Levenstein	Orden	Parcial
Estandar	27.35562310030395	53.84615384615385	58.992805755395686
Estandar_normalizada	32.86219081272085	54.92227979274611	62.77372262773723
Dialectal	27.692307692307693	54.4041450777202	58.992805755395686
Dialectal_normalizada	33.333333333333336	55.497382198952884	63.503649635036496