Transcripcion	Levenstein	Orden	Parcial
Estandar	80.0	93.33333333333333	87.5
Estandar_normalizada	90.32258064516128	93.33333333333333	95.08196721311475
Dialectal	80.0	93.33333333333333	87.5
Dialectal_normalizada	90.32258064516128	93.33333333333333	95.08196721311475