Transcripcion	Levenstein	Orden	Parcial
Estandar	28.000000000000004	56.09756097560976	49.350649350649356
Estandar_normalizada	37.096774193548384	56.790123456790134	55.172413793103445
Dialectal	28.000000000000004	56.09756097560976	49.350649350649356
Dialectal_normalizada	37.096774193548384	56.790123456790134	55.172413793103445