Transcripcion	Levenstein	Orden	Parcial
Estandar	68.62745098039215	91.13924050632912	78.94736842105263
Estandar_normalizada	80.0	91.13924050632912	84.50704225352112
Dialectal	68.62745098039215	91.13924050632912	78.94736842105263
Dialectal_normalizada	80.0	91.13924050632912	84.50704225352112