Transcripcion	Levenstein	Orden	Parcial
Estandar	27.10280373831776	65.89595375722543	71.42857142857143
Estandar_normalizada	31.914893617021278	67.44186046511628	74.66666666666666
Dialectal	27.10280373831776	65.89595375722543	71.42857142857143
Dialectal_normalizada	31.914893617021278	67.44186046511628	74.66666666666666