Transcripcion	Levenstein	Orden	Parcial
Estandar	26.66666666666667	32.6530612244898	51.06382978723405
Estandar_normalizada	29.629629629629626	37.5	54.54545454545454
Dialectal	26.66666666666667	32.6530612244898	51.06382978723405
Dialectal_normalizada	29.629629629629626	37.5	54.54545454545454