Transcripcion	Levenstein	Orden	Parcial
Estandar	8.955223880597018	18.461538461538463	89.65517241379311
Estandar_normalizada	10.169491525423723	18.461538461538463	92.3076923076923
Dialectal	8.955223880597018	18.461538461538463	89.65517241379311
Dialectal_normalizada	10.169491525423723	18.461538461538463	92.3076923076923