Transcripcion	Levenstein	Orden	Parcial
Estandar	51.20274914089347	69.19431279620854	61.69154228855722
Estandar_normalizada	58.16733067729083	68.42105263157895	68.2051282051282
Dialectal	51.20274914089347	69.19431279620854	61.69154228855722
Dialectal_normalizada	58.16733067729083	68.42105263157895	68.2051282051282