Transcripcion	Levenstein	Orden	Parcial
Estandar	48.64864864864865	52.0	70.58823529411764
Estandar_normalizada	56.666666666666664	52.0	78.26086956521739
Dialectal	48.64864864864865	52.0	70.58823529411764
Dialectal_normalizada	56.666666666666664	52.0	78.26086956521739