Transcripcion	Levenstein	Orden	Parcial
Estandar	40.90909090909091	44.99999999999999	60.0
Estandar_normalizada	42.85714285714286	44.99999999999999	61.111111111111114
Dialectal	40.90909090909091	44.99999999999999	60.0
Dialectal_normalizada	42.85714285714286	44.99999999999999	61.111111111111114