Transcripcion	Levenstein	Orden	Parcial
Estandar	26.086956521739136	47.42268041237113	52.17391304347826
Estandar_normalizada	33.333333333333336	47.916666666666664	55.81395348837209
Dialectal	26.086956521739136	47.42268041237113	52.17391304347826
Dialectal_normalizada	33.333333333333336	47.916666666666664	55.81395348837209