Transcripcion	Levenstein	Orden	Parcial
Estandar	17.24137931034483	40.42553191489362	37.5
Estandar_normalizada	22.64150943396226	36.95652173913043	42.22222222222223
Dialectal	17.24137931034483	40.42553191489362	37.5
Dialectal_normalizada	22.64150943396226	36.95652173913043	42.22222222222223