Transcripcion	Levenstein	Orden	Parcial
Estandar	11.560693641618503	26.027397260273975	48.38709677419355
Estandar_normalizada	14.28571428571429	27.97202797202797	53.333333333333336
Dialectal	11.560693641618503	26.027397260273975	48.38709677419355
Dialectal_normalizada	14.28571428571429	27.97202797202797	53.333333333333336