Transcripcion	Levenstein	Orden	Parcial
Estandar	30.841121495327105	45.945945945945944	52.800000000000004
Estandar_normalizada	34.04255319148937	46.57534246575342	54.54545454545454
Dialectal	30.841121495327105	45.945945945945944	52.800000000000004
Dialectal_normalizada	34.04255319148937	46.57534246575342	54.54545454545454