Transcripcion	Levenstein	Orden	Parcial
Estandar	37.39130434782608	71.55963302752293	65.1685393258427
Estandar_normalizada	44.18604651162791	72.22222222222221	76.05633802816901
Dialectal	37.39130434782608	71.55963302752293	65.1685393258427
Dialectal_normalizada	44.18604651162791	72.22222222222221	76.05633802816901