Transcripcion	Levenstein	Orden	Parcial
Estandar	62.264150943396224	73.6842105263158	71.42857142857143
Estandar_normalizada	63.26530612244898	73.6842105263158	72.34042553191489
Dialectal	62.264150943396224	73.6842105263158	71.42857142857143
Dialectal_normalizada	63.26530612244898	73.6842105263158	72.34042553191489