Transcripcion	Levenstein	Orden	Parcial
Estandar	55.017064846416375	71.96937473415568	64.31570109151974
Estandar_normalizada	60.61538461538461	71.47736976942784	70.05699254712844
Dialectal	54.986338797814206	72.0	64.31570109151974
Dialectal_normalizada	60.662047729022326	71.50790260572406	70.0