Transcripcion	Levenstein	Orden	Parcial
Estandar	54.54545454545454	75.47169811320755	88.88888888888889
Estandar_normalizada	59.375	75.47169811320755	93.02325581395348
Dialectal	54.54545454545454	75.47169811320755	88.88888888888889
Dialectal_normalizada	59.375	75.47169811320755	93.02325581395348