Transcripcion	Levenstein	Orden	Parcial
Estandar	35.36585365853659	74.74747474747474	61.111111111111114
Estandar_normalizada	44.927536231884055	75.51020408163265	74.35897435897436
Dialectal	35.36585365853659	74.74747474747474	61.111111111111114
Dialectal_normalizada	44.927536231884055	75.51020408163265	74.35897435897436