Transcripcion	Levenstein	Orden	Parcial
Estandar	36.26373626373627	52.25225225225225	70.0
Estandar_normalizada	40.0	52.727272727272734	74.35897435897436
Dialectal	36.26373626373627	52.25225225225225	70.0
Dialectal_normalizada	40.0	52.727272727272734	74.35897435897436