Transcripcion	Levenstein	Orden	Parcial
Estandar	62.479061976549424	83.55855855855856	65.69343065693431
Estandar_normalizada	69.40726577437859	83.80520951302378	73.95577395577395
Dialectal	62.016806722689076	83.29571106094808	65.3658536585366
Dialectal_normalizada	68.90595009596929	83.54143019296254	73.71007371007371