Transcripcion	Levenstein	Orden	Parcial
Estandar	15.94202898550725	31.90184049079755	55.072463768115945
Estandar_normalizada	16.666666666666664	33.333333333333336	66.66666666666667
Dialectal	15.94202898550725	31.90184049079755	55.072463768115945
Dialectal_normalizada	16.666666666666664	33.333333333333336	66.66666666666667