Transcripcion	Levenstein	Orden	Parcial
Estandar	66.84491978609626	85.60885608856088	78.29457364341086
Estandar_normalizada	74.23312883435582	85.50185873605948	82.92682926829268
Dialectal	66.84491978609626	85.60885608856088	78.29457364341086
Dialectal_normalizada	74.23312883435582	85.50185873605948	82.92682926829268