Transcripcion	Levenstein	Orden	Parcial
Estandar	43.47826086956522	84.21052631578947	72.72727272727273
Estandar_normalizada	53.333333333333336	84.21052631578947	80.0
Dialectal	43.47826086956522	84.21052631578947	72.72727272727273
Dialectal_normalizada	53.333333333333336	84.21052631578947	80.0