Transcripcion	Levenstein	Orden	Parcial
Estandar	16.92307692307692	36.065573770491795	91.66666666666666
Estandar_normalizada	19.999999999999996	36.065573770491795	91.66666666666666
Dialectal	16.92307692307692	36.065573770491795	91.66666666666666
Dialectal_normalizada	19.999999999999996	36.065573770491795	91.66666666666666