Transcripcion	Levenstein	Orden	Parcial
Estandar	52.727272727272734	77.33333333333333	82.35294117647058
Estandar_normalizada	63.04347826086957	77.33333333333333	87.87878787878788
Dialectal	52.727272727272734	77.33333333333333	82.35294117647058
Dialectal_normalizada	63.04347826086957	77.33333333333333	87.87878787878788