Transcripcion	Levenstein	Orden	Parcial
Estandar	45.833333333333336	53.65853658536586	78.78787878787878
Estandar_normalizada	58.33333333333333	53.65853658536586	83.87096774193549
Dialectal	45.833333333333336	53.65853658536586	78.78787878787878
Dialectal_normalizada	58.33333333333333	53.65853658536586	83.87096774193549