Transcripcion	Levenstein	Orden	Parcial
Estandar	13.33333333333333	30.76923076923077	50.0
Estandar_normalizada	18.181818181818176	30.76923076923077	50.0
Dialectal	13.33333333333333	30.76923076923077	50.0
Dialectal_normalizada	18.181818181818176	30.76923076923077	50.0