Transcripcion	Levenstein	Orden	Parcial
Estandar	65.44715447154472	85.24590163934427	73.71601208459215
Estandar_normalizada	72.47706422018348	85.71428571428572	78.18181818181819
Dialectal	65.44715447154472	85.24590163934427	73.71601208459215
Dialectal_normalizada	72.47706422018348	85.71428571428572	78.18181818181819