Transcripcion	Levenstein	Orden	Parcial
Estandar	39.795918367346935	66.37554585152839	50.98039215686274
Estandar_normalizada	50.64935064935065	69.36936936936937	65.3061224489796
Dialectal	39.795918367346935	66.37554585152839	50.98039215686274
Dialectal_normalizada	50.64935064935065	69.36936936936937	65.3061224489796