Transcripcion	Levenstein	Orden	Parcial
Estandar	13.636363636363635	26.415094339622648	47.05882352941176
Estandar_normalizada	15.789473684210531	26.415094339622648	50.0
Dialectal	13.636363636363635	26.415094339622648	47.05882352941176
Dialectal_normalizada	15.789473684210531	26.415094339622648	50.0