Transcripcion	Levenstein	Orden	Parcial
Estandar	63.63636363636363	87.5	73.6842105263158
Estandar_normalizada	77.77777777777779	87.5	87.5
Dialectal	63.63636363636363	87.5	73.6842105263158
Dialectal_normalizada	77.77777777777779	87.5	87.5