Transcripcion	Levenstein	Orden	Parcial
Estandar	20.547945205479458	42.42424242424242	32.432432432432435
Estandar_normalizada	29.230769230769226	42.42424242424242	49.23076923076923
Dialectal	20.547945205479458	42.42424242424242	32.432432432432435
Dialectal_normalizada	29.230769230769226	42.42424242424242	49.23076923076923