Transcripcion	Levenstein	Orden	Parcial
Estandar	74.56140350877193	86.63101604278076	88.88888888888889
Estandar_normalizada	80.76923076923077	86.63101604278076	93.18181818181819
Dialectal	74.56140350877193	86.63101604278076	88.88888888888889
Dialectal_normalizada	80.76923076923077	86.63101604278076	93.18181818181819