Transcripcion	Levenstein	Orden	Parcial
Estandar	52.2875816993464	69.10569105691057	67.76859504132231
Estandar_normalizada	56.61764705882353	69.38775510204081	71.30434782608695
Dialectal	52.2875816993464	69.10569105691057	67.76859504132231
Dialectal_normalizada	56.61764705882353	69.38775510204081	71.30434782608695