Transcripcion	Levenstein	Orden	Parcial
Estandar	41.53846153846153	65.21739130434783	73.80952380952381
Estandar_normalizada	48.275862068965516	65.21739130434783	78.04878048780488
Dialectal	41.53846153846153	65.21739130434783	73.80952380952381
Dialectal_normalizada	48.275862068965516	65.21739130434783	78.04878048780488