Transcripcion	Levenstein	Orden	Parcial
Estandar	48.71794871794872	74.28571428571429	55.55555555555556
Estandar_normalizada	58.2089552238806	74.03846153846155	64.1025641025641
Dialectal	48.71794871794872	74.28571428571429	55.55555555555556
Dialectal_normalizada	58.2089552238806	74.03846153846155	64.1025641025641