Transcripcion	Levenstein	Orden	Parcial
Estandar	41.95804195804196	66.66666666666667	73.50427350427351
Estandar_normalizada	51.63934426229508	67.83625730994152	80.99173553719008
Dialectal	41.95804195804196	66.66666666666667	73.50427350427351
Dialectal_normalizada	51.63934426229508	67.83625730994152	80.99173553719008