Transcripcion	Levenstein	Orden	Parcial
Estandar	32.608695652173914	49.23076923076923	45.76271186440678
Estandar_normalizada	41.02564102564102	49.23076923076923	52.542372881355924
Dialectal	32.608695652173914	49.23076923076923	45.76271186440678
Dialectal_normalizada	41.02564102564102	49.23076923076923	52.542372881355924