Transcripcion	Levenstein	Orden	Parcial
Estandar	50.81967213114754	80.0	72.72727272727273
Estandar_normalizada	55.10204081632652	80.0	80.48780487804879
Dialectal	50.81967213114754	80.0	72.72727272727273
Dialectal_normalizada	55.10204081632652	80.0	80.48780487804879