Transcripcion	Levenstein	Orden	Parcial
Estandar	19.047619047619047	25.806451612903224	37.5
Estandar_normalizada	17.647058823529417	25.806451612903224	38.70967741935484
Dialectal	19.047619047619047	25.806451612903224	37.5
Dialectal_normalizada	17.647058823529417	25.806451612903224	38.70967741935484