Transcripcion	Levenstein	Orden	Parcial
Estandar	23.076923076923073	43.07692307692308	48.484848484848484
Estandar_normalizada	28.57142857142857	43.07692307692308	50.0
Dialectal	23.076923076923073	43.07692307692308	48.484848484848484
Dialectal_normalizada	28.57142857142857	43.07692307692308	50.0