Transcripcion	Levenstein	Orden	Parcial
Estandar	84.67741935483872	88.53932584269663	86.8421052631579
Estandar_normalizada	89.22413793103449	88.53932584269663	90.9502262443439
Dialectal	85.02024291497976	87.83783783783784	87.28070175438596
Dialectal_normalizada	89.6103896103896	87.83783783783784	91.4027149321267