Transcripcion	Levenstein	Orden	Parcial
Estandar	44.87179487179487	74.28571428571429	59.183673469387756
Estandar_normalizada	51.515151515151516	74.28571428571429	66.66666666666667
Dialectal	44.87179487179487	74.28571428571429	59.183673469387756
Dialectal_normalizada	51.515151515151516	74.28571428571429	66.66666666666667