Transcripcion	Levenstein	Orden	Parcial
Estandar	14.000000000000002	30.188679245283023	52.94117647058824
Estandar_normalizada	17.200000000000003	30.651340996168585	63.26530612244898
Dialectal	14.000000000000002	30.188679245283023	52.94117647058824
Dialectal_normalizada	17.200000000000003	30.651340996168585	63.26530612244898