Transcripcion	Levenstein	Orden	Parcial
Estandar	56.86274509803921	63.41463414634146	76.31578947368422
Estandar_normalizada	63.829787234042556	63.41463414634146	75.67567567567568
Dialectal	56.86274509803921	63.41463414634146	76.31578947368422
Dialectal_normalizada	63.829787234042556	63.41463414634146	75.67567567567568