Transcripcion	Levenstein	Orden	Parcial
Estandar	59.19117647058824	77.94486215538848	63.421052631578945
Estandar_normalizada	67.29957805907173	77.93190416141236	73.00275482093663
Dialectal	59.30018416206262	78.04265997490589	63.68421052631579
Dialectal_normalizada	67.44186046511628	78.03030303030303	73.27823691460055