Transcripcion	Levenstein	Orden	Parcial
Estandar	28.947368421052634	43.07692307692308	43.333333333333336
Estandar_normalizada	32.35294117647059	43.07692307692308	45.614035087719294
Dialectal	28.947368421052634	43.07692307692308	43.333333333333336
Dialectal_normalizada	32.35294117647059	43.07692307692308	45.614035087719294