Transcripcion	Levenstein	Orden	Parcial
Estandar	41.17647058823529	57.59162303664922	61.36363636363637
Estandar_normalizada	44.14414414414415	57.59162303664922	63.94557823129252
Dialectal	41.17647058823529	57.59162303664922	61.36363636363637
Dialectal_normalizada	44.14414414414415	57.59162303664922	63.94557823129252