Transcripcion	Levenstein	Orden	Parcial
Estandar	54.61741424802111	79.11275415896488	69.26229508196722
Estandar_normalizada	62.72727272727272	79.25233644859813	76.05042016806722
Dialectal	54.61741424802111	79.11275415896488	69.26229508196722
Dialectal_normalizada	62.72727272727272	79.25233644859813	76.05042016806722