Transcripcion	Levenstein	Orden	Parcial
Estandar	48.23529411764705	60.71428571428572	62.65060240963856
Estandar_normalizada	55.55555555555556	61.261261261261254	64.1025641025641
Dialectal	48.23529411764705	60.71428571428572	62.65060240963856
Dialectal_normalizada	55.55555555555556	61.261261261261254	64.1025641025641