Transcripcion	Levenstein	Orden	Parcial
Estandar	61.07784431137724	75.29411764705883	71.17117117117118
Estandar_normalizada	66.21621621621621	76.37795275590551	72.72727272727273
Dialectal	61.07784431137724	75.29411764705883	71.17117117117118
Dialectal_normalizada	66.21621621621621	76.37795275590551	72.72727272727273