Transcripcion	Levenstein	Orden	Parcial
Estandar	70.99236641221374	90.5829596412556	81.03448275862068
Estandar_normalizada	83.19327731092436	90.5829596412556	88.07339449541286
Dialectal	70.99236641221374	90.5829596412556	81.03448275862068
Dialectal_normalizada	83.19327731092436	90.5829596412556	88.07339449541286