Transcripcion	Levenstein	Orden	Parcial
Estandar	80.59071729957806	89.53771289537713	83.90243902439025
Estandar_normalizada	85.84474885844749	89.53771289537713	86.93467336683418
Dialectal	80.59071729957806	89.53771289537713	83.90243902439025
Dialectal_normalizada	85.84474885844749	89.53771289537713	86.93467336683418