Transcripcion	Levenstein	Orden	Parcial
Estandar	68.21192052980132	84.49438202247191	73.48837209302326
Estandar_normalizada	76.04562737642586	85.06787330316742	79.41176470588236
Dialectal	68.21192052980132	84.49438202247191	73.48837209302326
Dialectal_normalizada	76.04562737642586	85.06787330316742	79.41176470588236