Transcripcion	Levenstein	Orden	Parcial
Estandar	44.34782608695652	72.72727272727273	64.17910447761194
Estandar_normalizada	55.319148936170215	73.75886524822694	71.875
Dialectal	44.34782608695652	72.72727272727273	64.17910447761194
Dialectal_normalizada	55.319148936170215	73.75886524822694	71.875