Transcripcion	Levenstein	Orden	Parcial
Estandar	35.251798561151084	49.72972972972973	59.57446808510638
Estandar_normalizada	39.83739837398373	49.72972972972973	65.71428571428571
Dialectal	35.251798561151084	49.72972972972973	59.57446808510638
Dialectal_normalizada	39.83739837398373	49.72972972972973	65.71428571428571