Transcripcion	Levenstein	Orden	Parcial
Estandar	85.71428571428572	91.42857142857143	91.89189189189189
Estandar_normalizada	89.47368421052632	91.42857142857143	100.0
Dialectal	85.71428571428572	91.42857142857143	91.89189189189189
Dialectal_normalizada	89.47368421052632	91.42857142857143	100.0