Transcripcion	Levenstein	Orden	Parcial
Estandar	17.757009345794394	38.18181818181819	35.0
Estandar_normalizada	22.988505747126442	40.74074074074075	42.307692307692314
Dialectal	17.757009345794394	38.18181818181819	35.0
Dialectal_normalizada	22.988505747126442	40.74074074074075	42.307692307692314