Transcripcion	Levenstein	Orden	Parcial
Estandar	48.484848484848484	56.17977528089888	68.18181818181819
Estandar_normalizada	53.57142857142857	56.17977528089888	76.31578947368422
Dialectal	48.484848484848484	56.17977528089888	68.18181818181819
Dialectal_normalizada	53.57142857142857	56.17977528089888	76.31578947368422