Transcripcion	Levenstein	Orden	Parcial
Estandar	12.0	28.57142857142857	25.806451612903224
Estandar_normalizada	15.000000000000002	30.76923076923077	40.0
Dialectal	12.0	28.57142857142857	25.806451612903224
Dialectal_normalizada	15.000000000000002	30.76923076923077	40.0