Transcripcion	Levenstein	Orden	Parcial
Estandar	76.74418604651163	91.42857142857143	85.29411764705883
Estandar_normalizada	82.05128205128204	91.42857142857143	90.9090909090909
Dialectal	76.74418604651163	91.42857142857143	85.29411764705883
Dialectal_normalizada	82.05128205128204	91.42857142857143	90.9090909090909