Transcripcion	Levenstein	Orden	Parcial
Estandar	49.382716049382715	73.04347826086956	63.91752577319587
Estandar_normalizada	58.57142857142856	73.6842105263158	71.28712871287128
Dialectal	49.382716049382715	73.04347826086956	63.91752577319587
Dialectal_normalizada	58.57142857142856	73.6842105263158	71.28712871287128