Transcripcion	Levenstein	Orden	Parcial
Estandar	53.125	69.76744186046511	85.0
Estandar_normalizada	65.38461538461539	69.76744186046511	94.73684210526316
Dialectal	53.125	69.76744186046511	85.0
Dialectal_normalizada	65.38461538461539	69.76744186046511	94.73684210526316