Transcripcion	Levenstein	Orden	Parcial
Estandar	33.93939393939394	57.44125326370757	56.4625850340136
Estandar_normalizada	39.51048951048951	58.04749340369393	65.38461538461539
Dialectal	33.93939393939394	57.44125326370757	56.4625850340136
Dialectal_normalizada	39.51048951048951	58.04749340369393	65.38461538461539