Transcripcion	Levenstein	Orden	Parcial
Estandar	58.53658536585367	66.66666666666667	82.14285714285714
Estandar_normalizada	64.86486486486487	66.66666666666667	84.61538461538461
Dialectal	58.53658536585367	66.66666666666667	82.14285714285714
Dialectal_normalizada	64.86486486486487	66.66666666666667	84.61538461538461