Transcripcion	Levenstein	Orden	Parcial
Estandar	51.78571428571428	64.44444444444444	61.36363636363637
Estandar_normalizada	60.0	64.44444444444444	68.23529411764706
Dialectal	51.78571428571428	64.44444444444444	61.36363636363637
Dialectal_normalizada	60.0	64.44444444444444	68.23529411764706