Transcripcion	Levenstein	Orden	Parcial
Estandar	8.666666666666668	20.952380952380956	41.379310344827594
Estandar_normalizada	11.711711711711715	21.999999999999996	56.25
Dialectal	8.666666666666668	20.952380952380956	41.379310344827594
Dialectal_normalizada	11.711711711711715	21.999999999999996	56.25