Transcripcion	Levenstein	Orden	Parcial
Estandar	68.0327868852459	92.6829268292683	79.26829268292683
Estandar_normalizada	78.78787878787878	93.25153374233128	87.24832214765101
Dialectal	68.0327868852459	92.6829268292683	79.26829268292683
Dialectal_normalizada	78.78787878787878	93.25153374233128	87.24832214765101