Transcripcion	Levenstein	Orden	Parcial
Estandar	76.62337662337663	77.6978417266187	85.27131782945736
Estandar_normalizada	80.82191780821918	77.6978417266187	85.27131782945736
Dialectal	76.62337662337663	77.6978417266187	85.27131782945736
Dialectal_normalizada	80.82191780821918	77.6978417266187	85.27131782945736