Transcripcion	Levenstein	Orden	Parcial
Estandar	52.83018867924528	71.05263157894737	71.42857142857143
Estandar_normalizada	59.57446808510638	71.05263157894737	77.41935483870968
Dialectal	53.84615384615385	66.66666666666667	72.72727272727273
Dialectal_normalizada	60.86956521739131	66.66666666666667	78.125