Transcripcion	Levenstein	Orden	Parcial
Estandar	48.917748917748916	75.15527950310559	69.28104575163398
Estandar_normalizada	55.778894472361806	75.625	74.82517482517483
Dialectal	48.917748917748916	75.15527950310559	69.28104575163398
Dialectal_normalizada	55.778894472361806	75.625	74.82517482517483