Transcripcion	Levenstein	Orden	Parcial
Estandar	16.129032258064512	40.74074074074075	42.553191489361694
Estandar_normalizada	17.24137931034483	40.74074074074075	43.13725490196079
Dialectal	16.129032258064512	40.74074074074075	42.553191489361694
Dialectal_normalizada	17.24137931034483	40.74074074074075	43.13725490196079