Transcripcion	Levenstein	Orden	Parcial
Estandar	38.35616438356164	67.64705882352942	61.29032258064516
Estandar_normalizada	41.07142857142857	68.65671641791045	69.56521739130434
Dialectal	38.888888888888886	68.65671641791045	61.29032258064516
Dialectal_normalizada	41.81818181818182	69.6969696969697	69.56521739130434