Transcripcion	Levenstein	Orden	Parcial
Estandar	56.75675675675676	72.43243243243242	67.06948640483384
Estandar_normalizada	63.87665198237886	72.82608695652173	71.95121951219512
Dialectal	54.50980392156863	68.30601092896174	65.4434250764526
Dialectal_normalizada	61.43497757847533	68.68131868131869	71.95121951219512