Transcripcion	Levenstein	Orden	Parcial
Estandar	64.28571428571428	85.71428571428572	72.72727272727273
Estandar_normalizada	75.0	85.71428571428572	82.35294117647058
Dialectal	64.28571428571428	85.71428571428572	72.72727272727273
Dialectal_normalizada	75.0	85.71428571428572	82.35294117647058