Transcripcion	Levenstein	Orden	Parcial
Estandar	14.28571428571429	25.263157894736842	32.432432432432435
Estandar_normalizada	15.714285714285714	23.655913978494624	35.483870967741936
Dialectal	14.28571428571429	25.263157894736842	32.432432432432435
Dialectal_normalizada	15.714285714285714	23.655913978494624	35.483870967741936