Transcripcion	Levenstein	Orden	Parcial
Estandar	37.5	63.63636363636363	58.33333333333333
Estandar_normalizada	50.0	63.63636363636363	63.63636363636363
Dialectal	37.5	63.63636363636363	58.33333333333333
Dialectal_normalizada	50.0	63.63636363636363	63.63636363636363