Transcripcion	Levenstein	Orden	Parcial
Estandar	51.00286532951289	65.14886164623468	60.13986013986015
Estandar_normalizada	55.519480519480524	65.49295774647888	67.14285714285715
Dialectal	51.00286532951289	65.14886164623468	60.13986013986015
Dialectal_normalizada	55.519480519480524	65.49295774647888	67.14285714285715