Transcripcion	Levenstein	Orden	Parcial
Estandar	67.74193548387098	72.61146496815287	77.33333333333333
Estandar_normalizada	71.26436781609196	72.61146496815287	78.08219178082192
Dialectal	67.74193548387098	72.61146496815287	77.33333333333333
Dialectal_normalizada	71.26436781609196	72.61146496815287	78.08219178082192