Transcripcion	Levenstein	Orden	Parcial
Estandar	43.098958333333336	69.29577464788733	56.965944272445824
Estandar_normalizada	48.41628959276017	69.82024597918637	62.33183856502242
Dialectal	43.098958333333336	69.29577464788733	56.965944272445824
Dialectal_normalizada	48.41628959276017	69.82024597918637	62.33183856502242