Transcripcion	Levenstein	Orden	Parcial
Estandar	44.21874999999999	68.94197952218431	61.891891891891895
Estandar_normalizada	49.03339191564148	69.33638443935926	69.85915492957746
Dialectal	44.287949921752734	69.02050113895216	62.16216216216216
Dialectal_normalizada	49.11971830985915	69.41580756013745	69.85915492957746