Transcripcion	Levenstein	Orden	Parcial
Estandar	54.22535211267605	71.19437939110071	70.69408740359897
Estandar_normalizada	59.9609375	70.58823529411764	74.96688741721854
Dialectal	54.22535211267605	71.19437939110071	70.69408740359897
Dialectal_normalizada	59.9609375	70.58823529411764	74.96688741721854