Transcripcion	Levenstein	Orden	Parcial
Estandar	11.764705882352944	28.57142857142857	28.57142857142857
Estandar_normalizada	11.764705882352944	28.57142857142857	42.10526315789473
Dialectal	11.764705882352944	28.57142857142857	28.57142857142857
Dialectal_normalizada	11.764705882352944	28.57142857142857	42.10526315789473