Transcripcion	Levenstein	Orden	Parcial
Estandar	50.872093023255815	67.84313725490196	62.4
Estandar_normalizada	59.4059405940594	68.24457593688362	69.6774193548387
Dialectal	50.72886297376093	67.97642436149313	62.4
Dialectal_normalizada	59.27152317880795	68.37944664031622	69.82758620689656