Transcripcion	Levenstein	Orden	Parcial
Estandar	16.981132075471695	40.625	36.73469387755102
Estandar_normalizada	21.42857142857143	41.269841269841265	38.46153846153846
Dialectal	16.981132075471695	40.625	36.73469387755102
Dialectal_normalizada	21.42857142857143	41.269841269841265	38.46153846153846