Transcripcion	Levenstein	Orden	Parcial
Estandar	45.023696682464454	59.25925925925925	63.76811594202898
Estandar_normalizada	51.64835164835164	59.45945945945945	68.93939393939394
Dialectal	45.023696682464454	59.25925925925925	63.76811594202898
Dialectal_normalizada	51.64835164835164	59.45945945945945	68.93939393939394