Transcripcion	Levenstein	Orden	Parcial
Estandar	21.153846153846157	31.999999999999996	38.46153846153846
Estandar_normalizada	21.999999999999996	31.999999999999996	40.0
Dialectal	21.153846153846157	31.999999999999996	38.46153846153846
Dialectal_normalizada	21.999999999999996	31.999999999999996	40.0