Transcripcion	Levenstein	Orden	Parcial
Estandar	16.666666666666664	19.6078431372549	35.71428571428571
Estandar_normalizada	18.42105263157895	19.6078431372549	38.46153846153846
Dialectal	16.666666666666664	19.6078431372549	35.71428571428571
Dialectal_normalizada	18.42105263157895	19.6078431372549	38.46153846153846