Transcripcion	Levenstein	Orden	Parcial
Estandar	49.46236559139785	66.66666666666667	64.40677966101696
Estandar_normalizada	54.32098765432099	66.66666666666667	71.9298245614035
Dialectal	49.46236559139785	66.66666666666667	64.40677966101696
Dialectal_normalizada	54.32098765432099	66.66666666666667	71.9298245614035