Transcripcion	Levenstein	Orden	Parcial
Estandar	48.795180722891565	65.61264822134387	77.57009345794393
Estandar_normalizada	51.63398692810457	65.87301587301587	80.76923076923077
Dialectal	48.795180722891565	65.61264822134387	77.57009345794393
Dialectal_normalizada	51.63398692810457	65.87301587301587	80.76923076923077