Transcripcion	Levenstein	Orden	Parcial
Estandar	30.434782608695656	60.86956521739131	66.66666666666667
Estandar_normalizada	41.17647058823529	60.86956521739131	66.66666666666667
Dialectal	30.434782608695656	60.86956521739131	66.66666666666667
Dialectal_normalizada	41.17647058823529	60.86956521739131	66.66666666666667