Transcripcion	Levenstein	Orden	Parcial
Estandar	23.809523809523814	43.63636363636364	40.42553191489362
Estandar_normalizada	26.119402985074625	42.592592592592595	44.705882352941174
Dialectal	23.809523809523814	43.63636363636364	40.42553191489362
Dialectal_normalizada	26.119402985074625	42.592592592592595	44.705882352941174