Transcripcion	Levenstein	Orden	Parcial
Estandar	69.04761904761905	72.6027397260274	85.71428571428572
Estandar_normalizada	69.51219512195121	72.6027397260274	86.88524590163934
Dialectal	69.04761904761905	72.6027397260274	85.71428571428572
Dialectal_normalizada	69.51219512195121	72.6027397260274	86.88524590163934