Transcripcion	Levenstein	Orden	Parcial
Estandar	25.373134328358205	39.252336448598136	45.09803921568627
Estandar_normalizada	25.0	39.252336448598136	45.652173913043484
Dialectal	25.373134328358205	39.252336448598136	45.09803921568627
Dialectal_normalizada	25.0	39.252336448598136	45.652173913043484