Transcripcion	Levenstein	Orden	Parcial
Estandar	44.680851063829785	66.31578947368422	61.95652173913043
Estandar_normalizada	53.448275862068975	66.31578947368422	72.94117647058825
Dialectal	44.680851063829785	66.31578947368422	61.95652173913043
Dialectal_normalizada	53.448275862068975	66.31578947368422	72.94117647058825