Transcripcion	Levenstein	Orden	Parcial
Estandar	86.95652173913044	97.5609756097561	90.1639344262295
Estandar_normalizada	92.3076923076923	97.5609756097561	93.33333333333333
Dialectal	86.95652173913044	97.5609756097561	90.1639344262295
Dialectal_normalizada	92.3076923076923	97.5609756097561	93.33333333333333