Transcripcion	Levenstein	Orden	Parcial
Estandar	14.093959731543626	36.87943262411347	53.65853658536586
Estandar_normalizada	19.130434782608695	37.410071942446045	55.696202531645575
Dialectal	14.093959731543626	36.87943262411347	53.65853658536586
Dialectal_normalizada	19.130434782608695	37.410071942446045	55.696202531645575