Transcripcion	Levenstein	Orden	Parcial
Estandar	44.44444444444444	54.54545454545454	70.0
Estandar_normalizada	64.28571428571428	54.54545454545454	80.0
Dialectal	44.44444444444444	54.54545454545454	70.0
Dialectal_normalizada	64.28571428571428	54.54545454545454	80.0