Transcripcion	Levenstein	Orden	Parcial
Estandar	61.29032258064516	80.0	79.24528301886792
Estandar_normalizada	70.96774193548387	80.0	85.71428571428572
Dialectal	61.29032258064516	80.0	79.24528301886792
Dialectal_normalizada	70.96774193548387	80.0	85.71428571428572