Transcripcion	Levenstein	Orden	Parcial
Estandar	49.497487437185924	72.3948811700183	69.67213114754098
Estandar_normalizada	55.27065527065527	72.79411764705883	75.33039647577093
Dialectal	49.497487437185924	72.3948811700183	69.67213114754098
Dialectal_normalizada	55.27065527065527	72.79411764705883	75.33039647577093