Transcripcion	Levenstein	Orden	Parcial
Estandar	47.05882352941176	84.21052631578947	63.63636363636363
Estandar_normalizada	63.63636363636363	84.21052631578947	85.71428571428572
Dialectal	47.05882352941176	84.21052631578947	63.63636363636363
Dialectal_normalizada	63.63636363636363	84.21052631578947	85.71428571428572