Transcripcion	Levenstein	Orden	Parcial
Estandar	57.78688524590163	72.03791469194313	72.30046948356808
Estandar_normalizada	60.71428571428572	72.03791469194313	76.4423076923077
Dialectal	58.43621399176955	72.68408551068883	73.23943661971832
Dialectal_normalizada	61.43497757847533	72.68408551068883	76.92307692307692