Transcripcion	Levenstein	Orden	Parcial
Estandar	26.66666666666667	42.10526315789473	50.0
Estandar_normalizada	30.76923076923077	42.10526315789473	57.14285714285714
Dialectal	26.66666666666667	42.10526315789473	50.0
Dialectal_normalizada	30.76923076923077	42.10526315789473	57.14285714285714