Transcripcion	Levenstein	Orden	Parcial
Estandar	48.409893992932865	71.02803738317758	66.66666666666667
Estandar_normalizada	53.57142857142857	72.0	76.28865979381443
Dialectal	48.409893992932865	71.02803738317758	66.66666666666667
Dialectal_normalizada	53.57142857142857	72.0	76.28865979381443