Transcripcion	Levenstein	Orden	Parcial
Estandar	50.0	64.51612903225806	63.63636363636363
Estandar_normalizada	56.25	64.51612903225806	70.0
Dialectal	50.0	64.51612903225806	63.63636363636363
Dialectal_normalizada	56.25	64.51612903225806	70.0