Transcripcion	Levenstein	Orden	Parcial
Estandar	72.22222222222221	93.02325581395348	92.6829268292683
Estandar_normalizada	81.25	93.02325581395348	92.6829268292683
Dialectal	72.22222222222221	93.02325581395348	92.6829268292683
Dialectal_normalizada	81.25	93.02325581395348	92.6829268292683