Transcripcion	Levenstein	Orden	Parcial
Estandar	28.205128205128204	61.111111111111114	56.25
Estandar_normalizada	46.42857142857143	62.857142857142854	73.33333333333334
Dialectal	28.205128205128204	61.111111111111114	56.25
Dialectal_normalizada	46.42857142857143	62.857142857142854	73.33333333333334