Transcripcion	Levenstein	Orden	Parcial
Estandar	51.28205128205128	70.37037037037037	73.46938775510203
Estandar_normalizada	64.51612903225806	70.37037037037037	81.4814814814815
Dialectal	51.28205128205128	70.37037037037037	73.46938775510203
Dialectal_normalizada	64.51612903225806	70.37037037037037	81.4814814814815