Transcripcion	Levenstein	Orden	Parcial
Estandar	52.212389380530965	64.86486486486487	66.19718309859155
Estandar_normalizada	69.23076923076923	64.86486486486487	76.47058823529412
Dialectal	52.212389380530965	64.86486486486487	66.19718309859155
Dialectal_normalizada	69.23076923076923	64.86486486486487	76.47058823529412