Transcripcion	Levenstein	Orden	Parcial
Estandar	22.64150943396226	32.432432432432435	39.43661971830986
Estandar_normalizada	20.93023255813954	32.432432432432435	40.625
Dialectal	22.64150943396226	32.432432432432435	39.43661971830986
Dialectal_normalizada	20.93023255813954	32.432432432432435	40.625