Transcripcion	Levenstein	Orden	Parcial
Estandar	79.3103448275862	95.83333333333334	95.83333333333334
Estandar_normalizada	88.46153846153845	95.83333333333334	97.87234042553192
Dialectal	79.3103448275862	95.83333333333334	95.83333333333334
Dialectal_normalizada	88.46153846153845	95.83333333333334	97.87234042553192