Transcripcion	Levenstein	Orden	Parcial
Estandar	56.25	67.58620689655173	75.96899224806202
Estandar_normalizada	66.26506024096386	68.05555555555556	80.62015503875969
Dialectal	56.25	67.58620689655173	75.96899224806202
Dialectal_normalizada	66.26506024096386	68.05555555555556	80.62015503875969