Transcripcion	Levenstein	Orden	Parcial
Estandar	32.3943661971831	60.75949367088608	92.0
Estandar_normalizada	38.70967741935484	61.53846153846154	100.0
Dialectal	32.3943661971831	60.75949367088608	92.0
Dialectal_normalizada	38.70967741935484	61.53846153846154	100.0