Transcripcion	Levenstein	Orden	Parcial
Estandar	64.31718061674009	83.43558282208589	78.66666666666666
Estandar_normalizada	73.9795918367347	83.6923076923077	84.93150684931507
Dialectal	64.31718061674009	83.43558282208589	78.66666666666666
Dialectal_normalizada	73.9795918367347	83.6923076923077	84.93150684931507