Transcripcion	Levenstein	Orden	Parcial
Estandar	9.999999999999998	32.25806451612904	33.333333333333336
Estandar_normalizada	5.882352941176472	32.25806451612904	36.36363636363637
Dialectal	9.999999999999998	32.25806451612904	33.333333333333336
Dialectal_normalizada	5.882352941176472	32.25806451612904	36.36363636363637