Transcripcion	Levenstein	Orden	Parcial
Estandar	29.032258064516125	64.28571428571428	66.66666666666667
Estandar_normalizada	39.13043478260869	64.28571428571428	88.88888888888889
Dialectal	29.032258064516125	64.28571428571428	66.66666666666667
Dialectal_normalizada	39.13043478260869	64.28571428571428	88.88888888888889