Transcripcion	Levenstein	Orden	Parcial
Estandar	26.0	42.666666666666664	43.07692307692308
Estandar_normalizada	25.0	42.666666666666664	44.44444444444444
Dialectal	26.530612244897956	40.54054054054054	43.75
Dialectal_normalizada	25.581395348837212	40.54054054054054	45.16129032258065