Transcripcion	Levenstein	Orden	Parcial
Estandar	6.25	18.181818181818176	37.5
Estandar_normalizada	7.14285714285714	18.181818181818176	42.85714285714286
Dialectal	6.25	18.181818181818176	37.5
Dialectal_normalizada	7.14285714285714	18.181818181818176	42.85714285714286