Transcripcion	Levenstein	Orden	Parcial
Estandar	36.26373626373627	67.3913043478261	72.72727272727273
Estandar_normalizada	43.05555555555556	68.13186813186813	90.625
Dialectal	36.26373626373627	67.3913043478261	72.72727272727273
Dialectal_normalizada	43.05555555555556	68.13186813186813	90.625