Transcripcion	Levenstein	Orden	Parcial
Estandar	47.82608695652174	77.22772277227723	65.21739130434783
Estandar_normalizada	54.92957746478873	78.0	73.80952380952381
Dialectal	47.82608695652174	77.22772277227723	65.21739130434783
Dialectal_normalizada	54.92957746478873	78.0	73.80952380952381