Transcripcion	Levenstein	Orden	Parcial
Estandar	17.59259259259259	32.72727272727273	82.6086956521739
Estandar_normalizada	22.10526315789474	33.02752293577982	82.6086956521739
Dialectal	17.59259259259259	32.72727272727273	82.6086956521739
Dialectal_normalizada	22.10526315789474	33.02752293577982	82.6086956521739