Transcripcion	Levenstein	Orden	Parcial
Estandar	74.77477477477478	89.01408450704226	86.28571428571429
Estandar_normalizada	80.90452261306534	89.26553672316385	91.12426035502959
Dialectal	74.77477477477478	89.01408450704226	86.28571428571429
Dialectal_normalizada	80.90452261306534	89.26553672316385	91.12426035502959