Transcripcion	Levenstein	Orden	Parcial
Estandar	15.254237288135597	33.333333333333336	45.714285714285715
Estandar_normalizada	21.739130434782606	33.9622641509434	56.25
Dialectal	15.254237288135597	33.333333333333336	45.714285714285715
Dialectal_normalizada	21.739130434782606	33.9622641509434	56.25