Transcripcion	Levenstein	Orden	Parcial
Estandar	60.81871345029239	73.33333333333334	62.857142857142854
Estandar_normalizada	67.61904761904762	72.75922671353253	69.37269372693726
Dialectal	60.81871345029239	73.33333333333334	62.857142857142854
Dialectal_normalizada	67.61904761904762	72.75922671353253	69.37269372693726