Transcripcion	Levenstein	Orden	Parcial
Estandar	27.083333333333336	35.29411764705882	48.38709677419355
Estandar_normalizada	25.0	35.29411764705882	50.90909090909091
Dialectal	27.083333333333336	35.29411764705882	48.38709677419355
Dialectal_normalizada	25.0	35.29411764705882	50.90909090909091