Transcripcion	Levenstein	Orden	Parcial
Estandar	21.739130434782606	40.625	57.89473684210527
Estandar_normalizada	24.13793103448276	41.269841269841265	58.33333333333333
Dialectal	21.739130434782606	40.625	57.89473684210527
Dialectal_normalizada	24.13793103448276	41.269841269841265	58.33333333333333