Transcripcion	Levenstein	Orden	Parcial
Estandar	40.0	65.0	64.70588235294117
Estandar_normalizada	45.833333333333336	65.0	64.70588235294117
Dialectal	40.0	65.0	64.70588235294117
Dialectal_normalizada	45.833333333333336	65.0	64.70588235294117