Transcripcion	Levenstein	Orden	Parcial
Estandar	57.33333333333333	74.07407407407408	70.2127659574468
Estandar_normalizada	65.625	74.07407407407408	73.17073170731707
Dialectal	57.33333333333333	74.07407407407408	70.2127659574468
Dialectal_normalizada	65.625	74.07407407407408	73.17073170731707