Transcripcion	Levenstein	Orden	Parcial
Estandar	68.93939393939394	83.63636363636364	77.47747747747748
Estandar_normalizada	73.33333333333334	83.63636363636364	79.24528301886792
Dialectal	68.93939393939394	83.63636363636364	77.47747747747748
Dialectal_normalizada	73.33333333333334	83.63636363636364	79.24528301886792