Transcripcion	Levenstein	Orden	Parcial
Estandar	76.96969696969697	88.48920863309353	83.77358490566039
Estandar_normalizada	82.35294117647058	88.48920863309353	87.02290076335878
Dialectal	76.96969696969697	88.48920863309353	83.77358490566039
Dialectal_normalizada	82.35294117647058	88.48920863309353	87.02290076335878