Transcripcion	Levenstein	Orden	Parcial
Estandar	74.21686746987952	89.44281524926686	81.55038759689923
Estandar_normalizada	80.0	89.5741556534508	85.35825545171339
Dialectal	74.21686746987952	89.44281524926686	81.55038759689923
Dialectal_normalizada	80.0	89.5741556534508	85.35825545171339