Transcripcion	Levenstein	Orden	Parcial
Estandar	38.18181818181819	80.70175438596492	68.18181818181819
Estandar_normalizada	54.761904761904766	82.14285714285714	87.5
Dialectal	38.18181818181819	80.70175438596492	68.18181818181819
Dialectal_normalizada	54.761904761904766	82.14285714285714	87.5