Transcripcion	Levenstein	Orden	Parcial
Estandar	37.83783783783784	73.6842105263158	75.0
Estandar_normalizada	59.25925925925925	73.6842105263158	81.25
Dialectal	37.83783783783784	73.6842105263158	75.0
Dialectal_normalizada	59.25925925925925	73.6842105263158	81.25