Transcripcion	Levenstein	Orden	Parcial
Estandar	23.529411764705888	42.25352112676056	48.484848484848484
Estandar_normalizada	32.55813953488372	42.85714285714286	48.38709677419355
Dialectal	23.529411764705888	42.25352112676056	48.484848484848484
Dialectal_normalizada	32.55813953488372	42.85714285714286	48.38709677419355