Transcripcion	Levenstein	Orden	Parcial
Estandar	55.88235294117647	64.15094339622642	68.96551724137932
Estandar_normalizada	66.66666666666667	64.15094339622642	80.85106382978724
Dialectal	54.54545454545454	65.38461538461539	68.96551724137932
Dialectal_normalizada	68.96551724137932	65.38461538461539	80.85106382978724