Transcripcion	Levenstein	Orden	Parcial
Estandar	63.1578947368421	82.27571115973743	70.28301886792453
Estandar_normalizada	70.47970479704797	82.81938325991189	77.40384615384616
Dialectal	63.1578947368421	82.27571115973743	70.28301886792453
Dialectal_normalizada	70.47970479704797	82.81938325991189	77.40384615384616