Transcripcion	Levenstein	Orden	Parcial
Estandar	45.22292993630573	77.31092436974791	66.96832579185521
Estandar_normalizada	50.73529411764706	76.79324894514767	69.6078431372549
Dialectal	45.51282051282052	77.63713080168777	67.27272727272727
Dialectal_normalizada	51.11111111111111	77.11864406779661	69.95073891625616