Transcripcion	Levenstein	Orden	Parcial
Estandar	55.489964580873675	74.7410358565737	60.77441077441077
Estandar_normalizada	62.68656716417911	75.10008006405124	70.17241379310344
Dialectal	55.225653206650826	74.88	60.94276094276094
Dialectal_normalizada	62.43169398907105	75.2411575562701	70.3448275862069