Transcripcion	Levenstein	Orden	Parcial
Estandar	14.0625	29.411764705882348	51.61290322580645
Estandar_normalizada	16.666666666666664	29.411764705882348	61.53846153846154
Dialectal	14.0625	29.411764705882348	51.61290322580645
Dialectal_normalizada	16.666666666666664	29.411764705882348	61.53846153846154