Transcripcion	Levenstein	Orden	Parcial
Estandar	71.95121951219512	85.07462686567165	85.5072463768116
Estandar_normalizada	79.16666666666666	85.07462686567165	90.22556390977444
Dialectal	71.95121951219512	85.07462686567165	85.5072463768116
Dialectal_normalizada	79.16666666666666	85.07462686567165	90.22556390977444