Transcripcion	Levenstein	Orden	Parcial
Estandar	62.33766233766234	72.07207207207207	69.38775510204081
Estandar_normalizada	71.21212121212122	72.72727272727273	77.08333333333334
Dialectal	62.33766233766234	72.07207207207207	69.38775510204081
Dialectal_normalizada	71.21212121212122	72.72727272727273	77.08333333333334