Transcripcion	Levenstein	Orden	Parcial
Estandar	77.57009345794393	85.1063829787234	82.10526315789474
Estandar_normalizada	83.83838383838383	85.1063829787234	89.24731182795699
Dialectal	77.57009345794393	85.1063829787234	82.10526315789474
Dialectal_normalizada	83.83838383838383	85.1063829787234	89.24731182795699