Transcripcion	Levenstein	Orden	Parcial
Estandar	37.549407114624515	65.09433962264151	62.9156010230179
Estandar_normalizada	42.51012145748988	64.77541371158392	68.1564245810056
Dialectal	37.549407114624515	65.09433962264151	62.9156010230179
Dialectal_normalizada	42.51012145748988	64.77541371158392	68.1564245810056