Transcripcion	Levenstein	Orden	Parcial
Estandar	15.384615384615385	29.824561403508774	37.28813559322034
Estandar_normalizada	15.909090909090907	30.08849557522124	40.74074074074075
Dialectal	15.384615384615385	29.824561403508774	37.28813559322034
Dialectal_normalizada	15.909090909090907	30.08849557522124	40.74074074074075