Transcripcion	Levenstein	Orden	Parcial
Estandar	32.692307692307686	56.91056910569105	67.34693877551021
Estandar_normalizada	39.56043956043956	57.377049180327866	78.04878048780488
Dialectal	32.692307692307686	56.91056910569105	67.34693877551021
Dialectal_normalizada	39.56043956043956	57.377049180327866	78.04878048780488