Transcripcion	Levenstein	Orden	Parcial
Estandar	33.47639484978541	74.90542244640605	62.358276643990926
Estandar_normalizada	42.72517321016166	74.01774397972116	78.27338129496403
Dialectal	33.11827956989247	75.0	61.9750283768445
Dialectal_normalizada	42.72517321016166	74.11167512690355	77.80979827089337