Transcripcion	Levenstein	Orden	Parcial
Estandar	31.25	54.73684210526315	77.14285714285715
Estandar_normalizada	33.333333333333336	54.73684210526315	77.61194029850746
Dialectal	31.25	54.73684210526315	77.14285714285715
Dialectal_normalizada	33.333333333333336	54.73684210526315	77.61194029850746