Transcripcion	Levenstein	Orden	Parcial
Estandar	34.48275862068966	69.56521739130434	51.28205128205128
Estandar_normalizada	45.714285714285715	67.85714285714286	55.91397849462365
Dialectal	34.48275862068966	69.56521739130434	51.28205128205128
Dialectal_normalizada	45.714285714285715	67.85714285714286	55.91397849462365