Transcripcion	Levenstein	Orden	Parcial
Estandar	15.789473684210531	37.142857142857146	34.61538461538461
Estandar_normalizada	19.6078431372549	37.142857142857146	45.45454545454546
Dialectal	15.789473684210531	37.142857142857146	34.61538461538461
Dialectal_normalizada	19.6078431372549	37.142857142857146	45.45454545454546