Transcripcion	Levenstein	Orden	Parcial
Estandar	53.012048192771076	72.1311475409836	78.18181818181819
Estandar_normalizada	59.45945945945945	72.72727272727273	80.73394495412845
Dialectal	53.012048192771076	72.1311475409836	78.18181818181819
Dialectal_normalizada	59.45945945945945	72.72727272727273	80.73394495412845