Transcripcion	Levenstein	Orden	Parcial
Estandar	55.20833333333333	80.66298342541435	66.72597864768683
Estandar_normalizada	61.32879045996593	80.70175438596492	74.40147329650092
Dialectal	54.992548435171386	80.36866359447005	66.72597864768683
Dialectal_normalizada	61.092150170648466	80.40665434380776	74.03314917127072