Transcripcion	Levenstein	Orden	Parcial
Estandar	53.20970042796005	75.7912745936698	65.13105639396346
Estandar_normalizada	61.25000000000001	70.72111207645526	71.24542124542124
Dialectal	50.79825834542815	73.98444252376837	63.46153846153846
Dialectal_normalizada	58.917197452229296	68.8323090430202	70.32967032967032