Transcripcion	Levenstein	Orden	Parcial
Estandar	13.242009132420096	23.86831275720165	88.23529411764706
Estandar_normalizada	13.6150234741784	23.86831275720165	95.23809523809523
Dialectal	13.242009132420096	23.86831275720165	88.23529411764706
Dialectal_normalizada	13.6150234741784	23.86831275720165	95.23809523809523