Transcripcion	Levenstein	Orden	Parcial
Estandar	62.06896551724138	91.13924050632912	82.1917808219178
Estandar_normalizada	75.0	91.13924050632912	88.23529411764706
Dialectal	62.06896551724138	91.13924050632912	82.1917808219178
Dialectal_normalizada	75.0	91.13924050632912	88.23529411764706