Transcripcion	Levenstein	Orden	Parcial
Estandar	57.03422053231939	79.79274611398964	66.85393258426966
Estandar_normalizada	64.37768240343348	80.20833333333334	71.51162790697674
Dialectal	56.10687022900763	78.96103896103897	65.73033707865167
Dialectal_normalizada	63.36206896551724	79.37336814621409	70.93023255813952