Transcripcion	Levenstein	Orden	Parcial
Estandar	60.384615384615394	74.35897435897436	72.22222222222221
Estandar_normalizada	67.96536796536796	74.22680412371135	78.23529411764706
Dialectal	59.68992248062015	74.74226804123711	71.11111111111111
Dialectal_normalizada	67.24890829694323	74.61139896373057	76.92307692307692