Transcripcion	Levenstein	Orden	Parcial
Estandar	5.05050505050505	9.137055837563457	52.94117647058824
Estandar_normalizada	5.882352941176472	9.137055837563457	69.23076923076923
Dialectal	5.05050505050505	9.137055837563457	52.94117647058824
Dialectal_normalizada	5.882352941176472	9.137055837563457	69.23076923076923