Transcripcion	Levenstein	Orden	Parcial
Estandar	4.6875	10.606060606060607	63.63636363636363
Estandar_normalizada	6.399999999999995	10.606060606060607	94.11764705882352
Dialectal	4.6875	10.606060606060607	63.63636363636363
Dialectal_normalizada	6.399999999999995	10.606060606060607	94.11764705882352