Transcripcion	Levenstein	Orden	Parcial
Estandar	52.666666666666664	67.76859504132231	75.21367521367522
Estandar_normalizada	59.71223021582735	67.76859504132231	82.62910798122066
Dialectal	52.666666666666664	67.76859504132231	75.21367521367522
Dialectal_normalizada	59.71223021582735	67.76859504132231	82.62910798122066