Transcripcion	Levenstein	Orden	Parcial
Estandar	44.80874316939891	70.28985507246377	57.01754385964912
Estandar_normalizada	50.0	69.81818181818183	64.39393939393939
Dialectal	45.05494505494505	69.81818181818183	56.73758865248226
Dialectal_normalizada	50.318471337579616	69.34306569343065	65.15151515151516