Transcripcion	Levenstein	Orden	Parcial
Estandar	49.209486166007906	73.95577395577395	62.0253164556962
Estandar_normalizada	53.98230088495575	73.98273736128237	68.71794871794872
Dialectal	48.80952380952381	73.89162561576354	61.85044359949303
Dialectal_normalizada	53.55555555555556	73.91841779975279	68.97435897435898