Transcripcion	Levenstein	Orden	Parcial
Estandar	67.0	85.55555555555556	86.85714285714286
Estandar_normalizada	76.28865979381443	85.55555555555556	93.33333333333333
Dialectal	67.0	85.55555555555556	86.85714285714286
Dialectal_normalizada	76.28865979381443	85.55555555555556	93.33333333333333