Transcripcion	Levenstein	Orden	Parcial
Estandar	48.38709677419355	69.04761904761905	64.70588235294117
Estandar_normalizada	55.55555555555556	69.04761904761905	69.6969696969697
Dialectal	48.38709677419355	69.04761904761905	64.70588235294117
Dialectal_normalizada	55.55555555555556	69.04761904761905	69.6969696969697