Transcripcion	Levenstein	Orden	Parcial
Estandar	41.666666666666664	69.6969696969697	67.16417910447761
Estandar_normalizada	50.64935064935065	70.33639143730888	74.43609022556392
Dialectal	41.666666666666664	69.6969696969697	67.16417910447761
Dialectal_normalizada	50.64935064935065	70.33639143730888	74.43609022556392