Transcripcion	Levenstein	Orden	Parcial
Estandar	12.5	22.22222222222222	22.22222222222222
Estandar_normalizada	14.28571428571429	22.22222222222222	66.66666666666667
Dialectal	12.5	22.22222222222222	22.22222222222222
Dialectal_normalizada	14.28571428571429	22.22222222222222	66.66666666666667