Transcripcion	Levenstein	Orden	Parcial
Estandar	37.980769230769226	62.5	71.94244604316546
Estandar_normalizada	44.11764705882353	62.68656716417911	78.03030303030303
Dialectal	37.980769230769226	62.5	71.94244604316546
Dialectal_normalizada	44.11764705882353	62.68656716417911	78.03030303030303