Transcripcion	Levenstein	Orden	Parcial
Estandar	48.57142857142858	84.21052631578947	73.6842105263158
Estandar_normalizada	72.0	84.21052631578947	88.88888888888889
Dialectal	48.57142857142858	84.21052631578947	73.6842105263158
Dialectal_normalizada	72.0	84.21052631578947	88.88888888888889