Transcripcion	Levenstein	Orden	Parcial
Estandar	52.979274611398964	70.19064124783363	66.9921875
Estandar_normalizada	57.67045454545454	70.67014795474326	70.40816326530613
Dialectal	52.48691099476439	70.15706806282722	66.6015625
Dialectal_normalizada	57.18390804597702	70.63978965819457	69.73415132924336