Transcripcion	Levenstein	Orden	Parcial
Estandar	71.69811320754718	63.829787234042556	75.55555555555556
Estandar_normalizada	72.54901960784314	63.829787234042556	76.19047619047619
Dialectal	71.69811320754718	63.829787234042556	75.55555555555556
Dialectal_normalizada	72.54901960784314	63.829787234042556	76.19047619047619