Transcripcion	Levenstein	Orden	Parcial
Estandar	39.13043478260869	62.33766233766234	55.42168674698795
Estandar_normalizada	53.84615384615385	62.33766233766234	72.46376811594203
Dialectal	39.13043478260869	62.33766233766234	55.42168674698795
Dialectal_normalizada	53.84615384615385	62.33766233766234	72.46376811594203