Transcripcion	Levenstein	Orden	Parcial
Estandar	21.333333333333336	37.5	39.39393939393939
Estandar_normalizada	28.358208955223883	37.5	51.515151515151516
Dialectal	21.333333333333336	37.5	39.39393939393939
Dialectal_normalizada	28.358208955223883	37.5	51.515151515151516