Transcripcion	Levenstein	Orden	Parcial
Estandar	37.03703703703704	52.94117647058824	81.81818181818181
Estandar_normalizada	36.0	52.94117647058824	90.0
Dialectal	37.03703703703704	52.94117647058824	81.81818181818181
Dialectal_normalizada	36.0	52.94117647058824	90.0