Transcripcion	Levenstein	Orden	Parcial
Estandar	13.310580204778155	30.82191780821918	38.888888888888886
Estandar_normalizada	16.26984126984127	31.833910034602077	44.776119402985074
Dialectal	13.44827586206897	31.141868512110726	38.888888888888886
Dialectal_normalizada	16.465863453815267	32.16783216783217	46.26865671641791