Transcripcion	Levenstein	Orden	Parcial
Estandar	3.8961038961038974	8.571428571428575	33.333333333333336
Estandar_normalizada	4.285714285714281	8.695652173913048	33.333333333333336
Dialectal	3.8961038961038974	8.571428571428575	33.333333333333336
Dialectal_normalizada	4.285714285714281	8.695652173913048	33.333333333333336