Transcripcion	Levenstein	Orden	Parcial
Estandar	49.71428571428571	54.12541254125413	69.01960784313725
Estandar_normalizada	51.461988304093566	54.12541254125413	72.5
Dialectal	48.57142857142858	53.820598006644516	67.98418972332017
Dialectal_normalizada	50.29239766081872	53.820598006644516	71.42857142857143