Transcripcion	Levenstein	Orden	Parcial
Estandar	67.79661016949152	80.3921568627451	81.13207547169812
Estandar_normalizada	77.35849056603774	80.3921568627451	87.12871287128714
Dialectal	67.79661016949152	80.3921568627451	81.13207547169812
Dialectal_normalizada	77.35849056603774	80.3921568627451	87.12871287128714