Transcripcion	Levenstein	Orden	Parcial
Estandar	52.27272727272727	68.14814814814815	82.14285714285714
Estandar_normalizada	57.31707317073172	68.14814814814815	82.14285714285714
Dialectal	52.27272727272727	68.14814814814815	82.14285714285714
Dialectal_normalizada	57.31707317073172	68.14814814814815	82.14285714285714