Transcripcion	Levenstein	Orden	Parcial
Estandar	57.49999999999999	72.72727272727273	70.4225352112676
Estandar_normalizada	60.0	72.72727272727273	78.125
Dialectal	57.49999999999999	72.72727272727273	70.4225352112676
Dialectal_normalizada	60.0	72.72727272727273	78.125