Transcripcion	Levenstein	Orden	Parcial
Estandar	13.636363636363635	32.432432432432435	28.57142857142857
Estandar_normalizada	14.28571428571429	32.432432432432435	33.333333333333336
Dialectal	13.636363636363635	32.432432432432435	28.57142857142857
Dialectal_normalizada	14.28571428571429	32.432432432432435	33.333333333333336