Transcripcion	Levenstein	Orden	Parcial
Estandar	73.00653594771242	85.01602564102564	76.52892561983471
Estandar_normalizada	80.31723143475126	85.1063829787234	83.4319526627219
Dialectal	72.79267495094834	84.72945891783567	76.40728476821192
Dialectal_normalizada	80.08658008658008	84.81927710843374	83.26289095519866