Transcripcion	Levenstein	Orden	Parcial
Estandar	65.0874635568513	77.74846086191732	69.18819188191883
Estandar_normalizada	70.84664536741214	78.41059602649007	76.85873605947955
Dialectal	64.51612903225806	77.22859664607238	69.18819188191883
Dialectal_normalizada	70.09646302250803	77.71377935312361	76.85873605947955