Transcripcion	Levenstein	Orden	Parcial
Estandar	63.793103448275865	90.47619047619048	84.21052631578947
Estandar_normalizada	76.0	90.47619047619048	85.33333333333333
Dialectal	63.793103448275865	90.47619047619048	84.21052631578947
Dialectal_normalizada	76.0	90.47619047619048	85.33333333333333