Transcripcion	Levenstein	Orden	Parcial
Estandar	19.64285714285714	29.268292682926834	34.883720930232556
Estandar_normalizada	19.565217391304344	32.098765432098766	38.55421686746988
Dialectal	19.64285714285714	29.268292682926834	34.883720930232556
Dialectal_normalizada	19.565217391304344	32.098765432098766	38.55421686746988