Transcripcion	Levenstein	Orden	Parcial
Estandar	66.32302405498281	75.92592592592592	76.2278978388998
Estandar_normalizada	74.6615087040619	75.4639175257732	82.71604938271605
Dialectal	65.63039723661485	75.54179566563468	75.83497053045187
Dialectal_normalizada	73.92996108949417	75.0775594622544	82.3045267489712