Transcripcion	Levenstein	Orden	Parcial
Estandar	87.27272727272728	96.90721649484536	89.79591836734694
Estandar_normalizada	92.15686274509804	96.90721649484536	93.75
Dialectal	87.27272727272728	96.90721649484536	89.79591836734694
Dialectal_normalizada	92.15686274509804	96.90721649484536	93.75