Transcripcion	Levenstein	Orden	Parcial
Estandar	22.22222222222222	58.33333333333333	60.0
Estandar_normalizada	40.0	58.33333333333333	82.35294117647058
Dialectal	22.22222222222222	58.33333333333333	60.0
Dialectal_normalizada	40.0	58.33333333333333	82.35294117647058