Transcripcion	Levenstein	Orden	Parcial
Estandar	67.01030927835052	74.84662576687117	78.26086956521739
Estandar_normalizada	73.44632768361582	75.07692307692308	83.22580645161291
Dialectal	64.92146596858639	73.6842105263158	77.63975155279503
Dialectal_normalizada	71.26436781609196	73.91304347826086	82.08469055374593