Transcripcion	Levenstein	Orden	Parcial
Estandar	22.22222222222222	35.89743589743589	41.269841269841265
Estandar_normalizada	22.22222222222222	35.89743589743589	42.622950819672134
Dialectal	22.22222222222222	35.89743589743589	41.269841269841265
Dialectal_normalizada	22.22222222222222	35.89743589743589	42.622950819672134