Transcripcion	Levenstein	Orden	Parcial
Estandar	50.0	75.0	66.66666666666667
Estandar_normalizada	73.52941176470588	75.0	82.14285714285714
Dialectal	50.0	75.0	66.66666666666667
Dialectal_normalizada	73.52941176470588	75.0	82.14285714285714