Transcripcion	Levenstein	Orden	Parcial
Estandar	59.523809523809526	75.75757575757575	81.81818181818181
Estandar_normalizada	72.22222222222221	75.75757575757575	84.84848484848484
Dialectal	59.523809523809526	75.75757575757575	81.81818181818181
Dialectal_normalizada	72.22222222222221	75.75757575757575	84.84848484848484