Transcripcion	Levenstein	Orden	Parcial
Estandar	65.37102473498233	78.61507128309573	76.13412228796844
Estandar_normalizada	72.08413001912047	78.61507128309573	80.83333333333333
Dialectal	65.37102473498233	78.61507128309573	76.13412228796844
Dialectal_normalizada	72.08413001912047	78.61507128309573	80.83333333333333