Transcripcion	Levenstein	Orden	Parcial
Estandar	14.28571428571429	40.0	33.333333333333336
Estandar_normalizada	25.0	40.0	44.44444444444444
Dialectal	14.28571428571429	40.0	33.333333333333336
Dialectal_normalizada	25.0	40.0	44.44444444444444