Transcripcion	Levenstein	Orden	Parcial
Estandar	72.7735368956743	83.97163120567376	80.75880758807588
Estandar_normalizada	79.50138504155125	83.3095577746077	89.9425287356322
Dialectal	73.07692307692308	84.33048433048434	81.03683492496589
Dialectal_normalizada	79.77839335180055	82.23495702005731	90.33189033189034