Transcripcion	Levenstein	Orden	Parcial
Estandar	63.51522842639594	77.49419953596288	70.76677316293929
Estandar_normalizada	69.25770308123249	77.66990291262135	75.79983593109105
Dialectal	63.5092180546726	77.50677506775068	70.84664536741214
Dialectal_normalizada	69.19298245614036	77.68273716951788	75.91300779647108