Transcripcion	Levenstein	Orden	Parcial
Estandar	67.12121212121211	78.23665893271462	69.83669548511047
Estandar_normalizada	72.78056951423785	78.4186046511628	76.92307692307692
Dialectal	66.7933130699088	78.01022780102278	69.7406340057637
Dialectal_normalizada	72.43697478991596	78.19198508853682	76.72583826429981