Transcripcion	Levenstein	Orden	Parcial
Estandar	63.0	74.12587412587412	79.41176470588236
Estandar_normalizada	72.09302325581395	74.12587412587412	85.0
Dialectal	63.0	74.12587412587412	79.41176470588236
Dialectal_normalizada	72.09302325581395	74.12587412587412	85.0