Transcripcion	Levenstein	Orden	Parcial
Estandar	29.230769230769226	50.48543689320388	44.859813084112155
Estandar_normalizada	40.67796610169492	50.98039215686274	53.333333333333336
Dialectal	29.230769230769226	50.48543689320388	44.859813084112155
Dialectal_normalizada	40.67796610169492	50.98039215686274	53.333333333333336