Transcripcion	Levenstein	Orden	Parcial
Estandar	9.708737864077666	21.276595744680847	35.71428571428571
Estandar_normalizada	12.5	21.505376344086024	43.75
Dialectal	9.708737864077666	21.276595744680847	35.71428571428571
Dialectal_normalizada	12.5	21.505376344086024	43.75