Transcripcion	Levenstein	Orden	Parcial
Estandar	70.37643207855973	80.38461538461539	79.0
Estandar_normalizada	75.61837455830388	80.61716489874638	82.4847250509165
Dialectal	69.96699669966998	80.19323671497585	79.0
Dialectal_normalizada	75.22281639928698	80.42635658914729	82.89205702647658