Transcripcion	Levenstein	Orden	Parcial
Estandar	43.333333333333336	61.728395061728406	70.58823529411764
Estandar_normalizada	49.01960784313726	62.5	75.0
Dialectal	43.333333333333336	61.728395061728406	70.58823529411764
Dialectal_normalizada	49.01960784313726	62.5	75.0