Transcripcion	Levenstein	Orden	Parcial
Estandar	63.793103448275865	89.02439024390245	77.10843373493977
Estandar_normalizada	77.08333333333334	89.02439024390245	85.71428571428572
Dialectal	63.793103448275865	89.02439024390245	77.10843373493977
Dialectal_normalizada	77.08333333333334	89.02439024390245	85.71428571428572