Transcripcion	Levenstein	Orden	Parcial
Estandar	44.44444444444444	59.375	59.25925925925925
Estandar_normalizada	55.55555555555556	53.968253968253975	74.50980392156863
Dialectal	44.44444444444444	59.375	59.25925925925925
Dialectal_normalizada	55.55555555555556	53.968253968253975	74.50980392156863