Transcripcion	Levenstein	Orden	Parcial
Estandar	67.45454545454545	83.6325237592397	76.17107942973523
Estandar_normalizada	74.9003984063745	83.6325237592397	82.61802575107296
Dialectal	67.21311475409837	82.87526427061312	76.17107942973523
Dialectal_normalizada	74.6506986027944	82.87526427061312	82.61802575107296