Transcripcion	Levenstein	Orden	Parcial
Estandar	47.72727272727273	47.76119402985075	58.62068965517242
Estandar_normalizada	52.5	47.76119402985075	64.28571428571428
Dialectal	47.72727272727273	47.76119402985075	58.62068965517242
Dialectal_normalizada	52.5	47.76119402985075	64.28571428571428