Transcripcion	Levenstein	Orden	Parcial
Estandar	34.375	47.05882352941176	48.0
Estandar_normalizada	39.28571428571429	47.05882352941176	54.16666666666667
Dialectal	34.375	47.05882352941176	48.0
Dialectal_normalizada	39.28571428571429	47.05882352941176	54.16666666666667