Transcripcion	Levenstein	Orden	Parcial
Estandar	34.78260869565217	48.484848484848484	61.53846153846154
Estandar_normalizada	38.095238095238095	48.484848484848484	61.53846153846154
Dialectal	34.78260869565217	48.484848484848484	61.53846153846154
Dialectal_normalizada	38.095238095238095	48.484848484848484	61.53846153846154