Transcripcion	Levenstein	Orden	Parcial
Estandar	45.45454545454546	56.25	68.96551724137932
Estandar_normalizada	50.0	56.25	73.07692307692308
Dialectal	45.45454545454546	56.25	68.96551724137932
Dialectal_normalizada	50.0	56.25	73.07692307692308