Transcripcion	Levenstein	Orden	Parcial
Estandar	55.873925501432666	73.30960854092527	69.7080291970803
Estandar_normalizada	62.17948717948718	73.79679144385027	75.0
Dialectal	55.202312138728324	72.98747763864043	68.97810218978103
Dialectal_normalizada	61.48867313915858	73.47670250896057	74.62121212121212