Transcripcion	Levenstein	Orden	Parcial
Estandar	46.808510638297875	75.0	75.0
Estandar_normalizada	58.97435897435898	75.0	76.92307692307692
Dialectal	46.808510638297875	75.0	75.0
Dialectal_normalizada	58.97435897435898	75.0	76.92307692307692