Transcripcion	Levenstein	Orden	Parcial
Estandar	5.882352941176472	16.000000000000004	19.999999999999996
Estandar_normalizada	5.882352941176472	16.000000000000004	23.529411764705888
Dialectal	5.882352941176472	16.000000000000004	19.999999999999996
Dialectal_normalizada	5.882352941176472	16.000000000000004	23.529411764705888