Transcripcion	Levenstein	Orden	Parcial
Estandar	50.0	63.33333333333333	60.71428571428572
Estandar_normalizada	58.82352941176471	63.33333333333333	60.86956521739131
Dialectal	50.0	63.33333333333333	60.71428571428572
Dialectal_normalizada	58.82352941176471	63.33333333333333	60.86956521739131