Transcripcion	Levenstein	Orden	Parcial
Estandar	41.93548387096774	43.13725490196079	61.53846153846154
Estandar_normalizada	48.14814814814815	43.13725490196079	65.3061224489796
Dialectal	41.93548387096774	43.13725490196079	61.53846153846154
Dialectal_normalizada	48.14814814814815	43.13725490196079	65.3061224489796