Transcripcion	Levenstein	Orden	Parcial
Estandar	28.57142857142857	40.0	44.44444444444444
Estandar_normalizada	25.0	40.0	44.44444444444444
Dialectal	28.57142857142857	40.0	44.44444444444444
Dialectal_normalizada	25.0	40.0	44.44444444444444