Transcripcion	Levenstein	Orden	Parcial
Estandar	34.285714285714285	78.57142857142857	73.33333333333334
Estandar_normalizada	47.82608695652174	78.57142857142857	85.71428571428572
Dialectal	34.285714285714285	78.57142857142857	73.33333333333334
Dialectal_normalizada	47.82608695652174	78.57142857142857	85.71428571428572