Transcripcion	Levenstein	Orden	Parcial
Estandar	55.73122529644269	76.07052896725442	67.3076923076923
Estandar_normalizada	65.13761467889908	76.07052896725442	77.04081632653062
Dialectal	55.73122529644269	76.07052896725442	67.3076923076923
Dialectal_normalizada	65.13761467889908	76.07052896725442	77.04081632653062