Transcripcion	Levenstein	Orden	Parcial
Estandar	37.2093023255814	58.06451612903225	72.0
Estandar_normalizada	41.02564102564102	58.06451612903225	72.0
Dialectal	37.2093023255814	58.06451612903225	72.0
Dialectal_normalizada	41.02564102564102	58.06451612903225	72.0