Transcripcion	Levenstein	Orden	Parcial
Estandar	64.00625978090767	75.25114155251141	73.53463587921847
Estandar_normalizada	69.19104991394148	75.3199268738574	78.66419294990723
Dialectal	64.00625978090767	75.25114155251141	73.53463587921847
Dialectal_normalizada	69.19104991394148	75.3199268738574	78.66419294990723