Transcripcion	Levenstein	Orden	Parcial
Estandar	67.41214057507987	83.10355883295928	72.0959595959596
Estandar_normalizada	73.37278106508876	82.96438883541867	78.81578947368422
Dialectal	67.19999999999999	82.99101412066751	71.96969696969697
Dialectal_normalizada	73.14759928867814	82.85163776493256	78.6842105263158