Transcripcion	Levenstein	Orden	Parcial
Estandar	45.45454545454546	77.61194029850746	60.86956521739131
Estandar_normalizada	57.77777777777777	77.61194029850746	70.58823529411764
Dialectal	45.45454545454546	77.61194029850746	60.86956521739131
Dialectal_normalizada	57.77777777777777	77.61194029850746	70.58823529411764