Transcripcion	Levenstein	Orden	Parcial
Estandar	67.90123456790124	85.03937007874016	80.64516129032258
Estandar_normalizada	75.71428571428571	82.53968253968253	88.33333333333333
Dialectal	67.90123456790124	85.03937007874016	80.64516129032258
Dialectal_normalizada	75.71428571428571	82.53968253968253	88.33333333333333