Transcripcion	Levenstein	Orden	Parcial
Estandar	53.65853658536586	69.42148760330579	58.14977973568283
Estandar_normalizada	57.24137931034483	68.87966804979253	62.5
Dialectal	53.65853658536586	69.42148760330579	58.14977973568283
Dialectal_normalizada	57.24137931034483	68.87966804979253	62.5