Transcripcion	Levenstein	Orden	Parcial
Estandar	77.5	94.11764705882352	92.53731343283582
Estandar_normalizada	87.5	94.11764705882352	95.52238805970148
Dialectal	77.5	94.11764705882352	92.53731343283582
Dialectal_normalizada	87.5	94.11764705882352	95.52238805970148