Transcripcion	Levenstein	Orden	Parcial
Estandar	67.26422447388933	86.9250645994832	72.45444801714898
Estandar_normalizada	75.17857142857143	86.95652173913044	78.61915367483296
Dialectal	67.26422447388933	86.9250645994832	72.45444801714898
Dialectal_normalizada	75.17857142857143	86.95652173913044	78.61915367483296