Transcripcion	Levenstein	Orden	Parcial
Estandar	0.0	12.903225806451612	0.0
Estandar_normalizada	5.405405405405405	13.33333333333333	100.0
Dialectal	0.0	12.903225806451612	0.0
Dialectal_normalizada	5.405405405405405	13.33333333333333	100.0