Transcripcion	Levenstein	Orden	Parcial
Estandar	42.666666666666664	66.66666666666667	80.59701492537313
Estandar_normalizada	50.40650406504066	67.05882352941177	87.3015873015873
Dialectal	42.666666666666664	66.66666666666667	80.59701492537313
Dialectal_normalizada	50.40650406504066	67.05882352941177	87.3015873015873