Transcripcion	Levenstein	Orden	Parcial
Estandar	31.818181818181824	45.614035087719294	68.42105263157895
Estandar_normalizada	34.14634146341463	45.614035087719294	83.87096774193549
Dialectal	31.818181818181824	45.614035087719294	68.42105263157895
Dialectal_normalizada	34.14634146341463	45.614035087719294	83.87096774193549