Transcripcion	Levenstein	Orden	Parcial
Estandar	5.128205128205132	35.71428571428571	25.0
Estandar_normalizada	11.111111111111116	37.03703703703704	36.36363636363637
Dialectal	5.128205128205132	35.71428571428571	25.0
Dialectal_normalizada	11.111111111111116	37.03703703703704	36.36363636363637