Transcripcion	Levenstein	Orden	Parcial
Estandar	52.79503105590062	70.49808429118774	81.42292490118577
Estandar_normalizada	60.264900662251655	70.49808429118774	86.72566371681415
Dialectal	52.79503105590062	70.49808429118774	81.42292490118577
Dialectal_normalizada	60.264900662251655	70.49808429118774	86.72566371681415