Transcripcion	Levenstein	Orden	Parcial
Estandar	15.441176470588236	29.729729729729726	45.714285714285715
Estandar_normalizada	17.647058823529417	31.292517006802722	45.714285714285715
Dialectal	15.441176470588236	29.729729729729726	45.714285714285715
Dialectal_normalizada	17.647058823529417	31.292517006802722	45.714285714285715