Transcripcion	Levenstein	Orden	Parcial
Estandar	18.181818181818176	15.384615384615385	44.44444444444444
Estandar_normalizada	12.5	15.384615384615385	30.76923076923077
Dialectal	18.181818181818176	15.384615384615385	44.44444444444444
Dialectal_normalizada	12.5	15.384615384615385	30.76923076923077