Transcripcion	Levenstein	Orden	Parcial
Estandar	18.181818181818176	13.33333333333333	35.29411764705882
Estandar_normalizada	19.999999999999996	13.33333333333333	46.15384615384615
Dialectal	18.181818181818176	13.33333333333333	35.29411764705882
Dialectal_normalizada	19.999999999999996	13.33333333333333	46.15384615384615