Transcripcion	Levenstein	Orden	Parcial
Estandar	34.756097560975604	58.03108808290156	54.43037974683544
Estandar_normalizada	40.74074074074075	58.33333333333333	59.45945945945945
Dialectal	34.756097560975604	58.03108808290156	54.43037974683544
Dialectal_normalizada	40.74074074074075	58.33333333333333	59.45945945945945