Transcripcion	Levenstein	Orden	Parcial
Estandar	44.26229508196722	77.14285714285715	93.10344827586206
Estandar_normalizada	53.06122448979591	78.26086956521739	94.73684210526316
Dialectal	44.26229508196722	77.14285714285715	93.10344827586206
Dialectal_normalizada	53.06122448979591	78.26086956521739	94.73684210526316