Transcripcion	Levenstein	Orden	Parcial
Estandar	76.77852348993288	89.0272373540856	81.5668202764977
Estandar_normalizada	82.69794721407624	89.0272373540856	87.34177215189874
Dialectal	76.77852348993288	89.0272373540856	81.5668202764977
Dialectal_normalizada	82.69794721407624	89.0272373540856	87.34177215189874