Transcripcion	Levenstein	Orden	Parcial
Estandar	79.03930131004367	87.30964467005076	84.21052631578947
Estandar_normalizada	85.02415458937197	87.30964467005076	90.86294416243655
Dialectal	79.03930131004367	87.30964467005076	84.21052631578947
Dialectal_normalizada	85.02415458937197	87.30964467005076	90.86294416243655