Transcripcion	Levenstein	Orden	Parcial
Estandar	71.42857142857143	69.29133858267717	80.0
Estandar_normalizada	82.35294117647058	69.29133858267717	85.71428571428572
Dialectal	71.42857142857143	69.29133858267717	80.0
Dialectal_normalizada	82.35294117647058	69.29133858267717	85.71428571428572