Transcripcion	Levenstein	Orden	Parcial
Estandar	74.35897435897436	85.49618320610686	78.78787878787878
Estandar_normalizada	84.28571428571429	85.49618320610686	89.23076923076923
Dialectal	74.35897435897436	85.49618320610686	78.78787878787878
Dialectal_normalizada	84.28571428571429	85.49618320610686	89.23076923076923