Transcripcion	Levenstein	Orden	Parcial
Estandar	73.19148936170212	81.46341463414635	84.61538461538461
Estandar_normalizada	79.90654205607477	81.46341463414635	89.43488943488943
Dialectal	73.19148936170212	81.46341463414635	84.61538461538461
Dialectal_normalizada	79.90654205607477	81.46341463414635	89.43488943488943