Transcripcion	Levenstein	Orden	Parcial
Estandar	0.09636232233196651	0.10139416983523386	60.0
Estandar_normalizada	0.07608419984783676	0.10139416983523386	100.0
Dialectal	0.09636232233196651	0.10139416983523386	60.0
Dialectal_normalizada	0.07608419984783676	0.10139416983523386	100.0