Transcripcion	Levenstein	Orden	Parcial
Estandar	8.163265306122447	25.64102564102564	21.052631578947366
Estandar_normalizada	19.354838709677423	27.027027027027028	42.85714285714286
Dialectal	8.163265306122447	25.64102564102564	21.052631578947366
Dialectal_normalizada	19.354838709677423	27.027027027027028	42.85714285714286