Transcripcion	Levenstein	Orden	Parcial
Estandar	60.67415730337078	79.69924812030075	87.8048780487805
Estandar_normalizada	70.88607594936708	80.3030303030303	92.3076923076923
Dialectal	60.67415730337078	79.69924812030075	87.8048780487805
Dialectal_normalizada	70.88607594936708	80.3030303030303	92.3076923076923