Transcripcion	Levenstein	Orden	Parcial
Estandar	52.94117647058824	78.37837837837837	65.46762589928056
Estandar_normalizada	61.142857142857146	78.91156462585033	75.55555555555556
Dialectal	52.94117647058824	78.37837837837837	65.46762589928056
Dialectal_normalizada	61.142857142857146	78.91156462585033	75.55555555555556