Transcripcion	Levenstein	Orden	Parcial
Estandar	54.36893203883495	75.69444444444444	66.42335766423358
Estandar_normalizada	63.95348837209303	75.9581881533101	72.8
Dialectal	54.36893203883495	75.69444444444444	66.42335766423358
Dialectal_normalizada	63.95348837209303	75.9581881533101	72.8