Transcripcion	Levenstein	Orden	Parcial
Estandar	28.57142857142857	83.33333333333334	66.66666666666667
Estandar_normalizada	55.55555555555556	83.33333333333334	100.0
Dialectal	28.57142857142857	83.33333333333334	66.66666666666667
Dialectal_normalizada	55.55555555555556	83.33333333333334	100.0