Transcripcion	Levenstein	Orden	Parcial
Estandar	66.53225806451613	79.57559681697613	68.14404432132963
Estandar_normalizada	71.55963302752293	79.57559681697613	72.98850574712642
Dialectal	66.53225806451613	79.57559681697613	68.14404432132963
Dialectal_normalizada	71.55963302752293	79.57559681697613	72.98850574712642