Transcripcion	Levenstein	Orden	Parcial
Estandar	62.769580022701476	79.05759162303664	74.1444866920152
Estandar_normalizada	69.375	78.81967213114754	81.77083333333334
Dialectal	62.769580022701476	79.05759162303664	74.1444866920152
Dialectal_normalizada	69.375	78.81967213114754	81.77083333333334