Transcripcion	Levenstein	Orden	Parcial
Estandar	74.92625368731564	93.47826086956522	82.5925925925926
Estandar_normalizada	82.89473684210526	93.64791288566244	88.63636363636364
Dialectal	74.92625368731564	93.47826086956522	82.5925925925926
Dialectal_normalizada	82.89473684210526	93.64791288566244	88.63636363636364