Transcripcion	Levenstein	Orden	Parcial
Estandar	73.95833333333333	89.74358974358975	87.5
Estandar_normalizada	81.87134502923976	90.03215434083602	91.21621621621621
Dialectal	73.95833333333333	89.74358974358975	87.5
Dialectal_normalizada	81.87134502923976	90.03215434083602	91.21621621621621