Transcripcion	Levenstein	Orden	Parcial
Estandar	42.666666666666664	71.42857142857143	63.888888888888886
Estandar_normalizada	51.69491525423729	71.42857142857143	69.11764705882352
Dialectal	42.666666666666664	71.42857142857143	63.888888888888886
Dialectal_normalizada	51.69491525423729	71.42857142857143	69.11764705882352