Transcripcion	Levenstein	Orden	Parcial
Estandar	19.047619047619047	60.0	55.55555555555556
Estandar_normalizada	33.333333333333336	60.0	62.5
Dialectal	19.047619047619047	60.0	55.55555555555556
Dialectal_normalizada	33.333333333333336	60.0	62.5