Transcripcion	Levenstein	Orden	Parcial
Estandar	80.0	96.0	97.22222222222221
Estandar_normalizada	87.8048780487805	96.0	97.22222222222221
Dialectal	80.0	96.0	97.22222222222221
Dialectal_normalizada	87.8048780487805	96.0	97.22222222222221