Transcripcion	Levenstein	Orden	Parcial
Estandar	60.273972602739725	66.10169491525424	70.6896551724138
Estandar_normalizada	64.61538461538461	66.10169491525424	75.43859649122807
Dialectal	60.273972602739725	66.10169491525424	70.6896551724138
Dialectal_normalizada	64.61538461538461	66.10169491525424	75.43859649122807