Transcripcion	Levenstein	Orden	Parcial
Estandar	79.41176470588236	100.0	96.42857142857143
Estandar_normalizada	93.33333333333333	100.0	100.0
Dialectal	79.41176470588236	100.0	96.42857142857143
Dialectal_normalizada	93.33333333333333	100.0	100.0