Transcripcion	Levenstein	Orden	Parcial
Estandar	80.64516129032258	89.52380952380953	83.01886792452831
Estandar_normalizada	87.5	89.52380952380953	90.38461538461539
Dialectal	80.64516129032258	89.52380952380953	83.01886792452831
Dialectal_normalizada	87.5	89.52380952380953	90.38461538461539