Transcripcion	Levenstein	Orden	Parcial
Estandar	73.05389221556887	88.15672306322351	81.46067415730337
Estandar_normalizada	80.0	88.31400535236395	86.76056338028168
Dialectal	73.27327327327326	88.31400535236395	81.46067415730337
Dialectal_normalizada	80.2610114192496	88.47184986595174	86.76056338028168