Transcripcion	Levenstein	Orden	Parcial
Estandar	37.40458015267175	72.86821705426357	69.23076923076923
Estandar_normalizada	47.524752475247524	74.01574803149606	75.0
Dialectal	37.40458015267175	72.86821705426357	69.23076923076923
Dialectal_normalizada	47.524752475247524	74.01574803149606	75.0