Transcripcion	Levenstein	Orden	Parcial
Estandar	31.481481481481477	43.333333333333336	55.55555555555556
Estandar_normalizada	40.42553191489362	44.067796610169495	68.75
Dialectal	31.481481481481477	43.333333333333336	55.55555555555556
Dialectal_normalizada	40.42553191489362	44.067796610169495	68.75