Transcripcion	Levenstein	Orden	Parcial
Estandar	7.692307692307687	27.77777777777778	21.42857142857143
Estandar_normalizada	17.85714285714286	35.29411764705882	43.47826086956522
Dialectal	7.692307692307687	27.77777777777778	21.42857142857143
Dialectal_normalizada	17.85714285714286	35.29411764705882	43.47826086956522