Transcripcion	Levenstein	Orden	Parcial
Estandar	73.6842105263158	100.0	90.0
Estandar_normalizada	90.625	100.0	96.55172413793103
Dialectal	73.6842105263158	100.0	90.0
Dialectal_normalizada	90.625	100.0	96.55172413793103