Transcripcion	Levenstein	Orden	Parcial
Estandar	50.7399577167019	76.875	68.75
Estandar_normalizada	58.2716049382716	76.65615141955836	76.97841726618705
Dialectal	50.63291139240506	76.75507020280811	68.40277777777779
Dialectal_normalizada	58.128078817733986	76.53543307086615	76.97841726618705