Transcripcion	Levenstein	Orden	Parcial
Estandar	50.0	80.0	71.42857142857143
Estandar_normalizada	57.14285714285714	80.0	80.0
Dialectal	50.0	80.0	71.42857142857143
Dialectal_normalizada	57.14285714285714	80.0	80.0