Transcripcion	Levenstein	Orden	Parcial
Estandar	53.84615384615385	64.15094339622642	75.0
Estandar_normalizada	60.60606060606061	64.15094339622642	82.6086956521739
Dialectal	53.84615384615385	64.15094339622642	75.0
Dialectal_normalizada	60.60606060606061	64.15094339622642	82.6086956521739