Transcripcion	Levenstein	Orden	Parcial
Estandar	69.23076923076923	70.76923076923076	81.15942028985508
Estandar_normalizada	71.42857142857143	70.76923076923076	85.24590163934427
Dialectal	69.23076923076923	70.76923076923076	81.15942028985508
Dialectal_normalizada	71.42857142857143	70.76923076923076	85.24590163934427