Transcripcion	Levenstein	Orden	Parcial
Estandar	47.78761061946902	71.7948717948718	81.25
Estandar_normalizada	59.79381443298969	72.72727272727273	85.48387096774194
Dialectal	47.78761061946902	71.7948717948718	81.25
Dialectal_normalizada	59.79381443298969	72.72727272727273	85.48387096774194