Transcripcion	Levenstein	Orden	Parcial
Estandar	73.38129496402878	88.78923766816143	82.6923076923077
Estandar_normalizada	78.74015748031495	88.78923766816143	85.29411764705883
Dialectal	73.38129496402878	88.78923766816143	82.6923076923077
Dialectal_normalizada	78.74015748031495	88.78923766816143	85.29411764705883