Transcripcion	Levenstein	Orden	Parcial
Estandar	0.0	19.999999999999996	0.0
Estandar_normalizada	7.692307692307687	22.22222222222222	50.0
Dialectal	0.0	19.999999999999996	0.0
Dialectal_normalizada	7.692307692307687	22.22222222222222	50.0