Transcripcion	Levenstein	Orden	Parcial
Estandar	64.82479784366578	83.80462724935734	74.82638888888889
Estandar_normalizada	73.6923076923077	83.53344768439108	81.81818181818181
Dialectal	64.09214092140921	83.57695614789338	74.47916666666667
Dialectal_normalizada	72.91021671826626	83.30464716006884	81.28342245989305