Transcripcion	Levenstein	Orden	Parcial
Estandar	69.62616822429906	78.88888888888889	78.23529411764706
Estandar_normalizada	74.74747474747474	78.88888888888889	82.97213622291022
Dialectal	69.62616822429906	78.88888888888889	78.23529411764706
Dialectal_normalizada	74.74747474747474	78.88888888888889	82.97213622291022