Transcripcion	Levenstein	Orden	Parcial
Estandar	78.92857142857143	90.07851534618129	82.7683615819209
Estandar_normalizada	86.64021164021165	90.07851534618129	89.48905109489051
Dialectal	78.78426698450536	89.28571428571429	82.62711864406779
Dialectal_normalizada	86.49006622516556	89.28571428571429	89.48905109489051