Transcripcion	Levenstein	Orden	Parcial
Estandar	76.34408602150538	85.13513513513513	83.33333333333334
Estandar_normalizada	84.33734939759037	85.13513513513513	87.14285714285714
Dialectal	76.34408602150538	85.13513513513513	83.33333333333334
Dialectal_normalizada	84.33734939759037	85.13513513513513	87.14285714285714