Transcripcion	Levenstein	Orden	Parcial
Estandar	31.57894736842105	65.78947368421053	72.0
Estandar_normalizada	40.32258064516129	67.56756756756756	76.0
Dialectal	31.57894736842105	65.78947368421053	72.0
Dialectal_normalizada	40.32258064516129	67.56756756756756	76.0