Transcripcion	Levenstein	Orden	Parcial
Estandar	90.74074074074075	90.0	94.0
Estandar_normalizada	92.3076923076923	90.0	93.87755102040816
Dialectal	90.74074074074075	90.0	94.0
Dialectal_normalizada	92.3076923076923	90.0	93.87755102040816