Transcripcion	Levenstein	Orden	Parcial
Estandar	62.083333333333336	77.77777777777779	84.0677966101695
Estandar_normalizada	68.72037914691943	78.23529411764706	86.57718120805369
Dialectal	62.083333333333336	77.77777777777779	84.0677966101695
Dialectal_normalizada	68.72037914691943	78.23529411764706	86.57718120805369