Transcripcion	Levenstein	Orden	Parcial
Estandar	63.33333333333333	90.79754601226993	79.2207792207792
Estandar_normalizada	76.28865979381443	91.35802469135803	89.1891891891892
Dialectal	63.33333333333333	90.79754601226993	79.2207792207792
Dialectal_normalizada	76.28865979381443	91.35802469135803	89.1891891891892