Transcripcion	Levenstein	Orden	Parcial
Estandar	62.41830065359477	78.64693446088795	65.90909090909092
Estandar_normalizada	69.62962962962963	79.14893617021276	74.17840375586854
Dialectal	62.41830065359477	78.64693446088795	65.90909090909092
Dialectal_normalizada	69.62962962962963	79.14893617021276	74.17840375586854