Transcripcion	Levenstein	Orden	Parcial
Estandar	41.40625	67.08860759493672	55.55555555555556
Estandar_normalizada	49.691358024691354	67.37288135593221	65.93406593406593
Dialectal	41.40625	67.08860759493672	55.55555555555556
Dialectal_normalizada	49.691358024691354	67.37288135593221	65.93406593406593