Transcripcion	Levenstein	Orden	Parcial
Estandar	69.88727858293076	83.57628765792032	75.53398058252428
Estandar_normalizada	75.57522123893806	83.57628765792032	80.48780487804879
Dialectal	69.88727858293076	83.57628765792032	75.53398058252428
Dialectal_normalizada	75.57522123893806	83.57628765792032	80.48780487804879