Transcripcion	Levenstein	Orden	Parcial
Estandar	40.87301587301587	55.68445475638051	62.93333333333333
Estandar_normalizada	46.37096774193549	55.348837209302324	67.81609195402298
Dialectal	40.87301587301587	55.68445475638051	62.93333333333333
Dialectal_normalizada	46.37096774193549	55.348837209302324	67.81609195402298