Transcripcion	Levenstein	Orden	Parcial
Estandar	80.68181818181819	92.94117647058823	92.94117647058823
Estandar_normalizada	85.0574712643678	92.94117647058823	90.47619047619048
Dialectal	80.68181818181819	92.94117647058823	92.94117647058823
Dialectal_normalizada	85.0574712643678	92.94117647058823	90.47619047619048