Transcripcion	Levenstein	Orden	Parcial
Estandar	30.76923076923077	36.36363636363637	44.99999999999999
Estandar_normalizada	28.000000000000004	36.36363636363637	47.36842105263158
Dialectal	30.76923076923077	36.36363636363637	44.99999999999999
Dialectal_normalizada	28.000000000000004	36.36363636363637	47.36842105263158