Transcripcion	Levenstein	Orden	Parcial
Estandar	58.18181818181818	84.54545454545455	87.12871287128714
Estandar_normalizada	68.84057971014492	84.93150684931507	93.81443298969072
Dialectal	58.18181818181818	84.54545454545455	87.12871287128714
Dialectal_normalizada	68.84057971014492	84.93150684931507	93.81443298969072