Transcripcion	Levenstein	Orden	Parcial
Estandar	44.99999999999999	73.15010570824525	56.21890547263681
Estandar_normalizada	54.15384615384615	72.49466950959489	63.49206349206349
Dialectal	44.99999999999999	73.15010570824525	56.21890547263681
Dialectal_normalizada	54.15384615384615	72.49466950959489	63.49206349206349