Transcripcion	Levenstein	Orden	Parcial
Estandar	39.02439024390244	63.08724832214765	52.94117647058824
Estandar_normalizada	49.0	63.94557823129252	59.45945945945945
Dialectal	39.02439024390244	63.08724832214765	52.94117647058824
Dialectal_normalizada	49.0	63.94557823129252	59.45945945945945