Transcripcion	Levenstein	Orden	Parcial
Estandar	64.02877697841727	85.71428571428572	87.05882352941177
Estandar_normalizada	72.58064516129032	86.1244019138756	88.62275449101796
Dialectal	64.02877697841727	85.71428571428572	87.05882352941177
Dialectal_normalizada	72.58064516129032	86.1244019138756	88.62275449101796