Transcripcion	Levenstein	Orden	Parcial
Estandar	71.77033492822966	78.44155844155844	82.5
Estandar_normalizada	76.14213197969544	78.44155844155844	84.1025641025641
Dialectal	71.63461538461539	78.64583333333334	82.70676691729324
Dialectal_normalizada	76.14213197969544	78.64583333333334	84.02061855670104