Transcripcion	Levenstein	Orden	Parcial
Estandar	75.14792899408285	91.57509157509158	85.49618320610686
Estandar_normalizada	83.00653594771241	91.57509157509158	89.0625
Dialectal	75.14792899408285	91.57509157509158	85.49618320610686
Dialectal_normalizada	83.00653594771241	91.57509157509158	89.0625