Transcripcion	Levenstein	Orden	Parcial
Estandar	57.36434108527132	74.11167512690355	88.23529411764706
Estandar_normalizada	63.55932203389831	73.46938775510203	89.1566265060241
Dialectal	57.36434108527132	74.11167512690355	88.23529411764706
Dialectal_normalizada	63.55932203389831	73.46938775510203	89.1566265060241