Transcripcion	Levenstein	Orden	Parcial
Estandar	7.692307692307687	33.9622641509434	25.0
Estandar_normalizada	19.999999999999996	27.450980392156865	36.0
Dialectal	7.692307692307687	33.9622641509434	25.0
Dialectal_normalizada	19.999999999999996	27.450980392156865	36.0