Transcripcion	Levenstein	Orden	Parcial
Estandar	62.5	70.83333333333333	84.44444444444444
Estandar_normalizada	67.85714285714286	70.83333333333333	86.36363636363636
Dialectal	62.5	70.83333333333333	84.44444444444444
Dialectal_normalizada	67.85714285714286	70.83333333333333	86.36363636363636