Transcripcion	Levenstein	Orden	Parcial
Estandar	55.00000000000001	82.21343873517787	76.72413793103449
Estandar_normalizada	62.264150943396224	82.53968253968253	82.2429906542056
Dialectal	55.00000000000001	82.21343873517787	76.72413793103449
Dialectal_normalizada	62.264150943396224	82.53968253968253	82.2429906542056