Transcripcion	Levenstein	Orden	Parcial
Estandar	73.01587301587303	89.23076923076923	78.0
Estandar_normalizada	83.78378378378379	90.72164948453609	85.71428571428572
Dialectal	73.01587301587303	89.23076923076923	78.0
Dialectal_normalizada	83.78378378378379	90.72164948453609	85.71428571428572