Transcripcion	Levenstein	Orden	Parcial
Estandar	31.353135313531354	61.25000000000001	63.07692307692307
Estandar_normalizada	38.12949640287769	60.25104602510461	69.34097421203438
Dialectal	31.353135313531354	61.25000000000001	63.07692307692307
Dialectal_normalizada	38.12949640287769	60.25104602510461	69.34097421203438