Transcripcion	Levenstein	Orden	Parcial
Estandar	14.28571428571429	34.48275862068966	33.333333333333336
Estandar_normalizada	18.75	34.48275862068966	39.28571428571429
Dialectal	14.28571428571429	34.48275862068966	33.333333333333336
Dialectal_normalizada	18.75	34.48275862068966	39.28571428571429