Transcripcion	Levenstein	Orden	Parcial
Estandar	72.17391304347827	86.4963503649635	76.35009310986965
Estandar_normalizada	78.64077669902912	86.4963503649635	80.93385214007782
Dialectal	72.17391304347827	86.4963503649635	76.35009310986965
Dialectal_normalizada	78.64077669902912	86.4963503649635	80.93385214007782