Transcripcion	Levenstein	Orden	Parcial
Estandar	41.42857142857142	54.73684210526315	69.87951807228916
Estandar_normalizada	45.90163934426229	55.319148936170215	74.35897435897436
Dialectal	41.42857142857142	54.73684210526315	69.87951807228916
Dialectal_normalizada	45.90163934426229	55.319148936170215	74.35897435897436