Transcripcion	Levenstein	Orden	Parcial
Estandar	76.62337662337663	80.0	79.36507936507937
Estandar_normalizada	81.69014084507043	80.0	82.64462809917356
Dialectal	76.62337662337663	80.0	79.36507936507937
Dialectal_normalizada	81.69014084507043	80.0	82.64462809917356