Transcripcion	Levenstein	Orden	Parcial
Estandar	63.8095238095238	83.43558282208589	87.65432098765432
Estandar_normalizada	73.62637362637363	83.43558282208589	91.02564102564102
Dialectal	63.8095238095238	83.43558282208589	87.65432098765432
Dialectal_normalizada	73.62637362637363	83.43558282208589	91.02564102564102