Transcripcion	Levenstein	Orden	Parcial
Estandar	19.999999999999996	28.57142857142857	40.0
Estandar_normalizada	14.28571428571429	28.57142857142857	46.15384615384615
Dialectal	19.999999999999996	28.57142857142857	40.0
Dialectal_normalizada	14.28571428571429	28.57142857142857	46.15384615384615