Transcripcion	Levenstein	Orden	Parcial
Estandar	58.0246913580247	69.44444444444444	71.7948717948718
Estandar_normalizada	60.0	69.44444444444444	72.6027397260274
Dialectal	58.0246913580247	69.44444444444444	71.7948717948718
Dialectal_normalizada	60.0	69.44444444444444	72.6027397260274