Transcripcion	Levenstein	Orden	Parcial
Estandar	64.15970287836583	78.83040935672514	73.93483709273183
Estandar_normalizada	68.83248730964466	78.87653598595669	78.10880829015544
Dialectal	64.02609506057782	79.01524032825323	73.93483709273183
Dialectal_normalizada	68.70540265035679	79.06158357771261	78.10880829015544