Transcripcion	Levenstein	Orden	Parcial
Estandar	25.0	37.2093023255814	39.13043478260869
Estandar_normalizada	26.923076923076927	37.2093023255814	46.15384615384615
Dialectal	25.0	37.2093023255814	39.13043478260869
Dialectal_normalizada	26.923076923076927	37.2093023255814	46.15384615384615