Transcripcion	Levenstein	Orden	Parcial
Estandar	42.85714285714286	52.17391304347826	66.66666666666667
Estandar_normalizada	45.04504504504504	52.17391304347826	68.42105263157895
Dialectal	42.85714285714286	52.17391304347826	66.66666666666667
Dialectal_normalizada	45.04504504504504	52.17391304347826	68.42105263157895