Transcripcion	Levenstein	Orden	Parcial
Estandar	55.140186915887845	72.61146496815287	81.81818181818181
Estandar_normalizada	60.82474226804124	72.61146496815287	84.61538461538461
Dialectal	55.140186915887845	72.61146496815287	81.81818181818181
Dialectal_normalizada	60.82474226804124	72.61146496815287	84.61538461538461