Transcripcion	Levenstein	Orden	Parcial
Estandar	16.666666666666664	40.0	47.61904761904761
Estandar_normalizada	21.212121212121215	41.17647058823529	57.14285714285714
Dialectal	16.666666666666664	40.0	47.61904761904761
Dialectal_normalizada	21.212121212121215	41.17647058823529	57.14285714285714