Transcripcion	Levenstein	Orden	Parcial
Estandar	61.6	72.66313932980599	69.0335305719921
Estandar_normalizada	69.81707317073172	73.6283185840708	73.78277153558052
Dialectal	61.6	72.66313932980599	69.0335305719921
Dialectal_normalizada	69.81707317073172	73.6283185840708	73.78277153558052