Transcripcion	Levenstein	Orden	Parcial
Estandar	31.182795698924725	47.76119402985075	42.10526315789473
Estandar_normalizada	34.93975903614458	47.76119402985075	50.0
Dialectal	31.182795698924725	47.76119402985075	42.10526315789473
Dialectal_normalizada	34.93975903614458	47.76119402985075	50.0