Transcripcion	Levenstein	Orden	Parcial
Estandar	38.94736842105263	66.05504587155964	67.44186046511628
Estandar_normalizada	48.71794871794872	66.66666666666667	76.19047619047619
Dialectal	38.94736842105263	66.05504587155964	67.44186046511628
Dialectal_normalizada	48.71794871794872	66.66666666666667	76.19047619047619