Transcripcion	Levenstein	Orden	Parcial
Estandar	62.698412698412696	77.29980145598941	71.91298784388995
Estandar_normalizada	66.5	77.6673293571902	76.72872340425532
Dialectal	62.698412698412696	77.29980145598941	71.91298784388995
Dialectal_normalizada	66.5	77.6673293571902	76.72872340425532