Transcripcion	Levenstein	Orden	Parcial
Estandar	77.08333333333334	97.43589743589743	82.5
Estandar_normalizada	90.47619047619048	97.43589743589743	92.3076923076923
Dialectal	77.08333333333334	97.43589743589743	82.5
Dialectal_normalizada	90.47619047619048	97.43589743589743	92.3076923076923