Transcripcion	Levenstein	Orden	Parcial
Estandar	61.49732620320856	71.72413793103448	70.1492537313433
Estandar_normalizada	66.66666666666667	71.72413793103448	76.33587786259541
Dialectal	61.49732620320856	71.72413793103448	70.1492537313433
Dialectal_normalizada	66.66666666666667	71.72413793103448	76.33587786259541