Transcripcion	Levenstein	Orden	Parcial
Estandar	65.88235294117646	80.60686015831135	75.3004005340454
Estandar_normalizada	71.54761904761905	80.5023132848645	80.3030303030303
Dialectal	65.91639871382637	80.44914134742405	75.56742323097463
Dialectal_normalizada	71.71837708830549	80.34414295168763	80.3030303030303