Transcripcion	Levenstein	Orden	Parcial
Estandar	48.51485148514851	65.83850931677019	58.46153846153845
Estandar_normalizada	51.61290322580645	65.83850931677019	61.29032258064516
Dialectal	48.51485148514851	65.83850931677019	58.46153846153845
Dialectal_normalizada	51.61290322580645	65.83850931677019	61.29032258064516