Transcripcion	Levenstein	Orden	Parcial
Estandar	5.000000000000004	34.78260869565217	19.999999999999996
Estandar_normalizada	18.75	27.27272727272727	36.36363636363637
Dialectal	5.000000000000004	34.78260869565217	19.999999999999996
Dialectal_normalizada	18.75	27.27272727272727	36.36363636363637