Transcripcion	Levenstein	Orden	Parcial
Estandar	17.714285714285715	31.06796116504854	61.904761904761905
Estandar_normalizada	17.964071856287422	31.06796116504854	65.0
Dialectal	17.714285714285715	31.06796116504854	61.904761904761905
Dialectal_normalizada	17.964071856287422	31.06796116504854	65.0