Transcripcion	Levenstein	Orden	Parcial
Estandar	48.39743589743589	71.19341563786008	61.53846153846154
Estandar_normalizada	52.89855072463768	70.66115702479338	67.54385964912281
Dialectal	48.39743589743589	71.19341563786008	61.53846153846154
Dialectal_normalizada	52.89855072463768	70.66115702479338	67.54385964912281