Transcripcion	Levenstein	Orden	Parcial
Estandar	53.84615384615385	68.18181818181819	71.42857142857143
Estandar_normalizada	58.33333333333333	68.18181818181819	78.94736842105263
Dialectal	53.84615384615385	68.18181818181819	71.42857142857143
Dialectal_normalizada	58.33333333333333	68.18181818181819	78.94736842105263