Transcripcion	Levenstein	Orden	Parcial
Estandar	16.666666666666664	41.53846153846153	42.3728813559322
Estandar_normalizada	18.42105263157895	41.860465116279066	45.45454545454546
Dialectal	16.666666666666664	41.53846153846153	42.3728813559322
Dialectal_normalizada	18.42105263157895	41.860465116279066	45.45454545454546