Transcripcion	Levenstein	Orden	Parcial
Estandar	18.181818181818176	44.44444444444444	40.625
Estandar_normalizada	24.193548387096776	44.99999999999999	48.0
Dialectal	18.181818181818176	44.44444444444444	40.625
Dialectal_normalizada	24.193548387096776	44.99999999999999	48.0