Transcripcion	Levenstein	Orden	Parcial
Estandar	17.391304347826086	20.68965517241379	38.888888888888886
Estandar_normalizada	19.54022988505747	19.130434782608695	43.333333333333336
Dialectal	17.391304347826086	20.68965517241379	38.888888888888886
Dialectal_normalizada	19.54022988505747	19.130434782608695	43.333333333333336