Transcripcion	Levenstein	Orden	Parcial
Estandar	54.54545454545454	70.39999999999999	67.85714285714286
Estandar_normalizada	61.33333333333333	70.96774193548387	70.37037037037037
Dialectal	52.87356321839081	69.35483870967742	67.85714285714286
Dialectal_normalizada	59.45945945945945	69.91869918699187	70.37037037037037