Transcripcion	Levenstein	Orden	Parcial
Estandar	14.28571428571429	31.372549019607842	87.5
Estandar_normalizada	16.000000000000004	31.372549019607842	87.5
Dialectal	14.28571428571429	31.372549019607842	87.5
Dialectal_normalizada	16.000000000000004	31.372549019607842	87.5