Transcripcion	Levenstein	Orden	Parcial
Estandar	54.5774647887324	68.29268292682926	63.47826086956522
Estandar_normalizada	61.044176706827315	68.75	71.42857142857143
Dialectal	54.5774647887324	68.29268292682926	63.47826086956522
Dialectal_normalizada	61.044176706827315	68.75	71.42857142857143