Transcripcion	Levenstein	Orden	Parcial
Estandar	62.44541484716157	86.13569321533923	72.7891156462585
Estandar_normalizada	70.85427135678393	86.64688427299703	81.0126582278481
Dialectal	62.44541484716157	86.13569321533923	72.7891156462585
Dialectal_normalizada	70.85427135678393	86.64688427299703	81.0126582278481