Transcripcion	Levenstein	Orden	Parcial
Estandar	60.37735849056604	86.02150537634408	82.90155440414509
Estandar_normalizada	68.04123711340206	86.02150537634408	90.3954802259887
Dialectal	60.37735849056604	86.02150537634408	82.90155440414509
Dialectal_normalizada	68.04123711340206	86.02150537634408	90.3954802259887