Transcripcion	Levenstein	Orden	Parcial
Estandar	39.89071038251366	59.82142857142857	57.77777777777777
Estandar_normalizada	46.103896103896105	59.45945945945945	63.2183908045977
Dialectal	39.89071038251366	59.82142857142857	57.77777777777777
Dialectal_normalizada	46.103896103896105	59.45945945945945	63.2183908045977