Transcripcion	Levenstein	Orden	Parcial
Estandar	62.7906976744186	68.57142857142857	78.78787878787878
Estandar_normalizada	71.7948717948718	68.57142857142857	78.78787878787878
Dialectal	62.7906976744186	68.57142857142857	78.78787878787878
Dialectal_normalizada	71.7948717948718	68.57142857142857	78.78787878787878