Transcripcion	Levenstein	Orden	Parcial
Estandar	13.793103448275868	30.508474576271183	39.02439024390244
Estandar_normalizada	16.326530612244895	31.034482758620683	46.666666666666664
Dialectal	13.793103448275868	30.508474576271183	39.02439024390244
Dialectal_normalizada	16.326530612244895	31.034482758620683	46.666666666666664