Transcripcion	Levenstein	Orden	Parcial
Estandar	4.878048780487809	6.451612903225811	19.999999999999996
Estandar_normalizada	2.941176470588236	6.451612903225811	33.333333333333336
Dialectal	4.878048780487809	6.451612903225811	19.999999999999996
Dialectal_normalizada	2.941176470588236	6.451612903225811	33.333333333333336