Transcripcion	Levenstein	Orden	Parcial
Estandar	68.42105263157895	80.64516129032258	89.28571428571429
Estandar_normalizada	69.44444444444444	80.64516129032258	88.88888888888889
Dialectal	68.42105263157895	80.64516129032258	89.28571428571429
Dialectal_normalizada	69.44444444444444	80.64516129032258	88.88888888888889