Transcripcion	Levenstein	Orden	Parcial
Estandar	60.526315789473685	75.0	72.07792207792207
Estandar_normalizada	67.2514619883041	75.0	76.92307692307692
Dialectal	60.526315789473685	75.0	72.07792207792207
Dialectal_normalizada	67.2514619883041	75.0	76.92307692307692