Transcripcion	Levenstein	Orden	Parcial
Estandar	51.58730158730158	68.06282722513089	69.87951807228916
Estandar_normalizada	57.798165137614674	67.36842105263158	74.85380116959064
Dialectal	51.58730158730158	68.06282722513089	69.87951807228916
Dialectal_normalizada	57.798165137614674	67.36842105263158	74.85380116959064