Transcripcion	Levenstein	Orden	Parcial
Estandar	16.44144144144144	28.355387523629496	37.010676156583635
Estandar_normalizada	18.632075471698116	28.409090909090907	44.052863436123346
Dialectal	16.44144144144144	28.355387523629496	37.010676156583635
Dialectal_normalizada	18.632075471698116	28.409090909090907	44.052863436123346