Transcripcion	Levenstein	Orden	Parcial
Estandar	79.48717948717949	95.23809523809523	86.66666666666667
Estandar_normalizada	85.71428571428572	95.23809523809523	88.13559322033898
Dialectal	79.48717948717949	95.23809523809523	86.66666666666667
Dialectal_normalizada	85.71428571428572	95.23809523809523	88.13559322033898