Transcripcion	Levenstein	Orden	Parcial
Estandar	63.33333333333333	91.30434782608697	82.6086956521739
Estandar_normalizada	76.92307692307692	91.30434782608697	90.9090909090909
Dialectal	63.33333333333333	91.30434782608697	82.6086956521739
Dialectal_normalizada	76.92307692307692	91.30434782608697	90.9090909090909