Transcripcion	Levenstein	Orden	Parcial
Estandar	55.319148936170215	68.11594202898551	68.65671641791045
Estandar_normalizada	68.83116883116884	65.69343065693431	82.08955223880598
Dialectal	55.319148936170215	68.11594202898551	68.65671641791045
Dialectal_normalizada	68.83116883116884	65.69343065693431	82.08955223880598