Transcripcion	Levenstein	Orden	Parcial
Estandar	64.0	74.69879518072288	83.5820895522388
Estandar_normalizada	66.66666666666667	74.69879518072288	87.87878787878788
Dialectal	64.0	74.69879518072288	83.5820895522388
Dialectal_normalizada	66.66666666666667	74.69879518072288	87.87878787878788