Transcripcion	Levenstein	Orden	Parcial
Estandar	46.808510638297875	75.55555555555556	69.76744186046511
Estandar_normalizada	53.125	77.27272727272727	76.47058823529412
Dialectal	46.808510638297875	75.55555555555556	69.76744186046511
Dialectal_normalizada	53.125	77.27272727272727	76.47058823529412