Transcripcion	Levenstein	Orden	Parcial
Estandar	66.66666666666667	77.37226277372262	72.85714285714286
Estandar_normalizada	77.02702702702703	77.37226277372262	83.82352941176471
Dialectal	66.66666666666667	77.37226277372262	72.85714285714286
Dialectal_normalizada	77.02702702702703	77.37226277372262	83.82352941176471