Transcripcion	Levenstein	Orden	Parcial
Estandar	17.213114754098356	39.189189189189186	34.285714285714285
Estandar_normalizada	25.96153846153846	38.35616438356164	40.0
Dialectal	17.213114754098356	39.189189189189186	34.285714285714285
Dialectal_normalizada	25.96153846153846	38.35616438356164	40.0