Transcripcion	Levenstein	Orden	Parcial
Estandar	40.800000000000004	48.70466321243523	58.69565217391304
Estandar_normalizada	45.28301886792453	50.0	59.77011494252873
Dialectal	40.800000000000004	48.70466321243523	58.69565217391304
Dialectal_normalizada	45.28301886792453	50.0	59.77011494252873