Transcripcion	Levenstein	Orden	Parcial
Estandar	42.91044776119403	61.53846153846154	54.60526315789473
Estandar_normalizada	49.1304347826087	61.31805157593123	63.44827586206896
Dialectal	43.51145038167938	62.60869565217391	54.60526315789473
Dialectal_normalizada	49.55357142857143	62.390670553935855	64.82758620689654