Transcripcion	Levenstein	Orden	Parcial
Estandar	68.24324324324324	82.25108225108225	70.79646017699115
Estandar_normalizada	75.39682539682539	82.96943231441047	79.82456140350878
Dialectal	68.24324324324324	82.25108225108225	70.79646017699115
Dialectal_normalizada	75.39682539682539	82.96943231441047	79.82456140350878