Transcripcion	Levenstein	Orden	Parcial
Estandar	60.093896713615024	72.89719626168225	64.98194945848375
Estandar_normalizada	64.8936170212766	73.125	68.94197952218431
Dialectal	60.37735849056604	73.125	65.21739130434783
Dialectal_normalizada	65.24064171122994	73.35423197492163	69.38775510204081