Transcripcion	Levenstein	Orden	Parcial
Estandar	19.999999999999996	33.333333333333336	37.28813559322034
Estandar_normalizada	17.948717948717952	33.333333333333336	40.0
Dialectal	19.999999999999996	33.333333333333336	37.28813559322034
Dialectal_normalizada	17.948717948717952	33.333333333333336	40.0