Transcripcion	Levenstein	Orden	Parcial
Estandar	5.0847457627118615	9.090909090909093	60.0
Estandar_normalizada	4.1666666666666625	9.302325581395355	50.0
Dialectal	5.0847457627118615	9.090909090909093	60.0
Dialectal_normalizada	4.1666666666666625	9.302325581395355	50.0