Transcripcion	Levenstein	Orden	Parcial
Estandar	34.40860215053764	56.65236051502146	53.535353535353536
Estandar_normalizada	42.307692307692314	57.391304347826086	62.365591397849464
Dialectal	34.40860215053764	56.65236051502146	53.535353535353536
Dialectal_normalizada	42.307692307692314	57.391304347826086	62.365591397849464