Transcripcion	Levenstein	Orden	Parcial
Estandar	67.74193548387098	74.50980392156863	81.4814814814815
Estandar_normalizada	81.4814814814815	74.50980392156863	88.46153846153845
Dialectal	67.74193548387098	74.50980392156863	81.4814814814815
Dialectal_normalizada	81.4814814814815	74.50980392156863	88.46153846153845