Transcripcion	Levenstein	Orden	Parcial
Estandar	51.546391752577314	78.01418439716312	61.53846153846154
Estandar_normalizada	60.97560975609756	78.57142857142857	71.875
Dialectal	51.546391752577314	78.01418439716312	61.53846153846154
Dialectal_normalizada	60.97560975609756	78.57142857142857	71.875