Transcripcion	Levenstein	Orden	Parcial
Estandar	55.27426160337553	72.26890756302521	69.94047619047619
Estandar_normalizada	62.52983293556086	72.75280898876404	74.14330218068537
Dialectal	55.27426160337553	72.26890756302521	69.94047619047619
Dialectal_normalizada	62.52983293556086	72.75280898876404	74.14330218068537