Transcripcion	Levenstein	Orden	Parcial
Estandar	42.608695652173914	57.692307692307686	59.154929577464785
Estandar_normalizada	50.0	58.06451612903225	71.64179104477613
Dialectal	42.608695652173914	57.692307692307686	59.154929577464785
Dialectal_normalizada	50.0	58.06451612903225	71.64179104477613