Transcripcion	Levenstein	Orden	Parcial
Estandar	7.692307692307687	20.588235294117652	30.76923076923077
Estandar_normalizada	11.111111111111116	21.53846153846154	50.0
Dialectal	7.692307692307687	20.588235294117652	30.76923076923077
Dialectal_normalizada	11.111111111111116	21.53846153846154	50.0