Transcripcion	Levenstein	Orden	Parcial
Estandar	12.903225806451612	42.553191489361694	32.98969072164949
Estandar_normalizada	14.814814814814813	40.86021505376344	36.58536585365854
Dialectal	12.903225806451612	42.553191489361694	32.98969072164949
Dialectal_normalizada	14.814814814814813	40.86021505376344	36.58536585365854