Transcripcion	Levenstein	Orden	Parcial
Estandar	72.22222222222221	80.0	78.78787878787878
Estandar_normalizada	76.47058823529412	80.0	81.25
Dialectal	72.22222222222221	80.0	78.78787878787878
Dialectal_normalizada	76.47058823529412	80.0	81.25