Transcripcion	Levenstein	Orden	Parcial
Estandar	40.0	77.77777777777779	70.0
Estandar_normalizada	54.54545454545454	77.77777777777779	82.35294117647058
Dialectal	40.0	77.77777777777779	70.0
Dialectal_normalizada	54.54545454545454	77.77777777777779	82.35294117647058