Transcripcion	Levenstein	Orden	Parcial
Estandar	61.44578313253012	66.10169491525424	72.56637168141593
Estandar_normalizada	64.7887323943662	66.10169491525424	75.47169811320755
Dialectal	61.44578313253012	66.10169491525424	72.56637168141593
Dialectal_normalizada	64.7887323943662	66.10169491525424	75.47169811320755