Transcripcion	Levenstein	Orden	Parcial
Estandar	30.76923076923077	43.18181818181818	56.86274509803921
Estandar_normalizada	32.8125	42.285714285714285	66.66666666666667
Dialectal	30.76923076923077	43.18181818181818	56.86274509803921
Dialectal_normalizada	32.8125	42.285714285714285	66.66666666666667