Transcripcion	Levenstein	Orden	Parcial
Estandar	44.31818181818182	61.111111111111114	59.57446808510638
Estandar_normalizada	52.05479452054795	61.68224299065421	68.18181818181819
Dialectal	44.31818181818182	61.111111111111114	59.57446808510638
Dialectal_normalizada	52.05479452054795	61.68224299065421	68.18181818181819