Transcripcion	Levenstein	Orden	Parcial
Estandar	26.415094339622648	32.18390804597702	41.666666666666664
Estandar_normalizada	27.6595744680851	32.18390804597702	44.776119402985074
Dialectal	26.415094339622648	32.18390804597702	41.666666666666664
Dialectal_normalizada	27.6595744680851	32.18390804597702	44.776119402985074