Transcripcion	Levenstein	Orden	Parcial
Estandar	21.052631578947366	37.93103448275862	37.2093023255814
Estandar_normalizada	20.588235294117652	37.93103448275862	38.46153846153846
Dialectal	21.052631578947366	37.93103448275862	37.2093023255814
Dialectal_normalizada	20.588235294117652	37.93103448275862	38.46153846153846