Transcripcion	Levenstein	Orden	Parcial
Estandar	46.51162790697675	57.57575757575757	64.15094339622642
Estandar_normalizada	51.28205128205128	57.57575757575757	64.0
Dialectal	46.51162790697675	57.57575757575757	64.15094339622642
Dialectal_normalizada	51.28205128205128	57.57575757575757	64.0