Transcripcion	Levenstein	Orden	Parcial
Estandar	12.195121951219512	22.857142857142854	42.85714285714286
Estandar_normalizada	12.5	23.529411764705888	40.0
Dialectal	12.195121951219512	22.857142857142854	42.85714285714286
Dialectal_normalizada	12.5	23.529411764705888	40.0