Transcripcion	Levenstein	Orden	Parcial
Estandar	56.81818181818181	66.19718309859155	73.75886524822694
Estandar_normalizada	64.1025641025641	66.19718309859155	79.41176470588236
Dialectal	56.81818181818181	66.19718309859155	73.75886524822694
Dialectal_normalizada	64.1025641025641	66.19718309859155	79.41176470588236