Transcripcion	Levenstein	Orden	Parcial
Estandar	71.875	91.2751677852349	78.87323943661973
Estandar_normalizada	80.0	91.2751677852349	85.5072463768116
Dialectal	71.875	91.2751677852349	78.87323943661973
Dialectal_normalizada	80.0	91.2751677852349	85.5072463768116