Transcripcion	Levenstein	Orden	Parcial
Estandar	86.33093525179856	93.75830013280213	89.35064935064935
Estandar_normalizada	92.32736572890026	93.75830013280213	94.93333333333334
Dialectal	86.33093525179856	93.75830013280213	89.35064935064935
Dialectal_normalizada	92.32736572890026	93.75830013280213	94.93333333333334