Transcripcion	Levenstein	Orden	Parcial
Estandar	48.412698412698404	68.27133479212254	67.64705882352942
Estandar_normalizada	56.84647302904564	68.42105263157895	73.8255033557047
Dialectal	48.412698412698404	68.27133479212254	67.64705882352942
Dialectal_normalizada	56.84647302904564	68.42105263157895	73.8255033557047