Transcripcion	Levenstein	Orden	Parcial
Estandar	9.999999999999998	33.333333333333336	42.42424242424242
Estandar_normalizada	15.789473684210531	33.333333333333336	45.714285714285715
Dialectal	9.999999999999998	33.333333333333336	42.42424242424242
Dialectal_normalizada	15.789473684210531	33.333333333333336	45.714285714285715