Transcripcion	Levenstein	Orden	Parcial
Estandar	50.51546391752577	66.11570247933885	72.0
Estandar_normalizada	54.87804878048781	66.11570247933885	76.08695652173914
Dialectal	50.51546391752577	66.11570247933885	72.0
Dialectal_normalizada	54.87804878048781	66.11570247933885	76.08695652173914