Transcripcion	Levenstein	Orden	Parcial
Estandar	26.66666666666667	57.14285714285714	60.0
Estandar_normalizada	36.36363636363637	57.14285714285714	75.0
Dialectal	26.66666666666667	57.14285714285714	60.0
Dialectal_normalizada	36.36363636363637	57.14285714285714	75.0