Transcripcion	Levenstein	Orden	Parcial
Estandar	33.333333333333336	37.5	50.0
Estandar_normalizada	31.034482758620683	37.5	50.0
Dialectal	33.333333333333336	37.5	50.0
Dialectal_normalizada	31.034482758620683	37.5	50.0