Transcripcion	Levenstein	Orden	Parcial
Estandar	49.09090909090909	51.11111111111111	68.42105263157895
Estandar_normalizada	50.0	51.11111111111111	70.27027027027026
Dialectal	49.09090909090909	51.11111111111111	68.42105263157895
Dialectal_normalizada	50.0	51.11111111111111	70.27027027027026