Transcripcion	Levenstein	Orden	Parcial
Estandar	46.15384615384615	61.33333333333333	75.0
Estandar_normalizada	51.11111111111111	62.16216216216216	74.19354838709677
Dialectal	46.15384615384615	61.33333333333333	75.0
Dialectal_normalizada	51.11111111111111	62.16216216216216	74.19354838709677