Transcripcion	Levenstein	Orden	Parcial
Estandar	80.19801980198021	89.41176470588236	80.23255813953489
Estandar_normalizada	87.91208791208791	89.41176470588236	89.28571428571429
Dialectal	80.19801980198021	89.41176470588236	80.23255813953489
Dialectal_normalizada	87.91208791208791	89.41176470588236	89.28571428571429