Transcripcion	Levenstein	Orden	Parcial
Estandar	57.21649484536082	65.17571884984025	70.74829931972789
Estandar_normalizada	60.67415730337078	65.17571884984025	74.82517482517483
Dialectal	57.21649484536082	65.17571884984025	70.74829931972789
Dialectal_normalizada	60.67415730337078	65.17571884984025	74.82517482517483