Transcripcion	Levenstein	Orden	Parcial
Estandar	14.28571428571429	18.6046511627907	35.71428571428571
Estandar_normalizada	12.903225806451612	18.6046511627907	35.71428571428571
Dialectal	14.28571428571429	18.6046511627907	35.71428571428571
Dialectal_normalizada	12.903225806451612	18.6046511627907	35.71428571428571