Transcripcion	Levenstein	Orden	Parcial
Estandar	7.692307692307687	21.052631578947366	21.052631578947366
Estandar_normalizada	16.666666666666664	21.052631578947366	26.66666666666667
Dialectal	7.692307692307687	21.052631578947366	21.052631578947366
Dialectal_normalizada	16.666666666666664	21.052631578947366	26.66666666666667