Transcripcion	Levenstein	Orden	Parcial
Estandar	18.867924528301884	35.13513513513513	41.379310344827594
Estandar_normalizada	22.72727272727273	38.888888888888886	45.28301886792453
Dialectal	18.867924528301884	35.13513513513513	41.379310344827594
Dialectal_normalizada	22.72727272727273	38.888888888888886	45.28301886792453