Transcripcion	Levenstein	Orden	Parcial
Estandar	20.588235294117652	37.735849056603776	34.78260869565217
Estandar_normalizada	21.875	37.735849056603776	36.36363636363637
Dialectal	20.588235294117652	37.735849056603776	34.78260869565217
Dialectal_normalizada	21.875	37.735849056603776	36.36363636363637