Transcripcion	Levenstein	Orden	Parcial
Estandar	20.833333333333336	31.25	33.333333333333336
Estandar_normalizada	25.0	31.25	42.85714285714286
Dialectal	20.833333333333336	31.25	33.333333333333336
Dialectal_normalizada	25.0	31.25	42.85714285714286