Transcripcion	Levenstein	Orden	Parcial
Estandar	47.45762711864406	66.66666666666667	79.3103448275862
Estandar_normalizada	50.0	66.66666666666667	87.03703703703704
Dialectal	47.45762711864406	66.66666666666667	79.3103448275862
Dialectal_normalizada	50.0	66.66666666666667	87.03703703703704