Transcripcion	Levenstein	Orden	Parcial
Estandar	48.0	71.7948717948718	61.904761904761905
Estandar_normalizada	57.14285714285714	71.7948717948718	70.0
Dialectal	48.0	71.7948717948718	61.904761904761905
Dialectal_normalizada	57.14285714285714	71.7948717948718	70.0