Transcripcion	Levenstein	Orden	Parcial
Estandar	29.47976878612717	54.27509293680297	46.15384615384615
Estandar_normalizada	30.666666666666664	54.47761194029851	49.24242424242424
Dialectal	29.47976878612717	54.27509293680297	46.15384615384615
Dialectal_normalizada	30.666666666666664	54.47761194029851	49.24242424242424