Transcripcion	Levenstein	Orden	Parcial
Estandar	25.0	43.75	42.42424242424242
Estandar_normalizada	22.22222222222222	43.75	45.16129032258065
Dialectal	25.0	43.75	42.42424242424242
Dialectal_normalizada	22.22222222222222	43.75	45.16129032258065