Transcripcion	Levenstein	Orden	Parcial
Estandar	26.388888888888886	31.775700934579444	41.55844155844156
Estandar_normalizada	26.76056338028169	31.775700934579444	44.73684210526315
Dialectal	26.388888888888886	31.775700934579444	41.55844155844156
Dialectal_normalizada	26.76056338028169	31.775700934579444	44.73684210526315