Transcripcion	Levenstein	Orden	Parcial
Estandar	53.84615384615385	65.95744680851064	74.4186046511628
Estandar_normalizada	63.1578947368421	65.95744680851064	78.04878048780488
Dialectal	53.84615384615385	65.95744680851064	74.4186046511628
Dialectal_normalizada	63.1578947368421	65.95744680851064	78.04878048780488