Transcripcion	Levenstein	Orden	Parcial
Estandar	41.666666666666664	70.0	66.66666666666667
Estandar_normalizada	49.504950495049506	70.50359712230217	74.50980392156863
Dialectal	41.666666666666664	70.0	66.66666666666667
Dialectal_normalizada	49.504950495049506	70.50359712230217	74.50980392156863