Transcripcion	Levenstein	Orden	Parcial
Estandar	15.384615384615385	34.14634146341463	27.027027027027028
Estandar_normalizada	13.636363636363635	35.0	30.303030303030297
Dialectal	15.384615384615385	34.14634146341463	27.027027027027028
Dialectal_normalizada	13.636363636363635	35.0	30.303030303030297