Transcripcion	Levenstein	Orden	Parcial
Estandar	62.82051282051282	60.8	68.85245901639344
Estandar_normalizada	67.14285714285715	60.8	72.88135593220339
Dialectal	62.82051282051282	60.8	68.85245901639344
Dialectal_normalizada	67.14285714285715	60.8	72.88135593220339