Transcripcion	Levenstein	Orden	Parcial
Estandar	4.761904761904767	8.333333333333337	22.22222222222222
Estandar_normalizada	5.263157894736848	8.333333333333337	28.57142857142857
Dialectal	4.761904761904767	8.333333333333337	22.22222222222222
Dialectal_normalizada	5.263157894736848	8.333333333333337	28.57142857142857