Transcripcion	Levenstein	Orden	Parcial
Estandar	73.01587301587303	74.07407407407408	76.36363636363637
Estandar_normalizada	75.43859649122807	74.07407407407408	83.33333333333334
Dialectal	73.01587301587303	74.07407407407408	76.36363636363637
Dialectal_normalizada	75.43859649122807	74.07407407407408	83.33333333333334