Transcripcion	Levenstein	Orden	Parcial
Estandar	92.3076923076923	94.84536082474226	95.91836734693877
Estandar_normalizada	94.0	94.84536082474226	97.91666666666666
Dialectal	92.3076923076923	94.84536082474226	95.91836734693877
Dialectal_normalizada	94.0	94.84536082474226	97.91666666666666