Transcripcion	Levenstein	Orden	Parcial
Estandar	73.80952380952381	86.59217877094973	82.12290502793296
Estandar_normalizada	79.6875	86.59217877094973	85.14285714285714
Dialectal	73.80952380952381	86.59217877094973	82.12290502793296
Dialectal_normalizada	79.6875	86.59217877094973	85.14285714285714