Transcripcion	Levenstein	Orden	Parcial
Estandar	44.44444444444444	44.44444444444444	57.14285714285714
Estandar_normalizada	41.17647058823529	44.44444444444444	63.63636363636363
Dialectal	44.44444444444444	44.44444444444444	57.14285714285714
Dialectal_normalizada	41.17647058823529	44.44444444444444	63.63636363636363