Transcripcion	Levenstein	Orden	Parcial
Estandar	51.81347150259068	67.46987951807229	65.29411764705883
Estandar_normalizada	58.011049723756905	66.06060606060606	70.12987012987013
Dialectal	51.81347150259068	67.46987951807229	65.29411764705883
Dialectal_normalizada	58.011049723756905	66.06060606060606	70.12987012987013