Transcripcion	Levenstein	Orden	Parcial
Estandar	28.8135593220339	43.47826086956522	40.963855421686745
Estandar_normalizada	31.481481481481477	43.47826086956522	48.78048780487805
Dialectal	28.8135593220339	43.47826086956522	40.963855421686745
Dialectal_normalizada	31.481481481481477	43.47826086956522	48.78048780487805