Transcripcion	Levenstein	Orden	Parcial
Estandar	30.76923076923077	63.63636363636363	50.0
Estandar_normalizada	50.0	63.63636363636363	66.66666666666667
Dialectal	30.76923076923077	63.63636363636363	50.0
Dialectal_normalizada	50.0	63.63636363636363	66.66666666666667