Transcripcion	Levenstein	Orden	Parcial
Estandar	43.523316062176164	60.62717770034843	69.74789915966386
Estandar_normalizada	46.89265536723164	60.62717770034843	75.2212389380531
Dialectal	43.523316062176164	60.62717770034843	69.74789915966386
Dialectal_normalizada	46.89265536723164	60.62717770034843	75.2212389380531