Transcripcion	Levenstein	Orden	Parcial
Estandar	23.863636363636363	43.24324324324324	46.34146341463414
Estandar_normalizada	27.631578947368418	43.24324324324324	46.34146341463414
Dialectal	23.863636363636363	43.24324324324324	46.34146341463414
Dialectal_normalizada	27.631578947368418	43.24324324324324	46.34146341463414