Transcripcion	Levenstein	Orden	Parcial
Estandar	0.0	5.555555555555558	0.0
Estandar_normalizada	3.2258064516129004	5.555555555555558	15.384615384615385
Dialectal	0.0	5.555555555555558	0.0
Dialectal_normalizada	3.2258064516129004	5.555555555555558	15.384615384615385