Transcripcion	Levenstein	Orden	Parcial
Estandar	4.347826086956519	18.181818181818176	16.666666666666664
Estandar_normalizada	10.526315789473683	18.181818181818176	44.44444444444444
Dialectal	4.347826086956519	18.181818181818176	16.666666666666664
Dialectal_normalizada	10.526315789473683	18.181818181818176	44.44444444444444