Transcripcion	Levenstein	Orden	Parcial
Estandar	25.0	45.933014354066984	53.48837209302326
Estandar_normalizada	29.104477611940293	44.71153846153846	57.7922077922078
Dialectal	25.0	45.933014354066984	53.48837209302326
Dialectal_normalizada	29.104477611940293	44.71153846153846	57.7922077922078