Transcripcion	Levenstein	Orden	Parcial
Estandar	33.333333333333336	53.333333333333336	60.31746031746032
Estandar_normalizada	45.45454545454546	53.333333333333336	66.66666666666667
Dialectal	33.333333333333336	53.333333333333336	60.31746031746032
Dialectal_normalizada	45.45454545454546	53.333333333333336	66.66666666666667