Transcripcion	Levenstein	Orden	Parcial
Estandar	13.33333333333333	24.242424242424242	58.33333333333333
Estandar_normalizada	14.28571428571429	24.242424242424242	58.33333333333333
Dialectal	13.33333333333333	24.242424242424242	58.33333333333333
Dialectal_normalizada	14.28571428571429	24.242424242424242	58.33333333333333