Transcripcion	Levenstein	Orden	Parcial
Estandar	36.75213675213676	55.90062111801242	51.85185185185186
Estandar_normalizada	41.17647058823529	56.25	55.072463768115945
Dialectal	36.75213675213676	55.90062111801242	51.85185185185186
Dialectal_normalizada	41.17647058823529	56.25	55.072463768115945