Transcripcion	Levenstein	Orden	Parcial
Estandar	47.82608695652174	57.53424657534247	67.56756756756756
Estandar_normalizada	57.49999999999999	57.53424657534247	75.36231884057972
Dialectal	47.82608695652174	57.53424657534247	67.56756756756756
Dialectal_normalizada	57.49999999999999	57.53424657534247	75.36231884057972