Transcripcion	Levenstein	Orden	Parcial
Estandar	37.603305785123965	55.13513513513513	58.18181818181818
Estandar_normalizada	39.473684210526315	55.13513513513513	61.20996441281139
Dialectal	37.603305785123965	55.13513513513513	58.18181818181818
Dialectal_normalizada	39.473684210526315	55.13513513513513	61.20996441281139