Transcripcion	Levenstein	Orden	Parcial
Estandar	34.715025906735754	64.70588235294117	55.026455026455025
Estandar_normalizada	41.93548387096774	64.70588235294117	62.0
Dialectal	34.715025906735754	64.70588235294117	55.026455026455025
Dialectal_normalizada	41.93548387096774	64.70588235294117	62.0