Transcripcion	Levenstein	Orden	Parcial
Estandar	31.57894736842105	48.4472049689441	55.00000000000001
Estandar_normalizada	35.57692307692307	48.4472049689441	60.3448275862069
Dialectal	31.57894736842105	48.4472049689441	55.00000000000001
Dialectal_normalizada	35.57692307692307	48.4472049689441	60.3448275862069