Transcripcion	Levenstein	Orden	Parcial
Estandar	25.806451612903224	49.46236559139785	45.34883720930233
Estandar_normalizada	29.20353982300885	49.72972972972973	49.382716049382715
Dialectal	25.806451612903224	49.46236559139785	45.34883720930233
Dialectal_normalizada	29.20353982300885	49.72972972972973	49.382716049382715