Transcripcion	Levenstein	Orden	Parcial
Estandar	63.23529411764706	70.79646017699115	77.41935483870968
Estandar_normalizada	70.0	70.79646017699115	85.45454545454545
Dialectal	63.23529411764706	70.79646017699115	77.41935483870968
Dialectal_normalizada	70.0	70.79646017699115	85.45454545454545