Transcripcion	Levenstein	Orden	Parcial
Estandar	47.67441860465116	67.89473684210526	60.36585365853659
Estandar_normalizada	55.947136563876654	68.07387862796834	65.40880503144655
Dialectal	47.67441860465116	67.89473684210526	60.36585365853659
Dialectal_normalizada	55.947136563876654	68.07387862796834	65.40880503144655