Transcripcion	Levenstein	Orden	Parcial
Estandar	39.39393939393939	55.55555555555556	59.09090909090908
Estandar_normalizada	38.70967741935484	55.55555555555556	61.53846153846154
Dialectal	39.39393939393939	55.55555555555556	59.09090909090908
Dialectal_normalizada	38.70967741935484	55.55555555555556	61.53846153846154