Transcripcion	Levenstein	Orden	Parcial
Estandar	48.4375	67.41573033707866	68.08510638297872
Estandar_normalizada	56.00000000000001	67.41573033707866	73.80952380952381
Dialectal	48.4375	67.41573033707866	68.08510638297872
Dialectal_normalizada	56.00000000000001	67.41573033707866	73.80952380952381