Transcripcion	Levenstein	Orden	Parcial
Estandar	53.14285714285714	63.19444444444444	71.22302158273382
Estandar_normalizada	56.25	63.19444444444444	73.72549019607844
Dialectal	53.14285714285714	63.19444444444444	71.22302158273382
Dialectal_normalizada	56.25	63.19444444444444	73.72549019607844