Transcripcion	Levenstein	Orden	Parcial
Estandar	24.675324675324674	34.48275862068966	41.509433962264154
Estandar_normalizada	27.142857142857146	34.78260869565217	42.10526315789473
Dialectal	24.675324675324674	34.48275862068966	41.509433962264154
Dialectal_normalizada	27.142857142857146	34.78260869565217	42.10526315789473