Transcripcion	Levenstein	Orden	Parcial
Estandar	70.45454545454545	77.33333333333333	82.05128205128204
Estandar_normalizada	80.0	77.33333333333333	85.71428571428572
Dialectal	70.45454545454545	77.33333333333333	82.05128205128204
Dialectal_normalizada	80.0	77.33333333333333	85.71428571428572