Transcripcion	Levenstein	Orden	Parcial
Estandar	52.65017667844523	61.504424778761056	66.82464454976304
Estandar_normalizada	57.58754863813229	61.504424778761056	72.01946472019465
Dialectal	52.65017667844523	61.504424778761056	66.82464454976304
Dialectal_normalizada	57.58754863813229	61.504424778761056	72.01946472019465