Transcripcion	Levenstein	Orden	Parcial
Estandar	58.730158730158735	61.386138613861384	72.22222222222221
Estandar_normalizada	66.66666666666667	61.386138613861384	78.72340425531915
Dialectal	58.730158730158735	61.386138613861384	72.22222222222221
Dialectal_normalizada	66.66666666666667	61.386138613861384	78.72340425531915