Transcripcion	Levenstein	Orden	Parcial
Estandar	58.97435897435898	74.54545454545455	84.44444444444444
Estandar_normalizada	67.64705882352942	74.54545454545455	88.63636363636364
Dialectal	58.97435897435898	74.54545454545455	84.44444444444444
Dialectal_normalizada	67.64705882352942	74.54545454545455	88.63636363636364