Transcripcion	Levenstein	Orden	Parcial
Estandar	39.473684210526315	46.42857142857143	60.0
Estandar_normalizada	48.38709677419355	46.42857142857143	64.15094339622642
Dialectal	39.473684210526315	46.42857142857143	60.0
Dialectal_normalizada	48.38709677419355	46.42857142857143	64.15094339622642