Transcripcion	Levenstein	Orden	Parcial
Estandar	66.39344262295081	87.56756756756756	80.20833333333334
Estandar_normalizada	77.66990291262135	88.04347826086956	89.8876404494382
Dialectal	66.39344262295081	87.56756756756756	80.20833333333334
Dialectal_normalizada	77.66990291262135	88.04347826086956	89.8876404494382