Transcripcion	Levenstein	Orden	Parcial
Estandar	12.204724409448819	21.014492753623195	54.794520547945204
Estandar_normalizada	12.809917355371903	21.014492753623195	57.971014492753625
Dialectal	12.204724409448819	21.014492753623195	54.794520547945204
Dialectal_normalizada	12.809917355371903	21.014492753623195	57.971014492753625