Transcripcion	Levenstein	Orden	Parcial
Estandar	49.044585987261144	66.80327868852459	59.04365904365905
Estandar_normalizada	53.623188405797094	65.84362139917695	63.370786516853926
Dialectal	49.044585987261144	66.80327868852459	59.04365904365905
Dialectal_normalizada	53.623188405797094	65.84362139917695	63.370786516853926