Transcripcion	Levenstein	Orden	Parcial
Estandar	42.611683848797256	64.94845360824742	62.06896551724138
Estandar_normalizada	47.32824427480916	64.94845360824742	65.71428571428571
Dialectal	42.611683848797256	64.94845360824742	62.06896551724138
Dialectal_normalizada	47.32824427480916	64.94845360824742	65.71428571428571