Transcripcion	Levenstein	Orden	Parcial
Estandar	31.57894736842105	74.4186046511628	60.86956521739131
Estandar_normalizada	37.03703703703704	74.4186046511628	70.0
Dialectal	31.57894736842105	74.4186046511628	60.86956521739131
Dialectal_normalizada	37.03703703703704	74.4186046511628	70.0