Transcripcion	Levenstein	Orden	Parcial
Estandar	43.21608040201005	74.41176470588235	75.07598784194529
Estandar_normalizada	51.35135135135135	74.52135493372607	80.26315789473684
Dialectal	43.21608040201005	74.41176470588235	75.07598784194529
Dialectal_normalizada	51.35135135135135	74.52135493372607	80.26315789473684