Transcripcion	Levenstein	Orden	Parcial
Estandar	7.352941176470584	8.955223880597018	35.29411764705882
Estandar_normalizada	8.333333333333337	8.955223880597018	44.44444444444444
Dialectal	7.352941176470584	8.955223880597018	35.29411764705882
Dialectal_normalizada	8.333333333333337	8.955223880597018	44.44444444444444