Transcripcion	Levenstein	Orden	Parcial
Estandar	7.843137254901967	21.739130434782606	33.333333333333336
Estandar_normalizada	15.000000000000002	26.66666666666667	53.333333333333336
Dialectal	7.843137254901967	21.739130434782606	33.333333333333336
Dialectal_normalizada	15.000000000000002	26.66666666666667	53.333333333333336