Transcripcion	Levenstein	Orden	Parcial
Estandar	79.23076923076923	84.25531914893617	84.51882845188284
Estandar_normalizada	83.60655737704919	84.25531914893617	87.17948717948718
Dialectal	79.23076923076923	84.25531914893617	84.51882845188284
Dialectal_normalizada	83.60655737704919	84.25531914893617	87.17948717948718