Transcripcion	Levenstein	Orden	Parcial
Estandar	57.54385964912281	75.15923566878982	70.19607843137254
Estandar_normalizada	62.450592885375485	75.47974413646055	75.86206896551724
Dialectal	57.54385964912281	75.15923566878982	70.19607843137254
Dialectal_normalizada	62.450592885375485	75.47974413646055	75.86206896551724