Transcripcion	Levenstein	Orden	Parcial
Estandar	25.373134328358205	34.196891191709845	41.32231404958677
Estandar_normalizada	25.0	33.333333333333336	45.16129032258065
Dialectal	25.373134328358205	34.196891191709845	41.32231404958677
Dialectal_normalizada	25.0	33.333333333333336	45.16129032258065