Transcripcion	Levenstein	Orden	Parcial
Estandar	23.25581395348837	46.25850340136054	43.41085271317829
Estandar_normalizada	24.705882352941178	45.205479452054796	47.540983606557376
Dialectal	23.25581395348837	46.25850340136054	43.41085271317829
Dialectal_normalizada	24.705882352941178	45.205479452054796	47.540983606557376