Transcripcion	Levenstein	Orden	Parcial
Estandar	60.80508474576271	75.67567567567568	74.38752783964365
Estandar_normalizada	65.14806378132118	75.23584905660378	79.95018679950186
Dialectal	60.80508474576271	75.67567567567568	74.38752783964365
Dialectal_normalizada	65.14806378132118	75.23584905660378	79.95018679950186