Transcripcion	Levenstein	Orden	Parcial
Estandar	20.75471698113207	37.77777777777778	40.54054054054054
Estandar_normalizada	24.0	37.77777777777778	42.42424242424242
Dialectal	20.75471698113207	37.77777777777778	40.54054054054054
Dialectal_normalizada	24.0	37.77777777777778	42.42424242424242