Transcripcion	Levenstein	Orden	Parcial
Estandar	44.50867052023122	63.63636363636363	60.75949367088608
Estandar_normalizada	51.03448275862069	64.16666666666666	66.66666666666667
Dialectal	44.50867052023122	63.63636363636363	60.75949367088608
Dialectal_normalizada	51.03448275862069	64.16666666666666	66.66666666666667