Transcripcion	Levenstein	Orden	Parcial
Estandar	16.417910447761198	30.909090909090907	32.55813953488372
Estandar_normalizada	19.999999999999996	31.19266055045872	37.33333333333333
Dialectal	16.417910447761198	30.909090909090907	32.55813953488372
Dialectal_normalizada	19.999999999999996	31.19266055045872	37.33333333333333