Transcripcion	Levenstein	Orden	Parcial
Estandar	38.888888888888886	50.0	60.0
Estandar_normalizada	35.71428571428571	50.0	66.66666666666667
Dialectal	38.888888888888886	50.0	60.0
Dialectal_normalizada	35.71428571428571	50.0	66.66666666666667