Transcripcion	Levenstein	Orden	Parcial
Estandar	10.169491525423723	22.22222222222222	25.0
Estandar_normalizada	10.63829787234043	22.22222222222222	38.46153846153846
Dialectal	10.169491525423723	22.22222222222222	25.0
Dialectal_normalizada	10.63829787234043	22.22222222222222	38.46153846153846