Transcripcion	Levenstein	Orden	Parcial
Estandar	22.352941176470587	44.44444444444444	50.0
Estandar_normalizada	27.536231884057973	44.9438202247191	54.83870967741935
Dialectal	22.352941176470587	44.44444444444444	50.0
Dialectal_normalizada	27.536231884057973	44.9438202247191	54.83870967741935