Transcripcion	Levenstein	Orden	Parcial
Estandar	47.509578544061306	62.94642857142857	63.11475409836065
Estandar_normalizada	54.00843881856541	62.78026905829597	68.43373493975903
Dialectal	46.09375	61.39954853273137	61.88524590163935
Dialectal_normalizada	52.1551724137931	61.224489795918366	67.3170731707317