Transcripcion	Levenstein	Orden	Parcial
Estandar	71.69811320754718	77.27272727272727	89.13043478260869
Estandar_normalizada	78.72340425531915	77.27272727272727	90.9090909090909
Dialectal	71.69811320754718	77.27272727272727	89.13043478260869
Dialectal_normalizada	78.72340425531915	77.27272727272727	90.9090909090909