Transcripcion	Levenstein	Orden	Parcial
Estandar	16.911764705882348	45.95744680851064	38.33333333333333
Estandar_normalizada	19.53125	45.95744680851064	42.00913242009132
Dialectal	16.911764705882348	45.95744680851064	38.33333333333333
Dialectal_normalizada	19.53125	45.95744680851064	42.00913242009132