Transcripcion	Levenstein	Orden	Parcial
Estandar	33.69565217391305	54.71698113207547	80.55555555555556
Estandar_normalizada	38.46153846153846	54.71698113207547	82.85714285714285
Dialectal	33.69565217391305	54.71698113207547	80.55555555555556
Dialectal_normalizada	38.46153846153846	54.71698113207547	82.85714285714285