Transcripcion	Levenstein	Orden	Parcial
Estandar	49.122807017543856	70.06369426751593	63.880597014925364
Estandar_normalizada	54.037267080745345	70.06369426751593	69.3069306930693
Dialectal	49.122807017543856	70.06369426751593	63.880597014925364
Dialectal_normalizada	54.037267080745345	70.06369426751593	69.3069306930693