Transcripcion	Levenstein	Orden	Parcial
Estandar	48.554913294797686	56.916996047430835	61.904761904761905
Estandar_normalizada	56.4625850340136	57.14285714285714	72.03389830508475
Dialectal	48.554913294797686	56.916996047430835	61.904761904761905
Dialectal_normalizada	56.4625850340136	57.14285714285714	72.03389830508475