Transcripcion	Levenstein	Orden	Parcial
Estandar	0.0	15.384615384615385	33.333333333333336
Estandar_normalizada	25.0	15.384615384615385	36.36363636363637
Dialectal	0.0	15.384615384615385	33.333333333333336
Dialectal_normalizada	25.0	15.384615384615385	36.36363636363637