Transcripcion	Levenstein	Orden	Parcial
Estandar	12.16216216216216	34.66666666666667	34.285714285714285
Estandar_normalizada	16.326530612244895	31.88405797101449	40.0
Dialectal	12.16216216216216	34.66666666666667	34.285714285714285
Dialectal_normalizada	16.326530612244895	31.88405797101449	40.0