Transcripcion	Levenstein	Orden	Parcial
Estandar	31.818181818181824	72.72727272727273	48.0
Estandar_normalizada	50.0	72.72727272727273	66.66666666666667
Dialectal	31.818181818181824	72.72727272727273	48.0
Dialectal_normalizada	50.0	72.72727272727273	66.66666666666667