Transcripcion	Levenstein	Orden	Parcial
Estandar	16.666666666666664	28.57142857142857	33.333333333333336
Estandar_normalizada	18.75	29.166666666666664	36.36363636363637
Dialectal	16.666666666666664	28.57142857142857	33.333333333333336
Dialectal_normalizada	18.75	29.166666666666664	36.36363636363637