Transcripcion	Levenstein	Orden	Parcial
Estandar	69.69026548672565	85.06666666666666	74.33155080213903
Estandar_normalizada	77.05314009661835	84.75935828877006	80.89887640449437
Dialectal	69.69026548672565	85.06666666666666	74.33155080213903
Dialectal_normalizada	77.05314009661835	84.75935828877006	80.89887640449437