Transcripcion	Levenstein	Orden	Parcial
Estandar	33.333333333333336	56.52173913043479	59.09090909090908
Estandar_normalizada	37.5	57.77777777777777	63.41463414634146
Dialectal	33.333333333333336	56.52173913043479	59.09090909090908
Dialectal_normalizada	37.5	57.77777777777777	63.41463414634146