Transcripcion	Levenstein	Orden	Parcial
Estandar	31.85840707964602	55.21472392638036	50.0
Estandar_normalizada	36.36363636363637	55.21472392638036	56.934306569343065
Dialectal	31.85840707964602	55.21472392638036	50.0
Dialectal_normalizada	36.36363636363637	55.21472392638036	56.934306569343065