Transcripcion	Levenstein	Orden	Parcial
Estandar	19.924812030075188	43.18658280922432	41.44869215291751
Estandar_normalizada	25.0	43.27731092436975	44.251626898047725
Dialectal	19.924812030075188	43.18658280922432	41.44869215291751
Dialectal_normalizada	25.0	43.27731092436975	44.251626898047725