Transcripcion	Levenstein	Orden	Parcial
Estandar	65.31573986804902	75.86580086580086	74.19700214132763
Estandar_normalizada	69.75560081466395	76.01515971846237	79.51541850220264
Dialectal	65.25023607176581	75.83965330444204	74.19700214132763
Dialectal_normalizada	69.6938775510204	75.98915989159892	79.62555066079295