Transcripcion	Levenstein	Orden	Parcial
Estandar	49.056603773584904	58.97435897435898	67.56756756756756
Estandar_normalizada	60.0	58.97435897435898	71.42857142857143
Dialectal	49.056603773584904	58.97435897435898	67.56756756756756
Dialectal_normalizada	60.0	58.97435897435898	71.42857142857143