Transcripcion	Levenstein	Orden	Parcial
Estandar	63.59918200408998	74.41574415744158	72.28195937873357
Estandar_normalizada	70.19340159271901	74.33846153846153	77.66624843161857
Dialectal	63.59918200408998	74.41574415744158	72.28195937873357
Dialectal_normalizada	70.19340159271901	74.33846153846153	77.66624843161857