Transcripcion	Levenstein	Orden	Parcial
Estandar	25.92592592592593	35.0	47.05882352941176
Estandar_normalizada	31.999999999999996	35.0	50.0
Dialectal	25.92592592592593	35.0	47.05882352941176
Dialectal_normalizada	31.999999999999996	35.0	50.0