Transcripcion	Levenstein	Orden	Parcial
Estandar	22.549019607843135	45.16129032258065	60.0
Estandar_normalizada	27.906976744186053	42.97520661157025	67.56756756756756
Dialectal	22.549019607843135	45.16129032258065	60.0
Dialectal_normalizada	27.906976744186053	42.97520661157025	67.56756756756756