Transcripcion	Levenstein	Orden	Parcial
Estandar	11.764705882352944	36.36363636363637	33.333333333333336
Estandar_normalizada	13.33333333333333	36.36363636363637	33.333333333333336
Dialectal	11.764705882352944	36.36363636363637	33.333333333333336
Dialectal_normalizada	13.33333333333333	36.36363636363637	33.333333333333336