Transcripcion	Levenstein	Orden	Parcial
Estandar	18.181818181818176	30.188679245283023	37.5
Estandar_normalizada	20.588235294117652	30.188679245283023	42.553191489361694
Dialectal	18.181818181818176	30.188679245283023	37.5
Dialectal_normalizada	20.588235294117652	30.188679245283023	42.553191489361694