Transcripcion	Levenstein	Orden	Parcial
Estandar	68.18181818181819	92.3076923076923	75.0
Estandar_normalizada	75.0	92.3076923076923	84.61538461538461
Dialectal	68.18181818181819	92.3076923076923	75.0
Dialectal_normalizada	75.0	92.3076923076923	84.61538461538461