Transcripcion	Levenstein	Orden	Parcial
Estandar	31.57894736842105	39.28571428571429	43.99999999999999
Estandar_normalizada	32.35294117647059	39.28571428571429	48.484848484848484
Dialectal	31.57894736842105	39.28571428571429	43.99999999999999
Dialectal_normalizada	32.35294117647059	39.28571428571429	48.484848484848484