Transcripcion	Levenstein	Orden	Parcial
Estandar	35.0	46.15384615384615	52.17391304347826
Estandar_normalizada	31.25	46.15384615384615	54.54545454545454
Dialectal	35.0	46.15384615384615	52.17391304347826
Dialectal_normalizada	31.25	46.15384615384615	54.54545454545454