Transcripcion	Levenstein	Orden	Parcial
Estandar	40.74074074074075	51.162790697674424	68.57142857142857
Estandar_normalizada	42.307692307692314	51.162790697674424	68.75
Dialectal	40.74074074074075	51.162790697674424	68.57142857142857
Dialectal_normalizada	42.307692307692314	51.162790697674424	68.75