Transcripcion	Levenstein	Orden	Parcial
Estandar	31.263858093126384	53.18818040435459	48.4375
Estandar_normalizada	34.57446808510638	53.18818040435459	53.95189003436427
Dialectal	31.333333333333336	53.271028037383175	48.4375
Dialectal_normalizada	34.66666666666667	53.271028037383175	53.95189003436427