Transcripcion	Levenstein	Orden	Parcial
Estandar	17.85714285714286	25.0	50.0
Estandar_normalizada	18.867924528301884	25.0	72.0
Dialectal	17.85714285714286	25.0	50.0
Dialectal_normalizada	18.867924528301884	25.0	72.0