Transcripcion	Levenstein	Orden	Parcial
Estandar	65.13761467889908	90.12345679012346	74.3421052631579
Estandar_normalizada	73.4375	90.6832298136646	81.2720848056537
Dialectal	65.13761467889908	90.12345679012346	74.3421052631579
Dialectal_normalizada	73.4375	90.6832298136646	81.2720848056537