Transcripcion	Levenstein	Orden	Parcial
Estandar	5.882352941176472	8.695652173913048	15.384615384615385
Estandar_normalizada	6.666666666666665	8.695652173913048	15.384615384615385
Dialectal	5.882352941176472	8.695652173913048	15.384615384615385
Dialectal_normalizada	6.666666666666665	8.695652173913048	15.384615384615385