Transcripcion	Levenstein	Orden	Parcial
Estandar	23.28767123287672	44.27480916030534	41.6
Estandar_normalizada	28.985507246376805	46.51162790697675	49.557522123893804
Dialectal	23.28767123287672	44.27480916030534	41.6
Dialectal_normalizada	28.985507246376805	46.51162790697675	49.557522123893804