Transcripcion	Levenstein	Orden	Parcial
Estandar	66.66666666666667	74.76635514018693	81.81818181818181
Estandar_normalizada	73.21428571428572	74.76635514018693	84.61538461538461
Dialectal	66.66666666666667	74.76635514018693	81.81818181818181
Dialectal_normalizada	73.21428571428572	74.76635514018693	84.61538461538461