Transcripcion	Levenstein	Orden	Parcial
Estandar	17.24137931034483	21.052631578947366	44.44444444444444
Estandar_normalizada	17.24137931034483	21.052631578947366	50.0
Dialectal	17.24137931034483	21.052631578947366	44.44444444444444
Dialectal_normalizada	17.24137931034483	21.052631578947366	50.0