Transcripcion	Levenstein	Orden	Parcial
Estandar	56.25	87.8048780487805	85.71428571428572
Estandar_normalizada	69.23076923076923	87.8048780487805	94.44444444444444
Dialectal	56.25	87.8048780487805	85.71428571428572
Dialectal_normalizada	69.23076923076923	87.8048780487805	94.44444444444444