Transcripcion	Levenstein	Orden	Parcial
Estandar	18.571428571428573	30.434782608695656	34.210526315789465
Estandar_normalizada	19.999999999999996	30.434782608695656	35.61643835616438
Dialectal	18.571428571428573	30.434782608695656	34.210526315789465
Dialectal_normalizada	19.999999999999996	30.434782608695656	35.61643835616438