Transcripcion	Levenstein	Orden	Parcial
Estandar	11.111111111111116	44.44444444444444	40.0
Estandar_normalizada	12.5	44.44444444444444	42.85714285714286
Dialectal	11.111111111111116	44.44444444444444	40.0
Dialectal_normalizada	12.5	44.44444444444444	42.85714285714286