Transcripcion	Levenstein	Orden	Parcial
Estandar	58.33333333333333	100.0	81.25
Estandar_normalizada	83.33333333333334	100.0	93.33333333333333
Dialectal	58.33333333333333	100.0	81.25
Dialectal_normalizada	83.33333333333334	100.0	93.33333333333333