Transcripcion	Levenstein	Orden	Parcial
Estandar	28.497409326424872	50.59288537549407	61.36363636363637
Estandar_normalizada	31.491712707182316	48.412698412698404	69.79865771812081
Dialectal	28.497409326424872	50.59288537549407	61.36363636363637
Dialectal_normalizada	31.491712707182316	48.412698412698404	69.79865771812081