Transcripcion	Levenstein	Orden	Parcial
Estandar	35.922330097087375	58.22784810126582	53.42465753424658
Estandar_normalizada	39.28571428571429	58.174097664543524	59.70873786407766
Dialectal	35.922330097087375	58.22784810126582	53.42465753424658
Dialectal_normalizada	39.28571428571429	58.174097664543524	59.70873786407766