Transcripcion	Levenstein	Orden	Parcial
Estandar	62.33766233766234	69.84126984126983	74.24242424242425
Estandar_normalizada	68.65671641791045	69.84126984126983	77.41935483870968
Dialectal	62.33766233766234	69.84126984126983	74.24242424242425
Dialectal_normalizada	68.65671641791045	69.84126984126983	77.41935483870968