Transcripcion	Levenstein	Orden	Parcial
Estandar	19.852941176470583	44.31818181818182	40.0
Estandar_normalizada	22.881355932203384	43.93063583815029	46.15384615384615
Dialectal	19.852941176470583	44.31818181818182	40.0
Dialectal_normalizada	22.881355932203384	43.93063583815029	46.15384615384615