Transcripcion	Levenstein	Orden	Parcial
Estandar	84.21052631578947	97.22222222222221	94.44444444444444
Estandar_normalizada	91.89189189189189	97.22222222222221	98.59154929577466
Dialectal	84.21052631578947	97.22222222222221	94.44444444444444
Dialectal_normalizada	91.89189189189189	97.22222222222221	98.59154929577466