Transcripcion	Levenstein	Orden	Parcial
Estandar	60.0	84.05797101449275	78.37837837837837
Estandar_normalizada	78.37837837837837	84.05797101449275	88.88888888888889
Dialectal	60.0	84.05797101449275	78.37837837837837
Dialectal_normalizada	78.37837837837837	84.05797101449275	88.88888888888889