Transcripcion	Levenstein	Orden	Parcial
Estandar	59.57446808510638	90.625	86.66666666666667
Estandar_normalizada	74.35897435897436	90.625	93.10344827586206
Dialectal	59.57446808510638	90.625	86.66666666666667
Dialectal_normalizada	74.35897435897436	90.625	93.10344827586206