Transcripcion	Levenstein	Orden	Parcial
Estandar	56.57370517928286	77.17391304347827	63.08068459657702
Estandar_normalizada	67.14975845410628	77.17391304347827	73.54497354497354
Dialectal	56.57370517928286	77.17391304347827	63.08068459657702
Dialectal_normalizada	67.14975845410628	77.17391304347827	73.54497354497354