Transcripcion	Levenstein	Orden	Parcial
Estandar	11.764705882352944	24.390243902439025	36.36363636363637
Estandar_normalizada	17.647058823529417	24.390243902439025	46.15384615384615
Dialectal	11.764705882352944	24.390243902439025	36.36363636363637
Dialectal_normalizada	17.647058823529417	24.390243902439025	46.15384615384615