Transcripcion	Levenstein	Orden	Parcial
Estandar	46.666666666666664	61.07526881720431	61.36363636363637
Estandar_normalizada	52.17391304347826	61.63793103448276	66.35071090047393
Dialectal	46.666666666666664	61.07526881720431	61.36363636363637
Dialectal_normalizada	52.17391304347826	61.63793103448276	66.35071090047393