Transcripcion	Levenstein	Orden	Parcial
Estandar	49.142857142857146	74.35897435897436	57.14285714285714
Estandar_normalizada	59.58904109589041	74.67811158798283	65.71428571428571
Dialectal	49.142857142857146	74.35897435897436	57.14285714285714
Dialectal_normalizada	59.58904109589041	74.67811158798283	65.71428571428571