Transcripcion	Levenstein	Orden	Parcial
Estandar	50.678733031674206	62.62626262626263	66.66666666666667
Estandar_normalizada	53.46534653465347	63.29113924050633	73.51351351351352
Dialectal	50.678733031674206	62.62626262626263	66.66666666666667
Dialectal_normalizada	53.46534653465347	63.29113924050633	73.51351351351352