Transcripcion	Levenstein	Orden	Parcial
Estandar	77.77777777777779	100.0	85.71428571428572
Estandar_normalizada	85.71428571428572	100.0	91.66666666666666
Dialectal	77.77777777777779	100.0	85.71428571428572
Dialectal_normalizada	85.71428571428572	100.0	91.66666666666666