Transcripcion	Levenstein	Orden	Parcial
Estandar	53.608247422680414	64.04833836858006	68.125
Estandar_normalizada	56.043956043956044	64.04833836858006	70.96774193548387
Dialectal	53.608247422680414	64.04833836858006	68.125
Dialectal_normalizada	56.043956043956044	64.04833836858006	70.96774193548387