Transcripcion	Levenstein	Orden	Parcial
Estandar	27.586206896551722	40.44943820224719	43.24324324324324
Estandar_normalizada	34.54545454545455	39.08045977011494	55.172413793103445
Dialectal	27.586206896551722	40.44943820224719	43.24324324324324
Dialectal_normalizada	34.54545454545455	39.08045977011494	55.172413793103445