Transcripcion	Levenstein	Orden	Parcial
Estandar	28.421052631578945	50.0	54.054054054054056
Estandar_normalizada	36.25000000000001	50.45045045045045	61.904761904761905
Dialectal	28.421052631578945	50.0	54.054054054054056
Dialectal_normalizada	36.25000000000001	50.45045045045045	61.904761904761905