Transcripcion	Levenstein	Orden	Parcial
Estandar	32.608695652173914	52.071005917159766	67.9245283018868
Estandar_normalizada	37.81512605042017	51.80722891566265	71.28712871287128
Dialectal	32.608695652173914	52.071005917159766	67.9245283018868
Dialectal_normalizada	37.81512605042017	51.80722891566265	71.28712871287128