Transcripcion	Levenstein	Orden	Parcial
Estandar	42.795698924731184	62.26912928759894	57.038834951456316
Estandar_normalizada	44.52554744525548	62.26912928759894	60.57441253263707
Dialectal	42.795698924731184	62.26912928759894	57.038834951456316
Dialectal_normalizada	44.52554744525548	62.26912928759894	60.57441253263707