Transcripcion	Levenstein	Orden	Parcial
Estandar	24.242424242424242	46.666666666666664	42.307692307692314
Estandar_normalizada	25.806451612903224	46.666666666666664	43.99999999999999
Dialectal	24.242424242424242	46.666666666666664	42.307692307692314
Dialectal_normalizada	25.806451612903224	46.666666666666664	43.99999999999999