Transcripcion	Levenstein	Orden	Parcial
Estandar	41.13924050632911	57.928118393234676	62.616822429906534
Estandar_normalizada	46.263345195729535	57.446808510638306	66.16915422885572
Dialectal	41.13924050632911	57.928118393234676	62.616822429906534
Dialectal_normalizada	46.263345195729535	57.446808510638306	66.16915422885572