Transcripcion	Levenstein	Orden	Parcial
Estandar	45.16129032258065	52.38095238095239	68.08510638297872
Estandar_normalizada	50.0	52.38095238095239	76.92307692307692
Dialectal	45.16129032258065	52.38095238095239	68.08510638297872
Dialectal_normalizada	50.0	52.38095238095239	76.92307692307692