Transcripcion	Levenstein	Orden	Parcial
Estandar	23.684210526315784	46.15384615384615	41.860465116279066
Estandar_normalizada	30.555555555555557	39.21568627450981	54.54545454545454
Dialectal	23.684210526315784	46.15384615384615	41.860465116279066
Dialectal_normalizada	30.555555555555557	39.21568627450981	54.54545454545454