Transcripcion	Levenstein	Orden	Parcial
Estandar	21.176470588235297	33.9622641509434	55.55555555555556
Estandar_normalizada	22.22222222222222	33.9622641509434	55.55555555555556
Dialectal	21.176470588235297	33.9622641509434	55.55555555555556
Dialectal_normalizada	22.22222222222222	33.9622641509434	55.55555555555556