Transcripcion	Levenstein	Orden	Parcial
Estandar	53.57142857142857	67.75956284153006	70.83333333333333
Estandar_normalizada	56.9377990430622	67.94520547945206	72.8395061728395
Dialectal	53.60360360360361	68.13186813186813	70.83333333333333
Dialectal_normalizada	57.00483091787439	68.31955922865014	72.8395061728395