Transcripcion	Levenstein	Orden	Parcial
Estandar	32.35294117647059	51.38339920948616	50.0
Estandar_normalizada	33.333333333333336	51.38339920948616	55.263157894736835
Dialectal	32.83582089552238	50.99601593625498	50.4
Dialectal_normalizada	34.883720930232556	50.99601593625498	54.86725663716814