Transcripcion	Levenstein	Orden	Parcial
Estandar	40.0	65.3061224489796	62.96296296296296
Estandar_normalizada	44.44444444444444	65.3061224489796	65.3061224489796
Dialectal	40.0	65.3061224489796	62.96296296296296
Dialectal_normalizada	44.44444444444444	65.3061224489796	65.3061224489796