Transcripcion	Levenstein	Orden	Parcial
Estandar	45.45454545454546	68.0	66.66666666666667
Estandar_normalizada	55.55555555555556	68.0	70.58823529411764
Dialectal	45.45454545454546	68.0	66.66666666666667
Dialectal_normalizada	55.55555555555556	68.0	70.58823529411764