Transcripcion	Levenstein	Orden	Parcial
Estandar	28.205128205128204	41.509433962264154	48.0
Estandar_normalizada	33.333333333333336	38.46153846153846	52.17391304347826
Dialectal	28.205128205128204	41.509433962264154	48.0
Dialectal_normalizada	33.333333333333336	38.46153846153846	52.17391304347826