Transcripcion	Levenstein	Orden	Parcial
Estandar	16.666666666666664	22.857142857142854	45.45454545454546
Estandar_normalizada	16.666666666666664	22.857142857142854	57.14285714285714
Dialectal	16.666666666666664	22.857142857142854	45.45454545454546
Dialectal_normalizada	16.666666666666664	22.857142857142854	57.14285714285714