Transcripcion	Levenstein	Orden	Parcial
Estandar	26.126126126126124	51.11111111111111	47.19101123595506
Estandar_normalizada	32.97872340425532	50.27932960893855	54.088050314465406
Dialectal	26.126126126126124	51.11111111111111	47.19101123595506
Dialectal_normalizada	32.97872340425532	50.27932960893855	54.088050314465406