Transcripcion	Levenstein	Orden	Parcial
Estandar	74.24242424242425	86.1788617886179	85.24590163934427
Estandar_normalizada	76.5625	86.1788617886179	86.66666666666667
Dialectal	74.24242424242425	86.1788617886179	85.24590163934427
Dialectal_normalizada	76.5625	86.1788617886179	86.66666666666667