Transcripcion	Levenstein	Orden	Parcial
Estandar	11.32075471698113	16.666666666666664	33.333333333333336
Estandar_normalizada	11.764705882352944	16.666666666666664	42.85714285714286
Dialectal	11.32075471698113	16.666666666666664	33.333333333333336
Dialectal_normalizada	11.764705882352944	16.666666666666664	42.85714285714286