Transcripcion	Levenstein	Orden	Parcial
Estandar	77.27272727272727	92.3076923076923	86.8421052631579
Estandar_normalizada	83.33333333333334	92.3076923076923	94.5945945945946
Dialectal	77.27272727272727	92.3076923076923	86.8421052631579
Dialectal_normalizada	83.33333333333334	92.3076923076923	94.5945945945946