Transcripcion	Levenstein	Orden	Parcial
Estandar	49.193548387096776	78.82352941176471	62.5
Estandar_normalizada	59.61538461538461	78.82352941176471	70.51282051282051
Dialectal	49.193548387096776	78.82352941176471	62.5
Dialectal_normalizada	59.61538461538461	78.82352941176471	70.51282051282051