Transcripcion	Levenstein	Orden	Parcial
Estandar	64.828431372549	80.9061488673139	74.77954144620811
Estandar_normalizada	72.38493723849373	81.43322475570032	79.52898550724638
Dialectal	64.66257668711657	80.64777327935224	74.4268077601411
Dialectal_normalizada	72.20670391061452	81.17359413202934	79.16666666666666