Transcripcion	Levenstein	Orden	Parcial
Estandar	46.666666666666664	72.24334600760456	70.17543859649122
Estandar_normalizada	51.42857142857142	73.07692307692308	75.0
Dialectal	46.666666666666664	72.24334600760456	70.17543859649122
Dialectal_normalizada	51.42857142857142	73.07692307692308	75.0