Transcripcion	Levenstein	Orden	Parcial
Estandar	2.3809523809523836	1.6393442622950838	30.76923076923077
Estandar_normalizada	2.500000000000002	1.6393442622950838	50.0
Dialectal	2.3809523809523836	1.6393442622950838	30.76923076923077
Dialectal_normalizada	2.500000000000002	1.6393442622950838	50.0