Transcripcion	Levenstein	Orden	Parcial
Estandar	9.859154929577462	25.64102564102564	27.27272727272727
Estandar_normalizada	14.28571428571429	18.42105263157895	57.14285714285714
Dialectal	9.859154929577462	25.64102564102564	27.27272727272727
Dialectal_normalizada	14.28571428571429	18.42105263157895	57.14285714285714