Transcripcion	Levenstein	Orden	Parcial
Estandar	20.45454545454546	40.57971014492754	37.5
Estandar_normalizada	21.42857142857143	40.57971014492754	40.0
Dialectal	20.45454545454546	40.57971014492754	37.5
Dialectal_normalizada	21.42857142857143	40.57971014492754	40.0