Transcripcion	Levenstein	Orden	Parcial
Estandar	53.64891518737673	71.44790257104194	70.23121387283237
Estandar_normalizada	61.53846153846154	71.29251700680273	77.0392749244713
Dialectal	53.64891518737673	71.44790257104194	70.23121387283237
Dialectal_normalizada	61.53846153846154	71.29251700680273	77.0392749244713