Transcripcion	Levenstein	Orden	Parcial
Estandar	43.75	54.54545454545454	70.0
Estandar_normalizada	46.42857142857143	54.54545454545454	66.66666666666667
Dialectal	43.75	54.54545454545454	70.0
Dialectal_normalizada	46.42857142857143	54.54545454545454	66.66666666666667