Transcripcion	Levenstein	Orden	Parcial
Estandar	11.764705882352944	28.125	33.84615384615385
Estandar_normalizada	16.964285714285708	28.57142857142857	50.0
Dialectal	11.764705882352944	28.125	33.84615384615385
Dialectal_normalizada	16.964285714285708	28.57142857142857	50.0