Transcripcion	Levenstein	Orden	Parcial
Estandar	52.29885057471264	74.26160337552743	73.42995169082126
Estandar_normalizada	60.66666666666667	74.35897435897436	78.53403141361257
Dialectal	52.29885057471264	74.26160337552743	73.42995169082126
Dialectal_normalizada	60.66666666666667	74.35897435897436	78.53403141361257