Transcripcion	Levenstein	Orden	Parcial
Estandar	66.24113475177305	79.92831541218638	77.28155339805825
Estandar_normalizada	74.64342313787638	80.07181328545781	82.7852998065764
Dialectal	66.24113475177305	79.92831541218638	77.28155339805825
Dialectal_normalizada	74.64342313787638	80.07181328545781	82.7852998065764