Transcripcion	Levenstein	Orden	Parcial
Estandar	56.25	75.0	76.08695652173914
Estandar_normalizada	67.27272727272727	75.0	82.92682926829268
Dialectal	56.25	75.0	76.08695652173914
Dialectal_normalizada	67.27272727272727	75.0	82.92682926829268