Transcripcion	Levenstein	Orden	Parcial
Estandar	21.311475409836067	36.36363636363637	35.89743589743589
Estandar_normalizada	23.636363636363633	36.36363636363637	44.44444444444444
Dialectal	21.311475409836067	36.36363636363637	35.89743589743589
Dialectal_normalizada	23.636363636363633	36.36363636363637	44.44444444444444