Transcripcion	Levenstein	Orden	Parcial
Estandar	22.962962962962962	42.40282685512368	62.82051282051282
Estandar_normalizada	25.31645569620253	42.85714285714286	69.23076923076923
Dialectal	22.962962962962962	42.40282685512368	62.82051282051282
Dialectal_normalizada	25.31645569620253	42.85714285714286	69.23076923076923