Transcripcion	Levenstein	Orden	Parcial
Estandar	54.751461988304094	77.78332501248127	60.8
Estandar_normalizada	63.298791018998266	77.7	70.48319327731092
Dialectal	54.751461988304094	77.78332501248127	60.8
Dialectal_normalizada	63.298791018998266	77.7	70.48319327731092