Transcripcion	Levenstein	Orden	Parcial
Estandar	15.625	37.83783783783784	33.9622641509434
Estandar_normalizada	21.153846153846157	32.87671232876712	38.297872340425535
Dialectal	15.625	37.83783783783784	33.9622641509434
Dialectal_normalizada	21.153846153846157	32.87671232876712	38.297872340425535