Transcripcion	Levenstein	Orden	Parcial
Estandar	55.81395348837209	58.62068965517242	62.857142857142854
Estandar_normalizada	60.60606060606061	58.62068965517242	70.17543859649122
Dialectal	55.81395348837209	58.62068965517242	62.857142857142854
Dialectal_normalizada	60.60606060606061	58.62068965517242	70.17543859649122