Transcripcion	Levenstein	Orden	Parcial
Estandar	54.347826086956516	74.07407407407408	73.07692307692308
Estandar_normalizada	61.111111111111114	74.07407407407408	86.95652173913044
Dialectal	54.347826086956516	74.07407407407408	73.07692307692308
Dialectal_normalizada	61.111111111111114	74.07407407407408	86.95652173913044