Transcripcion	Levenstein	Orden	Parcial
Estandar	24.63768115942029	48.275862068965516	38.888888888888886
Estandar_normalizada	29.824561403508774	44.705882352941174	44.44444444444444
Dialectal	24.63768115942029	48.275862068965516	38.888888888888886
Dialectal_normalizada	29.824561403508774	44.705882352941174	44.44444444444444