Transcripcion	Levenstein	Orden	Parcial
Estandar	44.395604395604394	70.24390243902438	70.56603773584906
Estandar_normalizada	50.25252525252526	70.81967213114754	76.61290322580645
Dialectal	44.395604395604394	70.24390243902438	70.56603773584906
Dialectal_normalizada	50.25252525252526	70.81967213114754	76.61290322580645