Transcripcion	Levenstein	Orden	Parcial
Estandar	12.5	23.529411764705888	35.71428571428571
Estandar_normalizada	15.909090909090907	24.489795918367353	38.46153846153846
Dialectal	12.5	23.529411764705888	35.71428571428571
Dialectal_normalizada	15.909090909090907	24.489795918367353	38.46153846153846