Transcripcion	Levenstein	Orden	Parcial
Estandar	8.98876404494382	24.0	50.0
Estandar_normalizada	12.328767123287676	24.65753424657534	60.0
Dialectal	8.98876404494382	24.0	50.0
Dialectal_normalizada	12.328767123287676	24.65753424657534	60.0