Transcripcion	Levenstein	Orden	Parcial
Estandar	4.081632653061229	13.33333333333333	50.0
Estandar_normalizada	5.555555555555558	13.33333333333333	50.0
Dialectal	4.081632653061229	13.33333333333333	50.0
Dialectal_normalizada	5.555555555555558	13.33333333333333	50.0