Transcripcion	Levenstein	Orden	Parcial
Estandar	69.93464052287581	85.95744680851064	78.30188679245282
Estandar_normalizada	77.94117647058823	86.32478632478633	82.58706467661692
Dialectal	69.93464052287581	85.95744680851064	78.30188679245282
Dialectal_normalizada	77.94117647058823	86.32478632478633	82.58706467661692