Transcripcion	Levenstein	Orden	Parcial
Estandar	51.48514851485149	64.28571428571428	73.33333333333334
Estandar_normalizada	56.17977528089888	64.28571428571428	73.6842105263158
Dialectal	51.48514851485149	64.28571428571428	73.33333333333334
Dialectal_normalizada	56.17977528089888	64.28571428571428	73.6842105263158