Transcripcion	Levenstein	Orden	Parcial
Estandar	2.777777777777779	10.666666666666668	16.666666666666664
Estandar_normalizada	5.714285714285716	10.81081081081081	50.0
Dialectal	2.777777777777779	10.666666666666668	16.666666666666664
Dialectal_normalizada	5.714285714285716	10.81081081081081	50.0