Transcripcion	Levenstein	Orden	Parcial
Estandar	21.052631578947366	27.586206896551722	38.70967741935484
Estandar_normalizada	25.0	27.586206896551722	42.85714285714286
Dialectal	21.052631578947366	27.586206896551722	38.70967741935484
Dialectal_normalizada	25.0	27.586206896551722	42.85714285714286