Transcripcion	Levenstein	Orden	Parcial
Estandar	55.00000000000001	79.24528301886792	74.07407407407408
Estandar_normalizada	68.75	79.24528301886792	80.0
Dialectal	55.00000000000001	79.24528301886792	74.07407407407408
Dialectal_normalizada	68.75	79.24528301886792	80.0