Transcripcion	Levenstein	Orden	Parcial
Estandar	40.25974025974026	50.847457627118644	62.745098039215684
Estandar_normalizada	42.465753424657535	50.847457627118644	66.66666666666667
Dialectal	40.25974025974026	50.847457627118644	62.745098039215684
Dialectal_normalizada	42.465753424657535	50.847457627118644	66.66666666666667