Transcripcion	Levenstein	Orden	Parcial
Estandar	15.000000000000002	27.77777777777778	53.333333333333336
Estandar_normalizada	15.94202898550725	28.169014084507037	63.63636363636363
Dialectal	15.000000000000002	27.77777777777778	53.333333333333336
Dialectal_normalizada	15.94202898550725	28.169014084507037	63.63636363636363