Transcripcion	Levenstein	Orden	Parcial
Estandar	53.968253968253975	80.0	76.74418604651163
Estandar_normalizada	66.66666666666667	80.0	83.54430379746836
Dialectal	53.968253968253975	80.0	76.74418604651163
Dialectal_normalizada	66.66666666666667	80.0	83.54430379746836