Transcripcion	Levenstein	Orden	Parcial
Estandar	17.647058823529417	47.05882352941176	35.29411764705882
Estandar_normalizada	27.27272727272727	47.05882352941176	44.44444444444444
Dialectal	17.647058823529417	47.05882352941176	35.29411764705882
Dialectal_normalizada	27.27272727272727	47.05882352941176	44.44444444444444