Transcripcion	Levenstein	Orden	Parcial
Estandar	25.698324022346362	44.067796610169495	60.71428571428572
Estandar_normalizada	28.37837837837838	44.31818181818182	65.99999999999999
Dialectal	25.698324022346362	44.067796610169495	60.71428571428572
Dialectal_normalizada	28.37837837837838	44.31818181818182	65.99999999999999