Transcripcion	Levenstein	Orden	Parcial
Estandar	42.85714285714286	64.797507788162	57.692307692307686
Estandar_normalizada	46.97674418604652	65.2037617554859	62.698412698412696
Dialectal	42.85714285714286	64.797507788162	57.692307692307686
Dialectal_normalizada	46.97674418604652	65.2037617554859	62.698412698412696