Transcripcion	Levenstein	Orden	Parcial
Estandar	58.82352941176471	85.1063829787234	90.9090909090909
Estandar_normalizada	71.42857142857143	85.1063829787234	95.23809523809523
Dialectal	58.82352941176471	85.1063829787234	90.9090909090909
Dialectal_normalizada	71.42857142857143	85.1063829787234	95.23809523809523