Transcripcion	Levenstein	Orden	Parcial
Estandar	25.874125874125873	56.896551724137936	46.715328467153284
Estandar_normalizada	32.82442748091603	56.27705627705628	57.14285714285714
Dialectal	25.874125874125873	56.896551724137936	46.715328467153284
Dialectal_normalizada	32.82442748091603	56.27705627705628	57.14285714285714