Transcripcion	Levenstein	Orden	Parcial
Estandar	56.88622754491017	56.83453237410072	69.34306569343065
Estandar_normalizada	61.8421052631579	57.761732851985556	74.04580152671755
Dialectal	56.88622754491017	56.83453237410072	69.34306569343065
Dialectal_normalizada	61.8421052631579	57.761732851985556	74.04580152671755