Transcripcion	Levenstein	Orden	Parcial
Estandar	31.060606060606055	66.96832579185521	66.98564593301435
Estandar_normalizada	37.301587301587304	67.57990867579909	73.51351351351352
Dialectal	31.060606060606055	66.96832579185521	66.98564593301435
Dialectal_normalizada	37.301587301587304	67.57990867579909	73.51351351351352