Transcripcion	Levenstein	Orden	Parcial
Estandar	53.24675324675325	70.27027027027026	77.08333333333334
Estandar_normalizada	60.86956521739131	70.27027027027026	84.78260869565217
Dialectal	53.24675324675325	70.27027027027026	77.08333333333334
Dialectal_normalizada	60.86956521739131	70.27027027027026	84.78260869565217