Transcripcion	Levenstein	Orden	Parcial
Estandar	62.76595744680851	75.0	78.57142857142857
Estandar_normalizada	75.0	75.0	87.14285714285714
Dialectal	62.76595744680851	75.0	78.57142857142857
Dialectal_normalizada	75.0	75.0	87.14285714285714