Transcripcion	Levenstein	Orden	Parcial
Estandar	77.04918032786885	94.0	89.79591836734694
Estandar_normalizada	87.27272727272728	94.0	92.63157894736842
Dialectal	77.04918032786885	94.0	89.79591836734694
Dialectal_normalizada	87.27272727272728	94.0	92.63157894736842