Transcripcion	Levenstein	Orden	Parcial
Estandar	27.67857142857143	42.77456647398844	44.73684210526315
Estandar_normalizada	28.44036697247706	42.77456647398844	48.529411764705884
Dialectal	26.785714285714292	41.17647058823529	44.09448818897638
Dialectal_normalizada	28.44036697247706	41.17647058823529	47.692307692307686