Transcripcion	Levenstein	Orden	Parcial
Estandar	23.076923076923073	34.14634146341463	43.90243902439024
Estandar_normalizada	27.27272727272727	34.14634146341463	50.0
Dialectal	23.076923076923073	34.14634146341463	43.90243902439024
Dialectal_normalizada	27.27272727272727	34.14634146341463	50.0