Transcripcion	Levenstein	Orden	Parcial
Estandar	49.23076923076923	55.855855855855864	64.28571428571428
Estandar_normalizada	52.459016393442624	55.855855855855864	68.68686868686868
Dialectal	47.540983606557376	56.07476635514019	63.06306306306306
Dialectal_normalizada	50.877192982456144	56.07476635514019	68.0