Transcripcion	Levenstein	Orden	Parcial
Estandar	37.44493392070485	56.92695214105794	59.25925925925925
Estandar_normalizada	40.19607843137255	57.07070707070707	64.21052631578948
Dialectal	37.44493392070485	56.92695214105794	59.25925925925925
Dialectal_normalizada	40.19607843137255	57.07070707070707	64.21052631578948