Transcripcion	Levenstein	Orden	Parcial
Estandar	46.062992125984245	63.852242744063325	56.363636363636374
Estandar_normalizada	50.64377682403433	64.36170212765957	63.41463414634146
Dialectal	46.062992125984245	63.852242744063325	56.363636363636374
Dialectal_normalizada	50.64377682403433	64.36170212765957	63.41463414634146