Transcripcion	Levenstein	Orden	Parcial
Estandar	21.969696969696972	42.708333333333336	38.095238095238095
Estandar_normalizada	22.881355932203384	42.708333333333336	40.74074074074075
Dialectal	21.37404580152672	42.93193717277487	38.095238095238095
Dialectal_normalizada	23.076923076923073	42.93193717277487	39.50617283950617