Transcripcion	Levenstein	Orden	Parcial
Estandar	53.53982300884957	62.82722513089005	67.89473684210526
Estandar_normalizada	54.146341463414636	62.99212598425197	70.27027027027026
Dialectal	53.53982300884957	62.82722513089005	67.89473684210526
Dialectal_normalizada	54.146341463414636	62.99212598425197	70.27027027027026