Transcripcion	Levenstein	Orden	Parcial
Estandar	70.76271186440678	78.62407862407863	78.36538461538461
Estandar_normalizada	74.53703703703704	78.62407862407863	84.07960199004975
Dialectal	71.24463519313305	79.20792079207921	79.32692307692308
Dialectal_normalizada	74.64788732394366	79.20792079207921	84.78802992518703