Transcripcion	Levenstein	Orden	Parcial
Estandar	62.5	85.18518518518519	83.63636363636364
Estandar_normalizada	71.42857142857143	85.18518518518519	88.46153846153845
Dialectal	62.5	85.18518518518519	83.63636363636364
Dialectal_normalizada	71.42857142857143	85.18518518518519	88.46153846153845