Transcripcion	Levenstein	Orden	Parcial
Estandar	81.81818181818181	98.21428571428571	98.18181818181819
Estandar_normalizada	91.66666666666666	98.21428571428571	100.0
Dialectal	81.81818181818181	98.21428571428571	98.18181818181819
Dialectal_normalizada	91.66666666666666	98.21428571428571	100.0