Transcripcion	Levenstein	Orden	Parcial
Estandar	74.60317460317461	92.15686274509804	89.79591836734694
Estandar_normalizada	78.94736842105263	92.15686274509804	93.75
Dialectal	74.60317460317461	92.15686274509804	89.79591836734694
Dialectal_normalizada	78.94736842105263	92.15686274509804	93.75