Transcripcion	Levenstein	Orden	Parcial
Estandar	61.63934426229508	75.24752475247524	72.01646090534979
Estandar_normalizada	66.07142857142857	75.39682539682539	76.17021276595744
Dialectal	61.8421052631579	72.61904761904762	72.01646090534979
Dialectal_normalizada	66.30824372759857	72.76341948310139	75.74468085106383