Transcripcion	Levenstein	Orden	Parcial
Estandar	42.592592592592595	45.56962025316456	59.45945945945945
Estandar_normalizada	47.916666666666664	45.56962025316456	66.66666666666667
Dialectal	42.592592592592595	45.56962025316456	59.45945945945945
Dialectal_normalizada	47.916666666666664	45.56962025316456	66.66666666666667