Transcripcion	Levenstein	Orden	Parcial
Estandar	65.67164179104478	92.47311827956989	74.0
Estandar_normalizada	76.36363636363637	92.47311827956989	82.35294117647058
Dialectal	65.67164179104478	92.47311827956989	74.0
Dialectal_normalizada	76.36363636363637	92.47311827956989	82.35294117647058