Transcripcion	Levenstein	Orden	Parcial
Estandar	30.263157894736846	51.94805194805194	47.61904761904761
Estandar_normalizada	33.333333333333336	52.17391304347826	52.94117647058824
Dialectal	31.081081081081084	51.10132158590308	47.61904761904761
Dialectal_normalizada	34.35114503816794	51.32743362831859	51.96078431372548