Transcripcion	Levenstein	Orden	Parcial
Estandar	35.29411764705882	58.27814569536424	63.1578947368421
Estandar_normalizada	38.67924528301887	58.666666666666664	66.66666666666667
Dialectal	35.89743589743589	59.06040268456376	63.1578947368421
Dialectal_normalizada	39.42307692307693	59.45945945945945	66.66666666666667