Transcripcion	Levenstein	Orden	Parcial
Estandar	50.69444444444444	64.0176600441501	63.67521367521367
Estandar_normalizada	58.0392156862745	64.0176600441501	71.96261682242991
Dialectal	51.04895104895104	64.7450110864745	64.52991452991452
Dialectal_normalizada	58.10276679841897	64.7450110864745	73.36448598130842