Transcripcion	Levenstein	Orden	Parcial
Estandar	57.89473684210527	76.92307692307692	75.0
Estandar_normalizada	73.33333333333334	76.92307692307692	92.3076923076923
Dialectal	57.89473684210527	76.92307692307692	75.0
Dialectal_normalizada	73.33333333333334	76.92307692307692	92.3076923076923