Transcripcion	Levenstein	Orden	Parcial
Estandar	32.55813953488372	57.14285714285714	54.23728813559322
Estandar_normalizada	45.714285714285715	57.14285714285714	64.40677966101696
Dialectal	32.55813953488372	57.14285714285714	54.23728813559322
Dialectal_normalizada	45.714285714285715	57.14285714285714	64.40677966101696