Transcripcion	Levenstein	Orden	Parcial
Estandar	35.35353535353535	43.24324324324324	53.54330708661416
Estandar_normalizada	38.46153846153846	44.89795918367348	58.62068965517242
Dialectal	35.35353535353535	43.24324324324324	53.54330708661416
Dialectal_normalizada	38.46153846153846	44.89795918367348	58.62068965517242