Transcripcion	Levenstein	Orden	Parcial
Estandar	77.77777777777779	93.15068493150685	89.74358974358975
Estandar_normalizada	87.17948717948718	93.15068493150685	91.89189189189189
Dialectal	77.77777777777779	93.15068493150685	89.74358974358975
Dialectal_normalizada	87.17948717948718	93.15068493150685	91.89189189189189