Transcripcion	Levenstein	Orden	Parcial
Estandar	28.000000000000004	46.846846846846844	48.93617021276596
Estandar_normalizada	31.343283582089555	46.846846846846844	56.81818181818181
Dialectal	28.767123287671236	47.706422018348626	50.0
Dialectal_normalizada	32.30769230769231	47.706422018348626	58.13953488372092