Transcripcion	Levenstein	Orden	Parcial
Estandar	32.38095238095238	48.86363636363637	44.565217391304344
Estandar_normalizada	30.76923076923077	49.142857142857146	50.617283950617285
Dialectal	32.38095238095238	48.86363636363637	44.565217391304344
Dialectal_normalizada	30.76923076923077	49.142857142857146	50.617283950617285