Transcripcion	Levenstein	Orden	Parcial
Estandar	47.199999999999996	69.14893617021276	65.59139784946237
Estandar_normalizada	52.83018867924528	68.44919786096257	71.8562874251497
Dialectal	46.7741935483871	68.44919786096257	64.80446927374301
Dialectal_normalizada	52.38095238095239	67.74193548387098	71.08433734939759