Transcripcion	Levenstein	Orden	Parcial
Estandar	54.4973544973545	69.50819672131148	68.32740213523132
Estandar_normalizada	59.523809523809526	69.73684210526316	73.61111111111111
Dialectal	54.010695187165766	69.3069306930693	68.10035842293907
Dialectal_normalizada	59.036144578313255	69.5364238410596	73.42657342657343