Transcripcion	Levenstein	Orden	Parcial
Estandar	58.82352941176471	91.66666666666666	62.5
Estandar_normalizada	78.57142857142857	91.66666666666666	82.6086956521739
Dialectal	58.82352941176471	91.66666666666666	62.5
Dialectal_normalizada	78.57142857142857	91.66666666666666	82.6086956521739