Transcripcion	Levenstein	Orden	Parcial
Estandar	54.67032967032968	72.03791469194313	75.79617834394905
Estandar_normalizada	58.38323353293413	72.15189873417722	77.63157894736842
Dialectal	54.67032967032968	72.03791469194313	75.79617834394905
Dialectal_normalizada	58.38323353293413	72.15189873417722	77.63157894736842