Transcripcion	Levenstein	Orden	Parcial
Estandar	38.3177570093458	52.80898876404494	56.94444444444444
Estandar_normalizada	39.42307692307693	51.9774011299435	58.57142857142856
Dialectal	38.3177570093458	52.80898876404494	56.94444444444444
Dialectal_normalizada	39.42307692307693	51.9774011299435	58.57142857142856