Transcripcion	Levenstein	Orden	Parcial
Estandar	62.0253164556962	74.62686567164178	70.0
Estandar_normalizada	69.01408450704226	74.62686567164178	79.38931297709924
Dialectal	62.0253164556962	74.62686567164178	70.0
Dialectal_normalizada	69.01408450704226	74.62686567164178	79.38931297709924