Transcripcion	Levenstein	Orden	Parcial
Estandar	54.761904761904766	89.28571428571429	69.23076923076923
Estandar_normalizada	73.52941176470588	89.28571428571429	75.0
Dialectal	54.761904761904766	89.28571428571429	69.23076923076923
Dialectal_normalizada	73.52941176470588	89.28571428571429	75.0