Transcripcion	Levenstein	Orden	Parcial
Estandar	39.490445859872615	56.55737704918033	63.41463414634146
Estandar_normalizada	42.85714285714286	56.55737704918033	67.75956284153006
Dialectal	39.490445859872615	56.55737704918033	63.41463414634146
Dialectal_normalizada	42.85714285714286	56.55737704918033	67.75956284153006