Transcripcion	Levenstein	Orden	Parcial
Estandar	21.42857142857143	26.086956521739136	38.46153846153846
Estandar_normalizada	8.333333333333337	26.086956521739136	34.78260869565217
Dialectal	21.42857142857143	26.086956521739136	38.46153846153846
Dialectal_normalizada	8.333333333333337	26.086956521739136	34.78260869565217