Transcripcion	Levenstein	Orden	Parcial
Estandar	58.13953488372092	60.56338028169015	80.31496062992126
Estandar_normalizada	60.24096385542168	60.56338028169015	84.29752066115702
Dialectal	58.13953488372092	60.56338028169015	80.31496062992126
Dialectal_normalizada	60.24096385542168	60.56338028169015	84.29752066115702