Transcripcion	Levenstein	Orden	Parcial
Estandar	57.01794753796594	79.62962962962963	64.42912795924482
Estandar_normalizada	64.8938957296306	79.7071129707113	71.51051625239006
Dialectal	57.00138185168125	79.55768081291093	64.42912795924482
Dialectal_normalizada	64.88329399423026	79.63516746411483	71.54238368387507