Transcripcion	Levenstein	Orden	Parcial
Estandar	17.85714285714286	25.806451612903224	52.94117647058824
Estandar_normalizada	19.6078431372549	25.806451612903224	53.84615384615385
Dialectal	17.85714285714286	25.806451612903224	52.94117647058824
Dialectal_normalizada	19.6078431372549	25.806451612903224	53.84615384615385