Transcripcion	Levenstein	Orden	Parcial
Estandar	18.446601941747577	37.76223776223776	33.333333333333336
Estandar_normalizada	23.529411764705888	38.02816901408451	39.21568627450981
Dialectal	18.446601941747577	37.76223776223776	33.333333333333336
Dialectal_normalizada	23.529411764705888	38.02816901408451	39.21568627450981