Transcripcion	Levenstein	Orden	Parcial
Estandar	49.29577464788733	64.45497630331754	64.22018348623853
Estandar_normalizada	54.03225806451613	65.07177033492823	68.85245901639344
Dialectal	49.29577464788733	64.45497630331754	64.22018348623853
Dialectal_normalizada	54.03225806451613	65.07177033492823	68.85245901639344