Transcripcion	Levenstein	Orden	Parcial
Estandar	17.647058823529417	40.0	44.44444444444444
Estandar_normalizada	23.076923076923073	40.0	75.0
Dialectal	17.647058823529417	40.0	44.44444444444444
Dialectal_normalizada	23.076923076923073	40.0	75.0