Transcripcion	Levenstein	Orden	Parcial
Estandar	47.794871794871796	67.9344262295082	59.52080706179067
Estandar_normalizada	55.62060889929743	68.0236375574524	66.66666666666667
Dialectal	48.201438848920866	68.68023637557452	60.02522068095839
Dialectal_normalizada	56.10328638497653	68.63905325443787	67.3525377229081