Transcripcion	Levenstein	Orden	Parcial
Estandar	48.57142857142858	64.15094339622642	64.0
Estandar_normalizada	51.61290322580645	64.15094339622642	66.66666666666667
Dialectal	48.57142857142858	64.15094339622642	64.0
Dialectal_normalizada	51.61290322580645	64.15094339622642	66.66666666666667