Transcripcion	Levenstein	Orden	Parcial
Estandar	12.0	30.76923076923077	28.57142857142857
Estandar_normalizada	19.047619047619047	30.76923076923077	42.85714285714286
Dialectal	12.0	30.76923076923077	28.57142857142857
Dialectal_normalizada	19.047619047619047	30.76923076923077	42.85714285714286