Transcripcion	Levenstein	Orden	Parcial
Estandar	34.693877551020414	45.56962025316456	51.35135135135135
Estandar_normalizada	36.36363636363637	43.58974358974359	56.71641791044777
Dialectal	34.693877551020414	45.56962025316456	51.35135135135135
Dialectal_normalizada	36.36363636363637	43.58974358974359	56.71641791044777