Transcripcion	Levenstein	Orden	Parcial
Estandar	23.17073170731707	42.22222222222223	49.23076923076923
Estandar_normalizada	26.470588235294112	42.22222222222223	53.57142857142857
Dialectal	23.17073170731707	42.22222222222223	49.23076923076923
Dialectal_normalizada	26.470588235294112	42.22222222222223	53.57142857142857