Transcripcion	Levenstein	Orden	Parcial
Estandar	15.789473684210531	24.0	28.57142857142857
Estandar_normalizada	6.666666666666665	24.0	31.57894736842105
Dialectal	15.789473684210531	24.0	28.57142857142857
Dialectal_normalizada	6.666666666666665	24.0	31.57894736842105