Transcripcion	Levenstein	Orden	Parcial
Estandar	13.888888888888884	32.25806451612904	41.666666666666664
Estandar_normalizada	19.23076923076923	32.25806451612904	50.0
Dialectal	13.888888888888884	32.25806451612904	41.666666666666664
Dialectal_normalizada	19.23076923076923	32.25806451612904	50.0