Transcripcion	Levenstein	Orden	Parcial
Estandar	49.23076923076923	66.00985221674878	76.40449438202246
Estandar_normalizada	53.333333333333336	66.00985221674878	77.01149425287358
Dialectal	49.23076923076923	66.00985221674878	76.40449438202246
Dialectal_normalizada	53.333333333333336	66.00985221674878	77.01149425287358