Transcripcion	Levenstein	Orden	Parcial
Estandar	47.91434307383449	76.72185891192431	60.022490863086865
Estandar_normalizada	52.88723667905823	77.00027878449957	65.26972804279983
Dialectal	47.91434307383449	76.72185891192431	60.022490863086865
Dialectal_normalizada	52.88723667905823	77.00027878449957	65.26972804279983