Transcripcion	Levenstein	Orden	Parcial
Estandar	62.54545454545455	75.68710359408034	71.1864406779661
Estandar_normalizada	66.66666666666667	75.68710359408034	74.44933920704845
Dialectal	62.54545454545455	75.68710359408034	71.1864406779661
Dialectal_normalizada	66.66666666666667	75.68710359408034	74.44933920704845