Transcripcion	Levenstein	Orden	Parcial
Estandar	45.945945945945944	66.66666666666667	67.74193548387098
Estandar_normalizada	48.484848484848484	66.66666666666667	73.33333333333334
Dialectal	45.945945945945944	66.66666666666667	67.74193548387098
Dialectal_normalizada	48.484848484848484	66.66666666666667	73.33333333333334