Transcripcion	Levenstein	Orden	Parcial
Estandar	68.11989100817439	86.89655172413792	72.85223367697596
Estandar_normalizada	76.70807453416148	86.89655172413792	80.0
Dialectal	68.11989100817439	86.89655172413792	72.85223367697596
Dialectal_normalizada	76.70807453416148	86.89655172413792	80.0