Transcripcion	Levenstein	Orden	Parcial
Estandar	27.586206896551722	56.52173913043479	54.54545454545454
Estandar_normalizada	28.000000000000004	56.52173913043479	63.41463414634146
Dialectal	27.586206896551722	56.52173913043479	54.54545454545454
Dialectal_normalizada	28.000000000000004	56.52173913043479	63.41463414634146