Transcripcion	Levenstein	Orden	Parcial
Estandar	13.636363636363635	27.586206896551722	34.48275862068966
Estandar_normalizada	13.953488372093027	27.586206896551722	44.44444444444444
Dialectal	13.636363636363635	27.586206896551722	34.48275862068966
Dialectal_normalizada	13.953488372093027	27.586206896551722	44.44444444444444