Transcripcion	Levenstein	Orden	Parcial
Estandar	47.62068373131765	74.37422552664188	58.26685006877579
Estandar_normalizada	54.30424528301887	74.33387036807535	64.95675514464658
Dialectal	47.61986595634989	74.39266236985623	58.24493731918997
Dialectal_normalizada	54.30593786865907	74.35229949175654	64.94630071599046