Transcripcion	Levenstein	Orden	Parcial
Estandar	50.0	53.968253968253975	80.76923076923077
Estandar_normalizada	55.00000000000001	53.968253968253975	84.0
Dialectal	50.0	53.968253968253975	80.76923076923077
Dialectal_normalizada	55.00000000000001	53.968253968253975	84.0