Transcripcion	Levenstein	Orden	Parcial
Estandar	47.05882352941176	79.16666666666666	73.07692307692308
Estandar_normalizada	61.53846153846154	79.16666666666666	85.1063829787234
Dialectal	47.05882352941176	79.16666666666666	73.07692307692308
Dialectal_normalizada	61.53846153846154	79.16666666666666	85.1063829787234