Transcripcion	Levenstein	Orden	Parcial
Estandar	23.529411764705888	60.74074074074074	54.20560747663552
Estandar_normalizada	25.0	60.74074074074074	58.00000000000001
Dialectal	23.529411764705888	60.74074074074074	54.20560747663552
Dialectal_normalizada	25.0	60.74074074074074	58.00000000000001