Transcripcion	Levenstein	Orden	Parcial
Estandar	51.61290322580645	66.66666666666667	69.23076923076923
Estandar_normalizada	57.692307692307686	66.66666666666667	73.46938775510203
Dialectal	51.61290322580645	66.66666666666667	69.23076923076923
Dialectal_normalizada	57.692307692307686	66.66666666666667	73.46938775510203