Transcripcion	Levenstein	Orden	Parcial
Estandar	12.28070175438597	19.6078431372549	38.095238095238095
Estandar_normalizada	13.043478260869568	19.999999999999996	38.46153846153846
Dialectal	12.28070175438597	19.6078431372549	38.095238095238095
Dialectal_normalizada	13.043478260869568	19.999999999999996	38.46153846153846