Transcripcion	Levenstein	Orden	Parcial
Estandar	30.952380952380953	44.628099173553714	42.622950819672134
Estandar_normalizada	34.78260869565217	44.628099173553714	50.0
Dialectal	30.952380952380953	44.628099173553714	42.622950819672134
Dialectal_normalizada	34.78260869565217	44.628099173553714	50.0