Transcripcion	Levenstein	Orden	Parcial
Estandar	37.58389261744966	53.13653136531366	56.928838951310865
Estandar_normalizada	41.95804195804196	52.788104089219324	60.629921259842526
Dialectal	37.58389261744966	53.13653136531366	56.928838951310865
Dialectal_normalizada	41.95804195804196	52.788104089219324	60.629921259842526