Transcripcion	Levenstein	Orden	Parcial
Estandar	15.44715447154471	29.007633587786263	38.35616438356164
Estandar_normalizada	20.38834951456311	29.457364341085267	43.18181818181818
Dialectal	14.876033057851235	27.906976744186053	38.35616438356164
Dialectal_normalizada	20.79207920792079	29.92125984251969	41.9753086419753