Transcripcion	Levenstein	Orden	Parcial
Estandar	12.631578947368416	25.49019607843137	47.36842105263158
Estandar_normalizada	15.73033707865169	25.49019607843137	47.05882352941176
Dialectal	12.631578947368416	25.49019607843137	47.36842105263158
Dialectal_normalizada	15.73033707865169	25.49019607843137	47.05882352941176