Transcripcion	Levenstein	Orden	Parcial
Estandar	9.090909090909093	24.13793103448276	57.14285714285714
Estandar_normalizada	10.71428571428571	24.13793103448276	57.14285714285714
Dialectal	9.090909090909093	24.13793103448276	57.14285714285714
Dialectal_normalizada	10.71428571428571	24.13793103448276	57.14285714285714