Transcripcion	Levenstein	Orden	Parcial
Estandar	6.5573770491803245	14.035087719298245	60.0
Estandar_normalizada	7.272727272727275	14.035087719298245	60.0
Dialectal	6.5573770491803245	14.035087719298245	60.0
Dialectal_normalizada	7.272727272727275	14.035087719298245	60.0