Transcripcion	Levenstein	Orden	Parcial
Estandar	20.588235294117652	42.42424242424242	46.51162790697675
Estandar_normalizada	29.629629629629626	40.0	57.14285714285714
Dialectal	20.588235294117652	42.42424242424242	46.51162790697675
Dialectal_normalizada	29.629629629629626	40.0	57.14285714285714