Transcripcion	Levenstein	Orden	Parcial
Estandar	6.666666666666665	13.793103448275868	25.0
Estandar_normalizada	12.0	14.28571428571429	33.333333333333336
Dialectal	6.666666666666665	13.793103448275868	25.0
Dialectal_normalizada	12.0	14.28571428571429	33.333333333333336