Transcripcion	Levenstein	Orden	Parcial
Estandar	13.513513513513509	29.166666666666664	33.333333333333336
Estandar_normalizada	13.888888888888884	29.166666666666664	35.71428571428571
Dialectal	13.513513513513509	29.166666666666664	33.333333333333336
Dialectal_normalizada	13.888888888888884	29.166666666666664	35.71428571428571