Transcripcion	Levenstein	Orden	Parcial
Estandar	2.777777777777779	11.538461538461542	14.28571428571429
Estandar_normalizada	3.508771929824561	11.764705882352944	33.333333333333336
Dialectal	2.777777777777779	11.538461538461542	14.28571428571429
Dialectal_normalizada	3.508771929824561	11.764705882352944	33.333333333333336