Transcripcion	Levenstein	Orden	Parcial
Estandar	28.57142857142857	43.18181818181818	41.463414634146346
Estandar_normalizada	31.999999999999996	43.18181818181818	44.44444444444444
Dialectal	28.57142857142857	43.18181818181818	41.463414634146346
Dialectal_normalizada	31.999999999999996	43.18181818181818	44.44444444444444