Transcripcion	Levenstein	Orden	Parcial
Estandar	13.924050632911388	30.000000000000004	50.0
Estandar_normalizada	17.391304347826086	30.379746835443033	55.55555555555556
Dialectal	13.924050632911388	30.000000000000004	50.0
Dialectal_normalizada	17.391304347826086	30.379746835443033	55.55555555555556