Transcripcion	Levenstein	Orden	Parcial
Estandar	32.35294117647059	55.172413793103445	58.33333333333333
Estandar_normalizada	30.000000000000004	55.172413793103445	60.86956521739131
Dialectal	32.35294117647059	55.172413793103445	58.33333333333333
Dialectal_normalizada	30.000000000000004	55.172413793103445	60.86956521739131