Transcripcion	Levenstein	Orden	Parcial
Estandar	12.5	27.77777777777778	33.333333333333336
Estandar_normalizada	9.999999999999998	27.77777777777778	35.71428571428571
Dialectal	12.5	27.77777777777778	33.333333333333336
Dialectal_normalizada	9.999999999999998	27.77777777777778	35.71428571428571