Transcripcion	Levenstein	Orden	Parcial
Estandar	38.888888888888886	64.7887323943662	60.0
Estandar_normalizada	52.38095238095239	64.7887323943662	68.57142857142857
Dialectal	38.888888888888886	64.7887323943662	60.0
Dialectal_normalizada	52.38095238095239	64.7887323943662	68.57142857142857