Transcripcion	Levenstein	Orden	Parcial
Estandar	3.0303030303030276	8.54700854700855	40.0
Estandar_normalizada	5.128205128205132	8.62068965517241	40.0
Dialectal	3.0303030303030276	8.54700854700855	40.0
Dialectal_normalizada	5.128205128205132	8.62068965517241	40.0