Transcripcion	Levenstein	Orden	Parcial
Estandar	0.0	30.76923076923077	18.181818181818176
Estandar_normalizada	14.28571428571429	30.76923076923077	36.36363636363637
Dialectal	0.0	30.76923076923077	18.181818181818176
Dialectal_normalizada	14.28571428571429	30.76923076923077	36.36363636363637