Transcripcion	Levenstein	Orden	Parcial
Estandar	21.739130434782606	31.372549019607842	44.44444444444444
Estandar_normalizada	23.076923076923073	31.999999999999996	46.15384615384615
Dialectal	21.739130434782606	31.372549019607842	44.44444444444444
Dialectal_normalizada	23.076923076923073	31.999999999999996	46.15384615384615