Transcripcion	Levenstein	Orden	Parcial
Estandar	19.64285714285714	40.67796610169492	54.54545454545454
Estandar_normalizada	22.22222222222222	41.379310344827594	54.54545454545454
Dialectal	19.64285714285714	40.67796610169492	54.54545454545454
Dialectal_normalizada	22.22222222222222	41.379310344827594	54.54545454545454