Transcripcion	Levenstein	Orden	Parcial
Estandar	23.076923076923073	46.25850340136054	44.776119402985074
Estandar_normalizada	27.586206896551722	46.25850340136054	52.800000000000004
Dialectal	23.076923076923073	46.25850340136054	44.776119402985074
Dialectal_normalizada	27.586206896551722	46.25850340136054	52.800000000000004