Transcripcion	Levenstein	Orden	Parcial
Estandar	34.78260869565217	37.83783783783784	44.99999999999999
Estandar_normalizada	35.0	37.83783783783784	58.82352941176471
Dialectal	34.78260869565217	37.83783783783784	44.99999999999999
Dialectal_normalizada	35.0	37.83783783783784	58.82352941176471