Transcripcion	Levenstein	Orden	Parcial
Estandar	60.37735849056604	75.51020408163265	77.08333333333334
Estandar_normalizada	61.53846153846154	75.51020408163265	80.43478260869566
Dialectal	60.37735849056604	75.51020408163265	77.08333333333334
Dialectal_normalizada	61.53846153846154	75.51020408163265	80.43478260869566