Transcripcion	Levenstein	Orden	Parcial
Estandar	22.64150943396226	19.718309859154925	37.03703703703704
Estandar_normalizada	24.0	19.718309859154925	45.833333333333336
Dialectal	22.64150943396226	19.718309859154925	37.03703703703704
Dialectal_normalizada	24.0	19.718309859154925	45.833333333333336