Transcripcion	Levenstein	Orden	Parcial
Estandar	19.999999999999996	36.95652173913043	34.285714285714285
Estandar_normalizada	24.13793103448276	37.362637362637365	42.85714285714286
Dialectal	19.999999999999996	36.95652173913043	34.285714285714285
Dialectal_normalizada	24.13793103448276	37.362637362637365	42.85714285714286