Transcripcion	Levenstein	Orden	Parcial
Estandar	62.8099173553719	81.56424581005587	78.75
Estandar_normalizada	71.02803738317758	81.56424581005587	82.27848101265822
Dialectal	62.8099173553719	81.56424581005587	78.75
Dialectal_normalizada	71.02803738317758	81.56424581005587	82.27848101265822