Transcripcion	Levenstein	Orden	Parcial
Estandar	29.230769230769226	34.78260869565217	50.79365079365079
Estandar_normalizada	29.6875	34.78260869565217	56.666666666666664
Dialectal	29.230769230769226	34.78260869565217	50.79365079365079
Dialectal_normalizada	29.6875	34.78260869565217	56.666666666666664