Transcripcion	Levenstein	Orden	Parcial
Estandar	19.999999999999996	18.181818181818176	33.333333333333336
Estandar_normalizada	11.111111111111116	18.181818181818176	33.333333333333336
Dialectal	19.999999999999996	18.181818181818176	33.333333333333336
Dialectal_normalizada	11.111111111111116	18.181818181818176	33.333333333333336