Transcripcion	Levenstein	Orden	Parcial
Estandar	21.212121212121215	35.55555555555555	34.61538461538461
Estandar_normalizada	16.000000000000004	35.55555555555555	38.297872340425535
Dialectal	21.212121212121215	35.55555555555555	34.61538461538461
Dialectal_normalizada	16.000000000000004	35.55555555555555	38.297872340425535