Transcripcion	Levenstein	Orden	Parcial
Estandar	13.043478260869568	24.242424242424242	33.333333333333336
Estandar_normalizada	16.666666666666664	25.0	36.36363636363637
Dialectal	13.043478260869568	24.242424242424242	33.333333333333336
Dialectal_normalizada	16.666666666666664	25.0	36.36363636363637