Transcripcion	Levenstein	Orden	Parcial
Estandar	46.666666666666664	63.63636363636363	64.0
Estandar_normalizada	53.84615384615385	63.63636363636363	72.72727272727273
Dialectal	46.666666666666664	63.63636363636363	64.0
Dialectal_normalizada	53.84615384615385	63.63636363636363	72.72727272727273