Transcripcion	Levenstein	Orden	Parcial
Estandar	17.24137931034483	35.71428571428571	62.5
Estandar_normalizada	23.809523809523814	35.71428571428571	62.5
Dialectal	17.24137931034483	35.71428571428571	62.5
Dialectal_normalizada	23.809523809523814	35.71428571428571	62.5