Transcripcion	Levenstein	Orden	Parcial
Estandar	20.143884892086326	52.58215962441315	37.2093023255814
Estandar_normalizada	23.275862068965512	51.42857142857142	45.53571428571429
Dialectal	20.143884892086326	52.58215962441315	37.2093023255814
Dialectal_normalizada	23.275862068965512	51.42857142857142	45.53571428571429