Transcripcion	Levenstein	Orden	Parcial
Estandar	52.33644859813084	76.68711656441718	60.35502958579882
Estandar_normalizada	62.903225806451616	77.1604938271605	69.73684210526316
Dialectal	52.33644859813084	76.68711656441718	60.35502958579882
Dialectal_normalizada	62.903225806451616	77.1604938271605	69.73684210526316