Transcripcion	Levenstein	Orden	Parcial
Estandar	8.029197080291972	18.89763779527559	52.94117647058824
Estandar_normalizada	10.084033613445376	20.799999999999997	52.94117647058824
Dialectal	8.029197080291972	18.89763779527559	52.94117647058824
Dialectal_normalizada	10.084033613445376	20.799999999999997	52.94117647058824