Transcripcion	Levenstein	Orden	Parcial
Estandar	21.95121951219512	33.10344827586207	41.509433962264154
Estandar_normalizada	26.21359223300971	33.333333333333336	45.28301886792453
Dialectal	21.95121951219512	33.10344827586207	41.509433962264154
Dialectal_normalizada	26.21359223300971	33.333333333333336	45.28301886792453