Transcripcion	Levenstein	Orden	Parcial
Estandar	33.52601156069365	57.971014492753625	53.93258426966292
Estandar_normalizada	43.97163120567376	55.172413793103445	66.23376623376623
Dialectal	33.52601156069365	57.971014492753625	53.93258426966292
Dialectal_normalizada	43.97163120567376	55.172413793103445	66.23376623376623