Transcripcion	Levenstein	Orden	Parcial
Estandar	9.009009009009006	20.2020202020202	53.333333333333336
Estandar_normalizada	10.63829787234043	22.916666666666664	53.333333333333336
Dialectal	9.009009009009006	20.2020202020202	53.333333333333336
Dialectal_normalizada	10.63829787234043	22.916666666666664	53.333333333333336