Transcripcion	Levenstein	Orden	Parcial
Estandar	63.037974683544306	77.90055248618785	74.15730337078652
Estandar_normalizada	66.57608695652173	76.45429362880887	80.05865102639295
Dialectal	63.037974683544306	77.90055248618785	74.15730337078652
Dialectal_normalizada	66.57608695652173	76.45429362880887	80.05865102639295