Transcripcion	Levenstein	Orden	Parcial
Estandar	21.42857142857143	37.362637362637365	44.44444444444444
Estandar_normalizada	21.212121212121215	37.362637362637365	45.45454545454546
Dialectal	21.42857142857143	37.362637362637365	44.44444444444444
Dialectal_normalizada	21.212121212121215	37.362637362637365	45.45454545454546