Transcripcion	Levenstein	Orden	Parcial
Estandar	18.181818181818176	0.0	40.0
Estandar_normalizada	14.28571428571429	0.0	40.0
Dialectal	18.181818181818176	0.0	40.0
Dialectal_normalizada	14.28571428571429	0.0	40.0