Transcripcion	Levenstein	Orden	Parcial
Estandar	4.761904761904767	34.48275862068966	22.22222222222222
Estandar_normalizada	14.28571428571429	28.57142857142857	44.44444444444444
Dialectal	4.761904761904767	34.48275862068966	22.22222222222222
Dialectal_normalizada	14.28571428571429	28.57142857142857	44.44444444444444