Transcripcion	Levenstein	Orden	Parcial
Estandar	23.84615384615385	37.2093023255814	42.465753424657535
Estandar_normalizada	25.356125356125357	36.518046709129514	47.28682170542635
Dialectal	23.84615384615385	37.2093023255814	42.465753424657535
Dialectal_normalizada	25.356125356125357	36.518046709129514	47.28682170542635