Transcripcion	Levenstein	Orden	Parcial
Estandar	45.205479452054796	61.81818181818181	70.0
Estandar_normalizada	47.05882352941176	58.71559633027523	71.60493827160495
Dialectal	45.205479452054796	61.81818181818181	70.0
Dialectal_normalizada	47.05882352941176	58.71559633027523	71.60493827160495