Transcripcion	Levenstein	Orden	Parcial
Estandar	44.44444444444444	74.50980392156863	60.0
Estandar_normalizada	50.0	74.50980392156863	66.66666666666667
Dialectal	44.44444444444444	74.50980392156863	60.0
Dialectal_normalizada	50.0	74.50980392156863	66.66666666666667