Transcripcion	Levenstein	Orden	Parcial
Estandar	14.70588235294118	33.92857142857143	38.888888888888886
Estandar_normalizada	18.39080459770115	34.23423423423423	38.888888888888886
Dialectal	14.70588235294118	33.92857142857143	38.888888888888886
Dialectal_normalizada	18.39080459770115	34.23423423423423	38.888888888888886