Transcripcion	Levenstein	Orden	Parcial
Estandar	26.262626262626267	48.73949579831933	50.79365079365079
Estandar_normalizada	30.23255813953488	49.152542372881356	57.14285714285714
Dialectal	26.262626262626267	48.73949579831933	50.79365079365079
Dialectal_normalizada	30.23255813953488	49.152542372881356	57.14285714285714