Transcripcion	Levenstein	Orden	Parcial
Estandar	38.65546218487395	50.306748466257666	54.41176470588236
Estandar_normalizada	42.45283018867924	51.24999999999999	56.060606060606055
Dialectal	38.65546218487395	50.306748466257666	54.41176470588236
Dialectal_normalizada	42.45283018867924	51.24999999999999	56.060606060606055