Transcripcion	Levenstein	Orden	Parcial
Estandar	16.393442622950815	33.333333333333336	35.483870967741936
Estandar_normalizada	18.965517241379317	33.70786516853933	42.85714285714286
Dialectal	16.393442622950815	33.333333333333336	35.483870967741936
Dialectal_normalizada	18.965517241379317	33.70786516853933	42.85714285714286