Transcripcion	Levenstein	Orden	Parcial
Estandar	24.0506329113924	46.81528662420382	40.44943820224719
Estandar_normalizada	27.95180722891566	46.22792937399679	43.673469387755105
Dialectal	24.0506329113924	46.81528662420382	40.44943820224719
Dialectal_normalizada	27.95180722891566	46.22792937399679	43.673469387755105