Transcripcion	Levenstein	Orden	Parcial
Estandar	13.265306122448983	24.161073825503355	39.71631205673759
Estandar_normalizada	14.173228346456689	24.215246636771305	43.939393939393945
Dialectal	13.265306122448983	24.161073825503355	39.71631205673759
Dialectal_normalizada	14.173228346456689	24.215246636771305	43.939393939393945