Transcripcion	Levenstein	Orden	Parcial
Estandar	24.545454545454547	47.55244755244755	48.275862068965516
Estandar_normalizada	30.927835051546392	45.39007092198582	54.71698113207547
Dialectal	24.545454545454547	47.55244755244755	48.275862068965516
Dialectal_normalizada	30.927835051546392	45.39007092198582	54.71698113207547