Transcripcion	Levenstein	Orden	Parcial
Estandar	10.29411764705882	27.118644067796616	33.333333333333336
Estandar_normalizada	16.36363636363637	27.586206896551722	44.44444444444444
Dialectal	10.29411764705882	27.118644067796616	33.333333333333336
Dialectal_normalizada	16.36363636363637	27.586206896551722	44.44444444444444