Transcripcion	Levenstein	Orden	Parcial
Estandar	51.388888888888886	67.96116504854368	71.42857142857143
Estandar_normalizada	61.66666666666667	67.96116504854368	78.57142857142857
Dialectal	51.388888888888886	67.96116504854368	71.42857142857143
Dialectal_normalizada	61.66666666666667	67.96116504854368	78.57142857142857