Transcripcion	Levenstein	Orden	Parcial
Estandar	22.77227722772277	37.03703703703704	70.96774193548387
Estandar_normalizada	26.190476190476186	37.383177570093466	73.33333333333334
Dialectal	22.77227722772277	37.03703703703704	70.96774193548387
Dialectal_normalizada	26.190476190476186	37.383177570093466	73.33333333333334