Transcripcion	Levenstein	Orden	Parcial
Estandar	80.3921568627451	77.77777777777779	89.13043478260869
Estandar_normalizada	89.36170212765957	77.77777777777779	93.33333333333333
Dialectal	80.3921568627451	77.77777777777779	89.13043478260869
Dialectal_normalizada	89.36170212765957	77.77777777777779	93.33333333333333