Transcripcion	Levenstein	Orden	Parcial
Estandar	22.499999999999996	44.89795918367348	42.10526315789473
Estandar_normalizada	24.242424242424242	42.553191489361694	50.0
Dialectal	22.499999999999996	44.89795918367348	42.10526315789473
Dialectal_normalizada	24.242424242424242	42.553191489361694	50.0