Transcripcion	Levenstein	Orden	Parcial
Estandar	42.361111111111114	59.22330097087378	60.204081632653065
Estandar_normalizada	51.21951219512195	59.512195121951216	68.1564245810056
Dialectal	42.361111111111114	59.22330097087378	60.204081632653065
Dialectal_normalizada	51.21951219512195	59.512195121951216	68.1564245810056