Transcripcion	Levenstein	Orden	Parcial
Estandar	22.527472527472526	41.379310344827594	50.90909090909091
Estandar_normalizada	25.47770700636943	41.584158415841586	53.84615384615385
Dialectal	22.527472527472526	41.379310344827594	50.90909090909091
Dialectal_normalizada	25.47770700636943	41.584158415841586	53.84615384615385