Transcripcion	Levenstein	Orden	Parcial
Estandar	41.17647058823529	66.66666666666667	68.62745098039215
Estandar_normalizada	45.58823529411765	67.32673267326732	76.40449438202246
Dialectal	41.17647058823529	66.66666666666667	68.62745098039215
Dialectal_normalizada	45.58823529411765	67.32673267326732	76.40449438202246