Transcripcion	Levenstein	Orden	Parcial
Estandar	19.999999999999996	42.10526315789473	28.57142857142857
Estandar_normalizada	9.090909090909093	42.10526315789473	35.29411764705882
Dialectal	13.33333333333333	23.529411764705888	30.76923076923077
Dialectal_normalizada	9.090909090909093	23.529411764705888	40.0