Transcripcion	Levenstein	Orden	Parcial
Estandar	31.29770992366412	52.52525252525253	44.03669724770643
Estandar_normalizada	32.743362831858406	53.06122448979591	49.494949494949495
Dialectal	31.29770992366412	52.52525252525253	44.03669724770643
Dialectal_normalizada	32.743362831858406	53.06122448979591	49.494949494949495