Transcripcion	Levenstein	Orden	Parcial
Estandar	21.276595744680847	47.05882352941176	43.47826086956522
Estandar_normalizada	33.333333333333336	48.0	52.38095238095239
Dialectal	21.276595744680847	47.05882352941176	43.47826086956522
Dialectal_normalizada	33.333333333333336	48.0	52.38095238095239