Transcripcion	Levenstein	Orden	Parcial
Estandar	12.5	33.84615384615385	40.57971014492754
Estandar_normalizada	16.216216216216218	33.84615384615385	42.10526315789473
Dialectal	12.5	33.84615384615385	40.57971014492754
Dialectal_normalizada	16.216216216216218	33.84615384615385	42.10526315789473