Transcripcion	Levenstein	Orden	Parcial
Estandar	19.999999999999996	40.0	41.666666666666664
Estandar_normalizada	21.052631578947366	37.03703703703704	43.90243902439024
Dialectal	19.999999999999996	40.0	41.666666666666664
Dialectal_normalizada	21.052631578947366	37.03703703703704	43.90243902439024