Transcripcion	Levenstein	Orden	Parcial
Estandar	14.000000000000002	43.0379746835443	38.35616438356164
Estandar_normalizada	20.833333333333336	41.02564102564102	42.10526315789473
Dialectal	14.000000000000002	43.0379746835443	38.35616438356164
Dialectal_normalizada	20.833333333333336	41.02564102564102	42.10526315789473