Transcripcion	Levenstein	Orden	Parcial
Estandar	52.0	38.888888888888886	61.111111111111114
Estandar_normalizada	61.904761904761905	38.888888888888886	70.58823529411764
Dialectal	52.0	38.888888888888886	61.111111111111114
Dialectal_normalizada	61.904761904761905	38.888888888888886	70.58823529411764