Transcripcion	Levenstein	Orden	Parcial
Estandar	26.595744680851062	46.34146341463414	45.45454545454546
Estandar_normalizada	27.380952380952383	42.94478527607362	47.22222222222222
Dialectal	26.595744680851062	46.34146341463414	45.45454545454546
Dialectal_normalizada	27.380952380952383	42.94478527607362	47.22222222222222