Transcripcion	Levenstein	Orden	Parcial
Estandar	30.23255813953488	44.44444444444444	51.5625
Estandar_normalizada	33.734939759036145	44.44444444444444	51.78571428571428
Dialectal	30.23255813953488	44.44444444444444	51.5625
Dialectal_normalizada	33.734939759036145	44.44444444444444	51.78571428571428