Transcripcion	Levenstein	Orden	Parcial
Estandar	60.86956521739131	67.71653543307087	73.13432835820896
Estandar_normalizada	70.1492537313433	67.71653543307087	75.63025210084034
Dialectal	60.86956521739131	67.71653543307087	73.13432835820896
Dialectal_normalizada	70.1492537313433	67.71653543307087	75.63025210084034