Transcripcion	Levenstein	Orden	Parcial
Estandar	63.33333333333333	92.6829268292683	90.0
Estandar_normalizada	83.33333333333334	92.6829268292683	95.0
Dialectal	63.33333333333333	92.6829268292683	90.0
Dialectal_normalizada	83.33333333333334	92.6829268292683	95.0