Transcripcion	Levenstein	Orden	Parcial
Estandar	31.25	57.49999999999999	92.5925925925926
Estandar_normalizada	41.269841269841265	58.22784810126582	96.2962962962963
Dialectal	31.25	57.49999999999999	92.5925925925926
Dialectal_normalizada	41.269841269841265	58.22784810126582	96.2962962962963