Transcripcion	Levenstein	Orden	Parcial
Estandar	7.4074074074074066	17.021276595744684	57.14285714285714
Estandar_normalizada	8.510638297872342	17.021276595744684	66.66666666666667
Dialectal	7.4074074074074066	17.021276595744684	57.14285714285714
Dialectal_normalizada	8.510638297872342	17.021276595744684	66.66666666666667