Transcripcion	Levenstein	Orden	Parcial
Estandar	2.500000000000002	8.333333333333337	50.0
Estandar_normalizada	3.57142857142857	8.333333333333337	50.0
Dialectal	2.500000000000002	8.333333333333337	50.0
Dialectal_normalizada	3.57142857142857	8.333333333333337	50.0