Transcripcion	Levenstein	Orden	Parcial
Estandar	52.24215246636772	73.48586810228802	68.27309236947792
Estandar_normalizada	57.77777777777777	73.78378378378379	74.10586552217453
Dialectal	52.477477477477485	73.41430499325237	68.45637583892618
Dialectal_normalizada	58.06451612903225	73.71273712737127	74.31850789096126