Transcripcion	Levenstein	Orden	Parcial
Estandar	69.95153473344104	80.90310442144872	76.19047619047619
Estandar_normalizada	75.43554006968641	80.0	81.4382896015549
Dialectal	69.8051948051948	80.56603773584905	76.19047619047619
Dialectal_normalizada	75.30647985989492	79.65941343424787	81.4382896015549