Transcripcion	Levenstein	Orden	Parcial
Estandar	18.518518518518523	27.27272727272727	28.000000000000004
Estandar_normalizada	19.14893617021277	30.76923076923077	36.0
Dialectal	18.518518518518523	27.27272727272727	28.000000000000004
Dialectal_normalizada	19.14893617021277	30.76923076923077	36.0