Transcripcion	Levenstein	Orden	Parcial
Estandar	17.500000000000004	43.333333333333336	41.379310344827594
Estandar_normalizada	14.70588235294118	43.333333333333336	41.379310344827594
Dialectal	17.500000000000004	43.333333333333336	41.379310344827594
Dialectal_normalizada	14.70588235294118	43.333333333333336	41.379310344827594