Transcripcion	Levenstein	Orden	Parcial
Estandar	27.184466019417474	53.703703703703695	51.06382978723405
Estandar_normalizada	34.93975903614458	54.71698113207547	63.1578947368421
Dialectal	27.184466019417474	53.703703703703695	51.06382978723405
Dialectal_normalizada	34.93975903614458	54.71698113207547	63.1578947368421