Transcripcion	Levenstein	Orden	Parcial
Estandar	21.739130434782606	43.18181818181818	40.54054054054054
Estandar_normalizada	25.0	41.379310344827594	46.37681159420289
Dialectal	21.739130434782606	43.18181818181818	40.54054054054054
Dialectal_normalizada	25.0	41.379310344827594	46.37681159420289