Transcripcion	Levenstein	Orden	Parcial
Estandar	43.26241134751773	68.37209302325581	65.02463054187191
Estandar_normalizada	46.58634538152611	68.997668997669	70.5
Dialectal	43.26241134751773	68.37209302325581	65.02463054187191
Dialectal_normalizada	46.58634538152611	68.997668997669	70.5