Transcripcion	Levenstein	Orden	Parcial
Estandar	53.94736842105263	64.86486486486487	74.74747474747474
Estandar_normalizada	58.82352941176471	64.86486486486487	80.89887640449437
Dialectal	53.94736842105263	64.86486486486487	74.74747474747474
Dialectal_normalizada	58.82352941176471	64.86486486486487	80.89887640449437