Transcripcion	Levenstein	Orden	Parcial
Estandar	23.404255319148938	46.15384615384615	39.02439024390244
Estandar_normalizada	26.086956521739136	46.15384615384615	45.714285714285715
Dialectal	23.404255319148938	46.15384615384615	39.02439024390244
Dialectal_normalizada	26.086956521739136	46.15384615384615	45.714285714285715