Transcripcion	Levenstein	Orden	Parcial
Estandar	51.04166666666667	72.79151943462898	68.18181818181819
Estandar_normalizada	60.8433734939759	73.30960854092527	77.6923076923077
Dialectal	51.04166666666667	72.79151943462898	68.18181818181819
Dialectal_normalizada	60.8433734939759	73.30960854092527	77.6923076923077