Transcripcion	Levenstein	Orden	Parcial
Estandar	55.00000000000001	56.71641791044777	67.6923076923077
Estandar_normalizada	57.89473684210527	56.71641791044777	70.96774193548387
Dialectal	55.00000000000001	56.71641791044777	67.6923076923077
Dialectal_normalizada	57.89473684210527	56.71641791044777	70.96774193548387