Transcripcion	Levenstein	Orden	Parcial
Estandar	59.354838709677416	72.01492537313433	70.07042253521128
Estandar_normalizada	64.41281138790036	72.01492537313433	76.22641509433963
Dialectal	60.526315789473685	73.20754716981132	70.4424778761062
Dialectal_normalizada	66.18181818181819	73.20754716981132	76.8642447418738