Transcripcion	Levenstein	Orden	Parcial
Estandar	57.30337078651686	76.48351648351648	70.36247334754798
Estandar_normalizada	62.916666666666664	76.65198237885463	75.97254004576659
Dialectal	56.9811320754717	76.82119205298014	70.2355460385439
Dialectal_normalizada	62.60504201680672	76.54867256637168	75.86206896551724