Transcripcion	Levenstein	Orden	Parcial
Estandar	33.333333333333336	53.65853658536586	70.58823529411764
Estandar_normalizada	40.74074074074075	53.65853658536586	81.25
Dialectal	33.333333333333336	53.65853658536586	70.58823529411764
Dialectal_normalizada	40.74074074074075	53.65853658536586	81.25