Transcripcion	Levenstein	Orden	Parcial
Estandar	39.473684210526315	46.808510638297875	51.85185185185186
Estandar_normalizada	39.28571428571429	46.808510638297875	50.0
Dialectal	39.473684210526315	46.808510638297875	51.85185185185186
Dialectal_normalizada	39.28571428571429	46.808510638297875	50.0