Transcripcion	Levenstein	Orden	Parcial
Estandar	61.8421052631579	66.12903225806453	67.79661016949152
Estandar_normalizada	67.14285714285715	66.12903225806453	75.43859649122807
Dialectal	61.8421052631579	66.12903225806453	67.79661016949152
Dialectal_normalizada	67.14285714285715	66.12903225806453	75.43859649122807