Transcripcion	Levenstein	Orden	Parcial
Estandar	43.85964912280702	82.53968253968253	75.0
Estandar_normalizada	61.904761904761905	82.53968253968253	81.4814814814815
Dialectal	43.85964912280702	82.53968253968253	75.0
Dialectal_normalizada	61.904761904761905	82.53968253968253	81.4814814814815