Transcripcion	Levenstein	Orden	Parcial
Estandar	54.0	72.5	74.66666666666666
Estandar_normalizada	61.36363636363637	72.5	79.45205479452055
Dialectal	54.16666666666667	74.35897435897436	73.97260273972603
Dialectal_normalizada	61.904761904761905	74.35897435897436	78.87323943661973