Transcripcion	Levenstein	Orden	Parcial
Estandar	16.981132075471695	26.086956521739136	34.04255319148937
Estandar_normalizada	15.686274509803921	26.086956521739136	40.0
Dialectal	16.981132075471695	26.086956521739136	34.04255319148937
Dialectal_normalizada	15.686274509803921	26.086956521739136	40.0