Transcripcion	Levenstein	Orden	Parcial
Estandar	68.05555555555556	64.51612903225806	80.0
Estandar_normalizada	70.58823529411764	64.51612903225806	81.03448275862068
Dialectal	68.05555555555556	64.51612903225806	80.0
Dialectal_normalizada	70.58823529411764	64.51612903225806	81.03448275862068