Transcripcion	Levenstein	Orden	Parcial
Estandar	58.273381294964025	73.95498392282957	68.94197952218431
Estandar_normalizada	66.85236768802228	74.23014586709886	75.43859649122807
Dialectal	57.59036144578313	73.2258064516129	68.60068259385666
Dialectal_normalizada	66.1064425770308	73.4959349593496	74.73684210526315