Transcripcion	Levenstein	Orden	Parcial
Estandar	13.636363636363635	16.000000000000004	40.0
Estandar_normalizada	9.999999999999998	16.000000000000004	40.0
Dialectal	13.636363636363635	16.000000000000004	40.0
Dialectal_normalizada	9.999999999999998	16.000000000000004	40.0