Transcripcion	Levenstein	Orden	Parcial
Estandar	13.636363636363635	34.48275862068966	31.57894736842105
Estandar_normalizada	15.000000000000002	34.48275862068966	37.5
Dialectal	13.636363636363635	34.48275862068966	31.57894736842105
Dialectal_normalizada	15.000000000000002	34.48275862068966	37.5