Transcripcion	Levenstein	Orden	Parcial
Estandar	53.623188405797094	68.57142857142857	62.96296296296296
Estandar_normalizada	64.40677966101696	68.57142857142857	72.54901960784314
Dialectal	53.623188405797094	68.57142857142857	62.96296296296296
Dialectal_normalizada	64.40677966101696	68.57142857142857	72.54901960784314