Transcripcion	Levenstein	Orden	Parcial
Estandar	52.63157894736843	35.71428571428571	61.53846153846154
Estandar_normalizada	52.94117647058824	35.71428571428571	66.66666666666667
Dialectal	52.63157894736843	35.71428571428571	61.53846153846154
Dialectal_normalizada	52.94117647058824	35.71428571428571	66.66666666666667