Transcripcion	Levenstein	Orden	Parcial
Estandar	67.77777777777779	81.0126582278481	73.07692307692308
Estandar_normalizada	72.61904761904762	81.0126582278481	77.92207792207793
Dialectal	67.77777777777779	81.0126582278481	73.07692307692308
Dialectal_normalizada	72.61904761904762	81.0126582278481	77.92207792207793