Transcripcion	Levenstein	Orden	Parcial
Estandar	11.111111111111116	7.4074074074074066	37.5
Estandar_normalizada	12.0	7.4074074074074066	50.0
Dialectal	11.111111111111116	7.4074074074074066	37.5
Dialectal_normalizada	12.0	7.4074074074074066	50.0