Transcripcion	Levenstein	Orden	Parcial
Estandar	31.428571428571427	33.333333333333336	51.42857142857142
Estandar_normalizada	36.36363636363637	33.333333333333336	56.25
Dialectal	27.27272727272727	30.76923076923077	51.42857142857142
Dialectal_normalizada	32.25806451612904	30.76923076923077	56.25