Transcripcion	Levenstein	Orden	Parcial
Estandar	43.58974358974359	52.83018867924528	62.295081967213115
Estandar_normalizada	64.51612903225806	52.83018867924528	78.43137254901961
Dialectal	43.58974358974359	52.83018867924528	62.295081967213115
Dialectal_normalizada	64.51612903225806	52.83018867924528	78.43137254901961