Transcripcion	Levenstein	Orden	Parcial
Estandar	0.0	25.0	33.333333333333336
Estandar_normalizada	33.333333333333336	25.0	80.0
Dialectal	0.0	25.0	33.333333333333336
Dialectal_normalizada	33.333333333333336	25.0	80.0