Transcripcion	Levenstein	Orden	Parcial
Estandar	9.999999999999998	19.999999999999996	25.0
Estandar_normalizada	0.0	19.999999999999996	33.333333333333336
Dialectal	9.999999999999998	19.999999999999996	25.0
Dialectal_normalizada	0.0	19.999999999999996	33.333333333333336