Transcripcion	Levenstein	Orden	Parcial
Estandar	31.999999999999996	58.82352941176471	52.94117647058824
Estandar_normalizada	31.57894736842105	58.82352941176471	60.0
Dialectal	31.999999999999996	58.82352941176471	52.94117647058824
Dialectal_normalizada	31.57894736842105	58.82352941176471	60.0