Transcripcion	Levenstein	Orden	Parcial
Estandar	50.0	73.04347826086956	64.91228070175438
Estandar_normalizada	63.63636363636363	73.04347826086956	77.19298245614034
Dialectal	50.0	73.04347826086956	64.91228070175438
Dialectal_normalizada	63.63636363636363	73.04347826086956	77.19298245614034