Transcripcion	Levenstein	Orden	Parcial
Estandar	22.64150943396226	37.64705882352941	40.963855421686745
Estandar_normalizada	24.489795918367353	37.64705882352941	44.73684210526315
Dialectal	22.64150943396226	37.64705882352941	40.963855421686745
Dialectal_normalizada	24.489795918367353	37.64705882352941	44.73684210526315