Transcripcion	Levenstein	Orden	Parcial
Estandar	50.0	43.47826086956522	70.17543859649122
Estandar_normalizada	55.263157894736835	43.47826086956522	73.6842105263158
Dialectal	50.0	43.47826086956522	70.17543859649122
Dialectal_normalizada	55.263157894736835	43.47826086956522	73.6842105263158