Transcripcion	Levenstein	Orden	Parcial
Estandar	70.86614173228347	82.46445497630332	80.19801980198021
Estandar_normalizada	79.13043478260869	82.46445497630332	86.27450980392157
Dialectal	68.0	79.42583732057416	77.0
Dialectal_normalizada	76.10619469026548	79.42583732057416	83.16831683168317