Transcripcion	Levenstein	Orden	Parcial
Estandar	54.7486033519553	74.50331125827813	69.20731707317074
Estandar_normalizada	62.61980830670926	74.29519071310115	81.3913043478261
Dialectal	54.06162464985995	73.96351575456053	68.90243902439023
Dialectal_normalizada	61.98083067092652	73.75415282392026	80.8362369337979