Transcripcion	Levenstein	Orden	Parcial
Estandar	9.523809523809524	39.34426229508197	30.508474576271183
Estandar_normalizada	18.42105263157895	36.66666666666667	38.46153846153846
Dialectal	9.523809523809524	39.34426229508197	30.508474576271183
Dialectal_normalizada	18.42105263157895	36.66666666666667	38.46153846153846