Transcripcion	Levenstein	Orden	Parcial
Estandar	75.75757575757575	96.2962962962963	92.5925925925926
Estandar_normalizada	89.65517241379311	96.2962962962963	96.2962962962963
Dialectal	75.75757575757575	96.2962962962963	92.5925925925926
Dialectal_normalizada	89.65517241379311	96.2962962962963	96.2962962962963