Transcripcion	Levenstein	Orden	Parcial
Estandar	68.30601092896174	82.0349761526232	76.3076923076923
Estandar_normalizada	76.11940298507463	82.0349761526232	82.92682926829268
Dialectal	68.30601092896174	82.0349761526232	76.3076923076923
Dialectal_normalizada	76.11940298507463	82.0349761526232	82.92682926829268