Transcripcion	Levenstein	Orden	Parcial
Estandar	4.545454545454541	11.111111111111116	22.22222222222222
Estandar_normalizada	6.25	11.111111111111116	28.57142857142857
Dialectal	4.545454545454541	11.111111111111116	22.22222222222222
Dialectal_normalizada	6.25	11.111111111111116	28.57142857142857