Transcripcion	Levenstein	Orden	Parcial
Estandar	10.71428571428571	13.11475409836066	36.36363636363637
Estandar_normalizada	9.433962264150942	13.11475409836066	44.44444444444444
Dialectal	10.71428571428571	13.11475409836066	36.36363636363637
Dialectal_normalizada	9.433962264150942	13.11475409836066	44.44444444444444