Transcripcion	Levenstein	Orden	Parcial
Estandar	54.385964912280706	80.0	69.23076923076923
Estandar_normalizada	63.829787234042556	80.0	76.31578947368422
Dialectal	54.385964912280706	80.0	69.23076923076923
Dialectal_normalizada	63.829787234042556	80.0	76.31578947368422