Transcripcion	Levenstein	Orden	Parcial
Estandar	46.07843137254902	74.4186046511628	61.29032258064516
Estandar_normalizada	51.685393258426956	74.4186046511628	70.78651685393258
Dialectal	46.07843137254902	74.4186046511628	61.29032258064516
Dialectal_normalizada	51.685393258426956	74.4186046511628	70.78651685393258