Transcripcion	Levenstein	Orden	Parcial
Estandar	84.50704225352112	90.9090909090909	95.08196721311475
Estandar_normalizada	89.23076923076923	90.9090909090909	96.61016949152543
Dialectal	84.50704225352112	90.9090909090909	95.08196721311475
Dialectal_normalizada	89.23076923076923	90.9090909090909	96.61016949152543