Transcripcion	Levenstein	Orden	Parcial
Estandar	0.0	37.5	46.15384615384615
Estandar_normalizada	18.181818181818176	37.5	66.66666666666667
Dialectal	0.0	37.5	46.15384615384615
Dialectal_normalizada	18.181818181818176	37.5	66.66666666666667