Transcripcion	Levenstein	Orden	Parcial
Estandar	34.48275862068966	65.51724137931035	53.84615384615385
Estandar_normalizada	47.61904761904761	65.51724137931035	70.83333333333333
Dialectal	34.48275862068966	65.51724137931035	53.84615384615385
Dialectal_normalizada	47.61904761904761	65.51724137931035	70.83333333333333