Transcripcion	Levenstein	Orden	Parcial
Estandar	45.723684210526315	69.01408450704226	71.8562874251497
Estandar_normalizada	49.46236559139785	69.33962264150944	76.82926829268293
Dialectal	45.6953642384106	68.86792452830188	71.8562874251497
Dialectal_normalizada	49.45848375451264	69.19431279620854	76.82926829268293