Transcripcion	Levenstein	Orden	Parcial
Estandar	5.000000000000004	15.384615384615385	33.333333333333336
Estandar_normalizada	7.14285714285714	15.384615384615385	50.0
Dialectal	5.000000000000004	15.384615384615385	33.333333333333336
Dialectal_normalizada	7.14285714285714	15.384615384615385	50.0