Transcripcion	Levenstein	Orden	Parcial
Estandar	40.816326530612244	60.13986013986015	59.285714285714285
Estandar_normalizada	45.833333333333336	60.13986013986015	64.46280991735537
Dialectal	40.816326530612244	60.13986013986015	59.285714285714285
Dialectal_normalizada	45.833333333333336	60.13986013986015	64.46280991735537