Transcripcion	Levenstein	Orden	Parcial
Estandar	60.79295154185023	78.66323907455013	75.23809523809524
Estandar_normalizada	69.23076923076923	78.8659793814433	80.93994778067885
Dialectal	60.79295154185023	78.66323907455013	75.23809523809524
Dialectal_normalizada	69.23076923076923	78.8659793814433	80.93994778067885