Transcripcion	Levenstein	Orden	Parcial
Estandar	26.470588235294112	41.666666666666664	50.0
Estandar_normalizada	26.66666666666667	41.666666666666664	48.275862068965516
Dialectal	26.470588235294112	41.666666666666664	50.0
Dialectal_normalizada	26.66666666666667	41.666666666666664	48.275862068965516