Transcripcion	Levenstein	Orden	Parcial
Estandar	54.932301740812385	68.16380449141349	70.32085561497325
Estandar_normalizada	61.111111111111114	68.34437086092716	74.01129943502825
Dialectal	54.59882583170255	67.37683089214381	70.05347593582889
Dialectal_normalizada	60.810810810810814	67.55674232309747	73.86363636363636