Transcripcion	Levenstein	Orden	Parcial
Estandar	73.20261437908498	78.46153846153847	80.53435114503817
Estandar_normalizada	77.77777777777779	78.46153846153847	84.5691382765531
Dialectal	73.26732673267327	78.52998065764024	80.84291187739463
Dialectal_normalizada	77.89855072463769	78.52998065764024	85.03937007874016