Transcripcion	Levenstein	Orden	Parcial
Estandar	42.173913043478265	60.052219321148826	59.610027855153206
Estandar_normalizada	47.16981132075472	59.31758530183727	64.1399416909621
Dialectal	42.173913043478265	60.052219321148826	59.610027855153206
Dialectal_normalizada	47.16981132075472	59.31758530183727	64.1399416909621