Transcripcion	Levenstein	Orden	Parcial
Estandar	64.72222222222221	77.64298093587522	67.70833333333333
Estandar_normalizada	72.78287461773701	77.13787085514834	76.11940298507463
Dialectal	64.72222222222221	77.64298093587522	67.70833333333333
Dialectal_normalizada	72.78287461773701	77.13787085514834	76.11940298507463