Transcripcion	Levenstein	Orden	Parcial
Estandar	45.93023255813954	64.58333333333333	62.642369020501135
Estandar_normalizada	50.52854122621564	64.65816917728853	66.18705035971223
Dialectal	45.93023255813954	64.58333333333333	62.642369020501135
Dialectal_normalizada	50.52854122621564	64.65816917728853	66.18705035971223