Transcripcion	Levenstein	Orden	Parcial
Estandar	65.00655307994758	78.77540519680988	71.55440414507773
Estandar_normalizada	71.05882352941177	78.77382792375064	76.68645439827307
Dialectal	64.80912681000439	78.72066030435904	71.50635208711434
Dialectal_normalizada	70.96926713947991	78.71900826446281	76.68645439827307