Transcripcion	Levenstein	Orden	Parcial
Estandar	40.476190476190474	61.29032258064516	62.96296296296296
Estandar_normalizada	44.73684210526315	61.29032258064516	68.0
Dialectal	40.476190476190474	61.29032258064516	62.96296296296296
Dialectal_normalizada	44.73684210526315	61.29032258064516	68.0