Transcripcion	Levenstein	Orden	Parcial
Estandar	14.28571428571429	26.086956521739136	38.095238095238095
Estandar_normalizada	15.384615384615385	26.086956521739136	43.24324324324324
Dialectal	14.28571428571429	26.086956521739136	38.095238095238095
Dialectal_normalizada	15.384615384615385	26.086956521739136	43.24324324324324