Transcripcion	Levenstein	Orden	Parcial
Estandar	60.769230769230774	79.6116504854369	77.31958762886599
Estandar_normalizada	67.79661016949152	79.6116504854369	81.91489361702128
Dialectal	60.769230769230774	79.6116504854369	77.31958762886599
Dialectal_normalizada	67.79661016949152	79.6116504854369	81.91489361702128