Transcripcion	Levenstein	Orden	Parcial
Estandar	50.72463768115942	67.74193548387098	82.89473684210526
Estandar_normalizada	57.851239669421496	68.1081081081081	85.52631578947368
Dialectal	51.82481751824817	68.1081081081081	82.89473684210526
Dialectal_normalizada	59.166666666666664	68.4782608695652	85.52631578947368