Transcripcion	Levenstein	Orden	Parcial
Estandar	33.333333333333336	60.60606060606061	43.47826086956522
Estandar_normalizada	50.0	60.60606060606061	53.333333333333336
Dialectal	33.333333333333336	60.60606060606061	43.47826086956522
Dialectal_normalizada	50.0	60.60606060606061	53.333333333333336