Transcripcion	Levenstein	Orden	Parcial
Estandar	66.12903225806453	86.36363636363636	82.92682926829268
Estandar_normalizada	78.84615384615384	86.36363636363636	89.74358974358975
Dialectal	66.12903225806453	86.36363636363636	82.92682926829268
Dialectal_normalizada	78.84615384615384	86.36363636363636	89.74358974358975