Transcripcion	Levenstein	Orden	Parcial
Estandar	22.077922077922075	48.818897637795274	42.73504273504274
Estandar_normalizada	28.37837837837838	48.818897637795274	50.943396226415096
Dialectal	22.077922077922075	48.818897637795274	42.73504273504274
Dialectal_normalizada	28.37837837837838	48.818897637795274	50.943396226415096