Transcripcion	Levenstein	Orden	Parcial
Estandar	41.0958904109589	57.70065075921909	54.761904761904766
Estandar_normalizada	50.98039215686274	53.53982300884957	64.60807600950118
Dialectal	41.0958904109589	57.70065075921909	54.761904761904766
Dialectal_normalizada	50.98039215686274	53.53982300884957	64.60807600950118