Transcripcion	Levenstein	Orden	Parcial
Estandar	11.392405063291145	30.555555555555557	41.17647058823529
Estandar_normalizada	15.873015873015872	31.428571428571427	42.42424242424242
Dialectal	12.0	29.411764705882348	41.17647058823529
Dialectal_normalizada	15.254237288135597	30.303030303030297	42.42424242424242