Transcripcion	Levenstein	Orden	Parcial
Estandar	67.79661016949152	77.55102040816327	85.41666666666666
Estandar_normalizada	71.69811320754718	77.55102040816327	88.17204301075269
Dialectal	67.79661016949152	77.55102040816327	85.41666666666666
Dialectal_normalizada	71.69811320754718	77.55102040816327	88.17204301075269