Transcripcion	Levenstein	Orden	Parcial
Estandar	0.0	22.22222222222222	18.181818181818176
Estandar_normalizada	14.28571428571429	22.22222222222222	33.333333333333336
Dialectal	0.0	22.22222222222222	18.181818181818176
Dialectal_normalizada	14.28571428571429	22.22222222222222	33.333333333333336