Transcripcion	Levenstein	Orden	Parcial
Estandar	28.095238095238095	43.13725490196079	41.44144144144144
Estandar_normalizada	31.213872832369937	43.65079365079365	50.98039215686274
Dialectal	27.751196172248804	41.73228346456693	41.44144144144144
Dialectal_normalizada	30.813953488372093	43.02788844621514	50.476190476190474