Transcripcion	Levenstein	Orden	Parcial
Estandar	52.674897119341566	66.51162790697674	66.37554585152839
Estandar_normalizada	58.10810810810811	66.51162790697674	71.72413793103448
Dialectal	52.30125523012552	67.13615023474178	66.66666666666667
Dialectal_normalizada	57.798165137614674	67.13615023474178	72.22222222222221