Transcripcion	Levenstein	Orden	Parcial
Estandar	26.819923371647512	48.52607709750567	42.654028436018955
Estandar_normalizada	27.200000000000003	49.20273348519362	43.99999999999999
Dialectal	26.819923371647512	48.52607709750567	42.654028436018955
Dialectal_normalizada	27.200000000000003	49.20273348519362	43.99999999999999