Transcripcion	Levenstein	Orden	Parcial
Estandar	51.58730158730158	61.67400881057269	71.42857142857143
Estandar_normalizada	56.19834710743802	61.67400881057269	74.88151658767772
Dialectal	51.58730158730158	61.946902654867266	70.85201793721974
Dialectal_normalizada	56.19834710743802	61.946902654867266	74.28571428571429