Transcripcion	Levenstein	Orden	Parcial
Estandar	65.15151515151516	80.0	79.59183673469387
Estandar_normalizada	71.66666666666667	80.0	79.16666666666666
Dialectal	65.15151515151516	80.0	79.59183673469387
Dialectal_normalizada	71.66666666666667	80.0	79.16666666666666