Transcripcion	Levenstein	Orden	Parcial
Estandar	7.9999999999999964	16.000000000000004	19.999999999999996
Estandar_normalizada	9.523809523809524	16.000000000000004	25.0
Dialectal	7.9999999999999964	16.000000000000004	19.999999999999996
Dialectal_normalizada	9.523809523809524	16.000000000000004	25.0