Transcripcion	Levenstein	Orden	Parcial
Estandar	29.411764705882348	30.000000000000004	50.0
Estandar_normalizada	25.0	30.000000000000004	53.333333333333336
Dialectal	29.411764705882348	30.000000000000004	50.0
Dialectal_normalizada	25.0	30.000000000000004	53.333333333333336