Transcripcion	Levenstein	Orden	Parcial
Estandar	24.615384615384617	46.93877551020408	40.38461538461539
Estandar_normalizada	31.034482758620683	47.42268041237113	47.82608695652174
Dialectal	25.0	47.42268041237113	42.307692307692314
Dialectal_normalizada	31.57894736842105	47.916666666666664	50.0