Transcripcion	Levenstein	Orden	Parcial
Estandar	35.051546391752574	58.77551020408163	52.74725274725275
Estandar_normalizada	41.42011834319527	59.50413223140496	57.14285714285714
Dialectal	34.196891191709845	59.01639344262295	52.74725274725275
Dialectal_normalizada	40.476190476190474	59.75103734439834	57.14285714285714