Transcripcion	Levenstein	Orden	Parcial
Estandar	40.625	70.58823529411764	68.75
Estandar_normalizada	46.15384615384615	72.72727272727273	92.3076923076923
Dialectal	40.625	70.58823529411764	68.75
Dialectal_normalizada	46.15384615384615	72.72727272727273	92.3076923076923