Transcripcion	Levenstein	Orden	Parcial
Estandar	15.151515151515149	26.22950819672131	42.10526315789473
Estandar_normalizada	15.094339622641506	26.66666666666667	43.75
Dialectal	15.151515151515149	26.22950819672131	42.10526315789473
Dialectal_normalizada	15.094339622641506	26.66666666666667	43.75