Transcripcion	Levenstein	Orden	Parcial
Estandar	25.531914893617024	37.142857142857146	48.14814814814815
Estandar_normalizada	26.086956521739136	37.142857142857146	48.0
Dialectal	25.531914893617024	37.142857142857146	48.14814814814815
Dialectal_normalizada	26.086956521739136	37.142857142857146	48.0