Transcripcion	Levenstein	Orden	Parcial
Estandar	73.86363636363636	97.8102189781022	76.47058823529412
Estandar_normalizada	88.1578947368421	97.8102189781022	89.55223880597015
Dialectal	73.86363636363636	97.8102189781022	76.47058823529412
Dialectal_normalizada	88.1578947368421	97.8102189781022	89.55223880597015