Transcripcion	Levenstein	Orden	Parcial
Estandar	55.55555555555556	91.66666666666666	83.33333333333334
Estandar_normalizada	78.57142857142857	91.66666666666666	83.33333333333334
Dialectal	55.55555555555556	91.66666666666666	83.33333333333334
Dialectal_normalizada	78.57142857142857	91.66666666666666	83.33333333333334