Transcripcion	Levenstein	Orden	Parcial
Estandar	50.62240663900415	65.13994910941476	63.18681318681318
Estandar_normalizada	53.36322869955157	65.13994910941476	66.4804469273743
Dialectal	52.916666666666664	66.83673469387756	64.28571428571428
Dialectal_normalizada	56.30630630630631	66.83673469387756	67.59776536312849