Transcripcion	Levenstein	Orden	Parcial
Estandar	51.809954751131215	70.04405286343612	61.18721461187215
Estandar_normalizada	58.02005012531328	69.07749077490774	67.26973684210526
Dialectal	52.73972602739726	70.45790251107829	62.10045662100456
Dialectal_normalizada	59.367088607594944	69.33927245731255	68.25657894736842