Transcripcion	Levenstein	Orden	Parcial
Estandar	24.32432432432432	36.73469387755102	50.0
Estandar_normalizada	31.25	36.73469387755102	57.89473684210527
Dialectal	24.32432432432432	36.73469387755102	50.0
Dialectal_normalizada	31.25	36.73469387755102	57.89473684210527