Transcripcion	Levenstein	Orden	Parcial
Estandar	79.41176470588236	91.22807017543859	87.09677419354838
Estandar_normalizada	80.0	91.22807017543859	89.65517241379311
Dialectal	79.41176470588236	91.22807017543859	87.09677419354838
Dialectal_normalizada	80.0	91.22807017543859	89.65517241379311