Transcripcion	Levenstein	Orden	Parcial
Estandar	25.633802816901408	45.74898785425101	41.70403587443946
Estandar_normalizada	29.04290429042904	46.43584521384929	46.15384615384615
Dialectal	25.70621468926554	45.84178498985801	41.70403587443946
Dialectal_normalizada	28.80794701986755	46.53061224489796	46.15384615384615