Transcripcion	Levenstein	Orden	Parcial
Estandar	25.64102564102564	46.808510638297875	52.38095238095239
Estandar_normalizada	32.35294117647059	46.808510638297875	68.42105263157895
Dialectal	23.684210526315784	47.82608695652174	52.38095238095239
Dialectal_normalizada	30.303030303030297	47.82608695652174	63.1578947368421