Transcripcion	Levenstein	Orden	Parcial
Estandar	16.666666666666664	25.0	42.85714285714286
Estandar_normalizada	9.999999999999998	25.0	36.36363636363637
Dialectal	16.666666666666664	25.0	42.85714285714286
Dialectal_normalizada	9.999999999999998	25.0	36.36363636363637