Transcripcion	Levenstein	Orden	Parcial
Estandar	20.33898305084746	30.303030303030297	36.36363636363637
Estandar_normalizada	23.076923076923073	30.76923076923077	40.0
Dialectal	20.33898305084746	30.303030303030297	36.36363636363637
Dialectal_normalizada	23.076923076923073	30.76923076923077	40.0