Transcripcion	Levenstein	Orden	Parcial
Estandar	17.81818181818182	38.84297520661158	72.54901960784314
Estandar_normalizada	21.171171171171167	39.33054393305439	78.72340425531915
Dialectal	17.81818181818182	38.84297520661158	72.54901960784314
Dialectal_normalizada	21.171171171171167	39.33054393305439	78.72340425531915