Transcripcion	Levenstein	Orden	Parcial
Estandar	63.1578947368421	76.6697163769442	69.20152091254752
Estandar_normalizada	68.65671641791045	76.5840220385675	74.12451361867704
Dialectal	63.19758672699849	76.62694775435381	69.3916349809886
Dialectal_normalizada	68.71880199667221	76.54093836246551	74.5136186770428