Transcripcion	Levenstein	Orden	Parcial
Estandar	56.96202531645569	84.11214953271028	70.83333333333333
Estandar_normalizada	69.23076923076923	84.11214953271028	83.33333333333334
Dialectal	56.96202531645569	84.11214953271028	70.83333333333333
Dialectal_normalizada	69.23076923076923	84.11214953271028	83.33333333333334