Transcripcion	Levenstein	Orden	Parcial
Estandar	50.0	45.45454545454546	63.63636363636363
Estandar_normalizada	75.0	45.45454545454546	81.81818181818181
Dialectal	50.0	45.45454545454546	63.63636363636363
Dialectal_normalizada	75.0	45.45454545454546	81.81818181818181