Transcripcion	Levenstein	Orden	Parcial
Estandar	10.344827586206895	21.62162162162162	36.36363636363637
Estandar_normalizada	14.28571428571429	21.62162162162162	40.0
Dialectal	10.344827586206895	21.62162162162162	36.36363636363637
Dialectal_normalizada	14.28571428571429	21.62162162162162	40.0