Transcripcion	Levenstein	Orden	Parcial
Estandar	53.03030303030303	84.0909090909091	83.33333333333334
Estandar_normalizada	74.50980392156863	80.45977011494253	90.2439024390244
Dialectal	53.03030303030303	84.0909090909091	83.33333333333334
Dialectal_normalizada	74.50980392156863	80.45977011494253	90.2439024390244