Transcripcion	Levenstein	Orden	Parcial
Estandar	64.4311377245509	78.44311377245509	70.83333333333333
Estandar_normalizada	71.98917456021651	78.43726521412472	78.30188679245282
Dialectal	64.0625	78.01950487621905	70.83333333333333
Dialectal_normalizada	71.6032608695652	78.01204819277109	78.30188679245282