Transcripcion	Levenstein	Orden	Parcial
Estandar	45.6953642384106	73.63636363636363	64.15094339622642
Estandar_normalizada	51.11111111111111	74.31192660550458	66.66666666666667
Dialectal	45.6953642384106	73.63636363636363	64.15094339622642
Dialectal_normalizada	51.11111111111111	74.31192660550458	66.66666666666667