Transcripcion	Levenstein	Orden	Parcial
Estandar	61.953352769679306	77.30818066388537	68.5137614678899
Estandar_normalizada	67.90163934426229	77.33819507748404	74.3342338865303
Dialectal	62.079062957540266	77.5554747180793	68.62385321100916
Dialectal_normalizada	68.03953871499176	77.62340036563072	74.37282902354303