Transcripcion	Levenstein	Orden	Parcial
Estandar	29.411764705882348	48.88888888888889	65.0
Estandar_normalizada	29.90654205607477	49.62406015037594	73.52941176470588
Dialectal	29.411764705882348	48.88888888888889	65.0
Dialectal_normalizada	29.90654205607477	49.62406015037594	73.52941176470588