Transcripcion	Levenstein	Orden	Parcial
Estandar	13.846153846153841	22.988505747126442	28.169014084507037
Estandar_normalizada	16.666666666666664	18.6046511627907	32.786885245901644
Dialectal	13.846153846153841	22.988505747126442	28.169014084507037
Dialectal_normalizada	16.666666666666664	18.6046511627907	32.786885245901644