Transcripcion	Levenstein	Orden	Parcial
Estandar	63.016889924286545	79.41386704789136	70.41284403669725
Estandar_normalizada	70.32967032967032	80.11506652283352	77.75229357798166
Dialectal	62.93911007025761	78.80960917891717	70.33639143730888
Dialectal_normalizada	70.35110533159947	79.50937950937951	77.75229357798166