Transcripcion	Levenstein	Orden	Parcial
Estandar	7.692307692307687	37.5	26.66666666666667
Estandar_normalizada	9.090909090909093	37.5	50.0
Dialectal	7.692307692307687	37.5	26.66666666666667
Dialectal_normalizada	9.090909090909093	37.5	50.0