Transcripcion	Levenstein	Orden	Parcial
Estandar	17.85714285714286	27.27272727272727	32.55813953488372
Estandar_normalizada	13.043478260869568	27.906976744186053	32.432432432432435
Dialectal	17.85714285714286	27.27272727272727	32.55813953488372
Dialectal_normalizada	13.043478260869568	27.906976744186053	32.432432432432435