Transcripcion	Levenstein	Orden	Parcial
Estandar	50.0	73.97260273972603	84.375
Estandar_normalizada	60.0	60.0	92.85714285714286
Dialectal	50.0	73.97260273972603	84.375
Dialectal_normalizada	60.0	60.0	92.85714285714286