Transcripcion	Levenstein	Orden	Parcial
Estandar	38.095238095238095	54.054054054054056	59.45945945945945
Estandar_normalizada	47.36842105263158	54.054054054054056	62.5
Dialectal	38.095238095238095	54.054054054054056	59.45945945945945
Dialectal_normalizada	47.36842105263158	54.054054054054056	62.5