Transcripcion	Levenstein	Orden	Parcial
Estandar	17.441860465116278	39.473684210526315	39.69465648854962
Estandar_normalizada	19.999999999999996	39.473684210526315	42.85714285714286
Dialectal	17.647058823529417	39.735099337748345	39.69465648854962
Dialectal_normalizada	18.9873417721519	39.735099337748345	42.85714285714286