Transcripcion	Levenstein	Orden	Parcial
Estandar	21.95121951219512	42.10526315789473	44.44444444444444
Estandar_normalizada	27.966101694915256	42.29074889867841	48.958333333333336
Dialectal	21.95121951219512	42.10526315789473	44.44444444444444
Dialectal_normalizada	27.966101694915256	42.29074889867841	48.958333333333336