Transcripcion	Levenstein	Orden	Parcial
Estandar	17.24137931034483	29.411764705882348	45.45454545454546
Estandar_normalizada	19.999999999999996	29.411764705882348	47.61904761904761
Dialectal	17.24137931034483	29.411764705882348	45.45454545454546
Dialectal_normalizada	19.999999999999996	29.411764705882348	47.61904761904761