Transcripcion	Levenstein	Orden	Parcial
Estandar	1.388888888888884	3.2786885245901676	33.333333333333336
Estandar_normalizada	1.6393442622950838	3.3333333333333326	33.333333333333336
Dialectal	1.388888888888884	3.2786885245901676	33.333333333333336
Dialectal_normalizada	1.6393442622950838	3.3333333333333326	33.333333333333336