Transcripcion	Levenstein	Orden	Parcial
Estandar	13.33333333333333	33.333333333333336	36.36363636363637
Estandar_normalizada	18.181818181818176	33.333333333333336	40.0
Dialectal	13.33333333333333	33.333333333333336	36.36363636363637
Dialectal_normalizada	18.181818181818176	33.333333333333336	40.0