Transcripcion	Levenstein	Orden	Parcial
Estandar	11.764705882352944	30.76923076923077	31.57894736842105
Estandar_normalizada	13.33333333333333	30.76923076923077	38.095238095238095
Dialectal	11.764705882352944	30.76923076923077	31.57894736842105
Dialectal_normalizada	13.33333333333333	30.76923076923077	38.095238095238095