Transcripcion	Levenstein	Orden	Parcial
Estandar	32.41379310344827	62.32558139534884	66.29213483146069
Estandar_normalizada	33.83458646616542	62.32558139534884	71.08433734939759
Dialectal	32.41379310344827	62.32558139534884	66.29213483146069
Dialectal_normalizada	33.83458646616542	62.32558139534884	71.08433734939759