Transcripcion	Levenstein	Orden	Parcial
Estandar	16.666666666666664	25.92592592592593	35.29411764705882
Estandar_normalizada	13.157894736842103	25.92592592592593	34.48275862068966
Dialectal	16.666666666666664	25.92592592592593	35.29411764705882
Dialectal_normalizada	13.157894736842103	25.92592592592593	34.48275862068966