Transcripcion	Levenstein	Orden	Parcial
Estandar	19.696969696969703	39.13043478260869	41.7910447761194
Estandar_normalizada	22.807017543859654	40.0	45.16129032258065
Dialectal	19.696969696969703	39.13043478260869	41.7910447761194
Dialectal_normalizada	22.807017543859654	40.0	45.16129032258065