Transcripcion	Levenstein	Orden	Parcial
Estandar	4.6875	11.764705882352944	19.999999999999996
Estandar_normalizada	6.349206349206349	8.955223880597018	60.0
Dialectal	4.6875	11.764705882352944	19.999999999999996
Dialectal_normalizada	6.349206349206349	8.955223880597018	60.0