Transcripcion	Levenstein	Orden	Parcial
Estandar	52.62135922330098	74.22852376980818	64.49652777777779
Estandar_normalizada	58.738216098622196	74.41471571906355	70.91813658977838
Dialectal	52.62135922330098	74.22852376980818	64.49652777777779
Dialectal_normalizada	58.738216098622196	74.41471571906355	70.91813658977838