Transcripcion	Levenstein	Orden	Parcial
Estandar	54.32098765432099	71.87079407806192	75.68270481144343
Estandar_normalizada	59.268929503916446	71.87079407806192	81.25
Dialectal	54.32098765432099	71.87079407806192	75.68270481144343
Dialectal_normalizada	59.268929503916446	71.87079407806192	81.25