Transcripcion	Levenstein	Orden	Parcial
Estandar	10.606060606060607	20.28985507246377	38.46153846153846
Estandar_normalizada	11.66666666666667	20.28985507246377	43.47826086956522
Dialectal	10.606060606060607	20.28985507246377	38.46153846153846
Dialectal_normalizada	11.66666666666667	20.28985507246377	43.47826086956522