Transcripcion	Levenstein	Orden	Parcial
Estandar	37.78990450204639	65.47725245316683	54.4921875
Estandar_normalizada	39.665653495440736	65.53267681289168	59.081836327345314
Dialectal	37.78990450204639	65.47725245316683	54.4921875
Dialectal_normalizada	39.665653495440736	65.53267681289168	59.081836327345314