Transcripcion	Levenstein	Orden	Parcial
Estandar	28.421052631578945	60.273972602739725	48.132780082987544
Estandar_normalizada	30.58823529411765	60.273972602739725	52.67857142857143
Dialectal	28.421052631578945	60.273972602739725	48.132780082987544
Dialectal_normalizada	30.58823529411765	60.273972602739725	52.67857142857143