Transcripcion	Levenstein	Orden	Parcial
Estandar	19.298245614035093	25.365853658536587	42.307692307692314
Estandar_normalizada	19.047619047619047	25.365853658536587	47.5
Dialectal	19.298245614035093	25.365853658536587	42.307692307692314
Dialectal_normalizada	19.047619047619047	25.365853658536587	47.5