Transcripcion	Levenstein	Orden	Parcial
Estandar	33.76623376623377	71.15987460815047	66.33663366336633
Estandar_normalizada	35.8600583090379	71.69811320754718	70.2608695652174
Dialectal	33.942558746736296	72.32704402515724	66.44628099173553
Dialectal_normalizada	36.070381231671554	72.87066246056783	70.38327526132404