Transcripcion	Levenstein	Orden	Parcial
Estandar	17.808219178082197	35.0	49.122807017543856
Estandar_normalizada	22.95081967213115	35.0	48.97959183673469
Dialectal	17.808219178082197	35.0	49.122807017543856
Dialectal_normalizada	22.95081967213115	35.0	48.97959183673469