Transcripcion	Levenstein	Orden	Parcial
Estandar	29.767441860465116	61.120543293718164	51.5625
Estandar_normalizada	32.07547169811321	61.98630136986301	58.43621399176955
Dialectal	29.6037296037296	60.544217687074834	51.5625
Dialectal_normalizada	32.16216216216217	61.4065180102916	58.14432989690721