Transcripcion	Levenstein	Orden	Parcial
Estandar	38.67403314917127	70.50183598531213	56.42317380352645
Estandar_normalizada	44.190871369294605	70.76167076167077	62.53369272237197
Dialectal	38.67403314917127	70.50183598531213	56.42317380352645
Dialectal_normalizada	44.190871369294605	70.76167076167077	62.53369272237197