Transcripcion	Levenstein	Orden	Parcial
Estandar	13.11475409836066	28.57142857142857	38.46153846153846
Estandar_normalizada	15.686274509803921	28.57142857142857	41.666666666666664
Dialectal	13.11475409836066	28.57142857142857	38.46153846153846
Dialectal_normalizada	15.686274509803921	28.57142857142857	41.666666666666664