Transcripcion	Levenstein	Orden	Parcial
Estandar	6.666666666666665	14.28571428571429	25.0
Estandar_normalizada	9.090909090909093	14.28571428571429	28.57142857142857
Dialectal	6.666666666666665	14.28571428571429	25.0
Dialectal_normalizada	9.090909090909093	14.28571428571429	28.57142857142857