Transcripcion	Levenstein	Orden	Parcial
Estandar	40.56706652126499	64.7011952191235	57.11610486891385
Estandar_normalizada	45.24103831891224	64.41767068273091	61.839530332681015
Dialectal	40.65573770491804	64.80446927374301	57.11610486891385
Dialectal_normalizada	45.353159851301115	64.52131938857603	61.839530332681015