Transcripcion	Levenstein	Orden	Parcial
Estandar	26.49572649572649	40.0	42.33576642335767
Estandar_normalizada	24.271844660194176	40.0	44.27480916030534
Dialectal	26.49572649572649	40.0	42.33576642335767
Dialectal_normalizada	24.271844660194176	40.0	44.27480916030534