Transcripcion	Levenstein	Orden	Parcial
Estandar	15.217391304347828	36.0	29.78723404255319
Estandar_normalizada	23.529411764705888	34.04255319148937	38.888888888888886
Dialectal	15.217391304347828	36.0	29.78723404255319
Dialectal_normalizada	23.529411764705888	34.04255319148937	38.888888888888886