Transcripcion	Levenstein	Orden	Parcial
Estandar	7.14285714285714	19.999999999999996	30.000000000000004
Estandar_normalizada	9.80392156862745	25.0	44.44444444444444
Dialectal	7.14285714285714	19.999999999999996	30.000000000000004
Dialectal_normalizada	9.80392156862745	25.0	44.44444444444444