Transcripcion	Levenstein	Orden	Parcial
Estandar	17.948717948717952	40.0	36.92307692307693
Estandar_normalizada	16.216216216216218	40.0	41.379310344827594
Dialectal	17.948717948717952	40.0	36.92307692307693
Dialectal_normalizada	16.216216216216218	40.0	41.379310344827594