Transcripcion	Levenstein	Orden	Parcial
Estandar	50.822015725518234	73.45092718227046	65.93406593406593
Estandar_normalizada	55.8659217877095	73.86569872958258	72.18479307025987
Dialectal	50.858369098712444	73.48416289592761	65.93406593406593
Dialectal_normalizada	55.83067092651757	73.89922832501135	72.18479307025987