Transcripcion	Levenstein	Orden	Parcial
Estandar	21.052631578947366	43.47826086956522	57.14285714285714
Estandar_normalizada	23.529411764705888	43.47826086956522	57.14285714285714
Dialectal	21.052631578947366	43.47826086956522	57.14285714285714
Dialectal_normalizada	23.529411764705888	43.47826086956522	57.14285714285714