Transcripcion	Levenstein	Orden	Parcial
Estandar	19.23076923076923	30.000000000000004	28.57142857142857
Estandar_normalizada	19.23076923076923	30.000000000000004	33.333333333333336
Dialectal	19.23076923076923	30.000000000000004	28.57142857142857
Dialectal_normalizada	19.23076923076923	30.000000000000004	33.333333333333336