Transcripcion	Levenstein	Orden	Parcial
Estandar	26.811594202898547	61.05263157894737	63.565891472868216
Estandar_normalizada	29.411764705882348	61.37566137566137	66.66666666666667
Dialectal	26.811594202898547	61.05263157894737	63.565891472868216
Dialectal_normalizada	29.411764705882348	61.37566137566137	66.66666666666667