Transcripcion	Levenstein	Orden	Parcial
Estandar	5.633802816901412	6.896551724137934	42.85714285714286
Estandar_normalizada	5.000000000000004	7.017543859649122	36.36363636363637
Dialectal	5.633802816901412	6.896551724137934	42.85714285714286
Dialectal_normalizada	5.000000000000004	7.017543859649122	36.36363636363637