Transcripcion	Levenstein	Orden	Parcial
Estandar	17.4496644295302	40.74074074074075	44.776119402985074
Estandar_normalizada	19.84126984126984	40.993788819875775	45.97701149425287
Dialectal	17.4496644295302	40.74074074074075	44.776119402985074
Dialectal_normalizada	19.84126984126984	40.993788819875775	45.97701149425287