Transcripcion	Levenstein	Orden	Parcial
Estandar	24.590163934426236	43.31210191082803	39.490445859872615
Estandar_normalizada	28.846153846153843	43.31210191082803	47.540983606557376
Dialectal	24.590163934426236	43.31210191082803	39.490445859872615
Dialectal_normalizada	28.846153846153843	43.31210191082803	47.540983606557376