Transcripcion	Levenstein	Orden	Parcial
Estandar	16.33986928104575	35.29411764705882	39.63963963963963
Estandar_normalizada	19.402985074626866	35.502958579881664	45.45454545454546
Dialectal	16.33986928104575	35.29411764705882	39.63963963963963
Dialectal_normalizada	19.402985074626866	35.502958579881664	45.45454545454546