Transcripcion	Levenstein	Orden	Parcial
Estandar	22.72727272727273	38.55421686746988	50.0
Estandar_normalizada	25.0	38.55421686746988	51.162790697674424
Dialectal	22.72727272727273	38.55421686746988	50.0
Dialectal_normalizada	25.0	38.55421686746988	51.162790697674424