Transcripcion	Levenstein	Orden	Parcial
Estandar	23.750000000000004	45.54455445544554	39.34426229508197
Estandar_normalizada	28.787878787878785	44.44444444444444	47.61904761904761
Dialectal	23.750000000000004	45.54455445544554	39.34426229508197
Dialectal_normalizada	28.787878787878785	44.44444444444444	47.61904761904761