Transcripcion	Levenstein	Orden	Parcial
Estandar	23.913043478260864	45.714285714285715	43.69747899159664
Estandar_normalizada	26.74418604651163	45.714285714285715	46.42857142857143
Dialectal	23.913043478260864	45.714285714285715	43.69747899159664
Dialectal_normalizada	26.74418604651163	45.714285714285715	46.42857142857143