Transcripcion	Levenstein	Orden	Parcial
Estandar	19.512195121951216	36.0	38.888888888888886
Estandar_normalizada	19.999999999999996	36.0	48.275862068965516
Dialectal	19.512195121951216	36.0	38.888888888888886
Dialectal_normalizada	19.999999999999996	36.0	48.275862068965516