Transcripcion	Levenstein	Orden	Parcial
Estandar	43.28358208955224	65.71428571428571	57.14285714285714
Estandar_normalizada	50.0	66.66666666666667	63.1578947368421
Dialectal	43.28358208955224	65.71428571428571	57.14285714285714
Dialectal_normalizada	50.0	66.66666666666667	63.1578947368421