Transcripcion	Levenstein	Orden	Parcial
Estandar	53.448275862068975	60.0	70.83333333333333
Estandar_normalizada	62.5	60.0	76.92307692307692
Dialectal	53.448275862068975	60.0	70.83333333333333
Dialectal_normalizada	62.5	60.0	76.92307692307692