Transcripcion	Levenstein	Orden	Parcial
Estandar	58.82352941176471	64.28571428571428	68.96551724137932
Estandar_normalizada	66.66666666666667	64.28571428571428	71.42857142857143
Dialectal	58.82352941176471	64.28571428571428	68.96551724137932
Dialectal_normalizada	66.66666666666667	64.28571428571428	71.42857142857143