Transcripcion	Levenstein	Orden	Parcial
Estandar	30.645161290322577	50.0	45.36082474226804
Estandar_normalizada	31.666666666666664	50.0	48.275862068965516
Dialectal	30.645161290322577	50.0	45.36082474226804
Dialectal_normalizada	31.666666666666664	50.0	48.275862068965516