Transcripcion	Levenstein	Orden	Parcial
Estandar	9.708737864077666	36.58536585365854	26.37362637362637
Estandar_normalizada	19.6078431372549	35.582822085889575	35.064935064935064
Dialectal	9.708737864077666	36.58536585365854	26.37362637362637
Dialectal_normalizada	19.6078431372549	35.582822085889575	35.064935064935064