Transcripcion	Levenstein	Orden	Parcial
Estandar	35.0	59.70149253731343	57.14285714285714
Estandar_normalizada	40.816326530612244	60.60606060606061	65.38461538461539
Dialectal	35.0	59.70149253731343	57.14285714285714
Dialectal_normalizada	40.816326530612244	60.60606060606061	65.38461538461539