Transcripcion	Levenstein	Orden	Parcial
Estandar	54.94949494949495	75.47169811320755	68.73156342182891
Estandar_normalizada	62.07674943566591	75.98371777476255	75.15337423312883
Dialectal	55.06072874493927	75.5735492577598	68.73156342182891
Dialectal_normalizada	62.217194570135746	76.08695652173914	75.15337423312883