Transcripcion	Levenstein	Orden	Parcial
Estandar	69.38775510204081	92.5	90.0
Estandar_normalizada	81.3953488372093	92.5	93.67088607594937
Dialectal	69.38775510204081	92.5	90.0
Dialectal_normalizada	81.3953488372093	92.5	93.67088607594937