Transcripcion	Levenstein	Orden	Parcial
Estandar	33.333333333333336	61.76470588235294	53.84615384615385
Estandar_normalizada	39.62264150943396	60.60606060606061	63.63636363636363
Dialectal	33.333333333333336	61.76470588235294	53.84615384615385
Dialectal_normalizada	39.62264150943396	60.60606060606061	63.63636363636363