Transcripcion	Levenstein	Orden	Parcial
Estandar	58.82352941176471	74.07407407407408	80.0
Estandar_normalizada	63.33333333333333	74.07407407407408	81.63265306122449
Dialectal	58.82352941176471	74.07407407407408	80.0
Dialectal_normalizada	63.33333333333333	74.07407407407408	81.63265306122449