Transcripcion	Levenstein	Orden	Parcial
Estandar	45.238095238095234	70.17543859649122	56.71641791044777
Estandar_normalizada	60.0	70.17543859649122	69.23076923076923
Dialectal	45.238095238095234	70.17543859649122	56.71641791044777
Dialectal_normalizada	60.0	70.17543859649122	69.23076923076923