Transcripcion	Levenstein	Orden	Parcial
Estandar	1.0638297872340385	5.333333333333334	50.0
Estandar_normalizada	1.2499999999999956	5.47945205479452	50.0
Dialectal	1.0638297872340385	5.333333333333334	50.0
Dialectal_normalizada	1.2499999999999956	5.47945205479452	50.0