Transcripcion	Levenstein	Orden	Parcial
Estandar	44.329896907216494	62.25165562913908	59.66850828729282
Estandar_normalizada	51.19047619047619	61.74496644295302	63.63636363636363
Dialectal	44.329896907216494	62.25165562913908	59.66850828729282
Dialectal_normalizada	51.19047619047619	61.74496644295302	63.63636363636363