Transcripcion	Levenstein	Orden	Parcial
Estandar	62.5	72.22222222222221	78.94736842105263
Estandar_normalizada	70.0	72.22222222222221	84.84848484848484
Dialectal	62.5	72.22222222222221	78.94736842105263
Dialectal_normalizada	70.0	72.22222222222221	84.84848484848484