Transcripcion	Levenstein	Orden	Parcial
Estandar	75.51020408163265	74.69879518072288	80.48780487804879
Estandar_normalizada	80.0	74.69879518072288	85.0
Dialectal	74.46808510638299	76.54320987654322	82.92682926829268
Dialectal_normalizada	79.06976744186046	76.54320987654322	87.5