Transcripcion	Levenstein	Orden	Parcial
Estandar	53.2258064516129	79.20792079207921	71.15384615384616
Estandar_normalizada	62.96296296296296	79.20792079207921	75.24752475247524
Dialectal	53.2258064516129	79.20792079207921	71.15384615384616
Dialectal_normalizada	62.96296296296296	79.20792079207921	75.24752475247524