Transcripcion	Levenstein	Orden	Parcial
Estandar	25.581395348837212	37.2093023255814	42.71844660194175
Estandar_normalizada	30.23255813953488	34.645669291338585	48.97959183673469
Dialectal	25.581395348837212	37.2093023255814	42.71844660194175
Dialectal_normalizada	30.23255813953488	34.645669291338585	48.97959183673469