Transcripcion	Levenstein	Orden	Parcial
Estandar	54.70588235294118	69.28571428571428	66.875
Estandar_normalizada	58.33333333333333	70.50359712230217	74.20494699646642
Dialectal	54.70588235294118	69.28571428571428	66.875
Dialectal_normalizada	58.33333333333333	70.50359712230217	74.20494699646642