Transcripcion	Levenstein	Orden	Parcial
Estandar	4.347826086956519	8.163265306122447	25.0
Estandar_normalizada	5.660377358490565	8.163265306122447	25.0
Dialectal	4.347826086956519	8.163265306122447	25.0
Dialectal_normalizada	5.660377358490565	8.163265306122447	25.0