Transcripcion	Levenstein	Orden	Parcial
Estandar	68.11594202898551	80.22598870056497	78.87323943661973
Estandar_normalizada	73.01587301587303	80.22598870056497	84.48275862068965
Dialectal	68.11594202898551	80.22598870056497	78.87323943661973
Dialectal_normalizada	73.01587301587303	80.22598870056497	84.48275862068965