Transcripcion	Levenstein	Orden	Parcial
Estandar	6.629834254143652	12.307692307692308	25.0
Estandar_normalizada	5.47945205479452	12.598425196850393	26.086956521739136
Dialectal	6.629834254143652	12.307692307692308	25.0
Dialectal_normalizada	5.47945205479452	12.598425196850393	26.086956521739136