Transcripcion	Levenstein	Orden	Parcial
Estandar	46.09929078014184	66.66666666666667	68.78980891719746
Estandar_normalizada	51.58730158730158	67.01298701298701	72.07792207792207
Dialectal	46.09929078014184	66.66666666666667	68.78980891719746
Dialectal_normalizada	51.58730158730158	67.01298701298701	72.07792207792207