Transcripcion	Levenstein	Orden	Parcial
Estandar	75.34246575342466	87.87878787878788	85.5072463768116
Estandar_normalizada	82.35294117647058	87.87878787878788	86.56716417910448
Dialectal	75.34246575342466	87.87878787878788	85.5072463768116
Dialectal_normalizada	82.35294117647058	87.87878787878788	86.56716417910448