Transcripcion	Levenstein	Orden	Parcial
Estandar	70.58823529411764	93.33333333333333	84.84848484848484
Estandar_normalizada	81.25	93.33333333333333	86.66666666666667
Dialectal	70.58823529411764	93.33333333333333	84.84848484848484
Dialectal_normalizada	81.25	93.33333333333333	86.66666666666667