Transcripcion	Levenstein	Orden	Parcial
Estandar	69.64285714285714	84.78260869565217	86.95652173913044
Estandar_normalizada	80.0	84.78260869565217	91.11111111111111
Dialectal	69.64285714285714	84.78260869565217	86.95652173913044
Dialectal_normalizada	80.0	84.78260869565217	91.11111111111111