Transcripcion	Levenstein	Orden	Parcial
Estandar	7.8947368421052655	10.666666666666668	28.57142857142857
Estandar_normalizada	8.955223880597018	10.81081081081081	35.71428571428571
Dialectal	7.8947368421052655	10.666666666666668	28.57142857142857
Dialectal_normalizada	8.955223880597018	10.81081081081081	35.71428571428571