Transcripcion	Levenstein	Orden	Parcial
Estandar	55.93220338983051	71.42857142857143	68.75
Estandar_normalizada	62.264150943396224	71.42857142857143	72.34042553191489
Dialectal	55.93220338983051	71.42857142857143	68.75
Dialectal_normalizada	62.264150943396224	71.42857142857143	72.34042553191489