Transcripcion	Levenstein	Orden	Parcial
Estandar	19.999999999999996	49.056603773584904	35.71428571428571
Estandar_normalizada	27.27272727272727	49.056603773584904	40.816326530612244
Dialectal	19.999999999999996	49.056603773584904	35.71428571428571
Dialectal_normalizada	27.27272727272727	49.056603773584904	40.816326530612244