Transcripcion	Levenstein	Orden	Parcial
Estandar	18.75	32.83582089552238	42.307692307692314
Estandar_normalizada	21.276595744680847	32.83582089552238	42.10526315789473
Dialectal	18.75	32.83582089552238	42.307692307692314
Dialectal_normalizada	21.276595744680847	32.83582089552238	42.10526315789473