Transcripcion	Levenstein	Orden	Parcial
Estandar	69.7841726618705	92.6829268292683	79.09604519774011
Estandar_normalizada	79.16666666666666	93.13725490196079	84.44444444444444
Dialectal	69.7841726618705	92.6829268292683	79.09604519774011
Dialectal_normalizada	79.16666666666666	93.13725490196079	84.44444444444444