Transcripcion	Levenstein	Orden	Parcial
Estandar	50.89285714285714	74.68354430379746	75.96899224806202
Estandar_normalizada	56.43564356435644	75.15923566878982	79.36507936507937
Dialectal	50.89285714285714	74.68354430379746	75.96899224806202
Dialectal_normalizada	56.43564356435644	75.15923566878982	79.36507936507937