Transcripcion	Levenstein	Orden	Parcial
Estandar	48.78048780487805	62.68656716417911	64.86486486486487
Estandar_normalizada	59.45945945945945	62.68656716417911	73.84615384615385
Dialectal	48.78048780487805	62.68656716417911	64.86486486486487
Dialectal_normalizada	59.45945945945945	62.68656716417911	73.84615384615385