Transcripcion	Levenstein	Orden	Parcial
Estandar	50.0	70.99567099567099	76.47058823529412
Estandar_normalizada	54.54545454545454	71.30434782608695	80.8080808080808
Dialectal	50.0	70.99567099567099	76.47058823529412
Dialectal_normalizada	54.54545454545454	71.30434782608695	80.8080808080808