Transcripcion	Levenstein	Orden	Parcial
Estandar	36.36363636363637	62.5	52.0
Estandar_normalizada	51.72413793103448	62.5	63.41463414634146
Dialectal	36.36363636363637	62.5	52.0
Dialectal_normalizada	51.72413793103448	62.5	63.41463414634146