Transcripcion	Levenstein	Orden	Parcial
Estandar	29.629629629629626	42.10526315789473	50.0
Estandar_normalizada	39.13043478260869	42.10526315789473	56.25
Dialectal	29.629629629629626	42.10526315789473	50.0
Dialectal_normalizada	39.13043478260869	42.10526315789473	56.25