Transcripcion	Levenstein	Orden	Parcial
Estandar	68.08510638297872	77.72925764192141	74.31192660550458
Estandar_normalizada	72.86821705426357	77.72925764192141	78.30188679245282
Dialectal	68.08510638297872	77.72925764192141	74.31192660550458
Dialectal_normalizada	72.86821705426357	77.72925764192141	78.30188679245282