Transcripcion	Levenstein	Orden	Parcial
Estandar	70.2127659574468	77.92207792207793	88.57142857142857
Estandar_normalizada	79.06976744186046	77.92207792207793	88.57142857142857
Dialectal	62.22222222222222	77.33333333333333	85.71428571428572
Dialectal_normalizada	70.73170731707317	77.33333333333333	85.71428571428572