Transcripcion	Levenstein	Orden	Parcial
Estandar	53.0	66.66666666666667	71.64179104477613
Estandar_normalizada	59.77011494252873	66.66666666666667	80.64516129032258
Dialectal	53.0	66.66666666666667	71.64179104477613
Dialectal_normalizada	59.77011494252873	66.66666666666667	80.64516129032258