Transcripcion	Levenstein	Orden	Parcial
Estandar	62.857142857142854	89.79591836734694	81.4814814814815
Estandar_normalizada	74.07407407407408	89.79591836734694	88.46153846153845
Dialectal	62.857142857142854	89.79591836734694	81.4814814814815
Dialectal_normalizada	74.07407407407408	89.79591836734694	88.46153846153845