Transcripcion	Levenstein	Orden	Parcial
Estandar	15.000000000000002	25.0	30.76923076923077
Estandar_normalizada	18.75	25.0	33.333333333333336
Dialectal	15.000000000000002	25.0	30.76923076923077
Dialectal_normalizada	18.75	25.0	33.333333333333336