Transcripcion	Levenstein	Orden	Parcial
Estandar	35.89743589743589	44.776119402985074	58.46153846153845
Estandar_normalizada	44.44444444444444	51.515151515151516	71.69811320754718
Dialectal	35.89743589743589	44.776119402985074	58.46153846153845
Dialectal_normalizada	44.44444444444444	51.515151515151516	71.69811320754718