Transcripcion	Levenstein	Orden	Parcial
Estandar	48.943661971830984	70.73170731707317	65.29850746268657
Estandar_normalizada	55.84905660377358	70.61224489795919	78.63636363636364
Dialectal	48.943661971830984	70.73170731707317	65.29850746268657
Dialectal_normalizada	55.84905660377358	70.61224489795919	78.63636363636364