Transcripcion	Levenstein	Orden	Parcial
Estandar	65.21739130434783	87.5	77.96610169491525
Estandar_normalizada	81.35593220338984	87.5	88.69565217391305
Dialectal	65.21739130434783	87.5	77.96610169491525
Dialectal_normalizada	81.35593220338984	87.5	88.69565217391305