Transcripcion	Levenstein	Orden	Parcial
Estandar	71.42857142857143	82.26950354609929	84.28571428571429
Estandar_normalizada	80.26315789473684	82.26950354609929	91.30434782608697
Dialectal	71.42857142857143	82.26950354609929	84.28571428571429
Dialectal_normalizada	80.26315789473684	82.26950354609929	91.30434782608697