Transcripcion	Levenstein	Orden	Parcial
Estandar	51.85185185185186	68.18181818181819	66.66666666666667
Estandar_normalizada	56.00000000000001	68.18181818181819	70.58823529411764
Dialectal	51.85185185185186	68.18181818181819	66.66666666666667
Dialectal_normalizada	56.00000000000001	68.18181818181819	70.58823529411764