Transcripcion	Levenstein	Orden	Parcial
Estandar	68.85245901639344	67.41573033707866	72.0
Estandar_normalizada	75.51020408163265	67.41573033707866	80.43478260869566
Dialectal	68.85245901639344	67.41573033707866	72.0
Dialectal_normalizada	75.51020408163265	67.41573033707866	80.43478260869566