Transcripcion	Levenstein	Orden	Parcial
Estandar	12.5	22.22222222222222	25.0
Estandar_normalizada	8.333333333333337	22.22222222222222	26.66666666666667
Dialectal	12.5	22.22222222222222	25.0
Dialectal_normalizada	8.333333333333337	22.22222222222222	26.66666666666667