Transcripcion	Levenstein	Orden	Parcial
Estandar	70.06960556844548	84.1654778887304	76.62721893491124
Estandar_normalizada	76.53061224489795	84.28571428571429	81.28834355828221
Dialectal	70.06960556844548	84.1654778887304	76.62721893491124
Dialectal_normalizada	76.53061224489795	84.28571428571429	81.28834355828221