Transcripcion	Levenstein	Orden	Parcial
Estandar	76.71232876712328	84.61538461538461	87.02290076335878
Estandar_normalizada	82.6086956521739	84.61538461538461	91.2
Dialectal	76.71232876712328	84.61538461538461	87.02290076335878
Dialectal_normalizada	82.6086956521739	84.61538461538461	91.2