Transcripcion	Levenstein	Orden	Parcial
Estandar	31.57894736842105	46.666666666666664	50.0
Estandar_normalizada	29.411764705882348	46.666666666666664	54.54545454545454
Dialectal	31.57894736842105	46.666666666666664	50.0
Dialectal_normalizada	29.411764705882348	46.666666666666664	54.54545454545454