Transcripcion	Levenstein	Orden	Parcial
Estandar	34.38914027149321	56.94444444444444	51.162790697674424
Estandar_normalizada	39.26701570680628	55.244755244755254	55.55555555555556
Dialectal	34.38914027149321	56.94444444444444	51.162790697674424
Dialectal_normalizada	39.26701570680628	55.244755244755254	55.55555555555556