Transcripcion	Levenstein	Orden	Parcial
Estandar	54.16666666666667	52.63157894736843	66.66666666666667
Estandar_normalizada	60.0	52.63157894736843	71.7948717948718
Dialectal	54.16666666666667	52.63157894736843	66.66666666666667
Dialectal_normalizada	60.0	52.63157894736843	71.7948717948718