Transcripcion	Levenstein	Orden	Parcial
Estandar	82.45614035087719	86.69950738916256	87.0
Estandar_normalizada	86.11111111111111	86.69950738916256	89.23076923076923
Dialectal	82.45614035087719	86.69950738916256	87.0
Dialectal_normalizada	86.11111111111111	86.69950738916256	89.23076923076923