Transcripcion	Levenstein	Orden	Parcial
Estandar	53.333333333333336	58.06451612903225	67.03296703296704
Estandar_normalizada	59.04761904761905	57.29729729729729	71.26436781609196
Dialectal	53.333333333333336	58.06451612903225	67.03296703296704
Dialectal_normalizada	59.04761904761905	57.29729729729729	71.26436781609196