Transcripcion	Levenstein	Orden	Parcial
Estandar	52.86624203821656	75.55555555555556	74.19354838709677
Estandar_normalizada	59.154929577464785	75.89285714285714	79.56989247311827
Dialectal	51.92307692307692	75.0	74.19354838709677
Dialectal_normalizada	58.156028368794324	75.33632286995515	78.49462365591397