Transcripcion	Levenstein	Orden	Parcial
Estandar	36.73469387755102	61.53846153846154	57.14285714285714
Estandar_normalizada	46.34146341463414	61.53846153846154	58.33333333333333
Dialectal	36.73469387755102	61.53846153846154	57.14285714285714
Dialectal_normalizada	46.34146341463414	61.53846153846154	58.33333333333333