Transcripcion	Levenstein	Orden	Parcial
Estandar	71.42857142857143	93.33333333333333	78.87323943661973
Estandar_normalizada	81.3953488372093	93.33333333333333	85.71428571428572
Dialectal	71.42857142857143	93.33333333333333	78.87323943661973
Dialectal_normalizada	81.3953488372093	93.33333333333333	85.71428571428572