Transcripcion	Levenstein	Orden	Parcial
Estandar	49.15730337078652	67.9245283018868	58.723404255319146
Estandar_normalizada	53.395061728395056	68.18181818181819	65.04424778761062
Dialectal	49.29577464788733	68.05293005671078	58.723404255319146
Dialectal_normalizada	53.56037151702786	68.3111954459203	65.04424778761062