Transcripcion	Levenstein	Orden	Parcial
Estandar	50.4	66.66666666666667	63.49206349206349
Estandar_normalizada	54.78260869565217	66.66666666666667	65.60000000000001
Dialectal	50.4	66.66666666666667	63.49206349206349
Dialectal_normalizada	54.78260869565217	66.66666666666667	65.60000000000001