Transcripcion	Levenstein	Orden	Parcial
Estandar	37.93103448275862	52.17391304347826	57.14285714285714
Estandar_normalizada	36.0	52.17391304347826	57.77777777777777
Dialectal	37.93103448275862	52.17391304347826	57.14285714285714
Dialectal_normalizada	36.0	52.17391304347826	57.77777777777777