Transcripcion	Levenstein	Orden	Parcial
Estandar	87.09677419354838	87.27272727272728	92.85714285714286
Estandar_normalizada	89.65517241379311	87.27272727272728	92.5925925925926
Dialectal	87.09677419354838	87.27272727272728	92.85714285714286
Dialectal_normalizada	89.65517241379311	87.27272727272728	92.5925925925926