Transcripcion	Levenstein	Orden	Parcial
Estandar	23.33333333333333	41.13475177304965	34.645669291338585
Estandar_normalizada	25.581395348837212	40.28776978417267	38.46153846153846
Dialectal	23.33333333333333	41.13475177304965	34.645669291338585
Dialectal_normalizada	25.581395348837212	40.28776978417267	38.46153846153846