Transcripcion	Levenstein	Orden	Parcial
Estandar	38.70967741935484	64.86486486486487	76.47058823529412
Estandar_normalizada	40.0	64.86486486486487	80.0
Dialectal	38.70967741935484	64.86486486486487	76.47058823529412
Dialectal_normalizada	40.0	64.86486486486487	80.0