Transcripcion	Levenstein	Orden	Parcial
Estandar	25.396825396825395	44.067796610169495	66.66666666666667
Estandar_normalizada	31.999999999999996	44.827586206896555	66.66666666666667
Dialectal	25.396825396825395	44.067796610169495	66.66666666666667
Dialectal_normalizada	31.999999999999996	44.827586206896555	66.66666666666667