Transcripcion	Levenstein	Orden	Parcial
Estandar	26.95035460992907	48.0	50.877192982456144
Estandar_normalizada	31.304347826086953	47.297297297297305	60.86956521739131
Dialectal	26.95035460992907	48.0	50.877192982456144
Dialectal_normalizada	31.304347826086953	47.297297297297305	60.86956521739131