Transcripcion	Levenstein	Orden	Parcial
Estandar	48.917748917748916	73.49397590361446	56.08974358974359
Estandar_normalizada	56.42317380352645	73.74810318664645	63.66666666666667
Dialectal	48.917748917748916	73.49397590361446	56.08974358974359
Dialectal_normalizada	56.42317380352645	73.74810318664645	63.66666666666667