Transcripcion	Levenstein	Orden	Parcial
Estandar	35.07853403141361	56.888888888888886	61.44578313253012
Estandar_normalizada	41.61490683229814	57.399103139013455	67.46987951807229
Dialectal	35.07853403141361	56.888888888888886	61.44578313253012
Dialectal_normalizada	41.61490683229814	57.399103139013455	67.46987951807229