Transcripcion	Levenstein	Orden	Parcial
Estandar	72.41379310344827	91.56626506024097	88.37209302325581
Estandar_normalizada	79.16666666666666	91.56626506024097	92.3076923076923
Dialectal	72.41379310344827	91.56626506024097	88.37209302325581
Dialectal_normalizada	79.16666666666666	91.56626506024097	92.3076923076923