Transcripcion	Levenstein	Orden	Parcial
Estandar	43.26241134751773	69.04761904761905	79.71014492753623
Estandar_normalizada	50.86206896551724	69.46107784431138	83.5820895522388
Dialectal	43.26241134751773	69.04761904761905	79.71014492753623
Dialectal_normalizada	50.86206896551724	69.46107784431138	83.5820895522388