Transcripcion	Levenstein	Orden	Parcial
Estandar	23.62204724409449	30.409356725146196	48.0
Estandar_normalizada	24.13793103448276	30.409356725146196	49.557522123893804
Dialectal	23.62204724409449	30.409356725146196	48.0
Dialectal_normalizada	24.13793103448276	30.409356725146196	49.557522123893804