Transcripcion	Levenstein	Orden	Parcial
Estandar	51.24999999999999	70.39999999999999	77.96610169491525
Estandar_normalizada	53.52112676056338	69.35483870967742	78.94736842105263
Dialectal	51.24999999999999	70.39999999999999	77.96610169491525
Dialectal_normalizada	53.52112676056338	69.35483870967742	78.94736842105263