Transcripcion	Levenstein	Orden	Parcial
Estandar	21.95121951219512	44.44444444444444	47.36842105263158
Estandar_normalizada	32.25806451612904	44.44444444444444	50.0
Dialectal	21.95121951219512	44.44444444444444	47.36842105263158
Dialectal_normalizada	32.25806451612904	44.44444444444444	50.0