Transcripcion	Levenstein	Orden	Parcial
Estandar	36.0	60.75949367088608	74.57627118644068
Estandar_normalizada	41.666666666666664	60.75949367088608	84.0
Dialectal	36.0	60.75949367088608	74.57627118644068
Dialectal_normalizada	41.666666666666664	60.75949367088608	84.0