Transcripcion	Levenstein	Orden	Parcial
Estandar	5.882352941176472	13.33333333333333	25.0
Estandar_normalizada	7.692307692307687	13.33333333333333	25.0
Dialectal	5.882352941176472	13.33333333333333	25.0
Dialectal_normalizada	7.692307692307687	13.33333333333333	25.0