Transcripcion	Levenstein	Orden	Parcial
Estandar	20.895522388059707	40.0	39.08045977011494
Estandar_normalizada	16.981132075471695	42.553191489361694	37.62376237623762
Dialectal	20.895522388059707	40.0	39.08045977011494
Dialectal_normalizada	16.981132075471695	42.553191489361694	37.62376237623762