Transcripcion	Levenstein	Orden	Parcial
Estandar	15.789473684210531	17.391304347826086	42.85714285714286
Estandar_normalizada	17.647058823529417	17.391304347826086	42.85714285714286
Dialectal	15.789473684210531	17.391304347826086	42.85714285714286
Dialectal_normalizada	17.647058823529417	17.391304347826086	42.85714285714286