Transcripcion	Levenstein	Orden	Parcial
Estandar	63.92045454545454	75.86206896551724	70.92436974789915
Estandar_normalizada	68.19620253164558	75.86206896551724	75.8436944937833
Dialectal	63.92045454545454	75.86206896551724	70.92436974789915
Dialectal_normalizada	68.19620253164558	75.86206896551724	75.8436944937833