Transcripcion	Levenstein	Orden	Parcial
Estandar	60.0	74.19354838709677	80.64516129032258
Estandar_normalizada	73.52941176470588	74.19354838709677	86.66666666666667
Dialectal	60.0	74.19354838709677	80.64516129032258
Dialectal_normalizada	73.52941176470588	74.19354838709677	86.66666666666667