Transcripcion	Levenstein	Orden	Parcial
Estandar	38.65546218487395	56.830601092896174	64.67065868263472
Estandar_normalizada	44.24778761061947	56.830601092896174	74.32432432432432
Dialectal	38.65546218487395	56.830601092896174	64.67065868263472
Dialectal_normalizada	44.24778761061947	56.830601092896174	74.32432432432432