Transcripcion	Levenstein	Orden	Parcial
Estandar	53.46534653465347	63.35403726708074	68.75
Estandar_normalizada	63.2183908045977	63.35403726708074	75.0
Dialectal	53.46534653465347	63.35403726708074	68.75
Dialectal_normalizada	63.2183908045977	63.35403726708074	75.0