Transcripcion	Levenstein	Orden	Parcial
Estandar	53.73001776198934	70.45517241379311	63.86083052749719
Estandar_normalizada	58.370152184585166	70.45831032578687	68.92052194543298
Dialectal	53.73001776198934	70.45517241379311	63.86083052749719
Dialectal_normalizada	58.370152184585166	70.45831032578687	68.92052194543298