Transcripcion	Levenstein	Orden	Parcial
Estandar	67.85714285714286	71.15384615384616	79.24528301886792
Estandar_normalizada	75.92592592592592	71.15384615384616	82.82828282828282
Dialectal	67.85714285714286	71.15384615384616	79.24528301886792
Dialectal_normalizada	75.92592592592592	71.15384615384616	82.82828282828282