Transcripcion	Levenstein	Orden	Parcial
Estandar	24.749163879598658	45.173745173745175	42.7061310782241
Estandar_normalizada	23.98523985239852	44.96124031007752	45.258620689655174
Dialectal	24.749163879598658	45.173745173745175	42.7061310782241
Dialectal_normalizada	23.98523985239852	44.96124031007752	45.258620689655174