Transcripcion	Levenstein	Orden	Parcial
Estandar	11.206896551724132	15.625	45.45454545454546
Estandar_normalizada	11.304347826086957	15.625	56.25
Dialectal	11.206896551724132	15.625	45.45454545454546
Dialectal_normalizada	11.304347826086957	15.625	56.25