Transcripcion	Levenstein	Orden	Parcial
Estandar	14.28571428571429	26.086956521739136	30.000000000000004
Estandar_normalizada	28.57142857142857	26.086956521739136	46.15384615384615
Dialectal	14.28571428571429	26.086956521739136	30.000000000000004
Dialectal_normalizada	28.57142857142857	26.086956521739136	46.15384615384615