Transcripcion	Levenstein	Orden	Parcial
Estandar	42.34234234234234	64.40677966101696	54.94505494505495
Estandar_normalizada	45.36082474226804	64.40677966101696	62.06896551724138
Dialectal	43.11926605504587	65.14285714285715	57.14285714285714
Dialectal_normalizada	45.263157894736835	65.14285714285715	63.2183908045977