Transcripcion	Levenstein	Orden	Parcial
Estandar	50.54945054945055	67.2289156626506	66.74445740956827
Estandar_normalizada	56.98198198198199	67.79661016949152	70.69182389937107
Dialectal	50.989010989010985	67.3913043478261	66.90058479532163
Dialectal_normalizada	57.432432432432435	67.4757281553398	70.72243346007605