Transcripcion	Levenstein	Orden	Parcial
Estandar	57.77202072538861	74.21875	66.88102893890675
Estandar_normalizada	62.60623229461757	73.86541471048514	71.26245847176081
Dialectal	57.84695201037613	74.27677873338546	67.04180064308683
Dialectal_normalizada	62.69503546099291	73.92325763508222	71.3216957605985