Transcripcion	Levenstein	Orden	Parcial
Estandar	6.896551724137934	44.44444444444444	32.432432432432435
Estandar_normalizada	17.85714285714286	44.44444444444444	50.0
Dialectal	6.896551724137934	44.44444444444444	32.432432432432435
Dialectal_normalizada	17.85714285714286	44.44444444444444	50.0