Transcripcion	Levenstein	Orden	Parcial
Estandar	45.97156398104265	54.59770114942528	57.6271186440678
Estandar_normalizada	48.924731182795696	54.75504322766571	62.42774566473989
Dialectal	45.97156398104265	54.59770114942528	57.6271186440678
Dialectal_normalizada	48.924731182795696	54.75504322766571	62.42774566473989