Transcripcion	Levenstein	Orden	Parcial
Estandar	38.23529411764706	53.73134328358209	64.91228070175438
Estandar_normalizada	44.31818181818182	53.73134328358209	68.62745098039215
Dialectal	38.23529411764706	53.73134328358209	64.91228070175438
Dialectal_normalizada	44.31818181818182	53.73134328358209	68.62745098039215