Transcripcion	Levenstein	Orden	Parcial
Estandar	59.352517985611506	78.89125799573561	72.94117647058825
Estandar_normalizada	64.89795918367346	78.89125799573561	79.66457023060796
Dialectal	59.352517985611506	78.89125799573561	72.94117647058825
Dialectal_normalizada	64.89795918367346	78.89125799573561	79.66457023060796