Transcripcion	Levenstein	Orden	Parcial
Estandar	56.14035087719298	65.93406593406593	66.66666666666667
Estandar_normalizada	61.224489795918366	65.93406593406593	77.27272727272727
Dialectal	56.14035087719298	65.93406593406593	66.66666666666667
Dialectal_normalizada	61.224489795918366	65.93406593406593	77.27272727272727