Transcripcion	Levenstein	Orden	Parcial
Estandar	22.72727272727273	47.05882352941176	43.24324324324324
Estandar_normalizada	22.22222222222222	47.05882352941176	47.05882352941176
Dialectal	22.72727272727273	47.05882352941176	43.24324324324324
Dialectal_normalizada	22.22222222222222	47.05882352941176	47.05882352941176