Transcripcion	Levenstein	Orden	Parcial
Estandar	16.279069767441857	29.411764705882348	32.35294117647059
Estandar_normalizada	11.111111111111116	29.850746268656714	36.66666666666667
Dialectal	16.279069767441857	29.411764705882348	32.35294117647059
Dialectal_normalizada	11.111111111111116	29.850746268656714	36.66666666666667