Transcripcion	Levenstein	Orden	Parcial
Estandar	50.56179775280899	70.52341597796143	69.0909090909091
Estandar_normalizada	58.4070796460177	70.91412742382272	75.15527950310559
Dialectal	50.56179775280899	70.52341597796143	69.0909090909091
Dialectal_normalizada	58.4070796460177	70.91412742382272	75.15527950310559