Transcripcion	Levenstein	Orden	Parcial
Estandar	9.090909090909093	43.24324324324324	31.57894736842105
Estandar_normalizada	18.181818181818176	43.24324324324324	41.666666666666664
Dialectal	9.090909090909093	43.24324324324324	31.57894736842105
Dialectal_normalizada	18.181818181818176	43.24324324324324	41.666666666666664