Transcripcion	Levenstein	Orden	Parcial
Estandar	67.4757281553398	81.40243902439023	80.73959938366718
Estandar_normalizada	76.0989010989011	81.5267175572519	86.57187993680886
Dialectal	67.39659367396594	81.22137404580153	80.43143297380585
Dialectal_normalizada	76.03305785123968	81.34556574923548	86.13376835236541