Transcripcion	Levenstein	Orden	Parcial
Estandar	21.739130434782606	33.333333333333336	29.411764705882348
Estandar_normalizada	21.052631578947366	33.333333333333336	35.71428571428571
Dialectal	21.739130434782606	33.333333333333336	29.411764705882348
Dialectal_normalizada	21.052631578947366	33.333333333333336	35.71428571428571