Transcripcion	Levenstein	Orden	Parcial
Estandar	45.945945945945944	71.32867132867133	56.52173913043479
Estandar_normalizada	54.44444444444445	71.83098591549295	62.121212121212125
Dialectal	45.945945945945944	71.32867132867133	56.52173913043479
Dialectal_normalizada	54.44444444444445	71.83098591549295	62.121212121212125