Transcripcion	Levenstein	Orden	Parcial
Estandar	67.85714285714286	77.89473684210526	88.42105263157895
Estandar_normalizada	76.0	77.89473684210526	91.30434782608697
Dialectal	67.85714285714286	77.89473684210526	88.42105263157895
Dialectal_normalizada	76.0	77.89473684210526	91.30434782608697