Transcripcion	Levenstein	Orden	Parcial
Estandar	7.692307692307687	38.095238095238095	33.333333333333336
Estandar_normalizada	15.384615384615385	38.095238095238095	37.5
Dialectal	7.692307692307687	38.095238095238095	33.333333333333336
Dialectal_normalizada	15.384615384615385	38.095238095238095	37.5