Transcripcion	Levenstein	Orden	Parcial
Estandar	19.999999999999996	30.188679245283023	43.75
Estandar_normalizada	21.95121951219512	30.188679245283023	46.666666666666664
Dialectal	19.999999999999996	30.188679245283023	43.75
Dialectal_normalizada	21.95121951219512	30.188679245283023	46.666666666666664