Transcripcion	Levenstein	Orden	Parcial
Estandar	62.81250000000001	86.0082304526749	71.36752136752136
Estandar_normalizada	73.21428571428572	86.36363636363636	79.0909090909091
Dialectal	62.8930817610063	85.53719008264463	70.94017094017093
Dialectal_normalizada	73.38129496402878	85.89211618257262	79.54545454545455