Transcripcion	Levenstein	Orden	Parcial
Estandar	65.18105849582172	82.69581056466302	69.83546617915906
Estandar_normalizada	76.37540453074433	82.69581056466302	80.53435114503817
Dialectal	65.36312849162012	84.67153284671532	69.96336996336996
Dialectal_normalizada	76.62337662337663	84.67153284671532	80.68833652007648