Transcripcion	Levenstein	Orden	Parcial
Estandar	51.39664804469274	66.66666666666667	65.7718120805369
Estandar_normalizada	54.71698113207547	66.89189189189189	69.01408450704226
Dialectal	51.39664804469274	66.66666666666667	65.7718120805369
Dialectal_normalizada	54.71698113207547	66.89189189189189	69.01408450704226