Transcripcion	Levenstein	Orden	Parcial
Estandar	63.46992153443767	86.76557863501483	67.69041769041769
Estandar_normalizada	74.13793103448276	86.70244484197973	79.59183673469387
Dialectal	63.37412587412587	86.68252080856124	67.56756756756756
Dialectal_normalizada	74.059003051882	86.61887694145759	79.59183673469387