Transcripcion	Levenstein	Orden	Parcial
Estandar	28.57142857142857	58.82352941176471	52.94117647058824
Estandar_normalizada	47.36842105263158	58.82352941176471	74.07407407407408
Dialectal	28.57142857142857	58.82352941176471	52.94117647058824
Dialectal_normalizada	47.36842105263158	58.82352941176471	74.07407407407408