Transcripcion	Levenstein	Orden	Parcial
Estandar	40.22988505747126	64.23357664233576	64.7887323943662
Estandar_normalizada	48.05194805194806	64.23357664233576	69.23076923076923
Dialectal	40.22988505747126	64.23357664233576	64.7887323943662
Dialectal_normalizada	48.05194805194806	64.23357664233576	69.23076923076923