Transcripcion	Levenstein	Orden	Parcial
Estandar	26.66666666666667	46.875	65.21739130434783
Estandar_normalizada	34.04255319148937	50.79365079365079	68.42105263157895
Dialectal	26.66666666666667	46.875	65.21739130434783
Dialectal_normalizada	34.04255319148937	50.79365079365079	68.42105263157895