Transcripcion	Levenstein	Orden	Parcial
Estandar	42.50000000000001	58.18181818181818	81.81818181818181
Estandar_normalizada	47.22222222222222	58.18181818181818	85.71428571428572
Dialectal	42.50000000000001	58.18181818181818	81.81818181818181
Dialectal_normalizada	47.22222222222222	58.18181818181818	85.71428571428572