Transcripcion	Levenstein	Orden	Parcial
Estandar	65.56291390728477	81.32780082987551	76.92307692307692
Estandar_normalizada	72.79411764705883	81.32780082987551	83.03571428571428
Dialectal	65.56291390728477	81.32780082987551	76.92307692307692
Dialectal_normalizada	72.79411764705883	81.32780082987551	83.03571428571428