Transcripcion	Levenstein	Orden	Parcial
Estandar	22.51655629139073	35.922330097087375	40.0
Estandar_normalizada	27.027027027027028	35.12195121951219	45.45454545454546
Dialectal	22.51655629139073	35.922330097087375	40.0
Dialectal_normalizada	27.027027027027028	35.12195121951219	45.45454545454546