Transcripcion	Levenstein	Orden	Parcial
Estandar	28.888888888888886	40.0	59.45945945945945
Estandar_normalizada	30.23255813953488	40.0	58.82352941176471
Dialectal	28.888888888888886	40.0	59.45945945945945
Dialectal_normalizada	30.23255813953488	40.0	58.82352941176471