Transcripcion	Levenstein	Orden	Parcial
Estandar	76.49006622516556	89.68253968253968	78.96825396825396
Estandar_normalizada	82.9090909090909	89.86083499005964	85.65573770491804
Dialectal	75.25083612040133	89.02195608782435	78.17460317460318
Dialectal_normalizada	81.61764705882352	89.2	85.42094455852155