Transcripcion	Levenstein	Orden	Parcial
Estandar	26.923076923076927	42.553191489361694	46.808510638297875
Estandar_normalizada	25.0	42.553191489361694	47.82608695652174
Dialectal	26.923076923076927	42.553191489361694	46.808510638297875
Dialectal_normalizada	25.0	42.553191489361694	47.82608695652174