Transcripcion	Levenstein	Orden	Parcial
Estandar	6.716417910447758	13.846153846153841	46.15384615384615
Estandar_normalizada	7.499999999999996	14.0625	55.55555555555556
Dialectal	6.716417910447758	13.846153846153841	46.15384615384615
Dialectal_normalizada	7.499999999999996	14.0625	55.55555555555556