Transcripcion	Levenstein	Orden	Parcial
Estandar	8.771929824561408	16.94915254237288	50.0
Estandar_normalizada	11.32075471698113	17.24137931034483	83.33333333333334
Dialectal	8.771929824561408	16.94915254237288	50.0
Dialectal_normalizada	11.32075471698113	17.24137931034483	83.33333333333334