Transcripcion	Levenstein	Orden	Parcial
Estandar	65.2355396541443	83.19132455460883	68.9358372456964
Estandar_normalizada	75.46519641626465	83.67029548989113	79.30194805194806
Dialectal	65.07462686567165	83.25581395348837	68.7793427230047
Dialectal_normalizada	75.29330572808833	83.73540856031128	79.30194805194806