Transcripcion	Levenstein	Orden	Parcial
Estandar	21.42857142857143	44.11764705882353	37.28813559322034
Estandar_normalizada	27.77777777777778	41.7910447761194	46.15384615384615
Dialectal	21.42857142857143	44.11764705882353	37.28813559322034
Dialectal_normalizada	27.77777777777778	41.7910447761194	46.15384615384615