Transcripcion	Levenstein	Orden	Parcial
Estandar	75.49668874172185	91.2	85.14056224899599
Estandar_normalizada	82.96296296296296	91.2	90.53497942386831
Dialectal	75.49668874172185	91.2	85.14056224899599
Dialectal_normalizada	82.96296296296296	91.2	90.53497942386831