Transcripcion	Levenstein	Orden	Parcial
Estandar	25.396825396825395	37.62376237623762	44.44444444444444
Estandar_normalizada	23.636363636363633	37.62376237623762	47.61904761904761
Dialectal	25.396825396825395	37.62376237623762	44.44444444444444
Dialectal_normalizada	23.636363636363633	37.62376237623762	47.61904761904761