Transcripcion	Levenstein	Orden	Parcial
Estandar	10.81081081081081	15.000000000000002	35.29411764705882
Estandar_normalizada	11.428571428571432	15.000000000000002	50.0
Dialectal	10.81081081081081	15.000000000000002	35.29411764705882
Dialectal_normalizada	11.428571428571432	15.000000000000002	50.0