Transcripcion	Levenstein	Orden	Parcial
Estandar	35.55555555555555	61.224489795918366	93.75
Estandar_normalizada	37.5	61.224489795918366	100.0
Dialectal	35.55555555555555	61.224489795918366	93.75
Dialectal_normalizada	37.5	61.224489795918366	100.0