Transcripcion	Levenstein	Orden	Parcial
Estandar	34.48275862068966	68.57142857142857	60.0
Estandar_normalizada	38.095238095238095	68.57142857142857	68.57142857142857
Dialectal	34.48275862068966	68.57142857142857	60.0
Dialectal_normalizada	38.095238095238095	68.57142857142857	68.57142857142857