Transcripcion	Levenstein	Orden	Parcial
Estandar	91.30434782608697	100.0	97.5609756097561
Estandar_normalizada	95.23809523809523	100.0	100.0
Dialectal	91.30434782608697	100.0	97.5609756097561
Dialectal_normalizada	95.23809523809523	100.0	100.0