Transcripcion	Levenstein	Orden	Parcial
Estandar	11.009174311926607	24.29906542056075	37.28813559322034
Estandar_normalizada	12.222222222222223	24.52830188679245	39.28571428571429
Dialectal	11.009174311926607	24.29906542056075	37.28813559322034
Dialectal_normalizada	12.222222222222223	24.52830188679245	39.28571428571429