Transcripcion	Levenstein	Orden	Parcial
Estandar	73.79310344827586	78.16091954022988	79.84790874524714
Estandar_normalizada	79.8507462686567	78.16091954022988	86.36363636363636
Dialectal	73.79310344827586	78.16091954022988	79.84790874524714
Dialectal_normalizada	79.8507462686567	78.16091954022988	86.36363636363636