Transcripcion	Levenstein	Orden	Parcial
Estandar	62.96296296296296	70.10309278350515	72.89719626168225
Estandar_normalizada	71.15384615384616	70.10309278350515	82.6086956521739
Dialectal	62.96296296296296	70.10309278350515	72.89719626168225
Dialectal_normalizada	71.15384615384616	70.10309278350515	82.6086956521739