Transcripcion	Levenstein	Orden	Parcial
Estandar	18.47133757961783	36.111111111111114	44.680851063829785
Estandar_normalizada	19.999999999999996	36.61971830985915	51.42857142857142
Dialectal	18.47133757961783	36.111111111111114	44.680851063829785
Dialectal_normalizada	19.999999999999996	36.61971830985915	51.42857142857142