Transcripcion	Levenstein	Orden	Parcial
Estandar	55.601659751037346	83.06709265175719	64.02877697841727
Estandar_normalizada	65.02463054187191	83.87096774193549	71.42857142857143
Dialectal	55.601659751037346	83.06709265175719	64.02877697841727
Dialectal_normalizada	65.02463054187191	83.87096774193549	71.42857142857143