Transcripcion	Levenstein	Orden	Parcial
Estandar	11.111111111111116	40.0	28.57142857142857
Estandar_normalizada	14.28571428571429	40.0	40.0
Dialectal	11.111111111111116	40.0	28.57142857142857
Dialectal_normalizada	14.28571428571429	40.0	40.0