Transcripcion	Levenstein	Orden	Parcial
Estandar	11.111111111111116	19.999999999999996	33.333333333333336
Estandar_normalizada	0.0	22.22222222222222	40.0
Dialectal	11.111111111111116	19.999999999999996	33.333333333333336
Dialectal_normalizada	0.0	22.22222222222222	40.0