Transcripcion	Levenstein	Orden	Parcial
Estandar	17.85714285714286	40.67796610169492	34.78260869565217
Estandar_normalizada	20.45454545454546	41.379310344827594	39.13043478260869
Dialectal	17.85714285714286	40.67796610169492	34.78260869565217
Dialectal_normalizada	20.45454545454546	41.379310344827594	39.13043478260869