Transcripcion	Levenstein	Orden	Parcial
Estandar	34.210526315789465	61.386138613861384	68.96551724137932
Estandar_normalizada	40.625	62.0	72.94117647058825
Dialectal	34.210526315789465	61.386138613861384	68.96551724137932
Dialectal_normalizada	40.625	62.0	72.94117647058825