Transcripcion	Levenstein	Orden	Parcial
Estandar	26.66666666666667	39.02439024390244	40.0
Estandar_normalizada	29.166666666666664	39.02439024390244	46.15384615384615
Dialectal	26.66666666666667	39.02439024390244	40.0
Dialectal_normalizada	29.166666666666664	39.02439024390244	46.15384615384615