Transcripcion	Levenstein	Orden	Parcial
Estandar	60.150375939849624	80.0	84.52380952380952
Estandar_normalizada	65.60000000000001	80.0	90.36144578313254
Dialectal	60.150375939849624	80.0	84.52380952380952
Dialectal_normalizada	65.60000000000001	80.0	90.36144578313254