Transcripcion	Levenstein	Orden	Parcial
Estandar	66.31578947368422	78.66666666666666	87.83783783783784
Estandar_normalizada	78.3132530120482	78.66666666666666	91.66666666666666
Dialectal	66.31578947368422	78.66666666666666	87.83783783783784
Dialectal_normalizada	78.3132530120482	78.66666666666666	91.66666666666666