Transcripcion	Levenstein	Orden	Parcial
Estandar	62.7906976744186	87.67123287671232	80.0
Estandar_normalizada	71.7948717948718	87.67123287671232	89.55223880597015
Dialectal	62.7906976744186	87.67123287671232	80.0
Dialectal_normalizada	71.7948717948718	87.67123287671232	89.55223880597015