Transcripcion	Levenstein	Orden	Parcial
Estandar	11.764705882352944	14.28571428571429	33.333333333333336
Estandar_normalizada	9.090909090909093	14.28571428571429	28.57142857142857
Dialectal	11.764705882352944	14.28571428571429	33.333333333333336
Dialectal_normalizada	9.090909090909093	14.28571428571429	28.57142857142857