Transcripcion	Levenstein	Orden	Parcial
Estandar	45.714285714285715	73.01587301587303	70.0
Estandar_normalizada	53.40909090909092	73.01587301587303	73.46938775510203
Dialectal	45.714285714285715	73.01587301587303	70.0
Dialectal_normalizada	53.40909090909092	73.01587301587303	73.46938775510203