Transcripcion	Levenstein	Orden	Parcial
Estandar	49.0	66.66666666666667	63.23529411764706
Estandar_normalizada	60.0	66.66666666666667	75.38461538461539
Dialectal	49.0	66.66666666666667	63.23529411764706
Dialectal_normalizada	60.0	66.66666666666667	75.38461538461539