Transcripcion	Levenstein	Orden	Parcial
Estandar	68.34170854271358	88.05460750853243	73.8255033557047
Estandar_normalizada	77.51479289940828	88.35616438356165	83.57142857142857
Dialectal	68.34170854271358	88.05460750853243	73.8255033557047
Dialectal_normalizada	77.51479289940828	88.35616438356165	83.57142857142857