Transcripcion	Levenstein	Orden	Parcial
Estandar	9.523809523809524	50.0	33.333333333333336
Estandar_normalizada	21.42857142857143	50.0	60.0
Dialectal	9.523809523809524	50.0	33.333333333333336
Dialectal_normalizada	21.42857142857143	50.0	60.0