Transcripcion	Levenstein	Orden	Parcial
Estandar	14.28571428571429	33.333333333333336	30.76923076923077
Estandar_normalizada	19.999999999999996	34.14634146341463	35.71428571428571
Dialectal	14.28571428571429	33.333333333333336	30.76923076923077
Dialectal_normalizada	19.999999999999996	34.14634146341463	35.71428571428571