Transcripcion	Levenstein	Orden	Parcial
Estandar	64.21663442940039	79.47805456702254	78.32512315270937
Estandar_normalizada	69.7872340425532	79.90487514863258	82.58706467661692
Dialectal	64.27184466019418	79.42925089179548	78.57142857142857
Dialectal_normalizada	69.87179487179486	79.8569725864124	82.83582089552239