Transcripcion	Levenstein	Orden	Parcial
Estandar	31.999999999999996	69.23076923076923	72.72727272727273
Estandar_normalizada	52.94117647058824	72.0	90.0
Dialectal	31.999999999999996	69.23076923076923	72.72727272727273
Dialectal_normalizada	52.94117647058824	72.0	90.0