Transcripcion	Levenstein	Orden	Parcial
Estandar	7.4561403508771935	14.10788381742739	36.66666666666667
Estandar_normalizada	8.675799086757996	14.166666666666671	47.82608695652174
Dialectal	7.4561403508771935	14.10788381742739	36.66666666666667
Dialectal_normalizada	8.675799086757996	14.166666666666671	47.82608695652174