Transcripcion	Levenstein	Orden	Parcial
Estandar	12.5	31.999999999999996	26.086956521739136
Estandar_normalizada	21.42857142857143	31.999999999999996	33.333333333333336
Dialectal	12.5	31.999999999999996	26.086956521739136
Dialectal_normalizada	21.42857142857143	31.999999999999996	33.333333333333336