Transcripcion	Levenstein	Orden	Parcial
Estandar	16.666666666666664	25.0	28.57142857142857
Estandar_normalizada	16.666666666666664	25.0	40.0
Dialectal	16.666666666666664	25.0	28.57142857142857
Dialectal_normalizada	16.666666666666664	25.0	40.0