Transcripcion	Levenstein	Orden	Parcial
Estandar	5.263157894736848	30.000000000000004	28.57142857142857
Estandar_normalizada	26.66666666666667	30.000000000000004	44.44444444444444
Dialectal	5.263157894736848	30.000000000000004	28.57142857142857
Dialectal_normalizada	26.66666666666667	30.000000000000004	44.44444444444444