Transcripcion	Levenstein	Orden	Parcial
Estandar	66.66666666666667	80.85106382978724	78.26086956521739
Estandar_normalizada	76.0	80.85106382978724	82.6086956521739
Dialectal	66.66666666666667	80.85106382978724	78.26086956521739
Dialectal_normalizada	76.0	80.85106382978724	82.6086956521739