Transcripcion	Levenstein	Orden	Parcial
Estandar	58.77437325905292	81.26094570928196	68.94197952218431
Estandar_normalizada	68.25396825396825	81.69014084507043	78.26086956521739
Dialectal	58.77437325905292	81.26094570928196	68.94197952218431
Dialectal_normalizada	68.25396825396825	81.69014084507043	78.26086956521739