Transcripcion	Levenstein	Orden	Parcial
Estandar	60.810810810810814	84.36018957345972	77.19298245614034
Estandar_normalizada	70.63492063492063	85.57692307692308	81.87134502923976
Dialectal	60.810810810810814	84.36018957345972	77.19298245614034
Dialectal_normalizada	70.63492063492063	85.57692307692308	81.87134502923976