Transcripcion	Levenstein	Orden	Parcial
Estandar	15.384615384615385	42.85714285714286	30.76923076923077
Estandar_normalizada	22.22222222222222	42.85714285714286	42.85714285714286
Dialectal	15.384615384615385	42.85714285714286	30.76923076923077
Dialectal_normalizada	22.22222222222222	42.85714285714286	42.85714285714286