Transcripcion	Levenstein	Orden	Parcial
Estandar	64.77272727272727	65.18518518518519	72.1311475409836
Estandar_normalizada	71.7948717948718	65.67164179104478	77.77777777777779
Dialectal	64.77272727272727	65.18518518518519	72.1311475409836
Dialectal_normalizada	71.7948717948718	65.67164179104478	77.77777777777779