Transcripcion	Levenstein	Orden	Parcial
Estandar	22.807017543859654	34.09090909090909	40.476190476190474
Estandar_normalizada	26.923076923076927	34.09090909090909	44.73684210526315
Dialectal	22.807017543859654	34.09090909090909	40.476190476190474
Dialectal_normalizada	26.923076923076927	34.09090909090909	44.73684210526315