Transcripcion	Levenstein	Orden	Parcial
Estandar	32.15686274509804	58.96805896805897	56.613756613756614
Estandar_normalizada	35.74660633484162	58.2089552238806	62.14689265536724
Dialectal	32.15686274509804	58.96805896805897	56.613756613756614
Dialectal_normalizada	35.74660633484162	58.2089552238806	62.14689265536724