Transcripcion	Levenstein	Orden	Parcial
Estandar	14.28571428571429	53.333333333333336	28.57142857142857
Estandar_normalizada	40.0	53.333333333333336	61.53846153846154
Dialectal	14.28571428571429	53.333333333333336	28.57142857142857
Dialectal_normalizada	40.0	53.333333333333336	61.53846153846154