Transcripcion	Levenstein	Orden	Parcial
Estandar	17.24137931034483	40.0	40.0
Estandar_normalizada	21.739130434782606	40.0	50.0
Dialectal	17.24137931034483	40.0	40.0
Dialectal_normalizada	21.739130434782606	40.0	50.0