Transcripcion	Levenstein	Orden	Parcial
Estandar	53.16455696202531	72.72727272727273	65.0
Estandar_normalizada	64.17910447761194	72.72727272727273	76.66666666666666
Dialectal	53.16455696202531	72.72727272727273	65.0
Dialectal_normalizada	64.17910447761194	72.72727272727273	76.66666666666666