Transcripcion	Levenstein	Orden	Parcial
Estandar	34.82142857142857	51.28205128205128	50.43478260869565
Estandar_normalizada	36.633663366336634	54.02597402597402	54.34173669467788
Dialectal	34.82142857142857	51.28205128205128	50.43478260869565
Dialectal_normalizada	36.633663366336634	54.02597402597402	54.34173669467788