Transcripcion	Levenstein	Orden	Parcial
Estandar	15.789473684210531	16.666666666666664	34.78260869565217
Estandar_normalizada	21.42857142857143	16.666666666666664	35.29411764705882
Dialectal	15.789473684210531	16.666666666666664	34.78260869565217
Dialectal_normalizada	21.42857142857143	16.666666666666664	35.29411764705882