Transcripcion	Levenstein	Orden	Parcial
Estandar	23.404255319148938	36.065573770491795	47.61904761904761
Estandar_normalizada	26.086956521739136	36.065573770491795	52.94117647058824
Dialectal	23.404255319148938	36.065573770491795	47.61904761904761
Dialectal_normalizada	26.086956521739136	36.065573770491795	52.94117647058824