Transcripcion	Levenstein	Orden	Parcial
Estandar	23.076923076923073	26.66666666666667	60.0
Estandar_normalizada	27.27272727272727	26.66666666666667	66.66666666666667
Dialectal	23.076923076923073	26.66666666666667	60.0
Dialectal_normalizada	27.27272727272727	26.66666666666667	66.66666666666667