Transcripcion	Levenstein	Orden	Parcial
Estandar	17.647058823529417	30.76923076923077	47.05882352941176
Estandar_normalizada	17.647058823529417	30.76923076923077	53.333333333333336
Dialectal	17.647058823529417	30.76923076923077	47.05882352941176
Dialectal_normalizada	17.647058823529417	30.76923076923077	53.333333333333336