Transcripcion	Levenstein	Orden	Parcial
Estandar	8.823529411764708	12.5	24.0
Estandar_normalizada	7.692307692307687	13.33333333333333	33.333333333333336
Dialectal	8.823529411764708	12.5	24.0
Dialectal_normalizada	7.692307692307687	13.33333333333333	33.333333333333336