Transcripcion	Levenstein	Orden	Parcial
Estandar	17.85714285714286	33.734939759036145	33.333333333333336
Estandar_normalizada	26.530612244897956	37.03703703703704	40.57971014492754
Dialectal	17.85714285714286	33.734939759036145	33.333333333333336
Dialectal_normalizada	26.530612244897956	37.03703703703704	40.57971014492754