Transcripcion	Levenstein	Orden	Parcial
Estandar	68.18181818181819	67.72486772486772	69.87951807228916
Estandar_normalizada	71.69811320754718	67.72486772486772	72.04968944099379
Dialectal	68.18181818181819	67.72486772486772	69.87951807228916
Dialectal_normalizada	71.69811320754718	67.72486772486772	72.04968944099379