Transcripcion	Levenstein	Orden	Parcial
Estandar	50.0	72.0	67.85714285714286
Estandar_normalizada	59.25925925925925	72.0	73.07692307692308
Dialectal	50.0	72.0	67.85714285714286
Dialectal_normalizada	59.25925925925925	72.0	73.07692307692308