Transcripcion	Levenstein	Orden	Parcial
Estandar	17.647058823529417	37.33333333333333	43.333333333333336
Estandar_normalizada	20.370370370370374	37.33333333333333	42.307692307692314
Dialectal	17.647058823529417	37.33333333333333	43.333333333333336
Dialectal_normalizada	20.370370370370374	37.33333333333333	42.307692307692314