Transcripcion	Levenstein	Orden	Parcial
Estandar	6.666666666666665	9.999999999999998	12.5
Estandar_normalizada	13.33333333333333	9.999999999999998	33.333333333333336
Dialectal	6.666666666666665	9.999999999999998	12.5
Dialectal_normalizada	13.33333333333333	9.999999999999998	33.333333333333336