Transcripcion	Levenstein	Orden	Parcial
Estandar	14.28571428571429	45.87155963302752	35.416666666666664
Estandar_normalizada	19.999999999999996	44.44444444444444	43.90243902439024
Dialectal	14.28571428571429	45.87155963302752	35.416666666666664
Dialectal_normalizada	19.999999999999996	44.44444444444444	43.90243902439024