Transcripcion	Levenstein	Orden	Parcial
Estandar	66.26865671641791	76.40449438202246	78.29614604462475
Estandar_normalizada	71.71052631578947	76.40449438202246	82.44897959183673
Dialectal	67.4772036474164	76.89393939393939	79.26078028747433
Dialectal_normalizada	73.15436241610738	76.89393939393939	83.3675564681725