Transcripcion	Levenstein	Orden	Parcial
Estandar	66.52078774617067	71.09004739336493	78.71853546910755
Estandar_normalizada	69.83758700696056	71.09004739336493	81.92488262910797
Dialectal	67.25274725274726	71.25890736342042	79.40503432494279
Dialectal_normalizada	70.86247086247086	71.25890736342042	82.7262044653349