Transcripcion	Levenstein	Orden	Parcial
Estandar	61.891117478510026	73.04964539007092	74.35897435897436
Estandar_normalizada	69.32907348242811	73.92857142857143	78.94736842105263
Dialectal	61.891117478510026	74.11347517730496	73.992673992674
Dialectal_normalizada	69.32907348242811	73.92857142857143	78.94736842105263