Transcripcion	Levenstein	Orden	Parcial
Estandar	28.07017543859649	38.095238095238095	42.42424242424242
Estandar_normalizada	28.57142857142857	38.55421686746988	44.827586206896555
Dialectal	28.07017543859649	38.095238095238095	42.42424242424242
Dialectal_normalizada	28.57142857142857	38.55421686746988	44.827586206896555