Transcripcion	Levenstein	Orden	Parcial
Estandar	67.96116504854368	84.66257668711657	73.49397590361446
Estandar_normalizada	73.62637362637363	84.66257668711657	82.05128205128204
Dialectal	67.96116504854368	84.66257668711657	73.49397590361446
Dialectal_normalizada	73.62637362637363	84.66257668711657	82.05128205128204