Transcripcion	Levenstein	Orden	Parcial
Estandar	11.428571428571432	30.188679245283023	34.285714285714285
Estandar_normalizada	19.354838709677423	30.188679245283023	37.5
Dialectal	11.428571428571432	30.188679245283023	34.285714285714285
Dialectal_normalizada	19.354838709677423	30.188679245283023	37.5