Transcripcion	Levenstein	Orden	Parcial
Estandar	73.83177570093457	77.79690189328743	79.51807228915662
Estandar_normalizada	78.61842105263158	77.79690189328743	83.85964912280701
Dialectal	74.0506329113924	77.43055555555556	80.06872852233677
Dialectal_normalizada	78.92976588628763	77.43055555555556	84.21052631578947