Transcripcion	Levenstein	Orden	Parcial
Estandar	63.63636363636363	74.24242424242425	80.59701492537313
Estandar_normalizada	67.6056338028169	74.24242424242425	82.8125
Dialectal	63.63636363636363	74.24242424242425	80.59701492537313
Dialectal_normalizada	67.6056338028169	74.24242424242425	82.8125