Transcripcion	Levenstein	Orden	Parcial
Estandar	81.4814814814815	95.23809523809523	86.95652173913044
Estandar_normalizada	86.95652173913044	95.23809523809523	95.23809523809523
Dialectal	81.4814814814815	95.23809523809523	86.95652173913044
Dialectal_normalizada	86.95652173913044	95.23809523809523	95.23809523809523