Transcripcion	Levenstein	Orden	Parcial
Estandar	72.57142857142857	82.25255972696246	81.11888111888112
Estandar_normalizada	77.63975155279503	82.53424657534246	85.25179856115108
Dialectal	72.85714285714286	85.32423208191126	81.11888111888112
Dialectal_normalizada	77.95031055900621	85.61643835616438	85.61151079136691