Transcripcion	Levenstein	Orden	Parcial
Estandar	44.99999999999999	68.75	62.0
Estandar_normalizada	53.84615384615385	68.75	68.88888888888889
Dialectal	44.99999999999999	68.75	62.0
Dialectal_normalizada	53.84615384615385	68.75	68.88888888888889