Transcripcion	Levenstein	Orden	Parcial
Estandar	45.28301886792453	56.41025641025641	58.62068965517242
Estandar_normalizada	45.09803921568627	56.41025641025641	60.71428571428572
Dialectal	45.28301886792453	56.41025641025641	58.62068965517242
Dialectal_normalizada	45.09803921568627	56.41025641025641	60.71428571428572