Transcripcion	Levenstein	Orden	Parcial
Estandar	69.0	85.25139664804469	75.55296856810244
Estandar_normalizada	75.79681274900398	85.55431131019037	81.4814814814815
Dialectal	68.94977168949772	85.15406162464986	75.43655413271246
Dialectal_normalizada	75.77577577577578	85.45760808534531	81.72043010752688