Transcripcion	Levenstein	Orden	Parcial
Estandar	58.62068965517242	95.23809523809523	81.4814814814815
Estandar_normalizada	78.26086956521739	95.23809523809523	90.9090909090909
Dialectal	58.62068965517242	95.23809523809523	81.4814814814815
Dialectal_normalizada	78.26086956521739	95.23809523809523	90.9090909090909