Transcripcion	Levenstein	Orden	Parcial
Estandar	29.292929292929294	40.57971014492754	49.056603773584904
Estandar_normalizada	28.57142857142857	40.57971014492754	52.63157894736843
Dialectal	29.292929292929294	40.57971014492754	49.056603773584904
Dialectal_normalizada	28.57142857142857	40.57971014492754	52.63157894736843