Transcripcion	Levenstein	Orden	Parcial
Estandar	57.14285714285714	70.0	81.11888111888112
Estandar_normalizada	62.637362637362635	70.44025157232706	82.85714285714285
Dialectal	57.14285714285714	70.0	81.11888111888112
Dialectal_normalizada	62.637362637362635	70.44025157232706	82.85714285714285