Transcripcion	Levenstein	Orden	Parcial
Estandar	62.857142857142854	87.37864077669903	76.0
Estandar_normalizada	77.58620689655173	87.37864077669903	90.0
Dialectal	62.857142857142854	87.37864077669903	76.0
Dialectal_normalizada	77.58620689655173	87.37864077669903	90.0