Transcripcion	Levenstein	Orden	Parcial
Estandar	19.327731092436974	40.0	36.61971830985915
Estandar_normalizada	22.3404255319149	41.11111111111111	44.84848484848485
Dialectal	19.327731092436974	40.0	36.61971830985915
Dialectal_normalizada	22.3404255319149	41.11111111111111	44.84848484848485