Transcripcion	Levenstein	Orden	Parcial
Estandar	51.388888888888886	72.56637168141593	65.99999999999999
Estandar_normalizada	63.63636363636363	72.56637168141593	82.0
Dialectal	51.388888888888886	72.56637168141593	65.99999999999999
Dialectal_normalizada	63.63636363636363	72.56637168141593	82.0