Transcripcion	Levenstein	Orden	Parcial
Estandar	33.333333333333336	80.0	50.0
Estandar_normalizada	57.14285714285714	80.0	100.0
Dialectal	33.333333333333336	80.0	50.0
Dialectal_normalizada	57.14285714285714	80.0	100.0