Transcripcion	Levenstein	Orden	Parcial
Estandar	65.95744680851064	80.45977011494253	82.75862068965517
Estandar_normalizada	71.73913043478262	80.45977011494253	83.72093023255813
Dialectal	65.95744680851064	80.45977011494253	82.75862068965517
Dialectal_normalizada	71.73913043478262	80.45977011494253	83.72093023255813