Transcripcion	Levenstein	Orden	Parcial
Estandar	31.506849315068497	52.87356321839081	52.17391304347826
Estandar_normalizada	46.55172413793104	53.48837209302326	58.33333333333333
Dialectal	31.506849315068497	52.87356321839081	52.17391304347826
Dialectal_normalizada	46.55172413793104	53.48837209302326	58.33333333333333