Transcripcion	Levenstein	Orden	Parcial
Estandar	5.263157894736848	35.71428571428571	28.57142857142857
Estandar_normalizada	0.0	35.71428571428571	37.03703703703704
Dialectal	5.263157894736848	35.71428571428571	28.57142857142857
Dialectal_normalizada	0.0	35.71428571428571	37.03703703703704