Transcripcion	Levenstein	Orden	Parcial
Estandar	56.00000000000001	68.57142857142857	70.58823529411764
Estandar_normalizada	66.66666666666667	68.57142857142857	75.0
Dialectal	56.00000000000001	68.57142857142857	70.58823529411764
Dialectal_normalizada	66.66666666666667	68.57142857142857	75.0