Transcripcion	Levenstein	Orden	Parcial
Estandar	70.96774193548387	79.06976744186046	79.16666666666666
Estandar_normalizada	76.0	79.06976744186046	82.92682926829268
Dialectal	70.96774193548387	79.06976744186046	79.16666666666666
Dialectal_normalizada	76.0	79.06976744186046	82.92682926829268