Transcripcion	Levenstein	Orden	Parcial
Estandar	54.0	77.27272727272727	73.58490566037736
Estandar_normalizada	61.64383561643836	77.71428571428571	81.4569536423841
Dialectal	54.0	77.27272727272727	73.58490566037736
Dialectal_normalizada	61.64383561643836	77.71428571428571	81.4569536423841