Transcripcion	Levenstein	Orden	Parcial
Estandar	24.390243902439025	34.862385321100916	42.85714285714286
Estandar_normalizada	25.0	34.862385321100916	48.38709677419355
Dialectal	24.390243902439025	34.862385321100916	42.85714285714286
Dialectal_normalizada	25.0	34.862385321100916	48.38709677419355