Transcripcion	Levenstein	Orden	Parcial
Estandar	14.28571428571429	32.55813953488372	43.90243902439024
Estandar_normalizada	19.047619047619047	32.94117647058824	48.78048780487805
Dialectal	14.28571428571429	32.55813953488372	43.90243902439024
Dialectal_normalizada	19.047619047619047	32.94117647058824	48.78048780487805