Transcripcion	Levenstein	Orden	Parcial
Estandar	71.36752136752136	79.11547911547912	81.68316831683168
Estandar_normalizada	75.92592592592592	79.11547911547912	84.5
Dialectal	70.6896551724138	79.01234567901234	81.1881188118812
Dialectal_normalizada	75.23364485981308	79.01234567901234	85.0