Transcripcion	Levenstein	Orden	Parcial
Estandar	65.21739130434783	79.45205479452055	77.77777777777779
Estandar_normalizada	80.0	79.45205479452055	88.57142857142857
Dialectal	65.21739130434783	79.45205479452055	77.77777777777779
Dialectal_normalizada	80.0	79.45205479452055	88.57142857142857