Transcripcion	Levenstein	Orden	Parcial
Estandar	70.70707070707071	82.84023668639054	81.14285714285714
Estandar_normalizada	77.52808988764045	82.84023668639054	85.54216867469879
Dialectal	70.70707070707071	82.84023668639054	81.14285714285714
Dialectal_normalizada	77.52808988764045	82.84023668639054	85.54216867469879