Transcripcion	Levenstein	Orden	Parcial
Estandar	28.260869565217394	53.125	50.98039215686274
Estandar_normalizada	41.02564102564102	53.968253968253975	68.0
Dialectal	28.260869565217394	53.125	50.98039215686274
Dialectal_normalizada	41.02564102564102	53.968253968253975	68.0