Transcripcion	Levenstein	Orden	Parcial
Estandar	59.84251968503938	84.61538461538461	80.76923076923077
Estandar_normalizada	67.54385964912281	85.0828729281768	85.71428571428572
Dialectal	59.84251968503938	84.61538461538461	80.76923076923077
Dialectal_normalizada	67.54385964912281	85.0828729281768	85.71428571428572