Transcripcion	Levenstein	Orden	Parcial
Estandar	74.69879518072288	83.56164383561644	82.05128205128204
Estandar_normalizada	81.33333333333333	83.56164383561644	87.67123287671232
Dialectal	74.69879518072288	83.56164383561644	82.05128205128204
Dialectal_normalizada	81.33333333333333	83.56164383561644	87.67123287671232