Transcripcion	Levenstein	Orden	Parcial
Estandar	77.14285714285715	86.12836438923395	86.97478991596638
Estandar_normalizada	82.3076923076923	86.12836438923395	91.30434782608697
Dialectal	77.89855072463769	86.43006263048017	86.86440677966102
Dialectal_normalizada	83.203125	86.43006263048017	90.82969432314411