Transcripcion	Levenstein	Orden	Parcial
Estandar	51.35135135135135	83.72093023255813	83.33333333333334
Estandar_normalizada	62.06896551724138	83.72093023255813	94.11764705882352
Dialectal	51.35135135135135	83.72093023255813	83.33333333333334
Dialectal_normalizada	62.06896551724138	83.72093023255813	94.11764705882352