Transcripcion	Levenstein	Orden	Parcial
Estandar	59.01639344262295	66.66666666666667	74.0
Estandar_normalizada	67.9245283018868	66.66666666666667	78.35051546391753
Dialectal	59.01639344262295	66.66666666666667	74.0
Dialectal_normalizada	67.9245283018868	66.66666666666667	78.35051546391753