Transcripcion	Levenstein	Orden	Parcial
Estandar	41.02564102564102	53.191489361702125	59.06040268456376
Estandar_normalizada	44.21768707482994	56.22775800711744	60.97560975609756
Dialectal	41.02564102564102	53.191489361702125	59.06040268456376
Dialectal_normalizada	44.21768707482994	56.22775800711744	60.97560975609756