Transcripcion	Levenstein	Orden	Parcial
Estandar	47.22222222222222	51.85185185185186	66.66666666666667
Estandar_normalizada	59.375	51.85185185185186	70.83333333333333
Dialectal	47.22222222222222	51.85185185185186	66.66666666666667
Dialectal_normalizada	59.375	51.85185185185186	70.83333333333333