Transcripcion	Levenstein	Orden	Parcial
Estandar	52.67857142857143	79.04191616766467	80.98159509202453
Estandar_normalizada	59.79381443298969	77.10843373493977	84.07643312101911
Dialectal	52.67857142857143	79.04191616766467	80.98159509202453
Dialectal_normalizada	59.79381443298969	77.10843373493977	84.07643312101911