Transcripcion	Levenstein	Orden	Parcial
Estandar	77.0	91.92546583850931	81.0126582278481
Estandar_normalizada	88.63636363636364	91.92546583850931	91.13924050632912
Dialectal	77.0	91.92546583850931	81.0126582278481
Dialectal_normalizada	88.63636363636364	91.92546583850931	91.13924050632912