Transcripcion	Levenstein	Orden	Parcial
Estandar	30.612244897959183	45.070422535211264	51.515151515151516
Estandar_normalizada	36.58536585365854	45.070422535211264	56.25
Dialectal	30.612244897959183	45.070422535211264	51.515151515151516
Dialectal_normalizada	36.58536585365854	45.070422535211264	56.25