Transcripcion	Levenstein	Orden	Parcial
Estandar	67.36842105263158	79.72972972972973	76.38888888888889
Estandar_normalizada	78.3132530120482	79.72972972972973	81.69014084507043
Dialectal	67.36842105263158	79.72972972972973	76.38888888888889
Dialectal_normalizada	78.3132530120482	79.72972972972973	81.69014084507043