Transcripcion	Levenstein	Orden	Parcial
Estandar	58.62068965517242	92.3076923076923	65.0
Estandar_normalizada	78.26086956521739	92.3076923076923	84.21052631578947
Dialectal	58.62068965517242	92.3076923076923	65.0
Dialectal_normalizada	78.26086956521739	92.3076923076923	84.21052631578947