Transcripcion	Levenstein	Orden	Parcial
Estandar	60.18237082066869	68.97746967071056	72.47386759581882
Estandar_normalizada	63.90728476821192	69.09722222222221	76.67269439421338
Dialectal	60.18237082066869	68.97746967071056	72.47386759581882
Dialectal_normalizada	63.90728476821192	69.09722222222221	76.67269439421338