Transcripcion	Levenstein	Orden	Parcial
Estandar	34.78260869565217	70.70707070707071	64.1025641025641
Estandar_normalizada	46.57534246575342	71.42857142857143	70.27027027027026
Dialectal	34.78260869565217	70.70707070707071	64.1025641025641
Dialectal_normalizada	46.57534246575342	71.42857142857143	70.27027027027026