Transcripcion	Levenstein	Orden	Parcial
Estandar	30.612244897959183	65.21739130434783	68.75
Estandar_normalizada	39.473684210526315	66.66666666666667	68.75
Dialectal	30.612244897959183	65.21739130434783	68.75
Dialectal_normalizada	39.473684210526315	66.66666666666667	68.75