Transcripcion	Levenstein	Orden	Parcial
Estandar	64.63414634146342	85.03937007874016	75.40983606557377
Estandar_normalizada	73.61111111111111	85.03937007874016	80.0
Dialectal	64.63414634146342	85.03937007874016	75.40983606557377
Dialectal_normalizada	73.61111111111111	85.03937007874016	80.0