Transcripcion	Levenstein	Orden	Parcial
Estandar	22.64150943396226	55.34591194968554	64.12213740458014
Estandar_normalizada	31.958762886597935	54.77707006369427	72.26890756302521
Dialectal	22.64150943396226	55.34591194968554	64.12213740458014
Dialectal_normalizada	31.958762886597935	54.77707006369427	72.26890756302521