Transcripcion	Levenstein	Orden	Parcial
Estandar	50.0	84.84848484848484	75.0
Estandar_normalizada	72.22222222222221	84.84848484848484	83.87096774193549
Dialectal	50.0	84.84848484848484	75.0
Dialectal_normalizada	72.22222222222221	84.84848484848484	83.87096774193549