Transcripcion	Levenstein	Orden	Parcial
Estandar	72.41379310344827	80.76923076923077	82.14285714285714
Estandar_normalizada	81.4814814814815	80.76923076923077	88.46153846153845
Dialectal	72.41379310344827	80.76923076923077	82.14285714285714
Dialectal_normalizada	81.4814814814815	80.76923076923077	88.46153846153845