Transcripcion	Levenstein	Orden	Parcial
Estandar	11.111111111111116	20.68965517241379	45.45454545454546
Estandar_normalizada	13.207547169811317	20.68965517241379	40.0
Dialectal	11.111111111111116	20.68965517241379	45.45454545454546
Dialectal_normalizada	13.207547169811317	20.68965517241379	40.0