Transcripcion	Levenstein	Orden	Parcial
Estandar	70.61994609164421	82.20472440944881	75.98784194528876
Estandar_normalizada	76.4179104477612	82.20472440944881	82.38993710691824
Dialectal	70.61994609164421	82.20472440944881	75.98784194528876
Dialectal_normalizada	76.4179104477612	82.20472440944881	82.38993710691824