Transcripcion	Levenstein	Orden	Parcial
Estandar	42.201834862385326	62.93706293706294	64.70588235294117
Estandar_normalizada	52.222222222222214	63.38028169014085	67.6923076923077
Dialectal	42.201834862385326	62.93706293706294	64.70588235294117
Dialectal_normalizada	52.222222222222214	63.38028169014085	67.6923076923077