Transcripcion	Levenstein	Orden	Parcial
Estandar	44.502617801047116	67.3913043478261	73.33333333333334
Estandar_normalizada	50.588235294117645	67.63636363636364	76.47058823529412
Dialectal	44.502617801047116	67.3913043478261	73.33333333333334
Dialectal_normalizada	50.588235294117645	67.63636363636364	76.47058823529412