Transcripcion	Levenstein	Orden	Parcial
Estandar	39.34426229508197	67.56756756756756	72.72727272727273
Estandar_normalizada	52.0	68.49315068493152	80.64516129032258
Dialectal	39.34426229508197	67.56756756756756	72.72727272727273
Dialectal_normalizada	52.0	68.49315068493152	80.64516129032258