Transcripcion	Levenstein	Orden	Parcial
Estandar	57.6271186440678	52.33644859813084	69.81132075471699
Estandar_normalizada	58.18181818181818	52.33644859813084	72.22222222222221
Dialectal	57.6271186440678	52.33644859813084	69.81132075471699
Dialectal_normalizada	58.18181818181818	52.33644859813084	72.22222222222221