Transcripcion	Levenstein	Orden	Parcial
Estandar	39.935064935064936	60.849056603773576	60.752688172043015
Estandar_normalizada	47.19101123595506	61.282660332541575	65.55555555555556
Dialectal	38.36065573770492	60.80760095011877	60.215053763440864
Dialectal_normalizada	45.45454545454546	61.24401913875598	64.44444444444444