Transcripcion	Levenstein	Orden	Parcial
Estandar	18.253968253968257	31.95266272189349	34.42622950819673
Estandar_normalizada	19.354838709677423	30.952380952380953	38.46153846153846
Dialectal	18.253968253968257	31.95266272189349	34.42622950819673
Dialectal_normalizada	19.354838709677423	30.952380952380953	38.46153846153846