Transcripcion	Levenstein	Orden	Parcial
Estandar	34.41558441558441	57.286432160804026	53.333333333333336
Estandar_normalizada	41.53846153846153	56.85279187817258	56.97674418604651
Dialectal	34.41558441558441	57.286432160804026	53.333333333333336
Dialectal_normalizada	41.53846153846153	56.85279187817258	56.97674418604651