Transcripcion	Levenstein	Orden	Parcial
Estandar	75.27472527472527	83.53658536585365	85.0
Estandar_normalizada	78.73563218390804	83.53658536585365	87.9746835443038
Dialectal	75.27472527472527	83.53658536585365	85.0
Dialectal_normalizada	78.73563218390804	83.53658536585365	87.9746835443038