Transcripcion	Levenstein	Orden	Parcial
Estandar	46.42857142857143	53.608247422680414	55.10204081632652
Estandar_normalizada	50.0	53.608247422680414	59.57446808510638
Dialectal	46.42857142857143	53.608247422680414	55.10204081632652
Dialectal_normalizada	50.0	53.608247422680414	59.57446808510638