Transcripcion	Levenstein	Orden	Parcial
Estandar	17.85714285714286	19.354838709677423	41.666666666666664
Estandar_normalizada	16.666666666666664	19.354838709677423	50.0
Dialectal	17.85714285714286	19.354838709677423	41.666666666666664
Dialectal_normalizada	16.666666666666664	19.354838709677423	50.0