Transcripcion	Levenstein	Orden	Parcial
Estandar	35.0	40.0	45.16129032258065
Estandar_normalizada	35.0	40.0	48.275862068965516
Dialectal	35.0	40.0	45.16129032258065
Dialectal_normalizada	35.0	40.0	48.275862068965516