Transcripcion	Levenstein	Orden	Parcial
Estandar	43.39622641509434	53.84615384615385	74.79674796747969
Estandar_normalizada	47.916666666666664	54.90196078431373	75.59055118110236
Dialectal	43.39622641509434	53.84615384615385	74.79674796747969
Dialectal_normalizada	47.916666666666664	54.90196078431373	75.59055118110236