Transcripcion	Levenstein	Orden	Parcial
Estandar	47.43589743589743	56.363636363636374	62.96296296296296
Estandar_normalizada	59.09090909090908	56.363636363636374	70.0
Dialectal	47.43589743589743	56.363636363636374	62.96296296296296
Dialectal_normalizada	59.09090909090908	56.363636363636374	70.0