Transcripcion	Levenstein	Orden	Parcial
Estandar	15.789473684210531	32.25806451612904	34.78260869565217
Estandar_normalizada	11.764705882352944	32.25806451612904	34.78260869565217
Dialectal	15.789473684210531	32.25806451612904	34.78260869565217
Dialectal_normalizada	11.764705882352944	32.25806451612904	34.78260869565217