Transcripcion	Levenstein	Orden	Parcial
Estandar	50.0	82.92682926829268	61.53846153846154
Estandar_normalizada	54.54545454545454	82.92682926829268	66.66666666666667
Dialectal	50.0	82.92682926829268	61.53846153846154
Dialectal_normalizada	54.54545454545454	82.92682926829268	66.66666666666667