Transcripcion	Levenstein	Orden	Parcial
Estandar	75.0	83.60655737704919	80.95238095238095
Estandar_normalizada	82.8125	83.60655737704919	88.52459016393442
Dialectal	75.0	83.60655737704919	80.95238095238095
Dialectal_normalizada	82.8125	83.60655737704919	88.52459016393442