Transcripcion	Levenstein	Orden	Parcial
Estandar	4.545454545454541	23.529411764705888	30.303030303030297
Estandar_normalizada	10.526315789473683	23.529411764705888	29.629629629629626
Dialectal	4.545454545454541	23.529411764705888	30.303030303030297
Dialectal_normalizada	10.526315789473683	23.529411764705888	29.629629629629626