Transcripcion	Levenstein	Orden	Parcial
Estandar	64.58333333333333	71.42857142857143	76.74418604651163
Estandar_normalizada	70.45454545454545	71.42857142857143	78.57142857142857
Dialectal	64.58333333333333	71.42857142857143	76.74418604651163
Dialectal_normalizada	70.45454545454545	71.42857142857143	78.57142857142857