Transcripcion	Levenstein	Orden	Parcial
Estandar	75.6578947368421	86.77839851024208	83.98576512455516
Estandar_normalizada	82.67148014440433	86.19402985074626	89.83364140480592
Dialectal	75.6578947368421	86.77839851024208	83.98576512455516
Dialectal_normalizada	82.67148014440433	86.19402985074626	89.83364140480592