Transcripcion	Levenstein	Orden	Parcial
Estandar	9.999999999999998	32.25806451612904	57.14285714285714
Estandar_normalizada	15.151515151515149	32.25806451612904	80.0
Dialectal	9.999999999999998	32.25806451612904	57.14285714285714
Dialectal_normalizada	15.151515151515149	32.25806451612904	80.0