Transcripcion	Levenstein	Orden	Parcial
Estandar	17.391304347826086	34.78260869565217	33.333333333333336
Estandar_normalizada	17.647058823529417	34.78260869565217	40.0
Dialectal	17.391304347826086	34.78260869565217	33.333333333333336
Dialectal_normalizada	17.647058823529417	34.78260869565217	40.0