Transcripcion	Levenstein	Orden	Parcial
Estandar	9.999999999999998	13.33333333333333	18.181818181818176
Estandar_normalizada	9.999999999999998	13.33333333333333	25.0
Dialectal	9.999999999999998	13.33333333333333	18.181818181818176
Dialectal_normalizada	9.999999999999998	13.33333333333333	25.0