Transcripcion	Levenstein	Orden	Parcial
Estandar	44.047619047619044	63.07692307692307	57.14285714285714
Estandar_normalizada	51.470588235294116	59.84251968503938	70.6896551724138
Dialectal	44.047619047619044	63.07692307692307	57.14285714285714
Dialectal_normalizada	51.470588235294116	59.84251968503938	70.6896551724138