Transcripcion	Levenstein	Orden	Parcial
Estandar	9.999999999999998	37.03703703703704	28.57142857142857
Estandar_normalizada	19.047619047619047	30.76923076923077	40.0
Dialectal	9.999999999999998	37.03703703703704	28.57142857142857
Dialectal_normalizada	19.047619047619047	30.76923076923077	40.0