Transcripcion	Levenstein	Orden	Parcial
Estandar	15.789473684210531	26.470588235294112	35.0
Estandar_normalizada	18.181818181818176	26.470588235294112	43.75
Dialectal	15.789473684210531	26.470588235294112	35.0
Dialectal_normalizada	18.181818181818176	26.470588235294112	43.75