Transcripcion	Levenstein	Orden	Parcial
Estandar	22.72727272727273	21.42857142857143	41.666666666666664
Estandar_normalizada	16.666666666666664	21.42857142857143	43.47826086956522
Dialectal	22.72727272727273	21.42857142857143	41.666666666666664
Dialectal_normalizada	16.666666666666664	21.42857142857143	43.47826086956522