Transcripcion	Levenstein	Orden	Parcial
Estandar	26.086956521739136	31.999999999999996	46.15384615384615
Estandar_normalizada	33.333333333333336	31.999999999999996	60.0
Dialectal	26.086956521739136	31.999999999999996	46.15384615384615
Dialectal_normalizada	33.333333333333336	31.999999999999996	60.0