Transcripcion	Levenstein	Orden	Parcial
Estandar	17.204301075268813	41.53846153846153	35.38461538461538
Estandar_normalizada	26.582278481012654	39.370078740157474	43.333333333333336
Dialectal	17.204301075268813	41.53846153846153	35.38461538461538
Dialectal_normalizada	26.582278481012654	39.370078740157474	43.333333333333336