Transcripcion	Levenstein	Orden	Parcial
Estandar	62.5	85.71428571428572	91.42857142857143
Estandar_normalizada	70.45454545454545	85.71428571428572	94.28571428571428
Dialectal	62.5	85.71428571428572	91.42857142857143
Dialectal_normalizada	70.45454545454545	85.71428571428572	94.28571428571428