Transcripcion	Levenstein	Orden	Parcial
Estandar	4.545454545454541	16.216216216216218	40.0
Estandar_normalizada	8.823529411764708	16.666666666666664	50.0
Dialectal	4.545454545454541	16.216216216216218	40.0
Dialectal_normalizada	8.823529411764708	16.666666666666664	50.0