Transcripcion	Levenstein	Orden	Parcial
Estandar	21.885521885521886	37.89473684210526	41.379310344827594
Estandar_normalizada	23.344947735191635	36.50793650793651	46.07843137254902
Dialectal	21.885521885521886	37.89473684210526	41.379310344827594
Dialectal_normalizada	23.344947735191635	36.50793650793651	46.07843137254902