Transcripcion	Levenstein	Orden	Parcial
Estandar	25.71428571428571	44.44444444444444	43.99999999999999
Estandar_normalizada	29.411764705882348	45.28301886792453	50.0
Dialectal	25.71428571428571	44.44444444444444	43.99999999999999
Dialectal_normalizada	29.411764705882348	45.28301886792453	50.0