Transcripcion	Levenstein	Orden	Parcial
Estandar	58.72801082543979	76.02862254025044	65.59546313799622
Estandar_normalizada	66.5137614678899	76.48114901256733	71.28712871287128
Dialectal	58.72801082543979	76.02862254025044	65.59546313799622
Dialectal_normalizada	66.5137614678899	76.48114901256733	71.28712871287128