Transcripcion	Levenstein	Orden	Parcial
Estandar	51.35135135135135	71.28712871287128	77.77777777777779
Estandar_normalizada	57.14285714285714	71.28712871287128	79.06976744186046
Dialectal	51.35135135135135	71.28712871287128	77.77777777777779
Dialectal_normalizada	57.14285714285714	71.28712871287128	79.06976744186046