Transcripcion	Levenstein	Orden	Parcial
Estandar	0.8849557522123908	1.9607843137254943	25.0
Estandar_normalizada	0.9803921568627416	1.980198019801982	50.0
Dialectal	0.8849557522123908	1.9607843137254943	25.0
Dialectal_normalizada	0.9803921568627416	1.980198019801982	50.0