Transcripcion	Levenstein	Orden	Parcial
Estandar	19.999999999999996	27.27272727272727	46.15384615384615
Estandar_normalizada	17.647058823529417	28.57142857142857	40.0
Dialectal	19.999999999999996	27.27272727272727	46.15384615384615
Dialectal_normalizada	17.647058823529417	28.57142857142857	40.0