Transcripcion	Levenstein	Orden	Parcial
Estandar	21.212121212121215	33.9622641509434	42.10526315789473
Estandar_normalizada	21.212121212121215	33.9622641509434	47.05882352941176
Dialectal	21.212121212121215	33.9622641509434	42.10526315789473
Dialectal_normalizada	21.212121212121215	33.9622641509434	47.05882352941176