Transcripcion	Levenstein	Orden	Parcial
Estandar	69.44444444444444	87.71929824561404	86.20689655172413
Estandar_normalizada	80.64516129032258	87.71929824561404	89.28571428571429
Dialectal	69.44444444444444	87.71929824561404	86.20689655172413
Dialectal_normalizada	80.64516129032258	87.71929824561404	89.28571428571429