Transcripcion	Levenstein	Orden	Parcial
Estandar	8.571428571428575	12.903225806451612	41.666666666666664
Estandar_normalizada	8.421052631578952	13.186813186813184	45.45454545454546
Dialectal	8.571428571428575	12.903225806451612	41.666666666666664
Dialectal_normalizada	8.421052631578952	13.186813186813184	45.45454545454546