Transcripcion	Levenstein	Orden	Parcial
Estandar	9.090909090909093	34.09090909090909	31.999999999999996
Estandar_normalizada	15.068493150684937	34.48275862068966	40.0
Dialectal	9.090909090909093	34.09090909090909	31.999999999999996
Dialectal_normalizada	15.068493150684937	34.48275862068966	40.0