Transcripcion	Levenstein	Orden	Parcial
Estandar	67.57990867579909	74.65181058495823	71.83908045977012
Estandar_normalizada	77.15736040609137	74.65181058495823	81.5028901734104
Dialectal	67.57990867579909	74.65181058495823	71.83908045977012
Dialectal_normalizada	77.15736040609137	74.65181058495823	81.5028901734104