Transcripcion	Levenstein	Orden	Parcial
Estandar	63.04347826086957	81.69934640522875	73.54838709677419
Estandar_normalizada	67.68292682926828	81.69934640522875	81.72757475083057
Dialectal	62.43093922651934	82.50825082508251	74.68354430379746
Dialectal_normalizada	66.45962732919256	82.50825082508251	81.87919463087249