Transcripcion	Levenstein	Orden	Parcial
Estandar	78.78787878787878	92.5925925925926	86.66666666666667
Estandar_normalizada	86.20689655172413	92.5925925925926	88.88888888888889
Dialectal	78.78787878787878	92.5925925925926	86.66666666666667
Dialectal_normalizada	86.20689655172413	92.5925925925926	88.88888888888889