Transcripcion	Levenstein	Orden	Parcial
Estandar	22.807017543859654	45.070422535211264	52.17391304347826
Estandar_normalizada	29.411764705882348	45.070422535211264	64.86486486486487
Dialectal	22.807017543859654	45.070422535211264	52.17391304347826
Dialectal_normalizada	29.411764705882348	45.070422535211264	64.86486486486487