Transcripcion	Levenstein	Orden	Parcial
Estandar	61.29032258064516	61.702127659574465	90.2439024390244
Estandar_normalizada	69.0909090909091	62.365591397849464	95.0
Dialectal	61.29032258064516	61.702127659574465	90.2439024390244
Dialectal_normalizada	69.0909090909091	62.365591397849464	95.0