Transcripcion	Levenstein	Orden	Parcial
Estandar	47.07903780068728	69.18238993710692	78.21782178217822
Estandar_normalizada	53.68421052631579	69.18238993710692	84.07310704960835
Dialectal	47.07903780068728	69.18238993710692	78.21782178217822
Dialectal_normalizada	53.68421052631579	69.18238993710692	84.07310704960835