Transcripcion	Levenstein	Orden	Parcial
Estandar	56.41025641025641	58.46153846153845	78.125
Estandar_normalizada	62.857142857142854	58.46153846153845	80.64516129032258
Dialectal	56.41025641025641	58.46153846153845	78.125
Dialectal_normalizada	62.857142857142854	58.46153846153845	80.64516129032258