Transcripcion	Levenstein	Orden	Parcial
Estandar	29.54545454545454	55.81395348837209	68.75
Estandar_normalizada	40.0	57.14285714285714	80.0
Dialectal	29.54545454545454	55.81395348837209	68.75
Dialectal_normalizada	40.0	57.14285714285714	80.0