Transcripcion	Levenstein	Orden	Parcial
Estandar	67.4025974025974	83.24798829553768	77.29805013927576
Estandar_normalizada	73.50427350427351	83.01610541727672	84.46043165467626
Dialectal	67.1875	82.93040293040292	77.01949860724234
Dialectal_normalizada	73.0	82.69794721407624	84.14985590778097