Transcripcion	Levenstein	Orden	Parcial
Estandar	19.565217391304344	33.84615384615385	36.36363636363637
Estandar_normalizada	19.999999999999996	33.84615384615385	45.714285714285715
Dialectal	19.565217391304344	33.84615384615385	36.36363636363637
Dialectal_normalizada	19.999999999999996	33.84615384615385	45.714285714285715