Transcripcion	Levenstein	Orden	Parcial
Estandar	45.138888888888886	66.08695652173913	58.82352941176471
Estandar_normalizada	50.0	66.66666666666667	64.88888888888889
Dialectal	44.827586206896555	65.8008658008658	59.66386554621849
Dialectal_normalizada	51.181102362204726	66.37554585152839	65.48672566371681