Transcripcion	Levenstein	Orden	Parcial
Estandar	14.814814814814813	22.22222222222222	30.76923076923077
Estandar_normalizada	17.391304347826086	22.22222222222222	33.333333333333336
Dialectal	14.814814814814813	22.22222222222222	30.76923076923077
Dialectal_normalizada	17.391304347826086	22.22222222222222	33.333333333333336