Transcripcion	Levenstein	Orden	Parcial
Estandar	62.16216216216216	88.88888888888889	76.92307692307692
Estandar_normalizada	77.41935483870968	88.88888888888889	84.61538461538461
Dialectal	62.16216216216216	88.88888888888889	76.92307692307692
Dialectal_normalizada	77.41935483870968	88.88888888888889	84.61538461538461