Transcripcion	Levenstein	Orden	Parcial
Estandar	24.817518248175187	55.23809523809524	51.674641148325364
Estandar_normalizada	25.423728813559322	54.54545454545454	54.92227979274611
Dialectal	24.817518248175187	55.23809523809524	51.674641148325364
Dialectal_normalizada	25.423728813559322	54.54545454545454	54.92227979274611