Transcripcion	Levenstein	Orden	Parcial
Estandar	70.96774193548387	85.1063829787234	91.30434782608697
Estandar_normalizada	77.77777777777779	85.1063829787234	90.9090909090909
Dialectal	70.96774193548387	85.1063829787234	91.30434782608697
Dialectal_normalizada	77.77777777777779	85.1063829787234	90.9090909090909