Transcripcion	Levenstein	Orden	Parcial
Estandar	53.87931034482758	67.81609195402298	68.35443037974683
Estandar_normalizada	59.80861244019139	68.0115273775216	71.89542483660131
Dialectal	53.87931034482758	67.81609195402298	68.35443037974683
Dialectal_normalizada	59.80861244019139	68.0115273775216	71.89542483660131