Transcripcion	Levenstein	Orden	Parcial
Estandar	42.28723404255319	55.39906103286385	55.016181229773466
Estandar_normalizada	44.637681159420296	55.172413793103445	57.6214405360134
Dialectal	42.51336898395722	55.25902668759812	55.016181229773466
Dialectal_normalizada	44.60641399416909	55.0314465408805	57.81512605042016