Transcripcion	Levenstein	Orden	Parcial
Estandar	46.07142857142858	65.86538461538461	65.31645569620252
Estandar_normalizada	50.20242914979758	66.02409638554217	71.46814404432133
Dialectal	46.07142857142858	66.34615384615384	64.9746192893401
Dialectal_normalizada	49.79757085020243	66.50602409638554	71.11111111111111