Transcripcion	Levenstein	Orden	Parcial
Estandar	66.26506024096386	75.65543071161048	72.5
Estandar_normalizada	73.8255033557047	76.69172932330828	78.29457364341086
Dialectal	66.26506024096386	75.65543071161048	72.5
Dialectal_normalizada	73.8255033557047	76.69172932330828	78.29457364341086