Transcripcion	Levenstein	Orden	Parcial
Estandar	61.9718309859155	67.79661016949152	71.66666666666667
Estandar_normalizada	69.84126984126983	67.79661016949152	77.96610169491525
Dialectal	61.9718309859155	67.79661016949152	71.66666666666667
Dialectal_normalizada	69.84126984126983	67.79661016949152	77.96610169491525