Transcripcion	Levenstein	Orden	Parcial
Estandar	37.66233766233766	67.44186046511628	57.77777777777777
Estandar_normalizada	48.275862068965516	68.23529411764706	67.5
Dialectal	37.66233766233766	67.44186046511628	57.77777777777777
Dialectal_normalizada	48.275862068965516	68.23529411764706	67.5