Transcripcion	Levenstein	Orden	Parcial
Estandar	56.30252100840336	76.28635346756153	70.64935064935065
Estandar_normalizada	62.45353159851301	76.0942760942761	74.10358565737052
Dialectal	56.30252100840336	76.28635346756153	70.64935064935065
Dialectal_normalizada	62.45353159851301	76.0942760942761	74.10358565737052