Transcripcion	Levenstein	Orden	Parcial
Estandar	62.121212121212125	86.04651162790698	90.2439024390244
Estandar_normalizada	68.5185185185185	86.04651162790698	94.5945945945946
Dialectal	62.121212121212125	86.04651162790698	90.2439024390244
Dialectal_normalizada	68.5185185185185	86.04651162790698	94.5945945945946