Transcripcion	Levenstein	Orden	Parcial
Estandar	55.88235294117647	80.85106382978724	71.7948717948718
Estandar_normalizada	63.33333333333333	80.85106382978724	75.0
Dialectal	55.88235294117647	80.85106382978724	71.7948717948718
Dialectal_normalizada	63.33333333333333	80.85106382978724	75.0