Transcripcion	Levenstein	Orden	Parcial
Estandar	58.7737843551797	78.62068965517241	72.39263803680981
Estandar_normalizada	64.1025641025641	78.83817427385893	76.78018575851394
Dialectal	58.89830508474576	78.7292817679558	72.39263803680981
Dialectal_normalizada	64.25233644859813	78.94736842105263	76.78018575851394