Transcripcion	Levenstein	Orden	Parcial
Estandar	56.262230919765166	75.3015873015873	62.254259501965926
Estandar_normalizada	62.96296296296296	74.93638676844783	70.4054054054054
Dialectal	56.188605108055015	75.23870146403564	62.254259501965926
Dialectal_normalizada	62.90868094701241	74.87244897959184	70.4054054054054