Transcripcion	Levenstein	Orden	Parcial
Estandar	69.23076923076923	90.2439024390244	92.10526315789474
Estandar_normalizada	80.43478260869566	90.2439024390244	92.10526315789474
Dialectal	69.23076923076923	90.2439024390244	92.10526315789474
Dialectal_normalizada	80.43478260869566	90.2439024390244	92.10526315789474