Transcripcion	Levenstein	Orden	Parcial
Estandar	27.43362831858407	51.72413793103448	81.25
Estandar_normalizada	31.57894736842105	51.72413793103448	90.0
Dialectal	27.43362831858407	51.72413793103448	81.25
Dialectal_normalizada	31.57894736842105	51.72413793103448	90.0