Transcripcion	Levenstein	Orden	Parcial
Estandar	61.840120663650076	81.72043010752688	68.73706004140787
Estandar_normalizada	67.79089376053963	82.04121687929342	76.0593220338983
Dialectal	61.78247734138973	81.40900195694715	68.73706004140787
Dialectal_normalizada	67.73648648648648	81.72888015717092	76.0593220338983