Transcripcion	Levenstein	Orden	Parcial
Estandar	50.0	83.33333333333334	71.42857142857143
Estandar_normalizada	62.5	83.33333333333334	81.9672131147541
Dialectal	50.0	83.33333333333334	71.42857142857143
Dialectal_normalizada	62.5	83.33333333333334	81.9672131147541