Transcripcion	Levenstein	Orden	Parcial
Estandar	39.0625	46.0	50.48543689320388
Estandar_normalizada	46.15384615384615	46.0	57.692307692307686
Dialectal	39.0625	46.0	50.48543689320388
Dialectal_normalizada	46.15384615384615	46.0	57.692307692307686