Transcripcion	Levenstein	Orden	Parcial
Estandar	69.74789915966386	80.49713193116634	76.24521072796935
Estandar_normalizada	75.13513513513513	80.49713193116634	81.99608610567515
Dialectal	69.93243243243244	80.34515819750719	76.62835249042146
Dialectal_normalizada	75.36231884057972	80.34515819750719	82.58317025440314