Transcripcion	Levenstein	Orden	Parcial
Estandar	16.279069767441857	35.29411764705882	40.0
Estandar_normalizada	17.14285714285714	35.29411764705882	42.10526315789473
Dialectal	16.279069767441857	35.29411764705882	40.0
Dialectal_normalizada	17.14285714285714	35.29411764705882	42.10526315789473