Transcripcion	Levenstein	Orden	Parcial
Estandar	71.62162162162163	83.13582497721058	74.6383799421408
Estandar_normalizada	77.72277227722772	83.28767123287672	79.1586998087954
Dialectal	71.62162162162163	83.13582497721058	74.6383799421408
Dialectal_normalizada	77.72277227722772	83.28767123287672	79.1586998087954