Transcripcion	Levenstein	Orden	Parcial
Estandar	35.71428571428571	50.70422535211267	49.23076923076923
Estandar_normalizada	35.0	50.70422535211267	50.0
Dialectal	35.71428571428571	50.70422535211267	49.23076923076923
Dialectal_normalizada	35.0	50.70422535211267	50.0