Transcripcion	Levenstein	Orden	Parcial
Estandar	64.38356164383562	81.08108108108108	79.62962962962963
Estandar_normalizada	71.42857142857143	81.08108108108108	84.0
Dialectal	64.38356164383562	81.08108108108108	79.62962962962963
Dialectal_normalizada	71.42857142857143	81.08108108108108	84.0