Transcripcion	Levenstein	Orden	Parcial
Estandar	70.17543859649122	90.9090909090909	87.8048780487805
Estandar_normalizada	78.43137254901961	90.9090909090909	90.0
Dialectal	70.17543859649122	90.9090909090909	87.8048780487805
Dialectal_normalizada	78.43137254901961	90.9090909090909	90.0