Transcripcion	Levenstein	Orden	Parcial
Estandar	60.7843137254902	90.9090909090909	90.625
Estandar_normalizada	73.17073170731707	90.9090909090909	96.66666666666667
Dialectal	60.7843137254902	90.9090909090909	90.625
Dialectal_normalizada	73.17073170731707	90.9090909090909	96.66666666666667