Transcripcion	Levenstein	Orden	Parcial
Estandar	65.83333333333333	71.1340206185567	81.11111111111111
Estandar_normalizada	71.81818181818183	71.1340206185567	81.81818181818181
Dialectal	65.83333333333333	71.1340206185567	81.11111111111111
Dialectal_normalizada	71.81818181818183	71.1340206185567	81.81818181818181