Transcripcion	Levenstein	Orden	Parcial
Estandar	51.42857142857142	84.44444444444444	86.36363636363636
Estandar_normalizada	66.66666666666667	84.44444444444444	86.36363636363636
Dialectal	51.42857142857142	84.44444444444444	86.36363636363636
Dialectal_normalizada	66.66666666666667	84.44444444444444	86.36363636363636