Transcripcion	Levenstein	Orden	Parcial
Estandar	47.71241830065359	60.909090909090914	73.07692307692308
Estandar_normalizada	55.14705882352941	61.18721461187215	78.94736842105263
Dialectal	47.71241830065359	60.909090909090914	73.07692307692308
Dialectal_normalizada	55.14705882352941	61.18721461187215	78.94736842105263