Transcripcion	Levenstein	Orden	Parcial
Estandar	61.633663366336634	74.11944869831547	65.28662420382165
Estandar_normalizada	67.47967479674797	74.11944869831547	70.7641196013289
Dialectal	61.940298507462686	74.03993855606758	65.92356687898089
Dialectal_normalizada	67.57493188010899	74.03993855606758	71.09634551495017