Transcripcion	Levenstein	Orden	Parcial
Estandar	60.36454610436026	79.44325481798715	69.2467748647524
Estandar_normalizada	66.8122270742358	79.21131590227175	75.9947529514648
Dialectal	60.39355992844365	79.88000857081637	69.33000416146484
Dialectal_normalizada	66.85214626391097	79.6482950889985	76.03847835592478