Transcripcion	Levenstein	Orden	Parcial
Estandar	59.523809523809526	72.99270072992701	73.10344827586206
Estandar_normalizada	66.21621621621621	72.99270072992701	77.03703703703704
Dialectal	59.523809523809526	72.99270072992701	73.10344827586206
Dialectal_normalizada	66.21621621621621	72.99270072992701	77.03703703703704