Transcripcion	Levenstein	Orden	Parcial
Estandar	72.63157894736842	90.9090909090909	85.71428571428572
Estandar_normalizada	83.33333333333334	90.9090909090909	93.33333333333333
Dialectal	72.63157894736842	90.9090909090909	85.71428571428572
Dialectal_normalizada	83.33333333333334	90.9090909090909	93.33333333333333