Transcripcion	Levenstein	Orden	Parcial
Estandar	64.91228070175438	69.76744186046511	76.64670658682635
Estandar_normalizada	72.16494845360825	69.76744186046511	79.74683544303798
Dialectal	64.91228070175438	69.76744186046511	76.64670658682635
Dialectal_normalizada	72.16494845360825	69.76744186046511	79.74683544303798