Transcripcion	Levenstein	Orden	Parcial
Estandar	67.5925925925926	78.49462365591397	78.0
Estandar_normalizada	69.38775510204081	78.49462365591397	81.72043010752688
Dialectal	67.5925925925926	78.49462365591397	78.0
Dialectal_normalizada	69.38775510204081	78.49462365591397	81.72043010752688