Transcripcion	Levenstein	Orden	Parcial
Estandar	52.94117647058824	62.76150627615063	59.01639344262295
Estandar_normalizada	59.09090909090908	62.76150627615063	68.96551724137932
Dialectal	52.94117647058824	62.76150627615063	59.01639344262295
Dialectal_normalizada	59.09090909090908	62.76150627615063	68.96551724137932