Transcripcion	Levenstein	Orden	Parcial
Estandar	33.333333333333336	44.44444444444444	44.44444444444444
Estandar_normalizada	36.36363636363637	44.44444444444444	50.0
Dialectal	33.333333333333336	44.44444444444444	44.44444444444444
Dialectal_normalizada	36.36363636363637	44.44444444444444	50.0