Transcripcion	Levenstein	Orden	Parcial
Estandar	71.97183098591549	87.26655348047538	80.0711743772242
Estandar_normalizada	74.62235649546828	87.26655348047538	82.96296296296296
Dialectal	71.97183098591549	87.26655348047538	80.0711743772242
Dialectal_normalizada	74.62235649546828	87.26655348047538	82.96296296296296