Transcripcion	Levenstein	Orden	Parcial
Estandar	25.67567567567568	45.36082474226804	47.36842105263158
Estandar_normalizada	29.6875	45.36082474226804	50.0
Dialectal	25.67567567567568	45.36082474226804	47.36842105263158
Dialectal_normalizada	29.6875	45.36082474226804	50.0