Transcripcion	Levenstein	Orden	Parcial
Estandar	29.268292682926834	45.90163934426229	40.74074074074075
Estandar_normalizada	37.142857142857146	45.90163934426229	47.05882352941176
Dialectal	29.268292682926834	45.90163934426229	40.74074074074075
Dialectal_normalizada	37.142857142857146	45.90163934426229	47.05882352941176