Transcripcion	Levenstein	Orden	Parcial
Estandar	8.333333333333337	19.999999999999996	25.0
Estandar_normalizada	12.5	19.999999999999996	40.0
Dialectal	8.333333333333337	19.999999999999996	25.0
Dialectal_normalizada	12.5	19.999999999999996	40.0