Transcripcion	Levenstein	Orden	Parcial
Estandar	75.51020408163265	85.39325842696628	92.6829268292683
Estandar_normalizada	77.55102040816327	85.39325842696628	97.5
Dialectal	75.51020408163265	85.39325842696628	92.6829268292683
Dialectal_normalizada	77.55102040816327	85.39325842696628	97.5