Transcripcion	Levenstein	Orden	Parcial
Estandar	25.92592592592593	39.39393939393939	81.25
Estandar_normalizada	26.415094339622648	39.39393939393939	100.0
Dialectal	25.92592592592593	39.39393939393939	81.25
Dialectal_normalizada	26.415094339622648	39.39393939393939	100.0