Transcripcion	Levenstein	Orden	Parcial
Estandar	65.21739130434783	79.46428571428572	76.84210526315789
Estandar_normalizada	68.18181818181819	79.46428571428572	80.0
Dialectal	64.96350364963503	79.82062780269058	75.78947368421053
Dialectal_normalizada	67.93893129770993	79.82062780269058	80.0