Transcripcion	Levenstein	Orden	Parcial
Estandar	9.523809523809524	25.0	25.64102564102564
Estandar_normalizada	21.052631578947366	25.0	31.999999999999996
Dialectal	9.523809523809524	25.0	25.64102564102564
Dialectal_normalizada	21.052631578947366	25.0	31.999999999999996