Transcripcion	Levenstein	Orden	Parcial
Estandar	54.54545454545454	79.75460122699387	79.16666666666666
Estandar_normalizada	60.82474226804124	79.75460122699387	83.33333333333334
Dialectal	54.54545454545454	79.75460122699387	79.16666666666666
Dialectal_normalizada	60.82474226804124	79.75460122699387	83.33333333333334