Transcripcion	Levenstein	Orden	Parcial
Estandar	18.965517241379317	37.83783783783784	39.13043478260869
Estandar_normalizada	23.529411764705888	35.61643835616438	56.52173913043479
Dialectal	18.965517241379317	37.83783783783784	39.13043478260869
Dialectal_normalizada	23.529411764705888	35.61643835616438	56.52173913043479