Transcripcion	Levenstein	Orden	Parcial
Estandar	21.052631578947366	24.0	30.76923076923077
Estandar_normalizada	17.647058823529417	24.0	33.333333333333336
Dialectal	21.052631578947366	24.0	30.76923076923077
Dialectal_normalizada	17.647058823529417	24.0	33.333333333333336