Transcripcion	Levenstein	Orden	Parcial
Estandar	20.588235294117652	43.99999999999999	40.0
Estandar_normalizada	21.42857142857143	43.99999999999999	44.99999999999999
Dialectal	20.588235294117652	43.99999999999999	40.0
Dialectal_normalizada	21.42857142857143	43.99999999999999	44.99999999999999