Transcripcion	Levenstein	Orden	Parcial
Estandar	65.33333333333333	71.30434782608695	80.32786885245902
Estandar_normalizada	75.38461538461539	71.30434782608695	87.27272727272728
Dialectal	65.33333333333333	71.30434782608695	80.32786885245902
Dialectal_normalizada	75.38461538461539	71.30434782608695	87.27272727272728