Transcripcion	Levenstein	Orden	Parcial
Estandar	60.31746031746032	80.43478260869566	72.34042553191489
Estandar_normalizada	69.23076923076923	80.43478260869566	77.77777777777779
Dialectal	60.31746031746032	80.43478260869566	72.34042553191489
Dialectal_normalizada	69.23076923076923	80.43478260869566	77.77777777777779