Transcripcion	Levenstein	Orden	Parcial
Estandar	32.55813953488372	48.57142857142858	76.74418604651163
Estandar_normalizada	37.272727272727266	48.92086330935251	80.95238095238095
Dialectal	32.55813953488372	48.57142857142858	76.74418604651163
Dialectal_normalizada	37.272727272727266	48.92086330935251	80.95238095238095