Transcripcion	Levenstein	Orden	Parcial
Estandar	14.864864864864868	32.49999999999999	55.55555555555556
Estandar_normalizada	16.666666666666664	32.49999999999999	55.55555555555556
Dialectal	14.864864864864868	32.49999999999999	55.55555555555556
Dialectal_normalizada	16.666666666666664	32.49999999999999	55.55555555555556