Transcripcion	Levenstein	Orden	Parcial
Estandar	2.4390243902439046	5.714285714285716	19.999999999999996
Estandar_normalizada	3.0303030303030276	5.714285714285716	19.999999999999996
Dialectal	2.4390243902439046	5.714285714285716	19.999999999999996
Dialectal_normalizada	3.0303030303030276	5.714285714285716	19.999999999999996