Transcripcion	Levenstein	Orden	Parcial
Estandar	65.51724137931035	84.44444444444444	79.16666666666666
Estandar_normalizada	76.0	84.44444444444444	81.81818181818181
Dialectal	65.51724137931035	84.44444444444444	79.16666666666666
Dialectal_normalizada	76.0	84.44444444444444	81.81818181818181