Transcripcion	Levenstein	Orden	Parcial
Estandar	34.14634146341463	52.63157894736843	54.83870967741935
Estandar_normalizada	45.45454545454546	52.63157894736843	59.57446808510638
Dialectal	34.14634146341463	52.63157894736843	54.83870967741935
Dialectal_normalizada	45.45454545454546	52.63157894736843	59.57446808510638