Transcripcion	Levenstein	Orden	Parcial
Estandar	75.21472392638037	85.12254055919917	79.65870307167235
Estandar_normalizada	79.90837696335078	85.15193370165746	84.4851904090268
Dialectal	74.95384615384614	85.20055325034578	79.79522184300342
Dialectal_normalizada	79.64543663821405	85.23002421307507	84.6262341325811