Transcripcion	Levenstein	Orden	Parcial
Estandar	60.24096385542168	87.93103448275862	84.84848484848484
Estandar_normalizada	71.83098591549295	87.93103448275862	90.72164948453609
Dialectal	60.24096385542168	87.93103448275862	84.84848484848484
Dialectal_normalizada	71.83098591549295	87.93103448275862	90.72164948453609