Transcripcion	Levenstein	Orden	Parcial
Estandar	85.45454545454545	100.0	89.79591836734694
Estandar_normalizada	93.87755102040816	100.0	95.65217391304348
Dialectal	85.45454545454545	100.0	89.79591836734694
Dialectal_normalizada	93.87755102040816	100.0	95.65217391304348