Transcripcion	Levenstein	Orden	Parcial
Estandar	5.882352941176472	15.789473684210531	40.0
Estandar_normalizada	7.692307692307687	15.789473684210531	40.0
Dialectal	5.882352941176472	15.789473684210531	40.0
Dialectal_normalizada	7.692307692307687	15.789473684210531	40.0