Transcripcion	Levenstein	Orden	Parcial
Estandar	64.26618049225159	81.65345413363534	72.7061556329849
Estandar_normalizada	70.72927072927074	81.67895632444697	78.32929782082324
Dialectal	64.38356164383562	81.74603174603175	72.7061556329849
Dialectal_normalizada	70.87087087087087	81.7717206132879	78.32929782082324