Transcripcion	Levenstein	Orden	Parcial
Estandar	5.769230769230771	12.5	27.27272727272727
Estandar_normalizada	7.14285714285714	12.5	28.57142857142857
Dialectal	5.769230769230771	12.5	27.27272727272727
Dialectal_normalizada	7.14285714285714	12.5	28.57142857142857