Transcripcion	Levenstein	Orden	Parcial
Estandar	29.78723404255319	45.070422535211264	47.76119402985075
Estandar_normalizada	35.89743589743589	45.070422535211264	53.52112676056338
Dialectal	29.78723404255319	45.070422535211264	47.76119402985075
Dialectal_normalizada	35.89743589743589	45.070422535211264	53.52112676056338