Transcripcion	Levenstein	Orden	Parcial
Estandar	9.523809523809524	10.526315789473683	28.57142857142857
Estandar_normalizada	13.33333333333333	10.526315789473683	33.333333333333336
Dialectal	9.523809523809524	10.526315789473683	28.57142857142857
Dialectal_normalizada	13.33333333333333	10.526315789473683	33.333333333333336