Transcripcion	Levenstein	Orden	Parcial
Estandar	55.81395348837209	70.58823529411764	70.4225352112676
Estandar_normalizada	61.53846153846154	70.58823529411764	78.125
Dialectal	55.81395348837209	70.58823529411764	70.4225352112676
Dialectal_normalizada	61.53846153846154	70.58823529411764	78.125