Transcripcion	Levenstein	Orden	Parcial
Estandar	19.999999999999996	60.86956521739131	55.55555555555556
Estandar_normalizada	29.411764705882348	60.86956521739131	55.55555555555556
Dialectal	19.999999999999996	60.86956521739131	55.55555555555556
Dialectal_normalizada	29.411764705882348	60.86956521739131	55.55555555555556