Transcripcion	Levenstein	Orden	Parcial
Estandar	20.45454545454546	38.80597014925373	36.61971830985915
Estandar_normalizada	13.888888888888884	38.80597014925373	41.93548387096774
Dialectal	20.45454545454546	38.80597014925373	36.61971830985915
Dialectal_normalizada	13.888888888888884	38.80597014925373	41.93548387096774