Transcripcion	Levenstein	Orden	Parcial
Estandar	36.0	58.11320754716981	62.433862433862444
Estandar_normalizada	39.13043478260869	58.11320754716981	70.05649717514125
Dialectal	36.0	58.11320754716981	62.433862433862444
Dialectal_normalizada	39.13043478260869	58.11320754716981	70.05649717514125