Transcripcion	Levenstein	Orden	Parcial
Estandar	23.529411764705888	40.0	44.44444444444444
Estandar_normalizada	23.076923076923073	40.0	44.44444444444444
Dialectal	23.529411764705888	40.0	44.44444444444444
Dialectal_normalizada	23.076923076923073	40.0	44.44444444444444