Transcripcion	Levenstein	Orden	Parcial
Estandar	16.030534351145043	32.14285714285714	48.275862068965516
Estandar_normalizada	18.3206106870229	32.14285714285714	55.172413793103445
Dialectal	16.030534351145043	32.14285714285714	48.275862068965516
Dialectal_normalizada	18.3206106870229	32.14285714285714	55.172413793103445