Transcripcion	Levenstein	Orden	Parcial
Estandar	37.53846153846154	62.25895316804409	55.172413793103445
Estandar_normalizada	47.67441860465116	62.77777777777778	64.02877697841727
Dialectal	38.00623052959502	63.50974930362116	55.172413793103445
Dialectal_normalizada	48.425196850393704	64.04494382022472	63.309352517985616