Transcripcion	Levenstein	Orden	Parcial
Estandar	53.333333333333336	58.27814569536424	71.05263157894737
Estandar_normalizada	55.42168674698795	58.27814569536424	72.6027397260274
Dialectal	53.333333333333336	58.27814569536424	71.05263157894737
Dialectal_normalizada	55.42168674698795	58.27814569536424	72.6027397260274