Transcripcion	Levenstein	Orden	Parcial
Estandar	85.96491228070175	98.0392156862745	91.42857142857143
Estandar_normalizada	94.33962264150944	98.0392156862745	98.0392156862745
Dialectal	85.96491228070175	98.0392156862745	91.42857142857143
Dialectal_normalizada	94.33962264150944	98.0392156862745	98.0392156862745