Transcripcion	Levenstein	Orden	Parcial
Estandar	34.73684210526316	60.504201680672274	64.58333333333333
Estandar_normalizada	43.0379746835443	60.504201680672274	74.46808510638299
Dialectal	34.73684210526316	60.504201680672274	64.58333333333333
Dialectal_normalizada	43.0379746835443	60.504201680672274	74.46808510638299