Transcripcion	Levenstein	Orden	Parcial
Estandar	56.19834710743802	74.75035663338087	63.29113924050633
Estandar_normalizada	64.08450704225352	75.28735632183908	69.13183279742765
Dialectal	56.43153526970954	74.67811158798283	63.29113924050633
Dialectal_normalizada	64.38679245283019	75.21613832853026	69.13183279742765