Transcripcion	Levenstein	Orden	Parcial
Estandar	48.54586129753915	67.83439490445859	68.359375
Estandar_normalizada	53.84615384615385	68.16	72.06477732793522
Dialectal	48.54586129753915	67.83439490445859	68.359375
Dialectal_normalizada	53.84615384615385	68.16	72.06477732793522