Transcripcion	Levenstein	Orden	Parcial
Estandar	62.7906976744186	77.68187422934649	70.87126137841354
Estandar_normalizada	68.17180616740089	77.67470624613482	75.59366754617413
Dialectal	62.66531027466937	77.97029702970298	70.87126137841354
Dialectal_normalizada	68.07095343680709	77.96399751707015	75.98944591029024