Transcripcion	Levenstein	Orden	Parcial
Estandar	47.92243767313019	67.56756756756756	63.604240282685524
Estandar_normalizada	50.455927051671736	67.45762711864407	69.34306569343065
Dialectal	47.92243767313019	67.56756756756756	63.604240282685524
Dialectal_normalizada	50.455927051671736	67.45762711864407	69.34306569343065