Transcripcion	Levenstein	Orden	Parcial
Estandar	65.83629893238434	80.08658008658008	73.6842105263158
Estandar_normalizada	71.70542635658914	79.82646420824295	78.89908256880733
Dialectal	65.83629893238434	80.08658008658008	73.6842105263158
Dialectal_normalizada	71.70542635658914	79.82646420824295	78.89908256880733