Transcripcion	Levenstein	Orden	Parcial
Estandar	0.0	16.666666666666664	16.666666666666664
Estandar_normalizada	0.0	16.666666666666664	25.0
Dialectal	0.0	16.666666666666664	16.666666666666664
Dialectal_normalizada	0.0	16.666666666666664	25.0