Transcripcion	Levenstein	Orden	Parcial
Estandar	3.8461538461538436	7.14285714285714	28.57142857142857
Estandar_normalizada	7.692307692307687	7.14285714285714	66.66666666666667
Dialectal	3.8461538461538436	7.14285714285714	28.57142857142857
Dialectal_normalizada	7.692307692307687	7.14285714285714	66.66666666666667