Transcripcion	Levenstein	Orden	Parcial
Estandar	34.48275862068966	70.58823529411764	64.28571428571428
Estandar_normalizada	52.17391304347826	70.58823529411764	76.92307692307692
Dialectal	34.48275862068966	70.58823529411764	64.28571428571428
Dialectal_normalizada	52.17391304347826	70.58823529411764	76.92307692307692