Transcripcion	Levenstein	Orden	Parcial
Estandar	73.57478202548626	83.27485380116958	78.00963081861958
Estandar_normalizada	79.1907514450867	83.671875	83.7772397094431
Dialectal	73.60644728005371	83.33983612953571	78.08988764044943
Dialectal_normalizada	79.23299565846598	83.73729476153244	83.7772397094431