Transcripcion	Levenstein	Orden	Parcial
Estandar	28.57142857142857	32.786885245901644	33.333333333333336
Estandar_normalizada	34.285714285714285	32.786885245901644	42.307692307692314
Dialectal	28.57142857142857	32.786885245901644	33.333333333333336
Dialectal_normalizada	34.285714285714285	32.786885245901644	42.307692307692314