Transcripcion	Levenstein	Orden	Parcial
Estandar	18.518518518518523	37.83783783783784	38.888888888888886
Estandar_normalizada	9.999999999999998	38.888888888888886	42.42424242424242
Dialectal	18.518518518518523	37.83783783783784	38.888888888888886
Dialectal_normalizada	9.999999999999998	38.888888888888886	42.42424242424242