Transcripcion	Levenstein	Orden	Parcial
Estandar	40.77669902912622	63.52941176470588	55.91397849462365
Estandar_normalizada	41.11111111111111	63.90532544378698	63.94557823129252
Dialectal	40.77669902912622	63.52941176470588	55.91397849462365
Dialectal_normalizada	41.11111111111111	63.90532544378698	63.94557823129252