Transcripcion	Levenstein	Orden	Parcial
Estandar	46.875	50.98039215686274	61.53846153846154
Estandar_normalizada	50.0	50.98039215686274	65.11627906976744
Dialectal	46.875	50.98039215686274	61.53846153846154
Dialectal_normalizada	50.0	50.98039215686274	65.11627906976744