Transcripcion	Levenstein	Orden	Parcial
Estandar	32.1608040201005	59.682539682539684	50.5
Estandar_normalizada	34.6045197740113	59.79216626698641	54.639175257731964
Dialectal	31.863979848866496	59.45945945945945	50.33333333333334
Dialectal_normalizada	34.27762039660056	59.56765412329864	54.38898450946643