Transcripcion	Levenstein	Orden	Parcial
Estandar	16.000000000000004	13.793103448275868	35.29411764705882
Estandar_normalizada	16.666666666666664	13.793103448275868	50.0
Dialectal	16.000000000000004	13.793103448275868	35.29411764705882
Dialectal_normalizada	16.666666666666664	13.793103448275868	50.0