Transcripcion	Levenstein	Orden	Parcial
Estandar	55.92105263157895	73.39449541284404	74.87179487179488
Estandar_normalizada	63.90977443609023	73.73271889400922	80.87431693989072
Dialectal	55.92105263157895	73.39449541284404	74.87179487179488
Dialectal_normalizada	63.90977443609023	73.73271889400922	80.87431693989072