Transcripcion	Levenstein	Orden	Parcial
Estandar	48.275862068965516	61.904761904761905	66.66666666666667
Estandar_normalizada	52.0	61.904761904761905	72.22222222222221
Dialectal	48.275862068965516	61.904761904761905	66.66666666666667
Dialectal_normalizada	52.0	61.904761904761905	72.22222222222221