Transcripcion	Levenstein	Orden	Parcial
Estandar	15.000000000000002	19.047619047619047	42.85714285714286
Estandar_normalizada	18.75	19.047619047619047	42.85714285714286
Dialectal	15.000000000000002	19.047619047619047	42.85714285714286
Dialectal_normalizada	18.75	19.047619047619047	42.85714285714286