Transcripcion	Levenstein	Orden	Parcial
Estandar	56.57894736842105	62.99212598425197	68.90756302521008
Estandar_normalizada	62.857142857142854	62.99212598425197	71.1864406779661
Dialectal	56.57894736842105	62.99212598425197	68.90756302521008
Dialectal_normalizada	62.857142857142854	62.99212598425197	71.1864406779661