Transcripcion	Levenstein	Orden	Parcial
Estandar	19.444444444444443	38.297872340425535	31.818181818181824
Estandar_normalizada	25.92592592592593	39.13043478260869	40.0
Dialectal	19.444444444444443	38.297872340425535	31.818181818181824
Dialectal_normalizada	25.92592592592593	39.13043478260869	40.0