Transcripcion	Levenstein	Orden	Parcial
Estandar	42.42424242424242	68.08510638297872	68.08510638297872
Estandar_normalizada	55.55555555555556	68.08510638297872	77.27272727272727
Dialectal	42.42424242424242	68.08510638297872	68.08510638297872
Dialectal_normalizada	55.55555555555556	68.08510638297872	77.27272727272727