Transcripcion	Levenstein	Orden	Parcial
Estandar	39.53488372093024	75.0	60.97560975609756
Estandar_normalizada	47.61904761904761	75.0	82.53968253968253
Dialectal	39.53488372093024	75.0	60.97560975609756
Dialectal_normalizada	47.61904761904761	75.0	82.53968253968253