Transcripcion	Levenstein	Orden	Parcial
Estandar	15.909090909090907	32.14285714285714	35.483870967741936
Estandar_normalizada	25.0	32.14285714285714	43.47826086956522
Dialectal	15.909090909090907	32.14285714285714	35.483870967741936
Dialectal_normalizada	25.0	32.14285714285714	43.47826086956522