Transcripcion	Levenstein	Orden	Parcial
Estandar	30.92105263157895	50.883392226148416	50.56603773584906
Estandar_normalizada	34.93150684931506	50.883392226148416	54.117647058823536
Dialectal	30.92105263157895	50.883392226148416	50.56603773584906
Dialectal_normalizada	34.93150684931506	50.883392226148416	54.117647058823536