Transcripcion	Levenstein	Orden	Parcial
Estandar	41.44144144144144	67.62589928057554	70.83333333333333
Estandar_normalizada	47.95918367346938	67.62589928057554	75.55555555555556
Dialectal	41.44144144144144	67.62589928057554	70.83333333333333
Dialectal_normalizada	47.95918367346938	67.62589928057554	75.55555555555556