Transcripcion	Levenstein	Orden	Parcial
Estandar	57.14285714285714	87.5	72.72727272727273
Estandar_normalizada	70.0	87.5	76.92307692307692
Dialectal	57.14285714285714	87.5	72.72727272727273
Dialectal_normalizada	70.0	87.5	76.92307692307692