Transcripcion	Levenstein	Orden	Parcial
Estandar	54.054054054054056	55.172413793103445	67.9245283018868
Estandar_normalizada	51.515151515151516	55.172413793103445	70.58823529411764
Dialectal	54.054054054054056	55.172413793103445	67.9245283018868
Dialectal_normalizada	51.515151515151516	55.172413793103445	70.58823529411764