Transcripcion	Levenstein	Orden	Parcial
Estandar	13.793103448275868	17.647058823529417	37.5
Estandar_normalizada	13.793103448275868	17.647058823529417	50.0
Dialectal	13.793103448275868	17.647058823529417	37.5
Dialectal_normalizada	13.793103448275868	17.647058823529417	50.0