Transcripcion	Levenstein	Orden	Parcial
Estandar	16.730038022813687	35.87786259541985	48.38709677419355
Estandar_normalizada	20.70484581497798	36.15384615384616	55.35714285714286
Dialectal	16.730038022813687	35.87786259541985	48.38709677419355
Dialectal_normalizada	20.70484581497798	36.15384615384616	55.35714285714286