Transcripcion	Levenstein	Orden	Parcial
Estandar	29.411764705882348	39.13043478260869	61.904761904761905
Estandar_normalizada	32.14285714285714	39.13043478260869	64.86486486486487
Dialectal	29.411764705882348	39.13043478260869	61.904761904761905
Dialectal_normalizada	32.14285714285714	39.13043478260869	64.86486486486487