Transcripcion	Levenstein	Orden	Parcial
Estandar	25.0	41.860465116279066	44.776119402985074
Estandar_normalizada	25.0	41.860465116279066	46.15384615384615
Dialectal	25.0	41.860465116279066	44.776119402985074
Dialectal_normalizada	25.0	41.860465116279066	46.15384615384615