Transcripcion	Levenstein	Orden	Parcial
Estandar	47.61904761904761	66.66666666666667	67.48466257668711
Estandar_normalizada	55.55555555555556	66.66666666666667	74.02597402597402
Dialectal	47.61904761904761	66.66666666666667	67.48466257668711
Dialectal_normalizada	55.55555555555556	66.66666666666667	74.02597402597402