Transcripcion	Levenstein	Orden	Parcial
Estandar	31.85840707964602	42.42424242424242	64.44444444444444
Estandar_normalizada	42.391304347826086	43.07692307692308	73.33333333333334
Dialectal	31.85840707964602	42.42424242424242	64.44444444444444
Dialectal_normalizada	42.391304347826086	43.07692307692308	73.33333333333334