Transcripcion	Levenstein	Orden	Parcial
Estandar	22.90076335877863	53.333333333333336	42.52873563218391
Estandar_normalizada	25.663716814159287	53.63128491620112	48.05194805194806
Dialectal	22.307692307692307	52.513966480446925	41.61849710982659
Dialectal_normalizada	25.0	52.80898876404494	47.05882352941176