Transcripcion	Levenstein	Orden	Parcial
Estandar	63.63636363636363	85.41666666666666	90.9090909090909
Estandar_normalizada	70.6896551724138	85.41666666666666	92.85714285714286
Dialectal	63.63636363636363	85.41666666666666	90.9090909090909
Dialectal_normalizada	70.6896551724138	85.41666666666666	92.85714285714286