Transcripcion	Levenstein	Orden	Parcial
Estandar	54.54545454545454	86.36363636363636	85.0
Estandar_normalizada	70.37037037037037	86.36363636363636	89.47368421052632
Dialectal	54.54545454545454	86.36363636363636	85.0
Dialectal_normalizada	70.37037037037037	86.36363636363636	89.47368421052632