Transcripcion	Levenstein	Orden	Parcial
Estandar	49.23076923076923	71.8562874251497	59.72222222222222
Estandar_normalizada	59.174311926605505	72.28915662650603	65.45454545454545
Dialectal	49.80544747081712	71.90332326283988	59.02777777777778
Dialectal_normalizada	60.0	72.34042553191489	65.93406593406593