Transcripcion	Levenstein	Orden	Parcial
Estandar	31.958762886597935	66.11570247933885	54.6875
Estandar_normalizada	44.44444444444444	66.11570247933885	72.22222222222221
Dialectal	31.958762886597935	66.11570247933885	54.6875
Dialectal_normalizada	44.44444444444444	66.11570247933885	72.22222222222221