Transcripcion	Levenstein	Orden	Parcial
Estandar	28.915662650602414	62.4113475177305	57.14285714285714
Estandar_normalizada	35.44303797468354	61.870503597122294	72.0
Dialectal	28.915662650602414	62.4113475177305	57.14285714285714
Dialectal_normalizada	35.44303797468354	61.870503597122294	72.0