Transcripcion	Levenstein	Orden	Parcial
Estandar	65.71428571428571	85.0574712643678	79.2
Estandar_normalizada	72.72727272727273	85.0574712643678	82.05128205128204
Dialectal	65.71428571428571	85.0574712643678	79.2
Dialectal_normalizada	72.72727272727273	85.0574712643678	82.05128205128204