Transcripcion	Levenstein	Orden	Parcial
Estandar	56.8075117370892	70.62706270627062	70.94594594594594
Estandar_normalizada	63.387978142076506	70.62706270627062	76.57992565055763
Dialectal	56.8075117370892	70.62706270627062	70.94594594594594
Dialectal_normalizada	63.387978142076506	70.62706270627062	76.57992565055763