Transcripcion	Levenstein	Orden	Parcial
Estandar	68.02030456852792	85.07462686567165	75.5813953488372
Estandar_normalizada	76.41509433962264	85.3475935828877	83.48837209302326
Dialectal	67.00854700854701	84.33476394849787	75.11627906976744
Dialectal_normalizada	75.38167938931298	84.60710441334768	82.55813953488372