Transcripcion	Levenstein	Orden	Parcial
Estandar	52.77777777777778	75.0	81.81818181818181
Estandar_normalizada	63.33333333333333	75.0	90.0
Dialectal	52.77777777777778	75.0	81.81818181818181
Dialectal_normalizada	63.33333333333333	75.0	90.0