Transcripcion	Levenstein	Orden	Parcial
Estandar	43.977591036414566	68.07692307692308	55.32786885245902
Estandar_normalizada	49.20634920634921	68.47195357833655	61.44067796610169
Dialectal	42.93785310734464	66.53771760154739	53.68852459016394
Dialectal_normalizada	48.07692307692307	66.92607003891051	59.7457627118644