Transcripcion	Levenstein	Orden	Parcial
Estandar	71.42082429501085	89.49522510231922	76.3550135501355
Estandar_normalizada	79.91347342398022	89.52575912657797	84.05898876404494
Dialectal	71.35105805751492	89.4575230296827	76.31311419857676
Dialectal_normalizada	79.83920841063699	89.48805460750853	84.05898876404494