Transcripcion	Levenstein	Orden	Parcial
Estandar	63.38893766461808	84.77043673012318	74.50549450549451
Estandar_normalizada	72.09072978303747	84.06285072951741	82.0754716981132
Dialectal	63.38893766461808	84.77043673012318	74.50549450549451
Dialectal_normalizada	72.09072978303747	84.06285072951741	82.0754716981132