Transcripcion	Levenstein	Orden	Parcial
Estandar	58.21138211382113	73.76185458377239	68.67335562987738
Estandar_normalizada	66.91312384473198	73.91763463569166	74.24593967517401
Dialectal	58.306188925081436	73.83966244725738	68.75
Dialectal_normalizada	67.03703703703704	73.99577167019027	74.3321718931475