Transcripcion	Levenstein	Orden	Parcial
Estandar	22.22222222222222	30.000000000000004	36.36363636363637
Estandar_normalizada	18.181818181818176	30.000000000000004	43.90243902439024
Dialectal	22.22222222222222	30.000000000000004	36.36363636363637
Dialectal_normalizada	18.181818181818176	30.000000000000004	43.90243902439024