Transcripcion	Levenstein	Orden	Parcial
Estandar	61.584158415841586	80.26490066225166	69.6969696969697
Estandar_normalizada	71.13636363636364	80.85106382978724	78.6743515850144
Dialectal	61.462450592885375	80.15873015873017	69.6969696969697
Dialectal_normalizada	70.97505668934241	80.74369189907038	78.6743515850144