Transcripcion	Levenstein	Orden	Parcial
Estandar	25.806451612903224	28.000000000000004	39.13043478260869
Estandar_normalizada	28.57142857142857	28.000000000000004	41.860465116279066
Dialectal	25.806451612903224	28.000000000000004	39.13043478260869
Dialectal_normalizada	28.57142857142857	28.000000000000004	41.860465116279066