Transcripcion	Levenstein	Orden	Parcial
Estandar	52.0	61.53846153846154	69.06474820143885
Estandar_normalizada	61.111111111111114	61.53846153846154	70.96774193548387
Dialectal	52.0	61.53846153846154	69.06474820143885
Dialectal_normalizada	61.111111111111114	61.53846153846154	70.96774193548387