Transcripcion	Levenstein	Orden	Parcial
Estandar	45.54973821989529	66.46341463414633	64.1025641025641
Estandar_normalizada	46.857142857142854	66.46341463414633	66.22950819672131
Dialectal	44.44444444444444	64.41717791411044	63.22580645161291
Dialectal_normalizada	45.66473988439307	64.41717791411044	65.34653465346535