Transcripcion	Levenstein	Orden	Parcial
Estandar	43.18181818181818	61.13989637305699	53.10734463276836
Estandar_normalizada	50.0	61.78010471204188	61.111111111111114
Dialectal	43.18181818181818	61.13989637305699	53.10734463276836
Dialectal_normalizada	50.0	61.78010471204188	61.111111111111114