Transcripcion	Levenstein	Orden	Parcial
Estandar	22.22222222222222	48.78048780487805	42.42424242424242
Estandar_normalizada	28.000000000000004	48.78048780487805	50.0
Dialectal	22.22222222222222	48.78048780487805	42.42424242424242
Dialectal_normalizada	28.000000000000004	48.78048780487805	50.0