Transcripcion	Levenstein	Orden	Parcial
Estandar	66.3265306122449	79.06976744186046	78.57142857142857
Estandar_normalizada	71.42857142857143	79.53216374269006	81.70731707317074
Dialectal	65.625	77.64705882352942	78.57142857142857
Dialectal_normalizada	70.78651685393258	78.10650887573965	81.70731707317074