Transcripcion	Levenstein	Orden	Parcial
Estandar	53.58649789029536	69.70509383378017	71.26436781609196
Estandar_normalizada	57.27699530516433	71.15902964959568	76.64670658682635
Dialectal	51.914893617021285	67.9245283018868	69.54022988505747
Dialectal_normalizada	55.92417061611374	69.37669376693766	74.8502994011976