Transcripcion	Levenstein	Orden	Parcial
Estandar	50.588235294117645	65.23809523809524	59.512195121951216
Estandar_normalizada	52.38095238095239	65.70743405275779	62.121212121212125
Dialectal	51.181102362204726	65.8711217183771	60.14669926650367
Dialectal_normalizada	53.04347826086957	66.34615384615384	62.755102040816325