Transcripcion	Levenstein	Orden	Parcial
Estandar	71.71052631578947	81.72043010752688	86.33093525179856
Estandar_normalizada	75.69444444444444	81.72043010752688	87.91208791208791
Dialectal	71.71052631578947	81.72043010752688	86.33093525179856
Dialectal_normalizada	75.69444444444444	81.72043010752688	87.91208791208791