Transcripcion	Levenstein	Orden	Parcial
Estandar	33.333333333333336	58.76777251184835	77.02702702702703
Estandar_normalizada	37.671232876712324	59.33014354066985	78.08219178082192
Dialectal	33.333333333333336	58.76777251184835	77.02702702702703
Dialectal_normalizada	37.671232876712324	59.33014354066985	78.08219178082192