Transcripcion	Levenstein	Orden	Parcial
Estandar	63.4567901234568	82.65895953757226	75.25925925925925
Estandar_normalizada	67.02412868632707	82.02898550724638	78.44311377245509
Dialectal	62.74999999999999	82.6783114992722	75.22388059701493
Dialectal_normalizada	66.30434782608697	82.04379562043795	78.43137254901961