Transcripcion	Levenstein	Orden	Parcial
Estandar	30.967741935483872	45.80152671755725	50.2092050209205
Estandar_normalizada	37.241379310344826	44.61538461538461	56.07476635514019
Dialectal	30.967741935483872	45.80152671755725	50.2092050209205
Dialectal_normalizada	37.241379310344826	44.61538461538461	56.07476635514019