Transcripcion	Levenstein	Orden	Parcial
Estandar	9.589041095890416	18.181818181818176	63.1578947368421
Estandar_normalizada	10.144927536231885	18.181818181818176	75.0
Dialectal	9.589041095890416	18.181818181818176	63.1578947368421
Dialectal_normalizada	10.144927536231885	18.181818181818176	75.0