Transcripcion	Levenstein	Orden	Parcial
Estandar	41.17647058823529	70.12987012987013	96.42857142857143
Estandar_normalizada	48.21428571428571	72.0	100.0
Dialectal	41.17647058823529	70.12987012987013	96.42857142857143
Dialectal_normalizada	48.21428571428571	72.0	100.0