Transcripcion	Levenstein	Orden	Parcial
Estandar	18.75	37.03703703703704	43.47826086956522
Estandar_normalizada	19.999999999999996	37.03703703703704	47.61904761904761
Dialectal	18.75	37.03703703703704	43.47826086956522
Dialectal_normalizada	19.999999999999996	37.03703703703704	47.61904761904761