Transcripcion	Levenstein	Orden	Parcial
Estandar	23.529411764705888	35.71428571428571	28.57142857142857
Estandar_normalizada	19.999999999999996	35.71428571428571	40.0
Dialectal	23.529411764705888	35.71428571428571	28.57142857142857
Dialectal_normalizada	19.999999999999996	35.71428571428571	40.0