Transcripcion	Levenstein	Orden	Parcial
Estandar	7.246376811594201	11.111111111111116	37.5
Estandar_normalizada	7.462686567164178	11.111111111111116	50.0
Dialectal	7.246376811594201	11.111111111111116	37.5
Dialectal_normalizada	7.462686567164178	11.111111111111116	50.0