Transcripcion	Levenstein	Orden	Parcial
Estandar	19.736842105263154	34.78260869565217	65.3061224489796
Estandar_normalizada	20.270270270270274	34.78260869565217	81.08108108108108
Dialectal	19.736842105263154	34.78260869565217	65.3061224489796
Dialectal_normalizada	20.270270270270274	34.78260869565217	81.08108108108108