Transcripcion	Levenstein	Orden	Parcial
Estandar	26.470588235294112	47.42951907131011	40.74074074074075
Estandar_normalizada	29.72292191435768	47.74624373956594	46.41350210970464
Dialectal	26.48401826484018	47.74624373956594	40.32921810699589
Dialectal_normalizada	29.77099236641222	48.067226890756295	46.41350210970464