Transcripcion	Levenstein	Orden	Parcial
Estandar	46.34146341463414	53.125	63.33333333333333
Estandar_normalizada	53.84615384615385	53.125	69.23076923076923
Dialectal	46.34146341463414	53.125	63.33333333333333
Dialectal_normalizada	53.84615384615385	53.125	69.23076923076923