Transcripcion	Levenstein	Orden	Parcial
Estandar	62.903225806451616	78.53658536585367	70.74468085106382
Estandar_normalizada	65.94827586206897	78.53658536585367	74.05405405405405
Dialectal	61.382113821138205	76.9607843137255	69.14893617021276
Dialectal_normalizada	63.91304347826087	76.9607843137255	72.97297297297297