Transcripcion	Levenstein	Orden	Parcial
Estandar	32.6530612244898	40.0	54.54545454545454
Estandar_normalizada	41.463414634146346	40.0	58.33333333333333
Dialectal	32.6530612244898	40.0	54.54545454545454
Dialectal_normalizada	41.463414634146346	40.0	58.33333333333333