Transcripcion	Levenstein	Orden	Parcial
Estandar	43.548387096774185	71.26436781609196	66.66666666666667
Estandar_normalizada	54.0	71.26436781609196	73.80952380952381
Dialectal	43.548387096774185	71.26436781609196	66.66666666666667
Dialectal_normalizada	54.0	71.26436781609196	73.80952380952381