Transcripcion	Levenstein	Orden	Parcial
Estandar	57.95454545454546	70.67669172932331	66.12903225806453
Estandar_normalizada	64.93506493506493	70.67669172932331	73.77049180327869
Dialectal	57.95454545454546	70.67669172932331	66.12903225806453
Dialectal_normalizada	64.93506493506493	70.67669172932331	73.77049180327869