Transcripcion	Levenstein	Orden	Parcial
Estandar	33.78378378378378	47.15447154471545	50.0
Estandar_normalizada	32.85714285714286	47.15447154471545	52.08333333333333
Dialectal	33.78378378378378	47.15447154471545	50.0
Dialectal_normalizada	32.85714285714286	47.15447154471545	52.08333333333333