Transcripcion	Levenstein	Orden	Parcial
Estandar	46.29898403483309	62.36162361623616	59.183673469387756
Estandar_normalizada	49.92175273865415	62.024141132776236	63.53944562899787
Dialectal	46.220930232558146	62.23453370267775	59.183673469387756
Dialectal_normalizada	49.84326018808778	61.89591078066914	63.53944562899787