Transcripcion	Levenstein	Orden	Parcial
Estandar	60.26936026936027	69.20152091254752	68.796992481203
Estandar_normalizada	64.02877697841727	69.33333333333334	73.33333333333334
Dialectal	60.40955631399317	68.5823754789272	69.17293233082707
Dialectal_normalizada	63.86861313868613	68.71401151631477	72.94117647058825