Transcripcion	Levenstein	Orden	Parcial
Estandar	45.833333333333336	55.072463768115945	59.25925925925925
Estandar_normalizada	51.162790697674424	55.072463768115945	73.91304347826086
Dialectal	45.833333333333336	55.072463768115945	59.25925925925925
Dialectal_normalizada	51.162790697674424	55.072463768115945	73.91304347826086