Transcripcion	Levenstein	Orden	Parcial
Estandar	40.0	63.888888888888886	59.85401459854014
Estandar_normalizada	43.42105263157895	63.888888888888886	63.1578947368421
Dialectal	40.50632911392405	62.93706293706294	60.29411764705883
Dialectal_normalizada	43.99999999999999	62.93706293706294	63.63636363636363