Transcripcion	Levenstein	Orden	Parcial
Estandar	51.28205128205128	77.89473684210526	77.27272727272727
Estandar_normalizada	68.33333333333333	77.89473684210526	90.69767441860466
Dialectal	51.28205128205128	77.89473684210526	77.27272727272727
Dialectal_normalizada	68.33333333333333	77.89473684210526	90.69767441860466