Transcripcion	Levenstein	Orden	Parcial
Estandar	47.82608695652174	60.97560975609756	62.857142857142854
Estandar_normalizada	50.0	60.97560975609756	65.67164179104478
Dialectal	47.82608695652174	60.97560975609756	62.857142857142854
Dialectal_normalizada	50.0	60.97560975609756	65.67164179104478