Transcripcion	Levenstein	Orden	Parcial
Estandar	9.836065573770492	19.68911917098446	36.92307692307693
Estandar_normalizada	10.77844311377245	19.895287958115183	36.92307692307693
Dialectal	9.836065573770492	19.68911917098446	36.92307692307693
Dialectal_normalizada	10.77844311377245	19.895287958115183	36.92307692307693