Transcripcion	Levenstein	Orden	Parcial
Estandar	15.686274509803921	35.71428571428571	44.99999999999999
Estandar_normalizada	21.95121951219512	37.03703703703704	48.64864864864865
Dialectal	15.686274509803921	35.71428571428571	44.99999999999999
Dialectal_normalizada	21.95121951219512	37.03703703703704	48.64864864864865