Transcripcion	Levenstein	Orden	Parcial
Estandar	27.4074074074074	37.254901960784316	42.553191489361694
Estandar_normalizada	30.508474576271183	36.633663366336634	45.97701149425287
Dialectal	26.865671641791046	37.4384236453202	42.78074866310161
Dialectal_normalizada	29.91452991452992	36.81592039800995	46.24277456647399