Transcripcion	Levenstein	Orden	Parcial
Estandar	17.391304347826086	20.68965517241379	47.05882352941176
Estandar_normalizada	13.636363636363635	20.68965517241379	42.85714285714286
Dialectal	17.391304347826086	20.68965517241379	47.05882352941176
Dialectal_normalizada	13.636363636363635	20.68965517241379	42.85714285714286