Transcripcion	Levenstein	Orden	Parcial
Estandar	43.333333333333336	64.64646464646464	65.4320987654321
Estandar_normalizada	50.0	64.9746192893401	73.20261437908498
Dialectal	43.333333333333336	64.64646464646464	65.4320987654321
Dialectal_normalizada	50.0	64.9746192893401	73.20261437908498