Transcripcion	Levenstein	Orden	Parcial
Estandar	10.526315789473683	21.78217821782178	36.0
Estandar_normalizada	14.102564102564108	24.489795918367353	41.666666666666664
Dialectal	10.526315789473683	21.78217821782178	36.0
Dialectal_normalizada	14.102564102564108	24.489795918367353	41.666666666666664