Transcripcion	Levenstein	Orden	Parcial
Estandar	42.85714285714286	54.90196078431373	56.52173913043479
Estandar_normalizada	45.16129032258065	54.90196078431373	60.24096385542168
Dialectal	42.85714285714286	54.90196078431373	56.52173913043479
Dialectal_normalizada	45.16129032258065	54.90196078431373	60.24096385542168