Transcripcion	Levenstein	Orden	Parcial
Estandar	28.2258064516129	41.0	42.6829268292683
Estandar_normalizada	26.363636363636367	41.20603015075377	46.25
Dialectal	28.2258064516129	41.0	42.6829268292683
Dialectal_normalizada	26.363636363636367	41.20603015075377	46.25