Transcripcion	Levenstein	Orden	Parcial
Estandar	19.999999999999996	52.94117647058824	43.47826086956522
Estandar_normalizada	19.999999999999996	52.94117647058824	54.54545454545454
Dialectal	19.999999999999996	52.94117647058824	43.47826086956522
Dialectal_normalizada	19.999999999999996	52.94117647058824	54.54545454545454