Transcripcion	Levenstein	Orden	Parcial
Estandar	80.76923076923077	94.73684210526316	90.9090909090909
Estandar_normalizada	87.75510204081633	94.73684210526316	91.66666666666666
Dialectal	80.76923076923077	94.73684210526316	90.9090909090909
Dialectal_normalizada	87.75510204081633	94.73684210526316	91.66666666666666