Transcripcion	Levenstein	Orden	Parcial
Estandar	27.27272727272727	48.484848484848484	39.39393939393939
Estandar_normalizada	30.23255813953488	48.484848484848484	48.14814814814815
Dialectal	27.27272727272727	48.484848484848484	39.39393939393939
Dialectal_normalizada	30.23255813953488	48.484848484848484	48.14814814814815