Transcripcion	Levenstein	Orden	Parcial
Estandar	27.586206896551722	39.13043478260869	40.90909090909091
Estandar_normalizada	29.629629629629626	39.13043478260869	44.99999999999999
Dialectal	27.586206896551722	39.13043478260869	40.90909090909091
Dialectal_normalizada	29.629629629629626	39.13043478260869	44.99999999999999