Transcripcion	Levenstein	Orden	Parcial
Estandar	11.864406779661019	18.181818181818176	36.36363636363637
Estandar_normalizada	12.06896551724138	18.181818181818176	44.44444444444444
Dialectal	11.864406779661019	18.181818181818176	36.36363636363637
Dialectal_normalizada	12.06896551724138	18.181818181818176	44.44444444444444