Transcripcion	Levenstein	Orden	Parcial
Estandar	21.999999999999996	53.333333333333336	44.827586206896555
Estandar_normalizada	28.57142857142857	49.572649572649574	50.45045045045045
Dialectal	21.999999999999996	53.333333333333336	44.827586206896555
Dialectal_normalizada	28.57142857142857	49.572649572649574	50.45045045045045