Transcripcion	Levenstein	Orden	Parcial
Estandar	26.315789473684216	48.0	45.45454545454546
Estandar_normalizada	35.29411764705882	48.0	55.55555555555556
Dialectal	26.315789473684216	48.0	45.45454545454546
Dialectal_normalizada	35.29411764705882	48.0	55.55555555555556