Transcripcion	Levenstein	Orden	Parcial
Estandar	71.73913043478262	95.38461538461537	78.78787878787878
Estandar_normalizada	81.57894736842105	95.38461538461537	88.13559322033898
Dialectal	67.34693877551021	91.17647058823529	76.47058823529412
Dialectal_normalizada	75.60975609756098	91.17647058823529	85.24590163934427