Transcripcion	Levenstein	Orden	Parcial
Estandar	52.17391304347826	81.35593220338984	71.26436781609196
Estandar_normalizada	60.75949367088608	82.05128205128204	77.64705882352942
Dialectal	52.17391304347826	81.35593220338984	71.26436781609196
Dialectal_normalizada	60.75949367088608	82.05128205128204	77.64705882352942