Transcripcion	Levenstein	Orden	Parcial
Estandar	16.176470588235293	38.35616438356164	34.375
Estandar_normalizada	24.52830188679245	39.43661971830986	40.74074074074075
Dialectal	16.176470588235293	38.35616438356164	34.375
Dialectal_normalizada	24.52830188679245	39.43661971830986	40.74074074074075