Transcripcion	Levenstein	Orden	Parcial
Estandar	59.09090909090908	87.5	76.47058823529412
Estandar_normalizada	77.77777777777779	87.5	87.5
Dialectal	59.09090909090908	87.5	76.47058823529412
Dialectal_normalizada	77.77777777777779	87.5	87.5