Transcripcion	Levenstein	Orden	Parcial
Estandar	3.2786885245901676	6.25	26.66666666666667
Estandar_normalizada	5.0847457627118615	6.25	50.0
Dialectal	3.2786885245901676	6.25	26.66666666666667
Dialectal_normalizada	5.0847457627118615	6.25	50.0