Transcripcion	Levenstein	Orden	Parcial
Estandar	9.090909090909093	25.6	35.71428571428571
Estandar_normalizada	13.888888888888884	26.66666666666667	38.46153846153846
Dialectal	9.090909090909093	25.6	35.71428571428571
Dialectal_normalizada	13.888888888888884	26.66666666666667	38.46153846153846