Transcripcion	Levenstein	Orden	Parcial
Estandar	58.46153846153845	76.28865979381443	86.36363636363636
Estandar_normalizada	66.66666666666667	76.28865979381443	86.04651162790698
Dialectal	58.46153846153845	76.28865979381443	86.36363636363636
Dialectal_normalizada	66.66666666666667	76.28865979381443	86.04651162790698