Transcripcion	Levenstein	Orden	Parcial
Estandar	18.032786885245898	28.57142857142857	55.00000000000001
Estandar_normalizada	23.913043478260864	28.57142857142857	61.111111111111114
Dialectal	18.032786885245898	28.57142857142857	55.00000000000001
Dialectal_normalizada	23.913043478260864	28.57142857142857	61.111111111111114