Transcripcion	Levenstein	Orden	Parcial
Estandar	57.00000000000001	72.69076305220882	67.36401673640167
Estandar_normalizada	62.76595744680851	72.43460764587526	72.12389380530973
Dialectal	57.00000000000001	72.69076305220882	67.36401673640167
Dialectal_normalizada	62.76595744680851	72.43460764587526	72.12389380530973