Transcripcion	Levenstein	Orden	Parcial
Estandar	14.942528735632187	28.000000000000004	50.0
Estandar_normalizada	15.476190476190476	28.000000000000004	66.66666666666667
Dialectal	14.942528735632187	28.000000000000004	50.0
Dialectal_normalizada	15.476190476190476	28.000000000000004	66.66666666666667