Transcripcion	Levenstein	Orden	Parcial
Estandar	66.66666666666667	67.05202312138728	80.23255813953489
Estandar_normalizada	70.96774193548387	67.05202312138728	82.14285714285714
Dialectal	64.0	66.66666666666667	79.06976744186046
Dialectal_normalizada	68.13186813186813	66.66666666666667	80.95238095238095