Transcripcion	Levenstein	Orden	Parcial
Estandar	10.526315789473683	27.77777777777778	26.66666666666667
Estandar_normalizada	17.85714285714286	22.857142857142854	33.333333333333336
Dialectal	10.526315789473683	27.77777777777778	26.66666666666667
Dialectal_normalizada	17.85714285714286	22.857142857142854	33.333333333333336