Transcripcion	Levenstein	Orden	Parcial
Estandar	57.49999999999999	84.21052631578947	88.88888888888889
Estandar_normalizada	70.58823529411764	84.21052631578947	92.3076923076923
Dialectal	57.49999999999999	84.21052631578947	88.88888888888889
Dialectal_normalizada	70.58823529411764	84.21052631578947	92.3076923076923