Transcripcion	Levenstein	Orden	Parcial
Estandar	24.590163934426236	32.98969072164949	33.76623376623377
Estandar_normalizada	24.590163934426236	32.98969072164949	35.61643835616438
Dialectal	24.590163934426236	32.98969072164949	33.76623376623377
Dialectal_normalizada	24.590163934426236	32.98969072164949	35.61643835616438