Transcripcion	Levenstein	Orden	Parcial
Estandar	17.391304347826086	38.46153846153846	33.333333333333336
Estandar_normalizada	21.052631578947366	38.46153846153846	50.0
Dialectal	17.391304347826086	38.46153846153846	33.333333333333336
Dialectal_normalizada	21.052631578947366	38.46153846153846	50.0