Transcripcion	Levenstein	Orden	Parcial
Estandar	22.22222222222222	47.27272727272728	38.53211009174312
Estandar_normalizada	30.000000000000004	47.27272727272728	61.53846153846154
Dialectal	22.22222222222222	47.27272727272728	38.53211009174312
Dialectal_normalizada	30.000000000000004	47.27272727272728	61.53846153846154