Transcripcion	Levenstein	Orden	Parcial
Estandar	52.9126213592233	79.1907514450867	67.22222222222223
Estandar_normalizada	60.752688172043015	79.42028985507247	73.90029325513197
Dialectal	52.9126213592233	79.1907514450867	67.22222222222223
Dialectal_normalizada	60.752688172043015	79.42028985507247	73.90029325513197