Transcripcion	Levenstein	Orden	Parcial
Estandar	44.927536231884055	45.669291338582674	57.851239669421496
Estandar_normalizada	48.529411764705884	45.669291338582674	58.82352941176471
Dialectal	44.927536231884055	45.669291338582674	57.851239669421496
Dialectal_normalizada	48.529411764705884	45.669291338582674	58.82352941176471