Transcripcion	Levenstein	Orden	Parcial
Estandar	55.311355311355314	77.31543624161074	63.76021798365122
Estandar_normalizada	65.35087719298245	77.31543624161074	72.48520710059172
Dialectal	54.34380776340111	75.94594594594595	62.67029972752043
Dialectal_normalizada	64.30155210643017	75.94594594594595	71.00591715976333