Transcripcion	Levenstein	Orden	Parcial
Estandar	72.2662440570523	86.073500967118	80.03913894324853
Estandar_normalizada	77.4869109947644	86.04651162790698	84.48979591836735
Dialectal	72.59615384615384	86.07594936708861	80.2348336594912
Dialectal_normalizada	77.73851590106007	85.85365853658537	84.48979591836735