Transcripcion	Levenstein	Orden	Parcial
Estandar	15.217391304347828	44.99999999999999	37.9746835443038
Estandar_normalizada	15.909090909090907	44.99999999999999	38.35616438356164
Dialectal	15.217391304347828	44.99999999999999	37.9746835443038
Dialectal_normalizada	15.909090909090907	44.99999999999999	38.35616438356164