Transcripcion	Levenstein	Orden	Parcial
Estandar	55.00000000000001	66.66666666666667	71.42857142857143
Estandar_normalizada	55.55555555555556	66.66666666666667	69.56521739130434
Dialectal	55.00000000000001	66.66666666666667	71.42857142857143
Dialectal_normalizada	55.55555555555556	66.66666666666667	69.56521739130434