Transcripcion	Levenstein	Orden	Parcial
Estandar	39.24050632911392	65.21739130434783	82.5
Estandar_normalizada	51.61290322580645	65.93406593406593	87.5
Dialectal	39.24050632911392	65.21739130434783	82.5
Dialectal_normalizada	51.61290322580645	65.93406593406593	87.5