Transcripcion	Levenstein	Orden	Parcial
Estandar	44.285714285714285	70.45454545454545	71.42857142857143
Estandar_normalizada	52.63157894736843	71.26436781609196	75.9493670886076
Dialectal	44.285714285714285	70.45454545454545	71.42857142857143
Dialectal_normalizada	52.63157894736843	71.26436781609196	75.9493670886076