Transcripcion	Levenstein	Orden	Parcial
Estandar	57.6271186440678	75.78947368421053	71.42857142857143
Estandar_normalizada	68.62745098039215	75.78947368421053	81.25
Dialectal	57.6271186440678	75.78947368421053	71.42857142857143
Dialectal_normalizada	68.62745098039215	75.78947368421053	81.25