Transcripcion	Levenstein	Orden	Parcial
Estandar	66.74473067915692	74.3732590529248	77.41935483870968
Estandar_normalizada	72.279792746114	74.3732590529248	81.69014084507043
Dialectal	66.74473067915692	74.3732590529248	77.41935483870968
Dialectal_normalizada	72.279792746114	74.3732590529248	81.69014084507043