Transcripcion	Levenstein	Orden	Parcial
Estandar	56.82242990654205	75.30864197530865	61.910828025477706
Estandar_normalizada	64.81876332622602	75.4017305315204	70.58823529411764
Dialectal	56.68549905838041	75.68238213399503	61.01265822784809
Dialectal_normalizada	64.73118279569893	75.77639751552795	70.85561497326202