Transcripcion	Levenstein	Orden	Parcial
Estandar	69.9367088607595	80.2348336594912	76.07843137254902
Estandar_normalizada	78.72340425531915	80.2348336594912	82.11382113821138
Dialectal	69.64856230031948	79.92125984251969	75.68627450980392
Dialectal_normalizada	78.49462365591397	79.92125984251969	82.52032520325203