Transcripcion	Levenstein	Orden	Parcial
Estandar	62.94642857142857	72.92817679558011	73.46938775510203
Estandar_normalizada	68.47290640394088	71.46814404432133	77.74294670846396
Dialectal	62.94642857142857	72.92817679558011	73.46938775510203
Dialectal_normalizada	68.47290640394088	71.46814404432133	77.74294670846396