Transcripcion	Levenstein	Orden	Parcial
Estandar	40.0	57.92349726775956	62.25165562913908
Estandar_normalizada	46.15384615384615	56.353591160220994	66.20689655172414
Dialectal	40.0	57.92349726775956	62.25165562913908
Dialectal_normalizada	46.15384615384615	56.353591160220994	66.20689655172414