Transcripcion	Levenstein	Orden	Parcial
Estandar	63.01969365426696	78.08417997097243	72.97297297297297
Estandar_normalizada	71.35678391959799	78.19767441860466	78.88198757763976
Dialectal	61.946902654867266	76.60818713450293	72.07207207207207
Dialectal_normalizada	70.2290076335878	76.7203513909224	78.26086956521739