Transcripcion	Levenstein	Orden	Parcial
Estandar	75.0	93.27354260089686	79.27927927927928
Estandar_normalizada	86.66666666666667	93.27354260089686	88.28828828828829
Dialectal	75.0	93.27354260089686	79.27927927927928
Dialectal_normalizada	86.66666666666667	93.27354260089686	88.28828828828829