Transcripcion	Levenstein	Orden	Parcial
Estandar	55.434782608695656	66.66666666666667	63.70370370370371
Estandar_normalizada	64.70588235294117	67.14285714285715	69.91869918699187
Dialectal	55.434782608695656	66.66666666666667	63.70370370370371
Dialectal_normalizada	64.70588235294117	67.14285714285715	69.91869918699187