Transcripcion	Levenstein	Orden	Parcial
Estandar	39.682539682539684	59.09090909090908	61.904761904761905
Estandar_normalizada	52.94117647058824	59.09090909090908	71.42857142857143
Dialectal	39.682539682539684	59.09090909090908	61.904761904761905
Dialectal_normalizada	52.94117647058824	59.09090909090908	71.42857142857143