Transcripcion	Levenstein	Orden	Parcial
Estandar	23.076923076923073	37.2093023255814	38.888888888888886
Estandar_normalizada	20.833333333333336	37.2093023255814	41.17647058823529
Dialectal	23.076923076923073	37.2093023255814	38.888888888888886
Dialectal_normalizada	20.833333333333336	37.2093023255814	41.17647058823529