Transcripcion	Levenstein	Orden	Parcial
Estandar	52.078774617067836	71.7948717948718	63.80208333333333
Estandar_normalizada	56.86274509803921	71.35135135135135	70.0
Dialectal	51.64835164835164	71.98917456021651	63.80208333333333
Dialectal_normalizada	56.40394088669951	71.54471544715447	69.72222222222221