Transcripcion	Levenstein	Orden	Parcial
Estandar	12.037037037037035	21.311475409836067	55.55555555555556
Estandar_normalizada	13.08411214953271	21.311475409836067	50.0
Dialectal	12.037037037037035	21.311475409836067	55.55555555555556
Dialectal_normalizada	13.08411214953271	21.311475409836067	50.0