Transcripcion	Levenstein	Orden	Parcial
Estandar	13.186813186813184	25.287356321839084	47.36842105263158
Estandar_normalizada	16.666666666666664	25.287356321839084	48.0
Dialectal	13.186813186813184	25.287356321839084	47.36842105263158
Dialectal_normalizada	16.666666666666664	25.287356321839084	48.0