Transcripcion	Levenstein	Orden	Parcial
Estandar	57.64411027568923	75.69786535303777	64.84641638225256
Estandar_normalizada	63.77840909090908	75.82236842105263	71.42857142857143
Dialectal	57.25094577553593	75.35037098103875	64.50511945392492
Dialectal_normalizada	63.37625178826896	75.47481420313791	71.25