Transcripcion	Levenstein	Orden	Parcial
Estandar	50.943396226415096	65.57971014492753	67.59581881533101
Estandar_normalizada	56.29139072847682	65.57971014492753	72.45283018867926
Dialectal	50.943396226415096	65.57971014492753	67.59581881533101
Dialectal_normalizada	56.29139072847682	65.57971014492753	72.45283018867926