Transcripcion	Levenstein	Orden	Parcial
Estandar	8.64197530864198	13.793103448275868	27.77777777777778
Estandar_normalizada	9.999999999999998	13.793103448275868	46.15384615384615
Dialectal	8.64197530864198	13.793103448275868	27.77777777777778
Dialectal_normalizada	9.999999999999998	13.793103448275868	46.15384615384615