Transcripcion	Levenstein	Orden	Parcial
Estandar	74.69879518072288	87.41721854304636	85.71428571428572
Estandar_normalizada	81.81818181818181	87.41721854304636	89.33333333333333
Dialectal	74.69879518072288	87.41721854304636	85.71428571428572
Dialectal_normalizada	81.81818181818181	87.41721854304636	89.33333333333333