Transcripcion	Levenstein	Orden	Parcial
Estandar	13.207547169811317	40.0	37.5
Estandar_normalizada	15.217391304347828	40.0	37.5
Dialectal	13.207547169811317	40.0	37.5
Dialectal_normalizada	15.217391304347828	40.0	37.5