Transcripcion	Levenstein	Orden	Parcial
Estandar	77.90697674418605	97.05882352941177	87.5
Estandar_normalizada	89.1891891891892	97.05882352941177	93.33333333333333
Dialectal	77.90697674418605	97.05882352941177	87.5
Dialectal_normalizada	89.1891891891892	97.05882352941177	93.33333333333333