Transcripcion	Levenstein	Orden	Parcial
Estandar	38.23529411764706	54.385964912280706	57.65765765765766
Estandar_normalizada	43.333333333333336	56.63716814159292	62.13592233009708
Dialectal	38.23529411764706	54.385964912280706	57.65765765765766
Dialectal_normalizada	43.333333333333336	56.63716814159292	62.13592233009708