Transcripcion	Levenstein	Orden	Parcial
Estandar	9.756097560975608	16.43835616438356	60.0
Estandar_normalizada	9.999999999999998	16.901408450704224	66.66666666666667
Dialectal	9.756097560975608	16.43835616438356	60.0
Dialectal_normalizada	9.999999999999998	16.901408450704224	66.66666666666667