Transcripcion	Levenstein	Orden	Parcial
Estandar	11.111111111111116	22.22222222222222	33.333333333333336
Estandar_normalizada	14.28571428571429	22.22222222222222	33.333333333333336
Dialectal	11.111111111111116	22.22222222222222	33.333333333333336
Dialectal_normalizada	14.28571428571429	22.22222222222222	33.333333333333336