Transcripcion	Levenstein	Orden	Parcial
Estandar	19.444444444444443	30.434782608695656	43.75
Estandar_normalizada	21.875	30.434782608695656	43.75
Dialectal	19.444444444444443	30.434782608695656	43.75
Dialectal_normalizada	21.875	30.434782608695656	43.75