Transcripcion	Levenstein	Orden	Parcial
Estandar	9.090909090909093	17.85714285714286	37.5
Estandar_normalizada	9.090909090909093	17.85714285714286	42.85714285714286
Dialectal	8.080808080808078	16.216216216216218	40.0
Dialectal_normalizada	8.080808080808078	16.216216216216218	38.46153846153846