Transcripcion	Levenstein	Orden	Parcial
Estandar	87.75510204081633	94.6236559139785	93.61702127659575
Estandar_normalizada	89.58333333333334	94.6236559139785	94.5054945054945
Dialectal	87.75510204081633	94.6236559139785	93.61702127659575
Dialectal_normalizada	89.58333333333334	94.6236559139785	94.5054945054945