Transcripcion	Levenstein	Orden	Parcial
Estandar	55.88235294117647	75.51020408163265	82.92682926829268
Estandar_normalizada	65.0	75.51020408163265	90.2439024390244
Dialectal	55.88235294117647	75.51020408163265	82.92682926829268
Dialectal_normalizada	65.0	75.51020408163265	90.2439024390244