Transcripcion	Levenstein	Orden	Parcial
Estandar	64.6788990825688	79.3201133144476	70.23809523809523
Estandar_normalizada	70.5	78.85714285714286	74.53416149068323
Dialectal	64.6788990825688	79.3201133144476	70.23809523809523
Dialectal_normalizada	70.5	78.85714285714286	74.53416149068323