Transcripcion	Levenstein	Orden	Parcial
Estandar	71.42857142857143	80.6282722513089	73.26732673267327
Estandar_normalizada	78.64077669902912	80.6282722513089	81.25
Dialectal	71.42857142857143	80.6282722513089	73.26732673267327
Dialectal_normalizada	78.64077669902912	80.6282722513089	81.25