Transcripcion	Levenstein	Orden	Parcial
Estandar	74.62686567164178	82.64462809917356	82.53968253968253
Estandar_normalizada	79.36507936507937	82.64462809917356	84.40366972477065
Dialectal	74.62686567164178	82.64462809917356	82.53968253968253
Dialectal_normalizada	79.36507936507937	82.64462809917356	84.40366972477065