Transcripcion	Levenstein	Orden	Parcial
Estandar	52.77777777777778	81.42857142857143	65.99999999999999
Estandar_normalizada	64.83516483516483	82.01438848920863	72.0
Dialectal	52.77777777777778	81.42857142857143	65.99999999999999
Dialectal_normalizada	64.83516483516483	82.01438848920863	72.0