Transcripcion	Levenstein	Orden	Parcial
Estandar	42.52873563218391	73.8562091503268	63.18840579710145
Estandar_normalizada	48.466257668711656	73.92739273927393	77.65567765567766
Dialectal	42.52873563218391	73.8562091503268	63.18840579710145
Dialectal_normalizada	48.466257668711656	73.92739273927393	77.65567765567766