Transcripcion	Levenstein	Orden	Parcial
Estandar	67.64705882352942	90.19607843137256	88.88888888888889
Estandar_normalizada	85.71428571428572	90.19607843137256	96.15384615384616
Dialectal	67.64705882352942	90.19607843137256	88.88888888888889
Dialectal_normalizada	85.71428571428572	90.19607843137256	96.15384615384616