Transcripcion	Levenstein	Orden	Parcial
Estandar	65.88235294117646	68.57142857142857	75.36231884057972
Estandar_normalizada	71.42857142857143	68.57142857142857	79.69924812030075
Dialectal	65.88235294117646	68.57142857142857	75.36231884057972
Dialectal_normalizada	71.42857142857143	68.57142857142857	79.69924812030075