Transcripcion	Levenstein	Orden	Parcial
Estandar	80.95238095238095	89.24731182795699	86.73469387755102
Estandar_normalizada	89.69072164948454	89.24731182795699	92.47311827956989
Dialectal	80.95238095238095	89.24731182795699	86.73469387755102
Dialectal_normalizada	89.69072164948454	89.24731182795699	92.47311827956989