Transcripcion	Levenstein	Orden	Parcial
Estandar	32.69689737470167	71.63742690058479	69.18032786885246
Estandar_normalizada	34.97409326424871	71.74231332357249	73.4982332155477
Dialectal	32.613908872901675	71.5542521994135	68.75
Dialectal_normalizada	34.895833333333336	71.65932452276064	73.04964539007092