Transcripcion	Levenstein	Orden	Parcial
Estandar	53.75	76.19047619047619	80.32786885245902
Estandar_normalizada	58.57142857142856	76.19047619047619	80.32786885245902
Dialectal	53.75	76.19047619047619	80.32786885245902
Dialectal_normalizada	58.57142857142856	76.19047619047619	80.32786885245902