Transcripcion	Levenstein	Orden	Parcial
Estandar	48.35164835164834	63.503649635036496	58.400000000000006
Estandar_normalizada	57.31707317073172	63.23529411764706	67.22689075630252
Dialectal	48.35164835164834	63.503649635036496	58.400000000000006
Dialectal_normalizada	57.31707317073172	63.23529411764706	67.22689075630252