Transcripcion	Levenstein	Orden	Parcial
Estandar	67.09219858156028	78.79295892707461	73.46938775510203
Estandar_normalizada	71.53846153846153	78.69127516778524	77.03180212014135
Dialectal	67.43515850144092	78.84940778341793	73.80952380952381
Dialectal_normalizada	71.83098591549295	78.74682472480949	77.3851590106007