Transcripcion	Levenstein	Orden	Parcial
Estandar	22.857142857142854	36.36363636363637	41.860465116279066
Estandar_normalizada	27.27272727272727	36.36363636363637	51.06382978723405
Dialectal	22.857142857142854	36.36363636363637	41.860465116279066
Dialectal_normalizada	27.27272727272727	36.36363636363637	51.06382978723405