Transcripcion	Levenstein	Orden	Parcial
Estandar	69.44444444444444	79.3103448275862	86.20689655172413
Estandar_normalizada	78.125	79.3103448275862	92.85714285714286
Dialectal	69.44444444444444	79.3103448275862	86.20689655172413
Dialectal_normalizada	78.125	79.3103448275862	92.85714285714286