Transcripcion	Levenstein	Orden	Parcial
Estandar	51.92307692307692	64.19753086419753	79.48717948717949
Estandar_normalizada	56.52173913043479	64.19753086419753	78.94736842105263
Dialectal	51.92307692307692	64.19753086419753	79.48717948717949
Dialectal_normalizada	56.52173913043479	64.19753086419753	78.94736842105263