Transcripcion	Levenstein	Orden	Parcial
Estandar	70.26022304832713	80.0	82.560706401766
Estandar_normalizada	76.11336032388664	80.0	88.3177570093458
Dialectal	70.67669172932331	80.53691275167785	83.11111111111111
Dialectal_normalizada	76.63934426229508	80.53691275167785	89.2018779342723