Transcripcion	Levenstein	Orden	Parcial
Estandar	52.94117647058824	58.53658536585367	63.41463414634146
Estandar_normalizada	60.0	58.53658536585367	70.0
Dialectal	52.94117647058824	58.53658536585367	63.41463414634146
Dialectal_normalizada	60.0	58.53658536585367	70.0