Transcripcion	Levenstein	Orden	Parcial
Estandar	23.076923076923073	45.45454545454546	41.628959276018094
Estandar_normalizada	26.388888888888886	44.106463878327	46.15384615384615
Dialectal	23.076923076923073	45.45454545454546	41.628959276018094
Dialectal_normalizada	26.388888888888886	44.106463878327	46.15384615384615