Transcripcion	Levenstein	Orden	Parcial
Estandar	20.833333333333336	40.0	50.0
Estandar_normalizada	30.000000000000004	40.0	50.0
Dialectal	20.833333333333336	40.0	50.0
Dialectal_normalizada	30.000000000000004	40.0	50.0