Transcripcion	Levenstein	Orden	Parcial
Estandar	52.43243243243243	72.14076246334311	67.76859504132231
Estandar_normalizada	56.424581005586596	72.14076246334311	69.32515337423312
Dialectal	52.43243243243243	72.14076246334311	67.76859504132231
Dialectal_normalizada	56.424581005586596	72.14076246334311	69.32515337423312