Transcripcion	Levenstein	Orden	Parcial
Estandar	17.948717948717952	27.906976744186053	60.0
Estandar_normalizada	18.918918918918916	27.906976744186053	93.33333333333333
Dialectal	17.948717948717952	27.906976744186053	60.0
Dialectal_normalizada	18.918918918918916	27.906976744186053	93.33333333333333