Transcripcion	Levenstein	Orden	Parcial
Estandar	62.22222222222222	81.57894736842105	83.78378378378379
Estandar_normalizada	69.76744186046511	81.57894736842105	92.7536231884058
Dialectal	62.22222222222222	81.57894736842105	83.78378378378379
Dialectal_normalizada	69.76744186046511	81.57894736842105	92.7536231884058