Transcripcion	Levenstein	Orden	Parcial
Estandar	5.633802816901412	15.384615384615385	50.0
Estandar_normalizada	7.936507936507942	15.384615384615385	60.0
Dialectal	5.633802816901412	15.384615384615385	50.0
Dialectal_normalizada	7.936507936507942	15.384615384615385	60.0