Transcripcion	Levenstein	Orden	Parcial
Estandar	21.71052631578947	67.16417910447761	63.45381526104418
Estandar_normalizada	25.874125874125873	67.16417910447761	68.42105263157895
Dialectal	21.71052631578947	67.16417910447761	63.45381526104418
Dialectal_normalizada	25.874125874125873	67.16417910447761	68.42105263157895