Transcripcion	Levenstein	Orden	Parcial
Estandar	27.118644067796616	41.30434782608695	44.18604651162791
Estandar_normalizada	30.188679245283023	41.30434782608695	48.78048780487805
Dialectal	25.86206896551724	41.75824175824175	44.18604651162791
Dialectal_normalizada	28.846153846153843	41.75824175824175	48.78048780487805