Transcripcion	Levenstein	Orden	Parcial
Estandar	57.14285714285714	87.8048780487805	90.0
Estandar_normalizada	62.5	87.8048780487805	94.44444444444444
Dialectal	57.14285714285714	87.8048780487805	90.0
Dialectal_normalizada	62.5	87.8048780487805	94.44444444444444