Transcripcion	Levenstein	Orden	Parcial
Estandar	79.16666666666666	77.10843373493977	92.85714285714286
Estandar_normalizada	86.36363636363636	77.10843373493977	92.6829268292683
Dialectal	79.16666666666666	77.10843373493977	92.85714285714286
Dialectal_normalizada	86.36363636363636	77.10843373493977	92.6829268292683