Transcripcion	Levenstein	Orden	Parcial
Estandar	46.464646464646464	53.59477124183007	61.42857142857143
Estandar_normalizada	55.172413793103445	53.333333333333336	68.25396825396825
Dialectal	46.464646464646464	53.59477124183007	61.42857142857143
Dialectal_normalizada	55.172413793103445	53.333333333333336	68.25396825396825