Transcripcion	Levenstein	Orden	Parcial
Estandar	79.41176470588236	94.01709401709401	93.22033898305084
Estandar_normalizada	87.09677419354838	94.01709401709401	96.49122807017544
Dialectal	79.41176470588236	94.01709401709401	93.22033898305084
Dialectal_normalizada	87.09677419354838	94.01709401709401	96.49122807017544