Transcripcion	Levenstein	Orden	Parcial
Estandar	46.79802955665024	61.81818181818181	70.84870848708486
Estandar_normalizada	51.28205128205128	61.81818181818181	77.32342007434944
Dialectal	46.79802955665024	61.81818181818181	70.84870848708486
Dialectal_normalizada	51.28205128205128	61.81818181818181	77.32342007434944