Transcripcion	Levenstein	Orden	Parcial
Estandar	37.5	46.15384615384615	50.0
Estandar_normalizada	39.28571428571429	46.15384615384615	52.17391304347826
Dialectal	37.5	46.15384615384615	50.0
Dialectal_normalizada	39.28571428571429	46.15384615384615	52.17391304347826