Transcripcion	Levenstein	Orden	Parcial
Estandar	25.0	38.62068965517241	49.48453608247423
Estandar_normalizada	26.0	40.27777777777778	52.5
Dialectal	25.49019607843137	39.16083916083915	48.837209302325576
Dialectal_normalizada	26.530612244897956	40.845070422535215	52.5