Transcripcion	Levenstein	Orden	Parcial
Estandar	56.98924731182795	83.91608391608392	77.38095238095238
Estandar_normalizada	72.72727272727273	83.91608391608392	88.27586206896552
Dialectal	56.98924731182795	83.91608391608392	77.38095238095238
Dialectal_normalizada	72.72727272727273	83.91608391608392	88.27586206896552