Transcripcion	Levenstein	Orden	Parcial
Estandar	56.666666666666664	80.0	84.21052631578947
Estandar_normalizada	66.66666666666667	80.0	88.88888888888889
Dialectal	56.666666666666664	80.0	84.21052631578947
Dialectal_normalizada	66.66666666666667	80.0	88.88888888888889