Transcripcion	Levenstein	Orden	Parcial
Estandar	22.857142857142854	37.83783783783784	75.0
Estandar_normalizada	27.586206896551722	37.83783783783784	80.0
Dialectal	22.857142857142854	37.83783783783784	75.0
Dialectal_normalizada	27.586206896551722	37.83783783783784	80.0