Transcripcion	Levenstein	Orden	Parcial
Estandar	66.66666666666667	88.31168831168831	89.1891891891892
Estandar_normalizada	75.55555555555556	88.31168831168831	94.28571428571428
Dialectal	66.66666666666667	88.31168831168831	89.1891891891892
Dialectal_normalizada	75.55555555555556	88.31168831168831	94.28571428571428