Transcripcion	Levenstein	Orden	Parcial
Estandar	63.01369863013699	73.85892116182573	73.25102880658436
Estandar_normalizada	70.54263565891472	74.16666666666667	79.66101694915254
Dialectal	63.01369863013699	73.85892116182573	73.25102880658436
Dialectal_normalizada	70.54263565891472	74.16666666666667	79.66101694915254