Transcripcion	Levenstein	Orden	Parcial
Estandar	62.745098039215684	82.4524312896406	68.12227074235808
Estandar_normalizada	73.23420074349443	82.62711864406779	76.81818181818181
Dialectal	62.745098039215684	82.4524312896406	68.12227074235808
Dialectal_normalizada	73.23420074349443	82.62711864406779	76.81818181818181