Transcripcion	Levenstein	Orden	Parcial
Estandar	82.0	96.62921348314607	90.72164948453609
Estandar_normalizada	91.30434782608697	96.62921348314607	95.55555555555556
Dialectal	82.0	96.62921348314607	90.72164948453609
Dialectal_normalizada	91.30434782608697	96.62921348314607	95.55555555555556