Transcripcion	Levenstein	Orden	Parcial
Estandar	19.354838709677423	35.84905660377359	36.170212765957444
Estandar_normalizada	19.999999999999996	36.1904761904762	41.379310344827594
Dialectal	19.354838709677423	35.84905660377359	36.170212765957444
Dialectal_normalizada	19.999999999999996	36.1904761904762	41.379310344827594