Transcripcion	Levenstein	Orden	Parcial
Estandar	73.52941176470588	92.17391304347827	83.60655737704919
Estandar_normalizada	85.0	92.17391304347827	89.83050847457628
Dialectal	73.52941176470588	92.17391304347827	83.60655737704919
Dialectal_normalizada	85.0	92.17391304347827	89.83050847457628