Transcripcion	Levenstein	Orden	Parcial
Estandar	61.6504854368932	72.28915662650603	68.39080459770115
Estandar_normalizada	68.30601092896174	72.50755287009063	76.3076923076923
Dialectal	61.6504854368932	72.28915662650603	68.39080459770115
Dialectal_normalizada	68.30601092896174	72.50755287009063	76.3076923076923