Transcripcion	Levenstein	Orden	Parcial
Estandar	44.99999999999999	62.62626262626263	65.97938144329896
Estandar_normalizada	46.42857142857143	62.62626262626263	67.41573033707866
Dialectal	44.99999999999999	62.62626262626263	65.97938144329896
Dialectal_normalizada	46.42857142857143	62.62626262626263	67.41573033707866