Transcripcion	Levenstein	Orden	Parcial
Estandar	72.24199288256227	83.47107438016529	81.85483870967742
Estandar_normalizada	78.76447876447877	83.47107438016529	87.71186440677965
Dialectal	71.32616487455196	83.81742738589212	81.85483870967742
Dialectal_normalizada	77.82101167315176	83.81742738589212	86.86440677966102