Transcripcion	Levenstein	Orden	Parcial
Estandar	37.68115942028986	55.10204081632652	73.23943661971832
Estandar_normalizada	41.269841269841265	55.10204081632652	81.15942028985508
Dialectal	37.68115942028986	55.10204081632652	73.23943661971832
Dialectal_normalizada	41.269841269841265	55.10204081632652	81.15942028985508