Transcripcion	Levenstein	Orden	Parcial
Estandar	58.33333333333333	65.21739130434783	63.52201257861636
Estandar_normalizada	65.0	65.21739130434783	72.54901960784314
Dialectal	58.33333333333333	65.21739130434783	63.52201257861636
Dialectal_normalizada	65.0	65.21739130434783	72.54901960784314