Transcripcion	Levenstein	Orden	Parcial
Estandar	55.769230769230774	68.42105263157895	71.7948717948718
Estandar_normalizada	62.7906976744186	68.42105263157895	81.08108108108108
Dialectal	55.769230769230774	68.42105263157895	71.7948717948718
Dialectal_normalizada	62.7906976744186	68.42105263157895	81.08108108108108