Transcripcion	Levenstein	Orden	Parcial
Estandar	72.86821705426357	82.09606986899564	80.25751072961373
Estandar_normalizada	76.76348547717842	82.27571115973743	83.85650224215246
Dialectal	72.86821705426357	82.09606986899564	80.25751072961373
Dialectal_normalizada	76.76348547717842	82.27571115973743	83.85650224215246