Transcripcion	Levenstein	Orden	Parcial
Estandar	22.033898305084744	43.99999999999999	40.476190476190474
Estandar_normalizada	21.818181818181813	44.44444444444444	46.15384615384615
Dialectal	22.807017543859654	44.89795918367348	40.476190476190474
Dialectal_normalizada	22.64150943396226	45.36082474226804	46.15384615384615