Transcripcion	Levenstein	Orden	Parcial
Estandar	64.33333333333333	70.38461538461537	75.0915750915751
Estandar_normalizada	69.14498141263941	70.15503875968993	80.45540796963947
Dialectal	64.33333333333333	70.38461538461537	75.0915750915751
Dialectal_normalizada	69.14498141263941	70.15503875968993	80.45540796963947