Transcripcion	Levenstein	Orden	Parcial
Estandar	60.18518518518518	74.84662576687117	63.095238095238095
Estandar_normalizada	71.11111111111111	74.84662576687117	78.04878048780488
Dialectal	60.18518518518518	74.84662576687117	63.095238095238095
Dialectal_normalizada	71.11111111111111	74.84662576687117	78.04878048780488