Transcripcion	Levenstein	Orden	Parcial
Estandar	57.57575757575757	71.84466019417476	76.08695652173914
Estandar_normalizada	65.0	71.84466019417476	84.78260869565217
Dialectal	57.57575757575757	71.84466019417476	76.08695652173914
Dialectal_normalizada	65.0	71.84466019417476	84.78260869565217