Transcripcion	Levenstein	Orden	Parcial
Estandar	37.03703703703704	44.99999999999999	50.0
Estandar_normalizada	34.61538461538461	44.99999999999999	52.17391304347826
Dialectal	37.03703703703704	44.99999999999999	50.0
Dialectal_normalizada	34.61538461538461	44.99999999999999	52.17391304347826