Transcripcion	Levenstein	Orden	Parcial
Estandar	20.192307692307686	42.96296296296296	48.78048780487805
Estandar_normalizada	22.10526315789474	43.28358208955224	55.696202531645575
Dialectal	20.192307692307686	42.96296296296296	48.78048780487805
Dialectal_normalizada	22.10526315789474	43.28358208955224	55.696202531645575