Transcripcion	Levenstein	Orden	Parcial
Estandar	14.28571428571429	28.57142857142857	44.99999999999999
Estandar_normalizada	17.1875	28.57142857142857	47.36842105263158
Dialectal	14.28571428571429	28.57142857142857	44.99999999999999
Dialectal_normalizada	17.1875	28.57142857142857	47.36842105263158