Transcripcion	Levenstein	Orden	Parcial
Estandar	43.69747899159664	67.66467065868264	58.778625954198475
Estandar_normalizada	49.07407407407407	68.07228915662651	63.11475409836065
Dialectal	43.69747899159664	67.66467065868264	58.778625954198475
Dialectal_normalizada	49.07407407407407	68.07228915662651	63.11475409836065