Transcripcion	Levenstein	Orden	Parcial
Estandar	47.87234042553191	53.24675324675325	60.56338028169015
Estandar_normalizada	50.56179775280899	53.24675324675325	64.17910447761194
Dialectal	47.87234042553191	53.24675324675325	60.56338028169015
Dialectal_normalizada	50.56179775280899	53.24675324675325	64.17910447761194