Transcripcion	Levenstein	Orden	Parcial
Estandar	70.45454545454545	88.23529411764706	92.53731343283582
Estandar_normalizada	75.0	88.23529411764706	96.66666666666667
Dialectal	70.45454545454545	88.23529411764706	92.53731343283582
Dialectal_normalizada	75.0	88.23529411764706	96.66666666666667