Transcripcion	Levenstein	Orden	Parcial
Estandar	54.54545454545454	76.66666666666666	71.42857142857143
Estandar_normalizada	63.51351351351351	76.66666666666666	81.13207547169812
Dialectal	54.54545454545454	76.66666666666666	71.42857142857143
Dialectal_normalizada	63.51351351351351	76.66666666666666	81.13207547169812