Transcripcion	Levenstein	Orden	Parcial
Estandar	28.57142857142857	34.48275862068966	40.0
Estandar_normalizada	23.529411764705888	34.48275862068966	41.666666666666664
Dialectal	28.57142857142857	34.48275862068966	40.0
Dialectal_normalizada	23.529411764705888	34.48275862068966	41.666666666666664