Transcripcion	Levenstein	Orden	Parcial
Estandar	71.00840336134453	91.06628242074927	75.56818181818181
Estandar_normalizada	79.10447761194031	91.06628242074927	81.70731707317074
Dialectal	71.30801687763713	91.32947976878613	76.13636363636364
Dialectal_normalizada	79.5	91.32947976878613	82.31707317073172