Transcripcion	Levenstein	Orden	Parcial
Estandar	30.35714285714286	51.06382978723405	51.685393258426956
Estandar_normalizada	28.846153846153843	51.06382978723405	52.87356321839081
Dialectal	30.35714285714286	51.06382978723405	51.685393258426956
Dialectal_normalizada	28.846153846153843	51.06382978723405	52.87356321839081