Transcripcion	Levenstein	Orden	Parcial
Estandar	49.25373134328358	62.62626262626263	72.72727272727273
Estandar_normalizada	55.93220338983051	62.62626262626263	77.27272727272727
Dialectal	49.25373134328358	62.62626262626263	72.72727272727273
Dialectal_normalizada	55.93220338983051	62.62626262626263	77.27272727272727