Transcripcion	Levenstein	Orden	Parcial
Estandar	20.588235294117652	39.21568627450981	41.30434782608695
Estandar_normalizada	21.42857142857143	39.21568627450981	46.464646464646464
Dialectal	20.588235294117652	39.21568627450981	41.30434782608695
Dialectal_normalizada	21.42857142857143	39.21568627450981	46.464646464646464