Transcripcion	Levenstein	Orden	Parcial
Estandar	47.05882352941176	50.27932960893855	62.745098039215684
Estandar_normalizada	48.0	50.27932960893855	63.576158940397356
Dialectal	47.05882352941176	50.27932960893855	62.745098039215684
Dialectal_normalizada	48.0	50.27932960893855	63.576158940397356