Transcripcion	Levenstein	Orden	Parcial
Estandar	21.250000000000004	40.77669902912622	57.14285714285714
Estandar_normalizada	21.794871794871796	40.77669902912622	61.53846153846154
Dialectal	21.250000000000004	40.77669902912622	57.14285714285714
Dialectal_normalizada	21.794871794871796	40.77669902912622	61.53846153846154