Transcripcion	Levenstein	Orden	Parcial
Estandar	5.555555555555558	9.523809523809524	19.999999999999996
Estandar_normalizada	6.25	9.523809523809524	28.57142857142857
Dialectal	5.555555555555558	9.523809523809524	19.999999999999996
Dialectal_normalizada	6.25	9.523809523809524	28.57142857142857