Transcripcion	Levenstein	Orden	Parcial
Estandar	49.80392156862745	66.32911392405063	67.72486772486772
Estandar_normalizada	55.50660792951542	66.66666666666667	71.42857142857143
Dialectal	49.80392156862745	66.32911392405063	67.72486772486772
Dialectal_normalizada	55.50660792951542	66.66666666666667	71.42857142857143