Transcripcion	Levenstein	Orden	Parcial
Estandar	64.20118343195267	77.56653992395437	76.49402390438247
Estandar_normalizada	70.72368421052632	77.86259541984732	80.99173553719008
Dialectal	64.20118343195267	77.56653992395437	76.49402390438247
Dialectal_normalizada	70.72368421052632	77.86259541984732	80.99173553719008