Transcripcion	Levenstein	Orden	Parcial
Estandar	62.28070175438596	75.77319587628865	76.6497461928934
Estandar_normalizada	65.87677725118483	75.96899224806202	79.7872340425532
Dialectal	63.111111111111114	76.36363636363637	76.6497461928934
Dialectal_normalizada	66.82692307692308	76.5625	79.7872340425532