Transcripcion	Levenstein	Orden	Parcial
Estandar	13.33333333333333	25.0	46.15384615384615
Estandar_normalizada	15.384615384615385	25.0	46.15384615384615
Dialectal	13.33333333333333	25.0	46.15384615384615
Dialectal_normalizada	15.384615384615385	25.0	46.15384615384615