Transcripcion	Levenstein	Orden	Parcial
Estandar	43.35260115606936	63.63636363636363	78.02197802197803
Estandar_normalizada	47.79874213836478	63.63636363636363	83.33333333333334
Dialectal	43.35260115606936	63.63636363636363	78.02197802197803
Dialectal_normalizada	47.79874213836478	63.63636363636363	83.33333333333334