Transcripcion	Levenstein	Orden	Parcial
Estandar	36.93379790940766	55.19125683060109	55.3030303030303
Estandar_normalizada	41.698841698841704	55.494505494505496	60.31746031746032
Dialectal	36.52482269503546	55.4016620498615	55.3030303030303
Dialectal_normalizada	41.338582677165356	55.71030640668524	60.31746031746032