Transcripcion	Levenstein	Orden	Parcial
Estandar	14.876033057851235	39.42307692307693	34.33476394849786
Estandar_normalizada	15.596330275229352	39.80582524271845	39.175257731958766
Dialectal	15.126050420168069	38.834951456310684	34.63203463203464
Dialectal_normalizada	15.887850467289722	38.23529411764706	39.77900552486188