Transcripcion	Levenstein	Orden	Parcial
Estandar	13.28125	19.548872180451127	50.0
Estandar_normalizada	13.33333333333333	19.548872180451127	52.94117647058824
Dialectal	13.28125	19.548872180451127	50.0
Dialectal_normalizada	13.33333333333333	19.548872180451127	52.94117647058824