Transcripcion	Levenstein	Orden	Parcial
Estandar	52.94117647058824	80.0	73.17073170731707
Estandar_normalizada	60.71428571428572	80.0	82.85714285714285
Dialectal	53.03030303030303	79.51807228915662	73.17073170731707
Dialectal_normalizada	61.111111111111114	79.51807228915662	82.85714285714285