Transcripcion	Levenstein	Orden	Parcial
Estandar	43.684210526315795	62.64150943396227	64.34782608695653
Estandar_normalizada	49.122807017543856	62.878787878787875	70.09345794392523
Dialectal	43.684210526315795	62.64150943396227	64.34782608695653
Dialectal_normalizada	49.122807017543856	62.878787878787875	70.09345794392523