Transcripcion	Levenstein	Orden	Parcial
Estandar	15.384615384615385	29.629629629629626	42.85714285714286
Estandar_normalizada	18.181818181818176	29.629629629629626	42.85714285714286
Dialectal	15.384615384615385	29.629629629629626	42.85714285714286
Dialectal_normalizada	18.181818181818176	29.629629629629626	42.85714285714286