Transcripcion	Levenstein	Orden	Parcial
Estandar	5.714285714285716	12.5	66.66666666666667
Estandar_normalizada	6.451612903225811	12.5	66.66666666666667
Dialectal	5.714285714285716	12.5	66.66666666666667
Dialectal_normalizada	6.451612903225811	12.5	66.66666666666667