Transcripcion	Levenstein	Orden	Parcial
Estandar	14.893617021276595	33.009708737864074	41.379310344827594
Estandar_normalizada	18.6046511627907	33.009708737864074	52.17391304347826
Dialectal	14.893617021276595	33.009708737864074	41.379310344827594
Dialectal_normalizada	18.6046511627907	33.009708737864074	52.17391304347826