Transcripcion	Levenstein	Orden	Parcial
Estandar	53.75722543352601	71.31782945736434	61.21593291404612
Estandar_normalizada	60.322580645161295	71.59533073929961	69.60352422907489
Dialectal	53.333333333333336	70.67961165048544	60.504201680672274
Dialectal_normalizada	59.8705501618123	70.9551656920078	68.87417218543047