Transcripcion	Levenstein	Orden	Parcial
Estandar	63.70967741935484	71.84466019417476	79.41176470588236
Estandar_normalizada	68.69565217391305	71.84466019417476	82.82828282828282
Dialectal	63.11475409836065	72.54901960784314	79.41176470588236
Dialectal_normalizada	68.14159292035397	72.54901960784314	82.82828282828282