Transcripcion	Levenstein	Orden	Parcial
Estandar	23.404255319148938	43.66197183098591	39.252336448598136
Estandar_normalizada	24.096385542168676	43.97163120567376	41.81818181818182
Dialectal	23.404255319148938	43.66197183098591	39.252336448598136
Dialectal_normalizada	24.096385542168676	43.97163120567376	41.81818181818182