Transcripcion	Levenstein	Orden	Parcial
Estandar	42.24598930481284	60.26365348399247	66.81922196796339
Estandar_normalizada	46.312684365781706	60.37735849056604	70.44334975369458
Dialectal	42.24598930481284	60.26365348399247	66.81922196796339
Dialectal_normalizada	46.312684365781706	60.37735849056604	70.44334975369458