Transcripcion	Levenstein	Orden	Parcial
Estandar	23.404255319148938	35.29411764705882	42.622950819672134
Estandar_normalizada	26.086956521739136	35.29411764705882	43.99999999999999
Dialectal	23.404255319148938	35.29411764705882	42.622950819672134
Dialectal_normalizada	26.086956521739136	35.29411764705882	43.99999999999999