Transcripcion	Levenstein	Orden	Parcial
Estandar	42.85714285714286	63.829787234042556	96.66666666666667
Estandar_normalizada	45.45454545454546	63.829787234042556	96.66666666666667
Dialectal	43.939393939393945	64.44444444444444	90.0
Dialectal_normalizada	46.7741935483871	64.44444444444444	91.52542372881356