Transcripcion	Levenstein	Orden	Parcial
Estandar	34.78260869565217	62.35093696763203	51.66666666666666
Estandar_normalizada	38.67924528301887	62.45733788395904	57.931034482758626
Dialectal	34.78260869565217	62.35093696763203	51.66666666666666
Dialectal_normalizada	38.67924528301887	62.45733788395904	57.931034482758626