Transcripcion	Levenstein	Orden	Parcial
Estandar	59.896729776247845	74.11273486430063	67.0859538784067
Estandar_normalizada	66.41509433962266	73.98119122257053	71.60493827160495
Dialectal	59.68858131487889	74.3455497382199	66.73662119622246
Dialectal_normalizada	66.03415559772297	74.0041928721174	71.20879120879121