Transcripcion	Levenstein	Orden	Parcial
Estandar	36.0	50.63291139240506	56.41025641025641
Estandar_normalizada	40.90909090909091	50.63291139240506	56.75675675675676
Dialectal	36.0	50.63291139240506	56.41025641025641
Dialectal_normalizada	40.90909090909091	50.63291139240506	56.75675675675676