Transcripcion	Levenstein	Orden	Parcial
Estandar	20.370370370370374	27.027027027027028	29.629629629629626
Estandar_normalizada	19.999999999999996	27.027027027027028	38.46153846153846
Dialectal	20.370370370370374	27.027027027027028	29.629629629629626
Dialectal_normalizada	19.999999999999996	27.027027027027028	38.46153846153846