Transcripcion	Levenstein	Orden	Parcial
Estandar	67.61904761904762	77.38095238095238	85.33333333333333
Estandar_normalizada	75.78947368421053	77.38095238095238	87.17948717948718
Dialectal	66.34615384615384	76.64670658682635	84.56375838926175
Dialectal_normalizada	74.46808510638299	76.64670658682635	85.8974358974359