Transcripcion	Levenstein	Orden	Parcial
Estandar	16.216216216216218	29.268292682926834	44.44444444444444
Estandar_normalizada	18.181818181818176	29.268292682926834	58.82352941176471
Dialectal	16.216216216216218	29.268292682926834	44.44444444444444
Dialectal_normalizada	18.181818181818176	29.268292682926834	58.82352941176471