Transcripcion	Levenstein	Orden	Parcial
Estandar	54.83870967741935	79.16666666666666	75.0
Estandar_normalizada	66.66666666666667	79.16666666666666	78.26086956521739
Dialectal	54.83870967741935	79.16666666666666	75.0
Dialectal_normalizada	66.66666666666667	79.16666666666666	78.26086956521739