Transcripcion	Levenstein	Orden	Parcial
Estandar	19.354838709677423	33.02752293577982	46.875
Estandar_normalizada	19.999999999999996	33.02752293577982	50.0
Dialectal	19.354838709677423	33.02752293577982	46.875
Dialectal_normalizada	19.999999999999996	33.02752293577982	50.0