Transcripcion	Levenstein	Orden	Parcial
Estandar	56.25	86.15384615384616	93.10344827586206
Estandar_normalizada	70.0	86.15384615384616	96.42857142857143
Dialectal	56.25	86.15384615384616	93.10344827586206
Dialectal_normalizada	70.0	86.15384615384616	96.42857142857143