Transcripcion	Levenstein	Orden	Parcial
Estandar	7.86516853932584	16.470588235294116	62.5
Estandar_normalizada	8.64197530864198	16.470588235294116	62.5
Dialectal	7.86516853932584	16.470588235294116	62.5
Dialectal_normalizada	8.64197530864198	16.470588235294116	62.5