Transcripcion	Levenstein	Orden	Parcial
Estandar	59.523809523809526	83.33333333333334	68.75
Estandar_normalizada	70.58823529411764	83.33333333333334	79.3103448275862
Dialectal	62.7906976744186	85.24590163934427	71.875
Dialectal_normalizada	74.28571428571429	85.24590163934427	81.35593220338984