Transcripcion	Levenstein	Orden	Parcial
Estandar	27.906976744186053	41.17647058823529	53.84615384615385
Estandar_normalizada	25.64102564102564	41.17647058823529	56.00000000000001
Dialectal	27.906976744186053	41.17647058823529	53.84615384615385
Dialectal_normalizada	25.64102564102564	41.17647058823529	56.00000000000001