Transcripcion	Levenstein	Orden	Parcial
Estandar	42.361111111111114	70.44534412955466	60.08230452674896
Estandar_normalizada	50.3875968992248	69.10569105691057	68.77828054298642
Dialectal	42.361111111111114	70.44534412955466	60.08230452674896
Dialectal_normalizada	50.3875968992248	69.10569105691057	68.77828054298642