Transcripcion	Levenstein	Orden	Parcial
Estandar	68.83116883116884	74.4186046511628	82.08955223880598
Estandar_normalizada	78.26086956521739	74.4186046511628	84.375
Dialectal	68.83116883116884	74.4186046511628	82.08955223880598
Dialectal_normalizada	78.26086956521739	74.4186046511628	84.375