Transcripcion	Levenstein	Orden	Parcial
Estandar	51.574803149606296	64.5	66.31578947368422
Estandar_normalizada	56.837606837606835	64.5	72.72727272727273
Dialectal	51.574803149606296	64.5	66.31578947368422
Dialectal_normalizada	56.837606837606835	64.5	72.72727272727273