Transcripcion	Levenstein	Orden	Parcial
Estandar	56.231884057971016	73.86363636363636	79.13043478260869
Estandar_normalizada	60.691823899371066	74.00379506641366	82.14285714285714
Dialectal	55.81395348837209	74.00379506641366	78.69565217391305
Dialectal_normalizada	60.252365930599375	74.1444866920152	81.87919463087249