Transcripcion	Levenstein	Orden	Parcial
Estandar	79.06976744186046	94.73684210526316	85.0
Estandar_normalizada	89.74358974358975	94.73684210526316	93.5064935064935
Dialectal	79.06976744186046	94.73684210526316	85.0
Dialectal_normalizada	89.74358974358975	94.73684210526316	93.5064935064935