Transcripcion	Levenstein	Orden	Parcial
Estandar	40.0	50.0	64.51612903225806
Estandar_normalizada	52.63157894736843	50.0	71.42857142857143
Dialectal	40.0	50.0	64.51612903225806
Dialectal_normalizada	52.63157894736843	50.0	71.42857142857143