Transcripcion	Levenstein	Orden	Parcial
Estandar	61.111111111111114	54.54545454545454	74.57627118644068
Estandar_normalizada	61.76470588235294	54.54545454545454	75.0
Dialectal	61.111111111111114	54.54545454545454	74.57627118644068
Dialectal_normalizada	61.76470588235294	54.54545454545454	75.0