Transcripcion	Levenstein	Orden	Parcial
Estandar	74.35897435897436	79.36507936507937	83.87096774193549
Estandar_normalizada	82.85714285714285	79.36507936507937	91.22807017543859
Dialectal	74.35897435897436	79.36507936507937	83.87096774193549
Dialectal_normalizada	82.85714285714285	79.36507936507937	91.22807017543859