Transcripcion	Levenstein	Orden	Parcial
Estandar	61.60337552742617	73.20954907161803	65.38461538461539
Estandar_normalizada	65.74074074074075	73.40425531914893	72.72727272727273
Dialectal	61.60337552742617	73.20954907161803	65.38461538461539
Dialectal_normalizada	65.74074074074075	73.40425531914893	72.72727272727273