Transcripcion	Levenstein	Orden	Parcial
Estandar	23.828125	37.75811209439528	53.608247422680414
Estandar_normalizada	25.099601593625497	37.75811209439528	58.0246913580247
Dialectal	23.828125	37.75811209439528	53.608247422680414
Dialectal_normalizada	25.099601593625497	37.75811209439528	58.0246913580247