Transcripcion	Levenstein	Orden	Parcial
Estandar	53.20754716981132	65.01240694789081	69.84126984126983
Estandar_normalizada	60.08403361344538	65.17412935323384	75.07002801120449
Dialectal	53.20754716981132	65.01240694789081	69.84126984126983
Dialectal_normalizada	60.08403361344538	65.17412935323384	75.07002801120449