Transcripcion	Levenstein	Orden	Parcial
Estandar	52.976190476190474	64.46886446886447	63.1578947368421
Estandar_normalizada	56.29139072847682	65.44117647058823	66.40625
Dialectal	52.976190476190474	64.46886446886447	63.90977443609023
Dialectal_normalizada	56.29139072847682	64.70588235294117	67.1875