Transcripcion	Levenstein	Orden	Parcial
Estandar	30.76923076923077	34.14634146341463	52.63157894736843
Estandar_normalizada	29.166666666666664	34.14634146341463	55.55555555555556
Dialectal	30.76923076923077	34.14634146341463	52.63157894736843
Dialectal_normalizada	29.166666666666664	34.14634146341463	55.55555555555556