Transcripcion	Levenstein	Orden	Parcial
Estandar	18.791946308724828	27.93296089385475	47.5
Estandar_normalizada	20.138888888888886	25.988700564971758	49.27536231884058
Dialectal	18.791946308724828	27.93296089385475	47.5
Dialectal_normalizada	20.138888888888886	25.988700564971758	49.27536231884058