Transcripcion	Levenstein	Orden	Parcial
Estandar	23.529411764705888	36.36363636363637	37.03703703703704
Estandar_normalizada	16.666666666666664	36.36363636363637	40.0
Dialectal	23.529411764705888	36.36363636363637	37.03703703703704
Dialectal_normalizada	16.666666666666664	36.36363636363637	40.0