Transcripcion	Levenstein	Orden	Parcial
Estandar	81.25	89.20863309352518	93.93939393939394
Estandar_normalizada	84.21052631578947	89.20863309352518	96.92307692307692
Dialectal	81.25	89.20863309352518	93.93939393939394
Dialectal_normalizada	84.21052631578947	89.20863309352518	96.92307692307692