Transcripcion	Levenstein	Orden	Parcial
Estandar	16.216216216216218	37.77777777777778	36.14457831325302
Estandar_normalizada	18.999999999999993	37.07865168539326	36.75675675675676
Dialectal	16.216216216216218	37.77777777777778	36.14457831325302
Dialectal_normalizada	18.999999999999993	37.07865168539326	36.75675675675676