Transcripcion	Levenstein	Orden	Parcial
Estandar	19.354838709677423	37.5	35.29411764705882
Estandar_normalizada	22.580645161290324	37.5	42.42424242424242
Dialectal	19.354838709677423	37.5	35.29411764705882
Dialectal_normalizada	22.580645161290324	37.5	42.42424242424242