Transcripcion	Levenstein	Orden	Parcial
Estandar	28.968253968253965	55.73770491803278	44.99999999999999
Estandar_normalizada	35.858585858585855	54.18060200668897	51.8796992481203
Dialectal	28.968253968253965	55.73770491803278	44.99999999999999
Dialectal_normalizada	35.858585858585855	54.18060200668897	51.8796992481203