Transcripcion	Levenstein	Orden	Parcial
Estandar	73.52941176470588	87.27272727272728	96.0
Estandar_normalizada	75.0	87.27272727272728	100.0
Dialectal	73.52941176470588	87.27272727272728	96.0
Dialectal_normalizada	75.0	87.27272727272728	100.0