Transcripcion	Levenstein	Orden	Parcial
Estandar	65.06849315068493	74.60317460317461	77.77777777777779
Estandar_normalizada	71.96969696969697	74.60317460317461	84.4621513944223
Dialectal	65.06849315068493	74.60317460317461	77.77777777777779
Dialectal_normalizada	71.96969696969697	74.60317460317461	84.4621513944223