Transcripcion	Levenstein	Orden	Parcial
Estandar	24.444444444444446	50.847457627118644	52.63157894736843
Estandar_normalizada	25.64102564102564	50.847457627118644	62.857142857142854
Dialectal	24.444444444444446	50.847457627118644	52.63157894736843
Dialectal_normalizada	25.64102564102564	50.847457627118644	62.857142857142854