Transcripcion	Levenstein	Orden	Parcial
Estandar	54.347826086956516	71.42857142857143	78.57142857142857
Estandar_normalizada	54.54545454545454	71.42857142857143	77.77777777777779
Dialectal	54.347826086956516	71.42857142857143	78.57142857142857
Dialectal_normalizada	54.54545454545454	71.42857142857143	77.77777777777779