Transcripcion	Levenstein	Orden	Parcial
Estandar	61.68831168831168	80.32786885245902	70.1195219123506
Estandar_normalizada	70.2290076335878	80.65843621399176	78.68852459016394
Dialectal	61.68831168831168	80.32786885245902	70.1195219123506
Dialectal_normalizada	70.2290076335878	80.65843621399176	78.68852459016394