Transcripcion	Levenstein	Orden	Parcial
Estandar	19.594594594594593	32.460732984293195	40.38461538461539
Estandar_normalizada	20.270270270270274	32.460732984293195	45.652173913043484
Dialectal	19.594594594594593	31.746031746031743	42.00000000000001
Dialectal_normalizada	20.270270270270274	31.746031746031743	47.72727272727273