Transcripcion	Levenstein	Orden	Parcial
Estandar	18.9873417721519	34.862385321100916	39.53488372093024
Estandar_normalizada	21.42857142857143	35.51401869158879	43.58974358974359
Dialectal	18.9873417721519	34.862385321100916	39.53488372093024
Dialectal_normalizada	21.42857142857143	35.51401869158879	43.58974358974359