Transcripcion	Levenstein	Orden	Parcial
Estandar	35.08771929824561	51.94805194805194	59.45945945945945
Estandar_normalizada	39.583333333333336	51.94805194805194	59.45945945945945
Dialectal	33.92857142857143	50.0	56.75675675675676
Dialectal_normalizada	40.42553191489362	50.0	59.45945945945945