Transcripcion	Levenstein	Orden	Parcial
Estandar	25.581395348837212	40.0	40.90909090909091
Estandar_normalizada	33.333333333333336	40.0	50.0
Dialectal	25.581395348837212	40.0	40.90909090909091
Dialectal_normalizada	33.333333333333336	40.0	50.0