Transcripcion	Levenstein	Orden	Parcial
Estandar	27.397260273972602	48.484848484848484	52.63157894736843
Estandar_normalizada	33.82352941176471	48.97959183673469	55.55555555555556
Dialectal	27.397260273972602	48.484848484848484	52.63157894736843
Dialectal_normalizada	33.82352941176471	48.97959183673469	55.55555555555556