Transcripcion	Levenstein	Orden	Parcial
Estandar	45.714285714285715	61.224489795918366	75.55555555555556
Estandar_normalizada	51.72413793103448	61.224489795918366	80.0
Dialectal	45.714285714285715	61.224489795918366	75.55555555555556
Dialectal_normalizada	51.72413793103448	61.224489795918366	80.0