Transcripcion	Levenstein	Orden	Parcial
Estandar	60.0	72.56637168141593	74.50980392156863
Estandar_normalizada	67.6923076923077	72.56637168141593	82.10526315789474
Dialectal	60.0	72.56637168141593	74.50980392156863
Dialectal_normalizada	67.6923076923077	72.56637168141593	82.10526315789474