Transcripcion	Levenstein	Orden	Parcial
Estandar	84.61538461538461	95.77464788732395	95.65217391304348
Estandar_normalizada	91.89189189189189	95.77464788732395	98.55072463768117
Dialectal	84.61538461538461	95.77464788732395	95.65217391304348
Dialectal_normalizada	91.89189189189189	95.77464788732395	98.55072463768117