Transcripcion	Levenstein	Orden	Parcial
Estandar	30.327868852459016	50.53763440860215	43.47826086956522
Estandar_normalizada	34.23423423423423	49.72972972972973	48.32214765100671
Dialectal	30.57851239669421	50.8108108108108	43.75
Dialectal_normalizada	34.54545454545455	50.0	48.64864864864865