Transcripcion	Levenstein	Orden	Parcial
Estandar	62.92134831460674	80.0	73.97260273972603
Estandar_normalizada	70.88607594936708	80.0	78.87323943661973
Dialectal	62.92134831460674	80.0	73.97260273972603
Dialectal_normalizada	70.88607594936708	80.0	78.87323943661973