Transcripcion	Levenstein	Orden	Parcial
Estandar	25.373134328358205	45.04504504504504	39.62264150943396
Estandar_normalizada	25.757575757575758	45.45454545454546	42.553191489361694
Dialectal	25.373134328358205	45.04504504504504	39.62264150943396
Dialectal_normalizada	25.757575757575758	45.45454545454546	42.553191489361694