Transcripcion	Levenstein	Orden	Parcial
Estandar	38.888888888888886	64.0	46.666666666666664
Estandar_normalizada	50.0	64.0	64.0
Dialectal	38.888888888888886	64.0	46.666666666666664
Dialectal_normalizada	50.0	64.0	64.0