Transcripcion	Levenstein	Orden	Parcial
Estandar	55.294117647058826	66.00284495021337	69.29347826086956
Estandar_normalizada	61.06666666666667	65.8119658119658	74.06340057636888
Dialectal	55.319148936170215	65.9058487874465	69.29347826086956
Dialectal_normalizada	60.85790884718498	65.71428571428571	74.06340057636888