Transcripcion	Levenstein	Orden	Parcial
Estandar	78.2442748091603	83.2579185520362	85.65217391304347
Estandar_normalizada	83.47457627118644	83.2579185520362	90.41095890410959
Dialectal	78.2442748091603	83.2579185520362	85.65217391304347
Dialectal_normalizada	83.47457627118644	83.2579185520362	90.41095890410959