Transcripcion	Levenstein	Orden	Parcial
Estandar	64.1025641025641	90.32258064516128	78.125
Estandar_normalizada	78.78787878787878	90.32258064516128	87.5
Dialectal	64.1025641025641	90.32258064516128	78.125
Dialectal_normalizada	78.78787878787878	90.32258064516128	87.5