Transcripcion	Levenstein	Orden	Parcial
Estandar	83.9622641509434	93.5483870967742	93.5483870967742
Estandar_normalizada	90.81632653061224	93.5483870967742	96.7032967032967
Dialectal	83.9622641509434	93.5483870967742	93.5483870967742
Dialectal_normalizada	90.81632653061224	93.5483870967742	96.7032967032967