Transcripcion	Levenstein	Orden	Parcial
Estandar	16.07142857142857	26.5625	52.0
Estandar_normalizada	17.14285714285714	26.5625	55.81395348837209
Dialectal	16.07142857142857	26.5625	52.0
Dialectal_normalizada	17.14285714285714	26.5625	55.81395348837209