Transcripcion	Levenstein	Orden	Parcial
Estandar	25.71428571428571	45.09803921568627	40.0
Estandar_normalizada	32.786885245901644	43.56435643564357	45.56962025316456
Dialectal	25.71428571428571	45.09803921568627	40.0
Dialectal_normalizada	32.786885245901644	43.56435643564357	45.56962025316456