Transcripcion	Levenstein	Orden	Parcial
Estandar	22.22222222222222	26.086956521739136	46.15384615384615
Estandar_normalizada	18.75	26.086956521739136	40.0
Dialectal	22.22222222222222	26.086956521739136	46.15384615384615
Dialectal_normalizada	18.75	26.086956521739136	40.0