Transcripcion	Levenstein	Orden	Parcial
Estandar	59.64912280701755	89.47368421052632	85.29411764705883
Estandar_normalizada	72.34042553191489	89.47368421052632	88.23529411764706
Dialectal	59.64912280701755	89.47368421052632	85.29411764705883
Dialectal_normalizada	72.34042553191489	89.47368421052632	88.23529411764706