Transcripcion	Levenstein	Orden	Parcial
Estandar	49.33333333333333	63.46153846153846	82.22222222222221
Estandar_normalizada	55.38461538461539	63.46153846153846	84.0909090909091
Dialectal	49.33333333333333	63.46153846153846	82.22222222222221
Dialectal_normalizada	55.38461538461539	63.46153846153846	84.0909090909091