Transcripcion	Levenstein	Orden	Parcial
Estandar	62.76150627615063	74.02597402597402	70.06369426751593
Estandar_normalizada	66.96969696969697	73.76116978066612	75.87354409317804
Dialectal	62.76150627615063	74.02597402597402	70.06369426751593
Dialectal_normalizada	66.96969696969697	73.76116978066612	75.87354409317804