Transcripcion	Levenstein	Orden	Parcial
Estandar	71.42857142857143	96.42857142857143	85.18518518518519
Estandar_normalizada	87.09677419354838	96.42857142857143	96.2962962962963
Dialectal	71.42857142857143	96.42857142857143	85.18518518518519
Dialectal_normalizada	87.09677419354838	96.42857142857143	96.2962962962963