Transcripcion	Levenstein	Orden	Parcial
Estandar	22.72727272727273	31.88405797101449	39.28571428571429
Estandar_normalizada	25.0	31.88405797101449	46.15384615384615
Dialectal	22.72727272727273	31.88405797101449	39.28571428571429
Dialectal_normalizada	25.0	31.88405797101449	46.15384615384615