Transcripcion	Levenstein	Orden	Parcial
Estandar	71.42857142857143	94.44444444444444	80.0
Estandar_normalizada	77.27272727272727	94.44444444444444	88.23529411764706
Dialectal	71.42857142857143	94.44444444444444	80.0
Dialectal_normalizada	77.27272727272727	94.44444444444444	88.23529411764706