Transcripcion	Levenstein	Orden	Parcial
Estandar	18.36734693877551	41.269841269841265	29.629629629629626
Estandar_normalizada	28.57142857142857	38.70967741935484	39.13043478260869
Dialectal	18.36734693877551	41.269841269841265	29.629629629629626
Dialectal_normalizada	28.57142857142857	38.70967741935484	39.13043478260869