Transcripcion	Levenstein	Orden	Parcial
Estandar	50.0	88.0	84.61538461538461
Estandar_normalizada	61.111111111111114	88.0	100.0
Dialectal	50.0	88.0	84.61538461538461
Dialectal_normalizada	61.111111111111114	88.0	100.0