Transcripcion	Levenstein	Orden	Parcial
Estandar	10.71428571428571	35.89743589743589	36.36363636363637
Estandar_normalizada	13.636363636363635	35.89743589743589	42.85714285714286
Dialectal	10.71428571428571	35.89743589743589	36.36363636363637
Dialectal_normalizada	13.636363636363635	35.89743589743589	42.85714285714286