Transcripcion	Levenstein	Orden	Parcial
Estandar	68.65671641791045	90.9090909090909	83.76068376068376
Estandar_normalizada	83.05084745762711	90.9090909090909	92.5925925925926
Dialectal	70.1492537313433	92.72727272727272	85.47008547008546
Dialectal_normalizada	84.7457627118644	92.72727272727272	94.44444444444444