Transcripcion	Levenstein	Orden	Parcial
Estandar	19.999999999999996	28.57142857142857	40.0
Estandar_normalizada	38.46153846153846	28.57142857142857	50.0
Dialectal	19.999999999999996	28.57142857142857	40.0
Dialectal_normalizada	38.46153846153846	28.57142857142857	50.0