Transcripcion	Levenstein	Orden	Parcial
Estandar	70.09433962264151	82.6879271070615	76.70454545454545
Estandar_normalizada	78.36134453781513	82.66818700114025	84.26573426573427
Dialectal	69.50757575757575	82.30593607305936	76.36363636363637
Dialectal_normalizada	77.74261603375527	82.28571428571428	83.94629305312318