Transcripcion	Levenstein	Orden	Parcial
Estandar	10.691823899371066	17.34104046242775	50.0
Estandar_normalizada	11.038961038961038	17.34104046242775	50.0
Dialectal	10.691823899371066	17.34104046242775	50.0
Dialectal_normalizada	11.038961038961038	17.34104046242775	50.0