Transcripcion	Levenstein	Orden	Parcial
Estandar	71.875	92.3076923076923	82.14285714285714
Estandar_normalizada	82.14285714285714	92.3076923076923	92.3076923076923
Dialectal	71.875	92.3076923076923	82.14285714285714
Dialectal_normalizada	82.14285714285714	92.3076923076923	92.3076923076923