Transcripcion	Levenstein	Orden	Parcial
Estandar	59.01328273244781	70.13274336283186	67.39367502726282
Estandar_normalizada	62.7979274611399	70.06087437742114	72.28506787330316
Dialectal	59.216809933142315	69.73903387007219	67.82988004362049
Dialectal_normalizada	63.048016701461385	69.66666666666667	72.73755656108598