Transcripcion	Levenstein	Orden	Parcial
Estandar	61.702127659574465	71.7948717948718	76.92307692307692
Estandar_normalizada	70.73170731707317	71.7948717948718	80.51948051948052
Dialectal	61.702127659574465	71.7948717948718	76.92307692307692
Dialectal_normalizada	70.73170731707317	71.7948717948718	80.51948051948052