Transcripcion	Levenstein	Orden	Parcial
Estandar	79.48717948717949	96.96969696969697	93.93939393939394
Estandar_normalizada	91.42857142857143	96.96969696969697	96.96969696969697
Dialectal	79.48717948717949	96.96969696969697	93.93939393939394
Dialectal_normalizada	91.42857142857143	96.96969696969697	96.96969696969697