Transcripcion	Levenstein	Orden	Parcial
Estandar	32.58426966292135	46.666666666666664	65.82278481012658
Estandar_normalizada	34.93975903614458	45.378151260504204	67.53246753246754
Dialectal	32.58426966292135	46.666666666666664	65.82278481012658
Dialectal_normalizada	34.93975903614458	45.378151260504204	67.53246753246754