Transcripcion	Levenstein	Orden	Parcial
Estandar	65.47619047619048	79.41176470588236	79.41176470588236
Estandar_normalizada	75.0	79.41176470588236	85.9375
Dialectal	65.47619047619048	79.41176470588236	79.41176470588236
Dialectal_normalizada	75.0	79.41176470588236	85.9375