Transcripcion	Levenstein	Orden	Parcial
Estandar	21.276595744680847	31.999999999999996	36.065573770491795
Estandar_normalizada	24.390243902439025	31.999999999999996	44.067796610169495
Dialectal	21.276595744680847	31.999999999999996	36.065573770491795
Dialectal_normalizada	24.390243902439025	31.999999999999996	44.067796610169495