Transcripcion	Levenstein	Orden	Parcial
Estandar	55.88235294117647	67.06586826347305	70.58823529411764
Estandar_normalizada	64.44444444444444	67.06586826347305	77.57575757575758
Dialectal	55.88235294117647	67.06586826347305	70.58823529411764
Dialectal_normalizada	64.44444444444444	67.06586826347305	77.57575757575758