Transcripcion	Levenstein	Orden	Parcial
Estandar	63.04347826086957	69.87951807228916	77.92207792207793
Estandar_normalizada	65.11627906976744	69.87951807228916	77.92207792207793
Dialectal	63.04347826086957	69.87951807228916	77.92207792207793
Dialectal_normalizada	65.11627906976744	69.87951807228916	77.92207792207793