Transcripcion	Levenstein	Orden	Parcial
Estandar	35.0	48.40764331210191	58.57142857142856
Estandar_normalizada	34.04255319148937	48.40764331210191	59.09090909090908
Dialectal	35.0	48.40764331210191	58.57142857142856
Dialectal_normalizada	34.04255319148937	48.40764331210191	59.09090909090908