Transcripcion	Levenstein	Orden	Parcial
Estandar	23.584905660377352	35.2112676056338	42.592592592592595
Estandar_normalizada	25.49019607843137	32.62411347517731	48.837209302325576
Dialectal	23.584905660377352	35.2112676056338	42.592592592592595
Dialectal_normalizada	25.49019607843137	32.62411347517731	48.837209302325576