Transcripcion	Levenstein	Orden	Parcial
Estandar	16.666666666666664	23.076923076923073	32.25806451612904
Estandar_normalizada	23.529411764705888	23.076923076923073	45.45454545454546
Dialectal	16.666666666666664	23.076923076923073	32.25806451612904
Dialectal_normalizada	23.529411764705888	23.076923076923073	45.45454545454546