Transcripcion	Levenstein	Orden	Parcial
Estandar	75.0	83.07692307692307	86.14232209737828
Estandar_normalizada	78.19548872180451	83.07692307692307	84.61538461538461
Dialectal	75.0	83.07692307692307	86.14232209737828
Dialectal_normalizada	78.19548872180451	83.07692307692307	84.61538461538461