Transcripcion	Levenstein	Orden	Parcial
Estandar	62.67029972752043	77.54606195586152	68.25063078216988
Estandar_normalizada	69.72067039106145	77.59319286871961	75.59949516196886
Dialectal	62.5426039536469	77.57747620012154	68.12447434819175
Dialectal_normalizada	69.54901229966455	77.62464531820025	75.47328565418596