Transcripcion	Levenstein	Orden	Parcial
Estandar	25.0	32.25806451612904	54.54545454545454
Estandar_normalizada	26.086956521739136	32.25806451612904	66.66666666666667
Dialectal	25.0	32.25806451612904	54.54545454545454
Dialectal_normalizada	26.086956521739136	32.25806451612904	66.66666666666667