Transcripcion	Levenstein	Orden	Parcial
Estandar	32.89473684210527	47.916666666666664	61.111111111111114
Estandar_normalizada	34.84848484848485	47.916666666666664	66.66666666666667
Dialectal	32.89473684210527	47.916666666666664	61.111111111111114
Dialectal_normalizada	34.84848484848485	47.916666666666664	66.66666666666667