Transcripcion	Levenstein	Orden	Parcial
Estandar	23.076923076923073	34.14634146341463	47.36842105263158
Estandar_normalizada	28.125	33.057851239669425	51.515151515151516
Dialectal	23.076923076923073	34.14634146341463	47.36842105263158
Dialectal_normalizada	28.125	33.057851239669425	51.515151515151516