Transcripcion	Levenstein	Orden	Parcial
Estandar	48.68421052631579	85.39325842696628	73.6842105263158
Estandar_normalizada	62.295081967213115	86.36363636363636	89.47368421052632
Dialectal	48.68421052631579	85.39325842696628	73.6842105263158
Dialectal_normalizada	62.295081967213115	86.36363636363636	89.47368421052632