Transcripcion	Levenstein	Orden	Parcial
Estandar	48.23529411764705	84.0	81.81818181818181
Estandar_normalizada	61.76470588235294	84.84848484848484	92.85714285714286
Dialectal	48.23529411764705	84.0	81.81818181818181
Dialectal_normalizada	61.76470588235294	84.84848484848484	92.85714285714286