Transcripcion	Levenstein	Orden	Parcial
Estandar	60.902255639097746	92.85714285714286	67.10526315789474
Estandar_normalizada	73.58490566037736	93.41317365269461	77.37226277372262
Dialectal	60.902255639097746	92.85714285714286	67.10526315789474
Dialectal_normalizada	73.58490566037736	93.41317365269461	77.37226277372262