Transcripcion	Levenstein	Orden	Parcial
Estandar	50.0	70.1492537313433	74.79674796747969
Estandar_normalizada	55.12820512820513	70.1492537313433	81.03448275862068
Dialectal	50.0	70.1492537313433	74.79674796747969
Dialectal_normalizada	55.12820512820513	70.1492537313433	81.03448275862068