Transcripcion	Levenstein	Orden	Parcial
Estandar	7.692307692307687	11.111111111111116	13.33333333333333
Estandar_normalizada	8.333333333333337	11.111111111111116	15.384615384615385
Dialectal	7.692307692307687	11.111111111111116	13.33333333333333
Dialectal_normalizada	8.333333333333337	11.111111111111116	15.384615384615385