Transcripcion	Levenstein	Orden	Parcial
Estandar	63.727454909819635	85.57634278817139	74.0828402366864
Estandar_normalizada	69.64285714285714	85.35108958837773	78.79548306148055
Dialectal	63.827655310621246	85.69704284852142	74.20118343195266
Dialectal_normalizada	69.75446428571428	85.4721549636804	78.92095357590966