Transcripcion	Levenstein	Orden	Parcial
Estandar	24.13793103448276	63.63636363636363	85.71428571428572
Estandar_normalizada	33.333333333333336	66.66666666666667	85.71428571428572
Dialectal	24.13793103448276	63.63636363636363	85.71428571428572
Dialectal_normalizada	33.333333333333336	66.66666666666667	85.71428571428572