Transcripcion	Levenstein	Orden	Parcial
Estandar	61.014994232987306	79.20353982300885	68.01801801801801
Estandar_normalizada	69.70899470899471	79.37685459940653	76.45211930926217
Dialectal	61.014994232987306	79.20353982300885	68.01801801801801
Dialectal_normalizada	69.70899470899471	79.37685459940653	76.45211930926217