Transcripcion	Levenstein	Orden	Parcial
Estandar	63.133640552995395	74.71264367816092	72.47191011235955
Estandar_normalizada	69.79166666666667	74.92795389048992	78.91566265060241
Dialectal	63.133640552995395	74.71264367816092	72.47191011235955
Dialectal_normalizada	69.79166666666667	74.92795389048992	78.91566265060241