Transcripcion	Levenstein	Orden	Parcial
Estandar	84.375	96.15384615384616	89.28571428571429
Estandar_normalizada	89.28571428571429	96.15384615384616	96.15384615384616
Dialectal	84.375	96.15384615384616	89.28571428571429
Dialectal_normalizada	89.28571428571429	96.15384615384616	96.15384615384616