Transcripcion	Levenstein	Orden	Parcial
Estandar	67.30038022813687	79.28626842513576	74.16918429003022
Estandar_normalizada	73.75886524822694	79.40947940947942	79.54911433172302
Dialectal	67.30038022813687	79.28626842513576	74.16918429003022
Dialectal_normalizada	73.75886524822694	79.40947940947942	79.54911433172302