Transcripcion	Levenstein	Orden	Parcial
Estandar	49.597855227882036	70.8029197080292	58.518518518518526
Estandar_normalizada	55.00000000000001	71.55963302752293	66.13545816733068
Dialectal	49.597855227882036	70.8029197080292	58.518518518518526
Dialectal_normalizada	55.00000000000001	71.55963302752293	66.13545816733068