Transcripcion	Levenstein	Orden	Parcial
Estandar	61.16788321167883	77.91095890410959	73.11475409836066
Estandar_normalizada	66.72051696284329	77.42489270386265	77.41379310344827
Dialectal	61.16788321167883	77.91095890410959	73.11475409836066
Dialectal_normalizada	66.72051696284329	77.42489270386265	77.41379310344827