Transcripcion	Levenstein	Orden	Parcial
Estandar	16.564417177914116	32.04419889502762	93.5483870967742
Estandar_normalizada	17.763157894736846	32.04419889502762	94.91525423728814
Dialectal	16.564417177914116	32.04419889502762	93.5483870967742
Dialectal_normalizada	17.763157894736846	32.04419889502762	94.91525423728814