Transcripcion	Levenstein	Orden	Parcial
Estandar	32.484076433121025	59.88023952095809	52.542372881355924
Estandar_normalizada	35.38461538461538	60.60606060606061	59.25925925925925
Dialectal	32.484076433121025	59.88023952095809	52.542372881355924
Dialectal_normalizada	35.38461538461538	60.60606060606061	59.25925925925925