Transcripcion	Levenstein	Orden	Parcial
Estandar	27.27272727272727	18.181818181818176	28.57142857142857
Estandar_normalizada	11.111111111111116	18.181818181818176	40.0
Dialectal	27.27272727272727	18.181818181818176	28.57142857142857
Dialectal_normalizada	11.111111111111116	18.181818181818176	40.0