Transcripcion	Levenstein	Orden	Parcial
Estandar	19.6078431372549	61.111111111111114	69.84126984126983
Estandar_normalizada	38.775510204081634	61.111111111111114	88.46153846153845
Dialectal	19.6078431372549	61.111111111111114	69.84126984126983
Dialectal_normalizada	38.775510204081634	61.111111111111114	88.46153846153845