Transcripcion	Levenstein	Orden	Parcial
Estandar	70.1923076923077	86.20689655172413	77.90697674418605
Estandar_normalizada	79.56989247311827	86.70520231213872	85.71428571428572
Dialectal	70.1923076923077	86.20689655172413	77.90697674418605
Dialectal_normalizada	79.56989247311827	86.70520231213872	85.71428571428572