Transcripcion	Levenstein	Orden	Parcial
Estandar	17.24137931034483	30.000000000000004	35.29411764705882
Estandar_normalizada	19.999999999999996	30.000000000000004	41.379310344827594
Dialectal	17.24137931034483	30.000000000000004	35.29411764705882
Dialectal_normalizada	19.999999999999996	30.000000000000004	41.379310344827594