Transcripcion	Levenstein	Orden	Parcial
Estandar	51.09289617486339	76.77165354330708	64.39909297052154
Estandar_normalizada	58.80503144654088	75.94433399602386	69.0909090909091
Dialectal	50.68493150684932	76.52859960552269	64.39909297052154
Dialectal_normalizada	58.35962145110409	75.69721115537848	69.0909090909091