Transcripcion	Levenstein	Orden	Parcial
Estandar	62.56983240223464	75.9581881533101	71.37809187279152
Estandar_normalizada	69.49685534591194	75.17482517482517	77.49077490774907
Dialectal	62.56983240223464	75.9581881533101	71.37809187279152
Dialectal_normalizada	69.49685534591194	75.17482517482517	77.49077490774907