Transcripcion	Levenstein	Orden	Parcial
Estandar	56.14754098360656	75.48672566371681	63.62068965517241
Estandar_normalizada	66.0828025477707	74.81119502443359	72.90502793296089
Dialectal	56.22435020519836	75.55358724534986	63.62068965517241
Dialectal_normalizada	66.18819776714513	74.87772343263673	72.9455216989843