Transcripcion	Levenstein	Orden	Parcial
Estandar	64.43452380952381	77.70925110132158	71.72413793103448
Estandar_normalizada	70.32786885245902	77.84642541924094	78.76588021778585
Dialectal	64.5305514157973	77.77777777777779	71.89655172413794
Dialectal_normalizada	70.44334975369458	77.91519434628975	78.94736842105263