Transcripcion	Levenstein	Orden	Parcial
Estandar	20.779220779220775	46.0	45.833333333333336
Estandar_normalizada	25.806451612903224	46.464646464646464	47.72727272727273
Dialectal	20.779220779220775	46.0	45.833333333333336
Dialectal_normalizada	25.806451612903224	46.464646464646464	47.72727272727273