Transcripcion	Levenstein	Orden	Parcial
Estandar	43.548387096774185	76.92307692307692	54.6875
Estandar_normalizada	56.122448979591844	78.01418439716312	69.84126984126983
Dialectal	43.548387096774185	76.92307692307692	54.6875
Dialectal_normalizada	56.122448979591844	78.01418439716312	69.84126984126983