Transcripcion	Levenstein	Orden	Parcial
Estandar	57.75510204081633	66.66666666666667	62.5
Estandar_normalizada	65.51724137931035	66.57789613848202	70.37037037037037
Dialectal	57.75510204081633	66.66666666666667	62.5
Dialectal_normalizada	65.51724137931035	66.57789613848202	70.37037037037037