Transcripcion	Levenstein	Orden	Parcial
Estandar	39.13043478260869	58.97435897435898	51.72413793103448
Estandar_normalizada	44.89795918367348	58.06451612903225	58.82352941176471
Dialectal	39.13043478260869	58.97435897435898	51.72413793103448
Dialectal_normalizada	44.89795918367348	58.06451612903225	58.82352941176471