Transcripcion	Levenstein	Orden	Parcial
Estandar	20.75471698113207	35.71428571428571	44.99999999999999
Estandar_normalizada	22.72727272727273	36.36363636363637	47.36842105263158
Dialectal	20.75471698113207	35.71428571428571	44.99999999999999
Dialectal_normalizada	22.72727272727273	36.36363636363637	47.36842105263158