Transcripcion	Levenstein	Orden	Parcial
Estandar	72.54901960784314	88.63636363636364	96.2962962962963
Estandar_normalizada	77.55102040816327	88.63636363636364	98.73417721518987
Dialectal	72.54901960784314	88.63636363636364	96.2962962962963
Dialectal_normalizada	77.55102040816327	88.63636363636364	98.73417721518987