Transcripcion	Levenstein	Orden	Parcial
Estandar	7.389162561576357	12.380952380952381	52.38095238095239
Estandar_normalizada	7.731958762886593	12.380952380952381	61.111111111111114
Dialectal	7.389162561576357	12.380952380952381	52.38095238095239
Dialectal_normalizada	7.731958762886593	12.380952380952381	61.111111111111114