Transcripcion	Levenstein	Orden	Parcial
Estandar	19.999999999999996	45.45454545454546	71.42857142857143
Estandar_normalizada	20.833333333333336	47.61904761904761	80.0
Dialectal	19.999999999999996	45.45454545454546	71.42857142857143
Dialectal_normalizada	20.833333333333336	47.61904761904761	80.0