Transcripcion	Levenstein	Orden	Parcial
Estandar	9.433962264150942	25.531914893617024	36.36363636363637
Estandar_normalizada	12.195121951219512	26.66666666666667	45.45454545454546
Dialectal	9.433962264150942	25.531914893617024	36.36363636363637
Dialectal_normalizada	12.195121951219512	26.66666666666667	45.45454545454546