Transcripcion	Levenstein	Orden	Parcial
Estandar	73.58490566037736	94.11764705882352	85.88235294117648
Estandar_normalizada	80.64516129032258	94.11764705882352	92.7710843373494
Dialectal	73.58490566037736	94.11764705882352	85.88235294117648
Dialectal_normalizada	80.64516129032258	94.11764705882352	92.7710843373494