Transcripcion	Levenstein	Orden	Parcial
Estandar	14.814814814814813	30.065359477124186	48.275862068965516
Estandar_normalizada	16.788321167883215	30.263157894736846	49.056603773584904
Dialectal	14.814814814814813	30.065359477124186	48.275862068965516
Dialectal_normalizada	16.788321167883215	30.263157894736846	49.056603773584904