Transcripcion	Levenstein	Orden	Parcial
Estandar	65.0	87.55020080321285	77.5
Estandar_normalizada	75.53956834532374	87.90322580645162	88.03418803418803
Dialectal	65.0	87.55020080321285	77.5
Dialectal_normalizada	75.53956834532374	87.90322580645162	88.03418803418803