Transcripcion	Levenstein	Orden	Parcial
Estandar	63.888888888888886	78.18181818181819	75.23809523809524
Estandar_normalizada	73.98373983739836	78.53881278538812	83.65384615384616
Dialectal	63.888888888888886	78.18181818181819	75.23809523809524
Dialectal_normalizada	73.98373983739836	78.53881278538812	83.65384615384616