Transcripcion	Levenstein	Orden	Parcial
Estandar	67.05882352941177	92.06349206349206	76.66666666666666
Estandar_normalizada	79.45205479452055	92.06349206349206	83.47826086956522
Dialectal	67.05882352941177	92.06349206349206	76.66666666666666
Dialectal_normalizada	79.45205479452055	92.06349206349206	83.47826086956522