Transcripcion	Levenstein	Orden	Parcial
Estandar	62.857142857142854	67.74193548387098	76.92307692307692
Estandar_normalizada	72.72727272727273	67.74193548387098	84.21052631578947
Dialectal	62.857142857142854	67.74193548387098	76.92307692307692
Dialectal_normalizada	72.72727272727273	67.74193548387098	84.21052631578947