Transcripcion	Levenstein	Orden	Parcial
Estandar	15.517241379310342	38.095238095238095	42.85714285714286
Estandar_normalizada	14.28571428571429	38.70967741935484	44.99999999999999
Dialectal	15.517241379310342	38.095238095238095	42.85714285714286
Dialectal_normalizada	14.28571428571429	38.70967741935484	44.99999999999999