Transcripcion	Levenstein	Orden	Parcial
Estandar	63.1578947368421	87.21804511278195	83.5820895522388
Estandar_normalizada	71.25	87.87878787878788	88.70967741935483
Dialectal	63.1578947368421	87.21804511278195	83.5820895522388
Dialectal_normalizada	71.25	87.87878787878788	88.70967741935483