Transcripcion	Levenstein	Orden	Parcial
Estandar	36.73469387755102	66.25	72.38095238095238
Estandar_normalizada	43.80165289256198	67.08860759493672	76.76767676767678
Dialectal	36.73469387755102	66.25	72.38095238095238
Dialectal_normalizada	43.80165289256198	67.08860759493672	76.76767676767678