Transcripcion	Levenstein	Orden	Parcial
Estandar	16.666666666666664	42.10526315789473	58.33333333333333
Estandar_normalizada	27.27272727272727	43.24324324324324	58.33333333333333
Dialectal	16.666666666666664	42.10526315789473	58.33333333333333
Dialectal_normalizada	27.27272727272727	43.24324324324324	58.33333333333333