Transcripcion	Levenstein	Orden	Parcial
Estandar	72.04545454545455	86.07954545454545	78.17109144542773
Estandar_normalizada	79.94923857868021	86.32478632478633	84.82142857142857
Dialectal	72.04545454545455	86.07954545454545	78.17109144542773
Dialectal_normalizada	79.94923857868021	86.32478632478633	84.82142857142857