Transcripcion	Levenstein	Orden	Parcial
Estandar	48.78048780487805	80.76923076923077	81.81818181818181
Estandar_normalizada	61.76470588235294	80.76923076923077	87.8048780487805
Dialectal	48.78048780487805	80.76923076923077	81.81818181818181
Dialectal_normalizada	61.76470588235294	80.76923076923077	87.8048780487805