Transcripcion	Levenstein	Orden	Parcial
Estandar	30.612244897959183	83.01886792452831	67.85714285714286
Estandar_normalizada	44.11764705882353	83.01886792452831	85.1063829787234
Dialectal	30.612244897959183	83.01886792452831	67.85714285714286
Dialectal_normalizada	44.11764705882353	83.01886792452831	85.1063829787234