Transcripcion	Levenstein	Orden	Parcial
Estandar	21.818181818181813	40.44943820224719	37.64705882352941
Estandar_normalizada	18.75	40.44943820224719	39.02439024390244
Dialectal	21.818181818181813	40.44943820224719	37.64705882352941
Dialectal_normalizada	18.75	40.44943820224719	39.02439024390244