Transcripcion	Levenstein	Orden	Parcial
Estandar	11.111111111111116	36.14457831325302	20.93023255813954
Estandar_normalizada	19.999999999999996	34.5679012345679	35.71428571428571
Dialectal	11.111111111111116	36.14457831325302	20.93023255813954
Dialectal_normalizada	19.999999999999996	34.5679012345679	35.71428571428571