Transcripcion	Levenstein	Orden	Parcial
Estandar	47.647058823529406	73.14814814814814	68.40277777777779
Estandar_normalizada	57.24465558194775	72.98136645962732	75.91240875912408
Dialectal	47.647058823529406	73.14814814814814	68.40277777777779
Dialectal_normalizada	57.24465558194775	72.98136645962732	75.91240875912408