Transcripcion	Levenstein	Orden	Parcial
Estandar	18.000000000000004	41.860465116279066	80.0
Estandar_normalizada	22.499999999999996	41.860465116279066	88.88888888888889
Dialectal	18.000000000000004	41.860465116279066	80.0
Dialectal_normalizada	22.499999999999996	41.860465116279066	88.88888888888889