Transcripcion	Levenstein	Orden	Parcial
Estandar	64.75694444444444	76.04485219164118	72.04724409448819
Estandar_normalizada	73.4375	75.71428571428571	80.56394763343404
Dialectal	64.69565217391305	76.12244897959184	72.24409448818898
Dialectal_normalizada	73.38551859099805	75.79162410623084	80.72289156626506