Transcripcion	Levenstein	Orden	Parcial
Estandar	11.111111111111116	31.88405797101449	58.33333333333333
Estandar_normalizada	14.28571428571429	32.35294117647059	66.66666666666667
Dialectal	11.111111111111116	31.88405797101449	58.33333333333333
Dialectal_normalizada	14.28571428571429	32.35294117647059	66.66666666666667