Transcripcion	Levenstein	Orden	Parcial
Estandar	72.28739002932552	86.15384615384616	76.90941385435168
Estandar_normalizada	79.18032786885246	86.31006346328196	84.67289719626167
Dialectal	72.28739002932552	86.15384615384616	76.90941385435168
Dialectal_normalizada	79.18032786885246	86.31006346328196	84.67289719626167