Transcripcion	Levenstein	Orden	Parcial
Estandar	28.971962616822434	61.224489795918366	79.41176470588236
Estandar_normalizada	38.27160493827161	61.855670103092784	83.87096774193549
Dialectal	28.971962616822434	61.224489795918366	79.41176470588236
Dialectal_normalizada	38.27160493827161	61.855670103092784	83.87096774193549