Transcripcion	Levenstein	Orden	Parcial
Estandar	66.66666666666667	92.0	91.66666666666666
Estandar_normalizada	76.66666666666666	92.0	95.65217391304348
Dialectal	66.66666666666667	92.0	91.66666666666666
Dialectal_normalizada	76.66666666666666	92.0	95.65217391304348