Transcripcion	Levenstein	Orden	Parcial
Estandar	8.98876404494382	11.067193675889332	79.16666666666666
Estandar_normalizada	7.949790794979084	11.067193675889332	88.23529411764706
Dialectal	8.98876404494382	11.067193675889332	79.16666666666666
Dialectal_normalizada	7.949790794979084	11.067193675889332	88.23529411764706