Transcripcion	Levenstein	Orden	Parcial
Estandar	52.38095238095239	81.25	89.65517241379311
Estandar_normalizada	63.1578947368421	81.25	96.2962962962963
Dialectal	52.38095238095239	81.25	89.65517241379311
Dialectal_normalizada	63.1578947368421	81.25	96.2962962962963