Transcripcion	Levenstein	Orden	Parcial
Estandar	52.08333333333333	76.6839378238342	72.63157894736842
Estandar_normalizada	65.51724137931035	77.08333333333334	79.55801104972376
Dialectal	52.08333333333333	76.6839378238342	72.63157894736842
Dialectal_normalizada	65.51724137931035	77.08333333333334	79.55801104972376