Transcripcion	Levenstein	Orden	Parcial
Estandar	25.0	45.76271186440678	37.704918032786885
Estandar_normalizada	31.081081081081084	46.15384615384615	45.614035087719294
Dialectal	25.0	45.76271186440678	37.704918032786885
Dialectal_normalizada	31.081081081081084	46.15384615384615	45.614035087719294