Transcripcion	Levenstein	Orden	Parcial
Estandar	58.62068965517242	65.67164179104478	76.36363636363637
Estandar_normalizada	66.66666666666667	66.16541353383458	79.27927927927928
Dialectal	58.62068965517242	65.67164179104478	76.36363636363637
Dialectal_normalizada	66.66666666666667	66.16541353383458	79.27927927927928