Transcripcion	Levenstein	Orden	Parcial
Estandar	62.38532110091744	90.54054054054053	78.66666666666666
Estandar_normalizada	75.2808988764045	90.54054054054053	91.17647058823529
Dialectal	62.38532110091744	90.54054054054053	78.66666666666666
Dialectal_normalizada	75.2808988764045	90.54054054054053	91.17647058823529