Transcripcion	Levenstein	Orden	Parcial
Estandar	37.60869565217392	60.41666666666667	52.15686274509803
Estandar_normalizada	46.578947368421055	60.56338028169015	63.52459016393443
Dialectal	37.60869565217392	60.41666666666667	52.15686274509803
Dialectal_normalizada	46.578947368421055	60.56338028169015	63.52459016393443