Transcripcion	Levenstein	Orden	Parcial
Estandar	68.75	72.0	76.92307692307692
Estandar_normalizada	78.57142857142857	72.0	83.33333333333334
Dialectal	68.75	72.0	76.92307692307692
Dialectal_normalizada	78.57142857142857	72.0	83.33333333333334