Transcripcion	Levenstein	Orden	Parcial
Estandar	57.68321513002363	82.32280102476516	64.33566433566433
Estandar_normalizada	68.5185185185185	82.29255774165954	75.73529411764706
Dialectal	57.345971563981045	81.95038494439693	63.98601398601398
Dialectal_normalizada	68.14285714285715	81.91945158526136	75.73529411764706