Transcripcion	Levenstein	Orden	Parcial
Estandar	64.28571428571428	91.42857142857143	88.88888888888889
Estandar_normalizada	72.72727272727273	91.42857142857143	90.32258064516128
Dialectal	64.28571428571428	91.42857142857143	88.88888888888889
Dialectal_normalizada	72.72727272727273	91.42857142857143	90.32258064516128