Transcripcion	Levenstein	Orden	Parcial
Estandar	10.588235294117643	24.65753424657534	36.8421052631579
Estandar_normalizada	12.857142857142856	25.0	40.0
Dialectal	10.588235294117643	24.65753424657534	36.8421052631579
Dialectal_normalizada	12.857142857142856	25.0	40.0