Transcripcion	Levenstein	Orden	Parcial
Estandar	72.75405007363771	87.91609667122663	76.7186067827681
Estandar_normalizada	80.73089700996677	88.0255941499086	83.648393194707
Dialectal	72.75405007363771	87.91609667122663	76.7186067827681
Dialectal_normalizada	80.73089700996677	88.0255941499086	83.648393194707