Transcripcion	Levenstein	Orden	Parcial
Estandar	63.65248226950355	83.35273573923166	73.6842105263158
Estandar_normalizada	71.83098591549295	82.98368298368298	78.93401015228426
Dialectal	63.65248226950355	83.35273573923166	73.6842105263158
Dialectal_normalizada	71.83098591549295	82.98368298368298	78.93401015228426