Transcripcion	Levenstein	Orden	Parcial
Estandar	70.446735395189	86.50963597430406	80.85106382978724
Estandar_normalizada	80.62015503875969	86.69527896995707	87.38738738738738
Dialectal	70.446735395189	86.50963597430406	80.85106382978724
Dialectal_normalizada	80.62015503875969	86.69527896995707	87.38738738738738