Transcripcion	Levenstein	Orden	Parcial
Estandar	17.177914110429448	41.70616113744076	33.91812865497076
Estandar_normalizada	22.602739726027398	37.86407766990292	42.33576642335767
Dialectal	17.177914110429448	41.70616113744076	33.91812865497076
Dialectal_normalizada	22.602739726027398	37.86407766990292	42.33576642335767