Transcripcion	Levenstein	Orden	Parcial
Estandar	24.79338842975206	40.0	56.81818181818181
Estandar_normalizada	26.086956521739136	40.0	64.51612903225806
Dialectal	24.79338842975206	40.0	56.81818181818181
Dialectal_normalizada	26.086956521739136	40.0	64.51612903225806