Transcripcion	Levenstein	Orden	Parcial
Estandar	13.793103448275868	36.065573770491795	36.36363636363637
Estandar_normalizada	23.913043478260864	37.28813559322034	42.85714285714286
Dialectal	13.793103448275868	36.065573770491795	36.36363636363637
Dialectal_normalizada	23.913043478260864	37.28813559322034	42.85714285714286