Transcripcion	Levenstein	Orden	Parcial
Estandar	0.18361101666100055	0.30672606441247696	51.72413793103448
Estandar_normalizada	0.18309652848982338	0.3071297989031052	60.0
Dialectal	0.18361101666100055	0.30672606441247696	51.72413793103448
Dialectal_normalizada	0.18309652848982338	0.3071297989031052	60.0