Transcripcion	Levenstein	Orden	Parcial
Estandar	56.161616161616166	76.25698324022346	66.75977653631284
Estandar_normalizada	67.69964243146602	76.51195499296766	76.46198830409357
Dialectal	56.161616161616166	76.25698324022346	66.75977653631284
Dialectal_normalizada	67.69964243146602	76.51195499296766	76.46198830409357