Transcripcion	Levenstein	Orden	Parcial
Estandar	24.770642201834857	47.945205479452056	42.028985507246375
Estandar_normalizada	29.21348314606742	48.275862068965516	47.82608695652174
Dialectal	24.770642201834857	47.945205479452056	42.028985507246375
Dialectal_normalizada	29.21348314606742	48.275862068965516	47.82608695652174