Transcripcion	Levenstein	Orden	Parcial
Estandar	30.46875	55.319148936170215	77.77777777777779
Estandar_normalizada	36.36363636363637	56.11510791366907	80.0
Dialectal	30.46875	55.319148936170215	77.77777777777779
Dialectal_normalizada	36.36363636363637	56.11510791366907	80.0