Transcripcion	Levenstein	Orden	Parcial
Estandar	69.04761904761905	100.0	87.5
Estandar_normalizada	84.375	100.0	96.2962962962963
Dialectal	69.04761904761905	100.0	87.5
Dialectal_normalizada	84.375	100.0	96.2962962962963