Transcripcion	Levenstein	Orden	Parcial
Estandar	66.57894736842105	81.78633975481611	70.5989110707804
Estandar_normalizada	76.21951219512195	81.97009674582235	79.92424242424244
Dialectal	66.57894736842105	81.78633975481611	70.5989110707804
Dialectal_normalizada	76.21951219512195	81.97009674582235	79.92424242424244