Transcripcion	Levenstein	Orden	Parcial
Estandar	27.631578947368418	55.430711610486895	46.01769911504425
Estandar_normalizada	34.224598930481285	56.70498084291188	54.44444444444445
Dialectal	27.631578947368418	55.430711610486895	46.01769911504425
Dialectal_normalizada	34.224598930481285	56.70498084291188	54.44444444444445