Transcripcion	Levenstein	Orden	Parcial
Estandar	73.17073170731707	88.52459016393442	85.24590163934427
Estandar_normalizada	80.0	88.52459016393442	87.27272727272728
Dialectal	73.17073170731707	88.52459016393442	85.24590163934427
Dialectal_normalizada	80.0	88.52459016393442	87.27272727272728