Transcripcion	Levenstein	Orden	Parcial
Estandar	53.94736842105263	85.1063829787234	90.47619047619048
Estandar_normalizada	64.51612903225806	86.02150537634408	95.1219512195122
Dialectal	53.94736842105263	85.1063829787234	90.47619047619048
Dialectal_normalizada	64.51612903225806	86.02150537634408	95.1219512195122