Transcripcion	Levenstein	Orden	Parcial
Estandar	15.714285714285714	32.18390804597702	29.268292682926834
Estandar_normalizada	22.033898305084744	26.190476190476186	43.07692307692308
Dialectal	15.714285714285714	32.18390804597702	29.268292682926834
Dialectal_normalizada	22.033898305084744	26.190476190476186	43.07692307692308