Transcripcion	Levenstein	Orden	Parcial
Estandar	48.0	55.696202531645575	67.56756756756756
Estandar_normalizada	56.81818181818181	55.696202531645575	68.49315068493152
Dialectal	48.0	55.696202531645575	67.56756756756756
Dialectal_normalizada	56.81818181818181	55.696202531645575	68.49315068493152