Transcripcion	Levenstein	Orden	Parcial
Estandar	39.047619047619044	53.24675324675325	79.66101694915254
Estandar_normalizada	42.71844660194175	53.24675324675325	86.23853211009174
Dialectal	39.047619047619044	53.24675324675325	79.66101694915254
Dialectal_normalizada	42.71844660194175	53.24675324675325	86.23853211009174