Transcripcion	Levenstein	Orden	Parcial
Estandar	59.45945945945945	80.0	88.46153846153845
Estandar_normalizada	74.19354838709677	80.0	92.3076923076923
Dialectal	59.45945945945945	80.0	88.46153846153845
Dialectal_normalizada	74.19354838709677	80.0	92.3076923076923