Transcripcion	Levenstein	Orden	Parcial
Estandar	37.68115942028986	60.48780487804878	60.25641025641026
Estandar_normalizada	38.63636363636363	60.48780487804878	61.8421052631579
Dialectal	37.68115942028986	60.48780487804878	60.25641025641026
Dialectal_normalizada	38.63636363636363	60.48780487804878	61.8421052631579