Transcripcion	Levenstein	Orden	Parcial
Estandar	29.032258064516125	37.735849056603776	40.816326530612244
Estandar_normalizada	34.48275862068966	37.735849056603776	46.808510638297875
Dialectal	29.032258064516125	37.735849056603776	40.816326530612244
Dialectal_normalizada	34.48275862068966	37.735849056603776	46.808510638297875