Transcripcion	Levenstein	Orden	Parcial
Estandar	41.390728476821195	61.61616161616161	56.96969696969697
Estandar_normalizada	45.833333333333336	62.59541984732824	64.90066225165563
Dialectal	41.2751677852349	61.224489795918366	56.96969696969697
Dialectal_normalizada	45.769230769230774	62.21079691516709	64.90066225165563