Transcripcion	Levenstein	Orden	Parcial
Estandar	7.246376811594201	15.625	40.0
Estandar_normalizada	8.196721311475407	15.873015873015872	44.44444444444444
Dialectal	7.246376811594201	15.625	40.0
Dialectal_normalizada	8.196721311475407	15.873015873015872	44.44444444444444