Transcripcion	Levenstein	Orden	Parcial
Estandar	47.20149253731343	71.64887307236062	69.23076923076923
Estandar_normalizada	52.08333333333333	71.36038186157518	74.67700258397933
Dialectal	46.616541353383454	71.51370679380214	69.23076923076923
Dialectal_normalizada	51.470588235294116	71.22302158273382	73.64341085271317