Transcripcion	Levenstein	Orden	Parcial
Estandar	49.350649350649356	76.19047619047619	81.03448275862068
Estandar_normalizada	56.75675675675676	76.19047619047619	89.52380952380953
Dialectal	49.350649350649356	76.19047619047619	81.03448275862068
Dialectal_normalizada	56.75675675675676	76.19047619047619	89.52380952380953