Transcripcion	Levenstein	Orden	Parcial
Estandar	45.02923976608187	70.91087169441724	59.87261146496815
Estandar_normalizada	51.307189542483655	71.13300492610837	65.82568807339449
Dialectal	44.78707782672541	71.11984282907662	59.660297239915074
Dialectal_normalizada	51.067323481116574	71.34387351778656	65.36697247706422