Transcripcion	Levenstein	Orden	Parcial
Estandar	28.125	40.0	45.16129032258065
Estandar_normalizada	29.31034482758621	40.0	43.333333333333336
Dialectal	28.125	40.0	45.16129032258065
Dialectal_normalizada	29.31034482758621	40.0	43.333333333333336