Transcripcion	Levenstein	Orden	Parcial
Estandar	10.447761194029848	25.97402597402597	36.36363636363637
Estandar_normalizada	15.254237288135597	25.97402597402597	40.90909090909091
Dialectal	10.606060606060607	23.684210526315784	36.36363636363637
Dialectal_normalizada	13.793103448275868	23.684210526315784	40.90909090909091