Transcripcion	Levenstein	Orden	Parcial
Estandar	42.59768849752339	67.70516717325228	53.40557275541795
Estandar_normalizada	48.91443167305236	67.88990825688073	61.262798634812285
Dialectal	42.429284525790344	67.7616501145913	53.09597523219814
Dialectal_normalizada	48.77577319587629	67.87086856264412	61.00682593856656