Transcripcion	Levenstein	Orden	Parcial
Estandar	48.19277108433735	55.223880597014926	72.1311475409836
Estandar_normalizada	51.94805194805194	55.223880597014926	72.88135593220339
Dialectal	48.19277108433735	55.223880597014926	72.1311475409836
Dialectal_normalizada	51.94805194805194	55.223880597014926	72.88135593220339