Transcripcion	Levenstein	Orden	Parcial
Estandar	3.3333333333333326	22.857142857142854	19.999999999999996
Estandar_normalizada	9.999999999999998	17.647058823529417	57.14285714285714
Dialectal	3.3333333333333326	22.857142857142854	19.999999999999996
Dialectal_normalizada	9.999999999999998	17.647058823529417	57.14285714285714