Transcripcion	Levenstein	Orden	Parcial
Estandar	39.209726443769	61.39954853273137	53.92670157068062
Estandar_normalizada	44.99999999999999	61.958997722095674	61.87845303867403
Dialectal	39.75535168195719	60.77097505668934	54.45026178010471
Dialectal_normalizada	45.68345323741008	61.327231121281464	61.87845303867403