Transcripcion	Levenstein	Orden	Parcial
Estandar	55.55555555555556	59.09090909090908	68.18181818181819
Estandar_normalizada	60.86956521739131	59.09090909090908	74.4186046511628
Dialectal	55.55555555555556	59.09090909090908	68.18181818181819
Dialectal_normalizada	60.86956521739131	59.09090909090908	74.4186046511628