Transcripcion	Levenstein	Orden	Parcial
Estandar	41.55251141552512	56.555269922879184	63.02083333333333
Estandar_normalizada	45.77114427860697	56.555269922879184	66.11111111111111
Dialectal	41.55251141552512	56.555269922879184	63.02083333333333
Dialectal_normalizada	45.77114427860697	56.555269922879184	66.11111111111111