Transcripcion	Levenstein	Orden	Parcial
Estandar	48.484848484848484	62.5	77.27272727272727
Estandar_normalizada	51.72413793103448	62.5	76.19047619047619
Dialectal	48.484848484848484	62.5	77.27272727272727
Dialectal_normalizada	51.72413793103448	62.5	76.19047619047619