Transcripcion	Levenstein	Orden	Parcial
Estandar	54.10958904109589	57.90554414784395	64.4
Estandar_normalizada	60.45627376425855	57.20164609053497	71.03594080338267
Dialectal	54.295532646048116	58.0246913580247	64.8
Dialectal_normalizada	60.68702290076335	57.319587628865975	71.1864406779661