Transcripcion	Levenstein	Orden	Parcial
Estandar	71.69811320754718	74.69879518072288	82.22222222222221
Estandar_normalizada	84.44444444444444	74.69879518072288	90.47619047619048
Dialectal	71.69811320754718	74.69879518072288	82.22222222222221
Dialectal_normalizada	84.44444444444444	74.69879518072288	90.47619047619048