Transcripcion	Levenstein	Orden	Parcial
Estandar	55.55555555555556	71.30434782608695	73.77049180327869
Estandar_normalizada	65.57377049180329	71.30434782608695	77.96610169491525
Dialectal	55.55555555555556	71.30434782608695	73.77049180327869
Dialectal_normalizada	65.57377049180329	71.30434782608695	77.96610169491525