Transcripcion	Levenstein	Orden	Parcial
Estandar	26.142401700318807	50.03933910306845	43.833017077798864
Estandar_normalizada	29.44038929440389	50.71315372424723	47.6482617586912
Dialectal	26.248671625929866	49.56726986624705	43.833017077798864
Dialectal_normalizada	29.44038929440389	50.2377179080824	47.6482617586912