Transcripcion	Levenstein	Orden	Parcial
Estandar	74.07407407407408	74.66666666666666	86.69527896995707
Estandar_normalizada	81.30081300813008	75.0	90.0
Dialectal	74.07407407407408	74.66666666666666	86.69527896995707
Dialectal_normalizada	81.30081300813008	75.0	90.0