Transcripcion	Levenstein	Orden	Parcial
Estandar	9.85401459854015	17.361111111111114	39.473684210526315
Estandar_normalizada	9.765625	17.48251748251748	41.666666666666664
Dialectal	9.890109890109889	17.421602787456447	39.473684210526315
Dialectal_normalizada	9.80392156862745	17.543859649122805	41.666666666666664