Transcripcion	Levenstein	Orden	Parcial
Estandar	51.39664804469274	66.58959537572254	61.8510158013544
Estandar_normalizada	57.81584582441113	65.19208381839347	68.95734597156398
Dialectal	49.90583804143126	66.12339930151339	61.62528216704288
Dialectal_normalizada	56.182212581344906	64.71277842907386	68.72037914691943