Transcripcion	Levenstein	Orden	Parcial
Estandar	32.85714285714286	60.19417475728155	71.60493827160495
Estandar_normalizada	39.70588235294118	60.19417475728155	80.55555555555556
Dialectal	32.85714285714286	60.19417475728155	71.60493827160495
Dialectal_normalizada	39.70588235294118	60.19417475728155	80.55555555555556