Transcripcion	Levenstein	Orden	Parcial
Estandar	17.272727272727273	26.470588235294112	45.45454545454546
Estandar_normalizada	17.431192660550455	26.470588235294112	51.72413793103448
Dialectal	17.272727272727273	26.470588235294112	45.45454545454546
Dialectal_normalizada	17.431192660550455	26.470588235294112	51.72413793103448