Transcripcion	Levenstein	Orden	Parcial
Estandar	56.81818181818181	78.78787878787878	83.33333333333334
Estandar_normalizada	68.42105263157895	78.78787878787878	83.33333333333334
Dialectal	56.81818181818181	78.78787878787878	83.33333333333334
Dialectal_normalizada	68.42105263157895	78.78787878787878	83.33333333333334