Transcripcion	Levenstein	Orden	Parcial
Estandar	47.679324894514764	62.01550387596899	62.70270270270271
Estandar_normalizada	52.073732718894014	62.33766233766234	67.42857142857143
Dialectal	47.8448275862069	63.87434554973822	62.70270270270271
Dialectal_normalizada	51.886792452830186	64.21052631578948	66.85714285714286