Transcripcion	Levenstein	Orden	Parcial
Estandar	52.64900662251656	64.86486486486487	72.24489795918367
Estandar_normalizada	62.73062730627306	63.048016701461385	78.8546255506608
Dialectal	53.71621621621622	65.6842105263158	72.24489795918367
Dialectal_normalizada	64.15094339622642	63.8477801268499	78.8546255506608