Transcripcion	Levenstein	Orden	Parcial
Estandar	24.63768115942029	37.94871794871795	45.833333333333336
Estandar_normalizada	25.757575757575758	37.94871794871795	46.96969696969697
Dialectal	24.63768115942029	37.94871794871795	45.833333333333336
Dialectal_normalizada	25.757575757575758	37.94871794871795	46.96969696969697