Transcripcion	Levenstein	Orden	Parcial
Estandar	19.999999999999996	35.91836734693877	45.80152671755725
Estandar_normalizada	21.857923497267763	35.245901639344254	53.21100917431192
Dialectal	19.999999999999996	35.91836734693877	45.80152671755725
Dialectal_normalizada	21.857923497267763	35.245901639344254	53.21100917431192