Transcripcion	Levenstein	Orden	Parcial
Estandar	51.66666666666666	75.9493670886076	80.55555555555556
Estandar_normalizada	58.00000000000001	75.9493670886076	84.84848484848484
Dialectal	51.66666666666666	75.9493670886076	80.55555555555556
Dialectal_normalizada	58.00000000000001	75.9493670886076	84.84848484848484