Transcripcion	Levenstein	Orden	Parcial
Estandar	22.10526315789474	48.07692307692307	38.888888888888886
Estandar_normalizada	26.76056338028169	49.01960784313726	48.0
Dialectal	22.10526315789474	48.07692307692307	38.888888888888886
Dialectal_normalizada	26.76056338028169	49.01960784313726	48.0