Transcripcion	Levenstein	Orden	Parcial
Estandar	11.111111111111116	23.529411764705888	33.333333333333336
Estandar_normalizada	15.384615384615385	23.529411764705888	36.36363636363637
Dialectal	11.111111111111116	23.529411764705888	33.333333333333336
Dialectal_normalizada	15.384615384615385	23.529411764705888	36.36363636363637