Transcripcion	Levenstein	Orden	Parcial
Estandar	41.509433962264154	62.23564954682779	73.61111111111111
Estandar_normalizada	46.464646464646464	61.212121212121204	78.78787878787878
Dialectal	41.98113207547169	65.45454545454545	73.86759581881532
Dialectal_normalizada	46.96969696969697	64.43768996960486	78.90625