Transcripcion	Levenstein	Orden	Parcial
Estandar	4.7244094488189	8.264462809917351	40.0
Estandar_normalizada	5.1724137931034475	8.264462809917351	50.0
Dialectal	4.7244094488189	8.264462809917351	40.0
Dialectal_normalizada	5.1724137931034475	8.264462809917351	50.0