Transcripcion	Levenstein	Orden	Parcial
Estandar	8.333333333333337	17.391304347826086	46.15384615384615
Estandar_normalizada	14.28571428571429	17.391304347826086	85.71428571428572
Dialectal	8.333333333333337	17.391304347826086	46.15384615384615
Dialectal_normalizada	14.28571428571429	17.391304347826086	85.71428571428572