Transcripcion	Levenstein	Orden	Parcial
Estandar	44.44444444444444	62.5	50.0
Estandar_normalizada	52.94117647058824	62.5	59.25925925925925
Dialectal	44.44444444444444	62.5	50.0
Dialectal_normalizada	52.94117647058824	62.5	59.25925925925925