Transcripcion	Levenstein	Orden	Parcial
Estandar	49.327354260089685	63.97849462365591	64.21052631578948
Estandar_normalizada	54.95049504950495	64.6900269541779	68.52367688022284
Dialectal	47.96380090497737	64.32432432432432	63.49206349206349
Dialectal_normalizada	53.49999999999999	65.04065040650406	67.78711484593838