Transcripcion	Levenstein	Orden	Parcial
Estandar	17.14285714285714	37.93103448275862	37.28813559322034
Estandar_normalizada	25.806451612903224	42.85714285714286	45.28301886792453
Dialectal	17.14285714285714	37.93103448275862	37.28813559322034
Dialectal_normalizada	25.806451612903224	42.85714285714286	45.28301886792453