Transcripcion	Levenstein	Orden	Parcial
Estandar	77.14285714285715	87.07865168539325	91.52542372881356
Estandar_normalizada	82.29166666666666	87.07865168539325	92.48554913294798
Dialectal	77.99043062200957	87.88732394366197	91.52542372881356
Dialectal_normalizada	83.24607329842932	87.88732394366197	92.48554913294798