Transcripcion	Levenstein	Orden	Parcial
Estandar	49.25373134328358	66.66666666666667	75.78947368421053
Estandar_normalizada	50.79365079365079	66.66666666666667	80.0
Dialectal	49.25373134328358	66.66666666666667	75.78947368421053
Dialectal_normalizada	50.79365079365079	66.66666666666667	80.0