Transcripcion	Levenstein	Orden	Parcial
Estandar	35.051546391752574	64.61538461538461	53.333333333333336
Estandar_normalizada	40.25974025974026	66.66666666666667	61.417322834645674
Dialectal	35.051546391752574	64.61538461538461	53.333333333333336
Dialectal_normalizada	40.25974025974026	66.66666666666667	61.417322834645674