Transcripcion	Levenstein	Orden	Parcial
Estandar	87.27272727272728	89.10891089108911	90.0
Estandar_normalizada	88.67924528301887	89.10891089108911	89.79591836734694
Dialectal	83.01886792452831	86.86868686868688	90.0
Dialectal_normalizada	84.31372549019608	86.86868686868688	89.79591836734694