Transcripcion	Levenstein	Orden	Parcial
Estandar	26.903553299492387	42.68774703557312	84.8
Estandar_normalizada	28.350515463917525	42.68774703557312	88.69565217391305
Dialectal	26.903553299492387	42.68774703557312	84.8
Dialectal_normalizada	28.350515463917525	42.68774703557312	88.69565217391305