Transcripcion	Levenstein	Orden	Parcial
Estandar	30.76923076923077	61.038961038961034	62.37288135593219
Estandar_normalizada	34.269662921348306	61.43790849673203	65.68265682656826
Dialectal	30.76923076923077	61.038961038961034	62.37288135593219
Dialectal_normalizada	34.269662921348306	61.43790849673203	65.68265682656826