Transcripcion	Levenstein	Orden	Parcial
Estandar	35.802469135802475	68.68686868686868	56.25
Estandar_normalizada	43.28358208955224	69.38775510204081	65.90909090909092
Dialectal	35.802469135802475	68.68686868686868	56.25
Dialectal_normalizada	43.28358208955224	69.38775510204081	65.90909090909092