Transcripcion	Levenstein	Orden	Parcial
Estandar	16.09195402298851	36.36363636363637	46.15384615384615
Estandar_normalizada	19.444444444444443	36.7816091954023	46.15384615384615
Dialectal	16.09195402298851	36.36363636363637	46.15384615384615
Dialectal_normalizada	19.444444444444443	36.7816091954023	46.15384615384615