Transcripcion	Levenstein	Orden	Parcial
Estandar	65.34839924670433	82.83752860411899	72.8735632183908
Estandar_normalizada	71.95876288659794	80.22988505747126	78.04878048780488
Dialectal	64.65028355387523	82.33944954128441	72.64367816091955
Dialectal_normalizada	71.2215320910973	80.18433179723502	77.5609756097561