Transcripcion	Levenstein	Orden	Parcial
Estandar	47.68518518518518	68.75	79.18088737201366
Estandar_normalizada	54.12371134020619	68.75	83.01886792452831
Dialectal	48.14814814814815	68.96551724137932	79.45205479452055
Dialectal_normalizada	54.639175257731964	68.96551724137932	83.33333333333334