Transcripcion	Levenstein	Orden	Parcial
Estandar	9.836065573770492	9.677419354838712	50.0
Estandar_normalizada	8.771929824561408	9.677419354838712	66.66666666666667
Dialectal	9.836065573770492	9.677419354838712	50.0
Dialectal_normalizada	8.771929824561408	9.677419354838712	66.66666666666667