Transcripcion	Levenstein	Orden	Parcial
Estandar	20.512820512820518	41.02564102564102	42.10526315789473
Estandar_normalizada	29.032258064516125	41.02564102564102	52.63157894736843
Dialectal	20.512820512820518	41.02564102564102	42.10526315789473
Dialectal_normalizada	29.032258064516125	41.02564102564102	52.63157894736843