Transcripcion	Levenstein	Orden	Parcial
Estandar	28.07017543859649	44.854881266490764	57.510729613733915
Estandar_normalizada	30.000000000000004	44.44444444444444	63.20754716981132
Dialectal	27.719298245614034	44.854881266490764	57.510729613733915
Dialectal_normalizada	29.629629629629626	44.44444444444444	63.20754716981132