Transcripcion	Levenstein	Orden	Parcial
Estandar	38.888888888888886	64.42953020134227	60.810810810810814
Estandar_normalizada	43.47826086956522	66.21621621621621	68.18181818181819
Dialectal	38.888888888888886	64.42953020134227	60.810810810810814
Dialectal_normalizada	43.47826086956522	66.21621621621621	68.18181818181819