Transcripcion	Levenstein	Orden	Parcial
Estandar	2.8708133971291905	3.8277511961722466	72.72727272727273
Estandar_normalizada	2.4752475247524774	3.8834951456310662	100.0
Dialectal	2.8708133971291905	3.8277511961722466	72.72727272727273
Dialectal_normalizada	2.4752475247524774	3.8834951456310662	100.0