Transcripcion	Levenstein	Orden	Parcial
Estandar	22.64150943396226	44.99999999999999	42.85714285714286
Estandar_normalizada	22.22222222222222	44.99999999999999	43.47826086956522
Dialectal	20.408163265306122	44.73684210526315	42.666666666666664
Dialectal_normalizada	19.512195121951216	44.73684210526315	43.07692307692308