Transcripcion	Levenstein	Orden	Parcial
Estandar	14.28571428571429	21.62162162162162	33.333333333333336
Estandar_normalizada	15.384615384615385	21.62162162162162	33.333333333333336
Dialectal	14.28571428571429	21.62162162162162	33.333333333333336
Dialectal_normalizada	15.384615384615385	21.62162162162162	33.333333333333336