Transcripcion	Levenstein	Orden	Parcial
Estandar	14.61187214611872	27.237354085603116	38.33333333333333
Estandar_normalizada	17.307692307692314	27.237354085603116	46.93877551020408
Dialectal	14.61187214611872	27.237354085603116	38.33333333333333
Dialectal_normalizada	17.307692307692314	27.237354085603116	46.93877551020408