Transcripcion	Levenstein	Orden	Parcial
Estandar	54.551201011378005	76.39670853183196	61.03515625
Estandar_normalizada	61.15942028985507	76.5625	65.73628488931664
Dialectal	54.314720812182735	76.24837168910116	60.861056751467714
Dialectal_normalizada	60.91703056768558	76.414273281114	65.57377049180329