Transcripcion	Levenstein	Orden	Parcial
Estandar	22.22222222222222	56.00000000000001	62.5
Estandar_normalizada	31.818181818181824	56.00000000000001	76.92307692307692
Dialectal	22.22222222222222	56.00000000000001	62.5
Dialectal_normalizada	31.818181818181824	56.00000000000001	76.92307692307692