Transcripcion	Levenstein	Orden	Parcial
Estandar	71.1864406779661	83.16831683168317	82.35294117647058
Estandar_normalizada	81.13207547169812	83.16831683168317	88.23529411764706
Dialectal	71.1864406779661	83.16831683168317	82.35294117647058
Dialectal_normalizada	81.13207547169812	83.16831683168317	88.23529411764706