Transcripcion	Levenstein	Orden	Parcial
Estandar	33.333333333333336	53.84615384615385	50.90909090909091
Estandar_normalizada	42.85714285714286	53.84615384615385	59.09090909090908
Dialectal	33.333333333333336	53.84615384615385	50.90909090909091
Dialectal_normalizada	42.85714285714286	53.84615384615385	59.09090909090908