Transcripcion	Levenstein	Orden	Parcial
Estandar	18.354430379746834	41.53005464480874	40.0
Estandar_normalizada	23.484848484848484	41.53005464480874	45.16129032258065
Dialectal	18.354430379746834	41.53005464480874	40.0
Dialectal_normalizada	23.484848484848484	41.53005464480874	45.16129032258065