Transcripcion	Levenstein	Orden	Parcial
Estandar	48.837209302325576	72.64957264957265	62.5
Estandar_normalizada	57.04697986577181	72.96137339055794	70.58823529411764
Dialectal	48.837209302325576	72.64957264957265	62.5
Dialectal_normalizada	57.04697986577181	72.96137339055794	70.58823529411764