Transcripcion	Levenstein	Orden	Parcial
Estandar	54.629629629629626	78.50467289719626	63.793103448275865
Estandar_normalizada	65.59139784946237	73.58490566037736	73.46938775510203
Dialectal	54.418604651162795	78.75	63.2183908045977
Dialectal_normalizada	65.4054054054054	75.0788643533123	73.46938775510203