Transcripcion	Levenstein	Orden	Parcial
Estandar	62.955465587044536	80.76433121019109	69.71279373368147
Estandar_normalizada	70.29478458049887	80.86734693877551	76.42276422764228
Dialectal	62.857142857142854	80.92189500640204	69.71279373368147
Dialectal_normalizada	70.0228832951945	81.02564102564102	76.42276422764228