Transcripcion	Levenstein	Orden	Parcial
Estandar	48.0	53.84615384615385	69.23076923076923
Estandar_normalizada	64.70588235294117	53.84615384615385	72.72727272727273
Dialectal	48.0	53.84615384615385	69.23076923076923
Dialectal_normalizada	64.70588235294117	53.84615384615385	72.72727272727273