Transcripcion	Levenstein	Orden	Parcial
Estandar	9.999999999999998	14.634146341463417	42.85714285714286
Estandar_normalizada	11.111111111111116	14.634146341463417	42.85714285714286
Dialectal	9.999999999999998	14.634146341463417	42.85714285714286
Dialectal_normalizada	11.111111111111116	14.634146341463417	42.85714285714286