Transcripcion	Levenstein	Orden	Parcial
Estandar	28.712871287128717	42.990654205607484	67.9245283018868
Estandar_normalizada	33.333333333333336	43.80952380952381	70.58823529411764
Dialectal	28.712871287128717	42.990654205607484	67.9245283018868
Dialectal_normalizada	33.333333333333336	43.80952380952381	70.58823529411764