Transcripcion	Levenstein	Orden	Parcial
Estandar	35.51401869158879	51.470588235294116	71.69811320754718
Estandar_normalizada	41.05263157894738	51.470588235294116	71.42857142857143
Dialectal	35.51401869158879	51.470588235294116	71.69811320754718
Dialectal_normalizada	41.05263157894738	51.470588235294116	71.42857142857143