Transcripcion	Levenstein	Orden	Parcial
Estandar	77.55102040816327	83.54430379746836	83.33333333333334
Estandar_normalizada	81.3953488372093	83.54430379746836	87.17948717948718
Dialectal	79.16666666666666	84.61538461538461	85.71428571428572
Dialectal_normalizada	80.95238095238095	84.61538461538461	87.17948717948718