Transcripcion	Levenstein	Orden	Parcial
Estandar	18.393234672304438	37.34939759036144	39.75903614457831
Estandar_normalizada	21.882951653944016	37.17171717171717	45.6953642384106
Dialectal	18.259023354564754	37.096774193548384	39.75903614457831
Dialectal_normalizada	21.739130434782606	36.916835699797154	45.6953642384106