Transcripcion	Levenstein	Orden	Parcial
Estandar	9.523809523809524	37.03703703703704	36.36363636363637
Estandar_normalizada	11.764705882352944	37.03703703703704	40.0
Dialectal	9.523809523809524	37.03703703703704	36.36363636363637
Dialectal_normalizada	11.764705882352944	37.03703703703704	40.0