Transcripcion	Levenstein	Orden	Parcial
Estandar	10.204081632653061	14.814814814814813	30.76923076923077
Estandar_normalizada	12.5	14.814814814814813	62.5
Dialectal	10.204081632653061	14.814814814814813	30.76923076923077
Dialectal_normalizada	12.5	14.814814814814813	62.5