Transcripcion	Levenstein	Orden	Parcial
Estandar	32.6530612244898	47.887323943661976	52.3076923076923
Estandar_normalizada	31.707317073170728	47.887323943661976	53.968253968253975
Dialectal	32.6530612244898	47.887323943661976	52.3076923076923
Dialectal_normalizada	31.707317073170728	47.887323943661976	53.968253968253975