Transcripcion	Levenstein	Orden	Parcial
Estandar	48.71794871794872	77.22772277227723	70.58823529411764
Estandar_normalizada	61.29032258064516	77.22772277227723	80.85106382978724
Dialectal	48.71794871794872	77.22772277227723	70.58823529411764
Dialectal_normalizada	61.29032258064516	77.22772277227723	80.85106382978724