Transcripcion	Levenstein	Orden	Parcial
Estandar	43.4931506849315	65.35626535626535	53.535353535353536
Estandar_normalizada	53.46938775510204	66.00496277915633	62.23404255319149
Dialectal	43.29896907216495	65.51724137931035	53.5064935064935
Dialectal_normalizada	53.278688524590166	66.16915422885572	62.23404255319149