Transcripcion	Levenstein	Orden	Parcial
Estandar	68.75	85.18518518518519	86.20689655172413
Estandar_normalizada	75.86206896551724	85.18518518518519	92.3076923076923
Dialectal	68.75	85.18518518518519	86.20689655172413
Dialectal_normalizada	75.86206896551724	85.18518518518519	92.3076923076923