Transcripcion	Levenstein	Orden	Parcial
Estandar	60.86956521739131	79.02439024390245	67.56756756756756
Estandar_normalizada	69.91150442477876	79.02439024390245	79.8076923076923
Dialectal	60.86956521739131	79.02439024390245	67.56756756756756
Dialectal_normalizada	69.91150442477876	79.02439024390245	79.8076923076923