Transcripcion	Levenstein	Orden	Parcial
Estandar	27.956989247311824	38.59649122807017	62.5
Estandar_normalizada	31.707317073170728	37.16814159292036	62.5
Dialectal	27.956989247311824	38.59649122807017	62.5
Dialectal_normalizada	31.707317073170728	37.16814159292036	62.5