Transcripcion	Levenstein	Orden	Parcial
Estandar	16.666666666666664	41.17647058823529	37.83783783783784
Estandar_normalizada	19.999999999999996	41.17647058823529	41.17647058823529
Dialectal	17.85714285714286	37.5	34.285714285714285
Dialectal_normalizada	19.999999999999996	37.5	40.0