Transcripcion	Levenstein	Orden	Parcial
Estandar	65.41353383458647	88.08290155440415	68.96551724137932
Estandar_normalizada	72.03389830508475	88.54166666666666	71.01449275362319
Dialectal	65.41353383458647	88.08290155440415	68.96551724137932
Dialectal_normalizada	72.03389830508475	88.54166666666666	71.01449275362319