Transcripcion	Levenstein	Orden	Parcial
Estandar	32.35294117647059	62.83185840707964	54.33070866141732
Estandar_normalizada	39.66942148760331	63.39285714285714	63.63636363636363
Dialectal	32.35294117647059	62.83185840707964	54.33070866141732
Dialectal_normalizada	39.66942148760331	63.39285714285714	63.63636363636363