Transcripcion	Levenstein	Orden	Parcial
Estandar	0.0	26.66666666666667	15.384615384615385
Estandar_normalizada	0.0	26.66666666666667	36.36363636363637
Dialectal	0.0	26.66666666666667	15.384615384615385
Dialectal_normalizada	0.0	26.66666666666667	36.36363636363637