Transcripcion	Levenstein	Orden	Parcial
Estandar	51.26903553299492	64.51612903225806	59.64912280701755
Estandar_normalizada	55.42857142857143	64.51612903225806	64.39024390243902
Dialectal	51.26903553299492	64.51612903225806	59.64912280701755
Dialectal_normalizada	55.42857142857143	64.51612903225806	64.39024390243902