Transcripcion	Levenstein	Orden	Parcial
Estandar	22.3404255319149	42.1875	40.0
Estandar_normalizada	26.190476190476186	42.1875	45.45454545454546
Dialectal	22.3404255319149	42.1875	40.0
Dialectal_normalizada	26.190476190476186	42.1875	45.45454545454546