Transcripcion	Levenstein	Orden	Parcial
Estandar	12.380952380952381	18.75	47.61904761904761
Estandar_normalizada	15.476190476190476	18.947368421052634	52.63157894736843
Dialectal	12.380952380952381	18.75	47.61904761904761
Dialectal_normalizada	15.476190476190476	18.947368421052634	52.63157894736843