Transcripcion	Levenstein	Orden	Parcial
Estandar	19.354838709677423	41.75824175824175	42.25352112676056
Estandar_normalizada	21.42857142857143	41.75824175824175	47.61904761904761
Dialectal	19.672131147540984	42.22222222222223	42.25352112676056
Dialectal_normalizada	21.818181818181813	42.22222222222223	47.61904761904761