Transcripcion	Levenstein	Orden	Parcial
Estandar	50.0	62.857142857142854	72.22222222222221
Estandar_normalizada	60.0	62.857142857142854	75.0
Dialectal	46.666666666666664	59.45945945945945	68.42105263157895
Dialectal_normalizada	54.54545454545454	59.45945945945945	70.58823529411764