Transcripcion	Levenstein	Orden	Parcial
Estandar	18.627450980392158	31.343283582089555	35.18518518518518
Estandar_normalizada	22.916666666666664	31.818181818181824	43.90243902439024
Dialectal	18.627450980392158	31.343283582089555	35.18518518518518
Dialectal_normalizada	22.916666666666664	31.818181818181824	43.90243902439024