Transcripcion	Levenstein	Orden	Parcial
Estandar	34.905660377358494	57.89473684210527	47.22222222222222
Estandar_normalizada	38.04347826086957	54.3046357615894	57.377049180327866
Dialectal	35.29411764705882	56.75675675675676	48.57142857142858
Dialectal_normalizada	38.63636363636363	54.42176870748299	59.32203389830508