Transcripcion	Levenstein	Orden	Parcial
Estandar	57.74647887323944	74.60317460317461	84.29752066115702
Estandar_normalizada	62.857142857142854	74.60317460317461	88.69565217391305
Dialectal	57.74647887323944	74.60317460317461	84.29752066115702
Dialectal_normalizada	62.857142857142854	74.60317460317461	88.69565217391305