Transcripcion	Levenstein	Orden	Parcial
Estandar	7.692307692307687	0.0	22.22222222222222
Estandar_normalizada	7.692307692307687	0.0	33.333333333333336
Dialectal	7.692307692307687	0.0	22.22222222222222
Dialectal_normalizada	7.692307692307687	0.0	33.333333333333336