Transcripcion	Levenstein	Orden	Parcial
Estandar	60.270270270270274	74.67532467532467	70.80745341614907
Estandar_normalizada	68.26347305389223	74.79674796747969	78.78787878787878
Dialectal	60.270270270270274	74.67532467532467	70.80745341614907
Dialectal_normalizada	68.26347305389223	74.79674796747969	78.78787878787878