Transcripcion	Levenstein	Orden	Parcial
Estandar	58.33333333333333	100.0	80.0
Estandar_normalizada	83.33333333333334	100.0	93.33333333333333
Dialectal	58.33333333333333	100.0	80.0
Dialectal_normalizada	83.33333333333334	100.0	93.33333333333333