Transcripcion	Levenstein	Orden	Parcial
Estandar	56.22119815668203	73.06501547987617	69.28104575163398
Estandar_normalizada	62.43654822335025	73.06501547987617	77.0909090909091
Dialectal	56.22119815668203	73.06501547987617	69.28104575163398
Dialectal_normalizada	62.43654822335025	73.06501547987617	77.0909090909091