Transcripcion	Levenstein	Orden	Parcial
Estandar	71.05263157894737	92.5925925925926	92.5925925925926
Estandar_normalizada	78.125	92.5925925925926	96.0
Dialectal	71.05263157894737	92.5925925925926	92.5925925925926
Dialectal_normalizada	78.125	92.5925925925926	96.0