Transcripcion	Levenstein	Orden	Parcial
Estandar	42.85714285714286	72.72727272727273	69.6969696969697
Estandar_normalizada	54.78260869565217	73.61963190184049	72.86821705426357
Dialectal	42.85714285714286	72.72727272727273	69.6969696969697
Dialectal_normalizada	54.78260869565217	73.61963190184049	72.86821705426357