Transcripcion	Levenstein	Orden	Parcial
Estandar	5.714285714285716	23.076923076923073	50.0
Estandar_normalizada	7.9999999999999964	23.076923076923073	50.0
Dialectal	5.714285714285716	23.076923076923073	50.0
Dialectal_normalizada	7.9999999999999964	23.076923076923073	50.0