Transcripcion	Levenstein	Orden	Parcial
Estandar	18.867924528301884	37.5	57.14285714285714
Estandar_normalizada	19.512195121951216	37.5	58.33333333333333
Dialectal	18.867924528301884	37.5	57.14285714285714
Dialectal_normalizada	19.512195121951216	37.5	58.33333333333333