Transcripcion	Levenstein	Orden	Parcial
Estandar	38.095238095238095	73.6842105263158	61.111111111111114
Estandar_normalizada	48.275862068965516	73.6842105263158	66.66666666666667
Dialectal	38.095238095238095	73.6842105263158	61.111111111111114
Dialectal_normalizada	48.275862068965516	73.6842105263158	66.66666666666667