Transcripcion	Levenstein	Orden	Parcial
Estandar	5.882352941176472	7.692307692307687	28.57142857142857
Estandar_normalizada	7.4074074074074066	7.9999999999999964	28.57142857142857
Dialectal	5.882352941176472	7.692307692307687	28.57142857142857
Dialectal_normalizada	7.4074074074074066	7.9999999999999964	28.57142857142857