Transcripcion	Levenstein	Orden	Parcial
Estandar	44.61538461538461	61.1764705882353	60.0
Estandar_normalizada	55.769230769230774	61.1764705882353	66.66666666666667
Dialectal	45.45454545454546	48.837209302325576	62.22222222222222
Dialectal_normalizada	56.60377358490566	48.837209302325576	66.66666666666667