Transcripcion	Levenstein	Orden	Parcial
Estandar	28.000000000000004	35.0	44.11764705882353
Estandar_normalizada	26.530612244897956	35.0	45.16129032258065
Dialectal	28.000000000000004	35.0	44.11764705882353
Dialectal_normalizada	26.530612244897956	35.0	45.16129032258065