Transcripcion	Levenstein	Orden	Parcial
Estandar	19.090909090909093	38.167938931297705	37.03703703703704
Estandar_normalizada	22.3404255319149	36.92307692307693	43.37349397590361
Dialectal	19.090909090909093	38.167938931297705	37.03703703703704
Dialectal_normalizada	22.3404255319149	36.92307692307693	43.37349397590361