Transcripcion	Levenstein	Orden	Parcial
Estandar	9.090909090909093	9.523809523809524	40.0
Estandar_normalizada	11.111111111111116	9.523809523809524	40.0
Dialectal	9.090909090909093	9.523809523809524	40.0
Dialectal_normalizada	11.111111111111116	9.523809523809524	40.0