Transcripcion	Levenstein	Orden	Parcial
Estandar	24.770642201834857	43.58974358974359	44.44444444444444
Estandar_normalizada	26.732673267326735	43.58974358974359	47.16981132075472
Dialectal	24.770642201834857	43.58974358974359	44.44444444444444
Dialectal_normalizada	26.732673267326735	43.58974358974359	47.16981132075472