Transcripcion	Levenstein	Orden	Parcial
Estandar	28.07017543859649	49.504950495049506	44.55445544554455
Estandar_normalizada	31.818181818181824	49.504950495049506	46.48648648648649
Dialectal	28.947368421052634	50.0	43.99999999999999
Dialectal_normalizada	31.818181818181824	50.0	46.391752577319586