Transcripcion	Levenstein	Orden	Parcial
Estandar	19.285714285714285	31.57894736842105	39.62264150943396
Estandar_normalizada	19.696969696969703	29.411764705882348	45.238095238095234
Dialectal	19.285714285714285	31.57894736842105	39.62264150943396
Dialectal_normalizada	19.696969696969703	29.411764705882348	45.238095238095234