Transcripcion	Levenstein	Orden	Parcial
Estandar	14.28571428571429	33.333333333333336	41.379310344827594
Estandar_normalizada	17.021276595744684	33.333333333333336	44.44444444444444
Dialectal	14.28571428571429	33.333333333333336	41.379310344827594
Dialectal_normalizada	17.021276595744684	33.333333333333336	44.44444444444444