Transcripcion	Levenstein	Orden	Parcial
Estandar	12.82051282051282	37.5	32.786885245901644
Estandar_normalizada	25.0	37.5	41.93548387096774
Dialectal	12.82051282051282	37.5	32.786885245901644
Dialectal_normalizada	25.0	37.5	41.93548387096774