Transcripcion	Levenstein	Orden	Parcial
Estandar	22.857142857142854	33.333333333333336	41.379310344827594
Estandar_normalizada	19.354838709677423	33.333333333333336	48.0
Dialectal	22.857142857142854	33.333333333333336	41.379310344827594
Dialectal_normalizada	19.354838709677423	33.333333333333336	48.0