Transcripcion	Levenstein	Orden	Parcial
Estandar	22.093023255813947	40.36697247706422	35.416666666666664
Estandar_normalizada	26.086956521739136	40.74074074074075	41.17647058823529
Dialectal	22.093023255813947	40.36697247706422	35.416666666666664
Dialectal_normalizada	26.086956521739136	40.74074074074075	41.17647058823529