Transcripcion	Levenstein	Orden	Parcial
Estandar	28.222996515679444	51.33470225872689	44.63519313304721
Estandar_normalizada	27.9245283018868	51.33470225872689	46.53243847874721
Dialectal	27.8169014084507	51.23966942148761	44.827586206896555
Dialectal_normalizada	27.480916030534353	51.23966942148761	46.846846846846844