Transcripcion	Levenstein	Orden	Parcial
Estandar	19.444444444444443	25.0	34.285714285714285
Estandar_normalizada	21.212121212121215	25.0	41.17647058823529
Dialectal	19.444444444444443	25.0	34.285714285714285
Dialectal_normalizada	21.212121212121215	25.0	41.17647058823529