Transcripcion	Levenstein	Orden	Parcial
Estandar	19.23076923076923	49.33920704845814	38.01652892561983
Estandar_normalizada	24.8062015503876	49.33920704845814	41.8848167539267
Dialectal	19.23076923076923	49.33920704845814	38.01652892561983
Dialectal_normalizada	24.8062015503876	49.33920704845814	41.8848167539267