Transcripcion	Levenstein	Orden	Parcial
Estandar	2.970297029702973	6.818181818181824	60.0
Estandar_normalizada	3.3707865168539297	6.818181818181824	60.0
Dialectal	2.970297029702973	6.818181818181824	60.0
Dialectal_normalizada	3.3707865168539297	6.818181818181824	60.0