Transcripcion	Levenstein	Orden	Parcial
Estandar	19.565217391304344	30.000000000000004	40.0
Estandar_normalizada	22.22222222222222	30.508474576271183	51.61290322580645
Dialectal	19.565217391304344	30.000000000000004	40.0
Dialectal_normalizada	22.22222222222222	30.508474576271183	51.61290322580645