Transcripcion	Levenstein	Orden	Parcial
Estandar	20.68965517241379	39.21568627450981	39.21568627450981
Estandar_normalizada	21.42857142857143	39.21568627450981	42.553191489361694
Dialectal	20.68965517241379	39.21568627450981	39.21568627450981
Dialectal_normalizada	21.42857142857143	39.21568627450981	42.553191489361694