Transcripcion	Levenstein	Orden	Parcial
Estandar	14.28571428571429	38.46153846153846	33.333333333333336
Estandar_normalizada	21.212121212121215	38.46153846153846	45.45454545454546
Dialectal	14.28571428571429	38.46153846153846	33.333333333333336
Dialectal_normalizada	21.212121212121215	38.46153846153846	45.45454545454546