Transcripcion	Levenstein	Orden	Parcial
Estandar	24.17061611374408	47.1976401179941	40.243902439024396
Estandar_normalizada	23.913043478260864	47.337278106508876	44.91017964071856
Dialectal	23.809523809523814	47.928994082840234	40.36697247706422
Dialectal_normalizada	24.04371584699454	48.07121661721068	45.64564564564565