Transcripcion	Levenstein	Orden	Parcial
Estandar	23.140495867768596	44.221105527638194	41.860465116279066
Estandar_normalizada	25.217391304347824	44.221105527638194	44.57831325301205
Dialectal	23.275862068965512	44.329896907216494	42.603550295857985
Dialectal_normalizada	26.363636363636367	44.329896907216494	45.398773006134974