Transcripcion	Levenstein	Orden	Parcial
Estandar	14.634146341463417	29.78723404255319	41.666666666666664
Estandar_normalizada	16.216216216216218	29.78723404255319	41.666666666666664
Dialectal	14.634146341463417	29.78723404255319	41.666666666666664
Dialectal_normalizada	16.216216216216218	29.78723404255319	41.666666666666664