Transcripcion	Levenstein	Orden	Parcial
Estandar	12.5	27.27272727272727	50.0
Estandar_normalizada	15.000000000000002	27.27272727272727	50.0
Dialectal	12.5	27.27272727272727	50.0
Dialectal_normalizada	15.000000000000002	27.27272727272727	50.0