Transcripcion	Levenstein	Orden	Parcial
Estandar	13.513513513513509	18.6046511627907	28.57142857142857
Estandar_normalizada	13.888888888888884	18.6046511627907	50.0
Dialectal	13.513513513513509	18.6046511627907	28.57142857142857
Dialectal_normalizada	13.888888888888884	18.6046511627907	50.0