Transcripcion	Levenstein	Orden	Parcial
Estandar	16.129032258064512	25.0	38.46153846153846
Estandar_normalizada	16.129032258064512	25.0	45.45454545454546
Dialectal	16.129032258064512	25.0	38.46153846153846
Dialectal_normalizada	16.129032258064512	25.0	45.45454545454546