Transcripcion	Levenstein	Orden	Parcial
Estandar	23.809523809523814	40.25974025974026	40.789473684210535
Estandar_normalizada	26.66666666666667	40.25974025974026	45.58823529411765
Dialectal	23.809523809523814	40.25974025974026	40.789473684210535
Dialectal_normalizada	26.66666666666667	40.25974025974026	45.58823529411765