Transcripcion	Levenstein	Orden	Parcial
Estandar	23.350253807106604	52.17391304347826	37.2093023255814
Estandar_normalizada	26.993865030674847	50.5050505050505	46.666666666666664
Dialectal	23.350253807106604	52.17391304347826	37.2093023255814
Dialectal_normalizada	26.993865030674847	50.5050505050505	46.666666666666664