Transcripcion	Levenstein	Orden	Parcial
Estandar	4.347826086956519	9.090909090909093	50.0
Estandar_normalizada	4.761904761904767	9.090909090909093	50.0
Dialectal	4.347826086956519	9.090909090909093	50.0
Dialectal_normalizada	4.761904761904767	9.090909090909093	50.0