Transcripcion	Levenstein	Orden	Parcial
Estandar	21.42857142857143	33.70786516853933	38.59649122807017
Estandar_normalizada	26.22950819672131	34.09090909090909	43.75
Dialectal	21.42857142857143	33.70786516853933	38.59649122807017
Dialectal_normalizada	26.22950819672131	34.09090909090909	43.75