Transcripcion	Levenstein	Orden	Parcial
Estandar	12.5	37.83783783783784	32.432432432432435
Estandar_normalizada	9.999999999999998	37.83783783783784	40.0
Dialectal	12.5	37.83783783783784	32.432432432432435
Dialectal_normalizada	9.999999999999998	37.83783783783784	40.0