Transcripcion	Levenstein	Orden	Parcial
Estandar	23.913043478260864	36.66666666666667	39.02439024390244
Estandar_normalizada	25.0	36.66666666666667	43.47826086956522
Dialectal	23.913043478260864	36.66666666666667	39.02439024390244
Dialectal_normalizada	25.0	36.66666666666667	43.47826086956522