Transcripcion	Levenstein	Orden	Parcial
Estandar	19.199999999999996	37.908496732026144	44.680851063829785
Estandar_normalizada	22.807017543859654	37.908496732026144	46.15384615384615
Dialectal	19.199999999999996	37.908496732026144	44.680851063829785
Dialectal_normalizada	22.807017543859654	37.908496732026144	46.15384615384615