Transcripcion	Levenstein	Orden	Parcial
Estandar	19.047619047619047	32.25806451612904	41.666666666666664
Estandar_normalizada	19.999999999999996	32.25806451612904	42.10526315789473
Dialectal	19.047619047619047	32.25806451612904	41.666666666666664
Dialectal_normalizada	19.999999999999996	32.25806451612904	42.10526315789473