Transcripcion	Levenstein	Orden	Parcial
Estandar	25.85227272727273	47.5583864118896	40.944881889763785
Estandar_normalizada	29.25170068027211	47.33475479744137	45.29411764705882
Dialectal	25.71428571428571	46.90831556503199	40.63324538258575
Dialectal_normalizada	28.767123287671236	47.109207708779444	45.562130177514796