Transcripcion	Levenstein	Orden	Parcial
Estandar	25.136612021857918	45.08196721311475	40.758293838862556
Estandar_normalizada	28.025477707006374	44.44444444444444	45.28301886792453
Dialectal	25.136612021857918	45.08196721311475	40.758293838862556
Dialectal_normalizada	28.025477707006374	44.44444444444444	45.28301886792453