Transcripcion	Levenstein	Orden	Parcial
Estandar	25.0	41.004184100418406	41.379310344827594
Estandar_normalizada	26.470588235294112	41.004184100418406	43.05555555555556
Dialectal	25.0	41.004184100418406	41.379310344827594
Dialectal_normalizada	26.470588235294112	41.004184100418406	43.05555555555556