Transcripcion	Levenstein	Orden	Parcial
Estandar	12.857142857142856	25.71428571428571	42.42424242424242
Estandar_normalizada	15.517241379310342	25.71428571428571	44.44444444444444
Dialectal	12.857142857142856	25.71428571428571	42.42424242424242
Dialectal_normalizada	15.517241379310342	25.71428571428571	44.44444444444444