Transcripcion	Levenstein	Orden	Parcial
Estandar	24.479166666666664	49.83388704318937	40.666666666666664
Estandar_normalizada	25.0	49.33333333333333	45.270270270270274
Dialectal	24.479166666666664	49.83388704318937	40.666666666666664
Dialectal_normalizada	25.0	49.33333333333333	45.270270270270274