Transcripcion	Levenstein	Orden	Parcial
Estandar	23.684210526315784	39.682539682539684	42.622950819672134
Estandar_normalizada	26.086956521739136	39.682539682539684	47.15447154471545
Dialectal	23.684210526315784	39.682539682539684	42.622950819672134
Dialectal_normalizada	26.086956521739136	39.682539682539684	47.15447154471545