Transcripcion	Levenstein	Orden	Parcial
Estandar	23.684210526315784	42.3728813559322	40.0
Estandar_normalizada	25.396825396825395	42.3728813559322	44.230769230769226
Dialectal	23.684210526315784	42.3728813559322	40.0
Dialectal_normalizada	25.396825396825395	42.3728813559322	44.230769230769226