Transcripcion	Levenstein	Orden	Parcial
Estandar	25.581395348837212	41.93548387096774	48.38709677419355
Estandar_normalizada	25.71428571428571	41.93548387096774	49.18032786885246
Dialectal	25.581395348837212	41.93548387096774	48.38709677419355
Dialectal_normalizada	25.71428571428571	41.93548387096774	49.18032786885246