Transcripcion	Levenstein	Orden	Parcial
Estandar	25.619834710743806	48.70466321243523	38.497652582159624
Estandar_normalizada	25.96153846153846	47.916666666666664	45.263157894736835
Dialectal	25.619834710743806	48.70466321243523	38.497652582159624
Dialectal_normalizada	25.96153846153846	47.916666666666664	45.263157894736835