Transcripcion	Levenstein	Orden	Parcial
Estandar	21.42857142857143	47.14285714285714	35.820895522388064
Estandar_normalizada	25.142857142857146	47.48201438848921	40.692640692640694
Dialectal	21.25603864734299	47.65342960288809	35.820895522388064
Dialectal_normalizada	25.0	48.0	40.692640692640694