Transcripcion	Levenstein	Orden	Parcial
Estandar	17.647058823529417	40.90909090909091	36.36363636363637
Estandar_normalizada	23.076923076923073	40.90909090909091	50.0
Dialectal	17.647058823529417	40.90909090909091	36.36363636363637
Dialectal_normalizada	23.076923076923073	40.90909090909091	50.0