Transcripcion	Levenstein	Orden	Parcial
Estandar	23.076923076923073	41.52542372881356	41.05263157894738
Estandar_normalizada	26.114649681528668	42.73504273504274	48.5207100591716
Dialectal	22.22222222222222	41.880341880341874	41.05263157894738
Dialectal_normalizada	25.161290322580644	43.103448275862064	47.61904761904761