Transcripcion	Levenstein	Orden	Parcial
Estandar	19.11764705882353	28.57142857142857	42.85714285714286
Estandar_normalizada	19.672131147540984	28.57142857142857	47.36842105263158
Dialectal	19.11764705882353	28.57142857142857	42.85714285714286
Dialectal_normalizada	19.672131147540984	28.57142857142857	47.36842105263158