Transcripcion	Levenstein	Orden	Parcial
Estandar	21.42857142857143	50.54945054945055	48.64864864864865
Estandar_normalizada	22.64150943396226	50.54945054945055	53.73134328358209
Dialectal	21.42857142857143	50.54945054945055	48.64864864864865
Dialectal_normalizada	22.64150943396226	50.54945054945055	53.73134328358209