Transcripcion	Levenstein	Orden	Parcial
Estandar	37.86407766990292	68.85245901639344	58.33333333333333
Estandar_normalizada	48.78048780487805	67.22689075630252	68.08510638297872
Dialectal	37.86407766990292	68.85245901639344	58.33333333333333
Dialectal_normalizada	48.78048780487805	67.22689075630252	68.08510638297872