Transcripcion	Levenstein	Orden	Parcial
Estandar	20.833333333333336	24.242424242424242	36.36363636363637
Estandar_normalizada	20.833333333333336	24.242424242424242	40.0
Dialectal	20.833333333333336	24.242424242424242	36.36363636363637
Dialectal_normalizada	20.833333333333336	24.242424242424242	40.0