Transcripcion	Levenstein	Orden	Parcial
Estandar	37.980769230769226	65.37216828478964	50.0
Estandar_normalizada	43.99999999999999	62.295081967213115	57.74647887323944
Dialectal	37.980769230769226	65.37216828478964	50.0
Dialectal_normalizada	43.99999999999999	62.295081967213115	57.74647887323944