Transcripcion	Levenstein	Orden	Parcial
Estandar	55.16014234875445	73.6842105263158	62.34413965087282
Estandar_normalizada	61.904761904761905	73.39449541284404	68.1592039800995
Dialectal	55.16014234875445	73.6842105263158	62.34413965087282
Dialectal_normalizada	61.904761904761905	73.39449541284404	68.1592039800995