Transcripcion	Levenstein	Orden	Parcial
Estandar	17.500000000000004	53.333333333333336	45.90163934426229
Estandar_normalizada	30.555555555555557	53.333333333333336	56.00000000000001
Dialectal	17.500000000000004	53.333333333333336	45.90163934426229
Dialectal_normalizada	30.555555555555557	53.333333333333336	56.00000000000001