Transcripcion	Levenstein	Orden	Parcial
Estandar	44.99999999999999	80.85106382978724	94.73684210526316
Estandar_normalizada	59.375	80.85106382978724	100.0
Dialectal	44.99999999999999	80.85106382978724	94.73684210526316
Dialectal_normalizada	59.375	80.85106382978724	100.0