Transcripcion	Levenstein	Orden	Parcial
Estandar	14.110429447852757	35.582822085889575	30.508474576271183
Estandar_normalizada	22.314049586776864	36.024844720496894	38.18181818181819
Dialectal	14.110429447852757	35.582822085889575	30.508474576271183
Dialectal_normalizada	22.314049586776864	36.024844720496894	38.18181818181819