Transcripcion	Levenstein	Orden	Parcial
Estandar	6.666666666666665	15.081967213114755	48.275862068965516
Estandar_normalizada	8.053691275167784	15.181518151815176	53.57142857142857
Dialectal	6.666666666666665	15.081967213114755	48.275862068965516
Dialectal_normalizada	8.053691275167784	15.181518151815176	53.57142857142857