Transcripcion	Levenstein	Orden	Parcial
Estandar	15.000000000000002	19.047619047619047	37.5
Estandar_normalizada	12.5	19.047619047619047	50.0
Dialectal	15.000000000000002	19.047619047619047	37.5
Dialectal_normalizada	12.5	19.047619047619047	50.0