Transcripcion	Levenstein	Orden	Parcial
Estandar	37.5	55.23809523809524	76.40449438202246
Estandar_normalizada	37.68115942028986	55.769230769230774	80.48780487804879
Dialectal	37.5	55.23809523809524	76.40449438202246
Dialectal_normalizada	37.68115942028986	55.769230769230774	80.48780487804879