Transcripcion	Levenstein	Orden	Parcial
Estandar	65.85365853658536	64.7887323943662	73.52941176470588
Estandar_normalizada	66.66666666666667	64.7887323943662	73.84615384615385
Dialectal	65.85365853658536	64.7887323943662	73.52941176470588
Dialectal_normalizada	66.66666666666667	64.7887323943662	73.84615384615385