Transcripcion	Levenstein	Orden	Parcial
Estandar	25.0	54.43037974683544	40.31007751937985
Estandar_normalizada	30.681818181818176	52.56410256410257	50.0
Dialectal	25.0	54.43037974683544	40.31007751937985
Dialectal_normalizada	30.681818181818176	52.56410256410257	50.0