Transcripcion	Levenstein	Orden	Parcial
Estandar	17.85714285714286	48.0	49.056603773584904
Estandar_normalizada	25.0	48.0	54.16666666666667
Dialectal	17.85714285714286	48.0	49.056603773584904
Dialectal_normalizada	25.0	48.0	54.16666666666667