Transcripcion	Levenstein	Orden	Parcial
Estandar	21.212121212121215	36.8421052631579	47.05882352941176
Estandar_normalizada	19.354838709677423	36.8421052631579	61.53846153846154
Dialectal	21.212121212121215	36.8421052631579	47.05882352941176
Dialectal_normalizada	19.354838709677423	36.8421052631579	61.53846153846154