Transcripcion	Levenstein	Orden	Parcial
Estandar	20.18348623853211	40.0	40.25974025974026
Estandar_normalizada	24.32432432432432	38.13559322033898	45.833333333333336
Dialectal	20.18348623853211	40.0	40.25974025974026
Dialectal_normalizada	24.32432432432432	38.13559322033898	45.833333333333336