Transcripcion	Levenstein	Orden	Parcial
Estandar	23.379629629629626	39.258114374034	37.5968992248062
Estandar_normalizada	26.57004830917874	39.37500000000001	43.73673036093418
Dialectal	23.379629629629626	39.258114374034	37.5968992248062
Dialectal_normalizada	26.57004830917874	39.37500000000001	43.73673036093418