Transcripcion	Levenstein	Orden	Parcial
Estandar	22.44897959183674	38.888888888888886	43.24324324324324
Estandar_normalizada	21.95121951219512	38.888888888888886	47.05882352941176
Dialectal	22.44897959183674	38.888888888888886	43.24324324324324
Dialectal_normalizada	21.95121951219512	38.888888888888886	47.05882352941176