Transcripcion	Levenstein	Orden	Parcial
Estandar	4.651162790697672	12.5	19.999999999999996
Estandar_normalizada	5.263157894736848	12.765957446808507	22.22222222222222
Dialectal	4.651162790697672	12.5	19.999999999999996
Dialectal_normalizada	5.263157894736848	12.765957446808507	22.22222222222222