Transcripcion	Levenstein	Orden	Parcial
Estandar	9.999999999999998	50.0	33.333333333333336
Estandar_normalizada	33.333333333333336	50.0	80.0
Dialectal	9.999999999999998	50.0	33.333333333333336
Dialectal_normalizada	33.333333333333336	50.0	80.0