Transcripcion	Levenstein	Orden	Parcial
Estandar	79.41176470588236	94.73684210526316	93.10344827586206
Estandar_normalizada	90.0	94.73684210526316	96.55172413793103
Dialectal	79.41176470588236	94.73684210526316	93.10344827586206
Dialectal_normalizada	90.0	94.73684210526316	96.55172413793103