Transcripcion	Levenstein	Orden	Parcial
Estandar	63.33333333333333	82.6086956521739	80.0
Estandar_normalizada	76.0	82.6086956521739	88.88888888888889
Dialectal	63.33333333333333	82.6086956521739	80.0
Dialectal_normalizada	76.0	82.6086956521739	88.88888888888889