Transcripcion	Levenstein	Orden	Parcial
Estandar	7.692307692307687	33.333333333333336	34.285714285714285
Estandar_normalizada	15.384615384615385	33.333333333333336	41.379310344827594
Dialectal	7.692307692307687	33.333333333333336	34.285714285714285
Dialectal_normalizada	15.384615384615385	33.333333333333336	41.379310344827594