Transcripcion	Levenstein	Orden	Parcial
Estandar	9.689922480620151	16.117216117216117	58.62068965517242
Estandar_normalizada	10.121457489878537	16.117216117216117	60.37735849056604
Dialectal	9.689922480620151	16.117216117216117	58.62068965517242
Dialectal_normalizada	10.121457489878537	16.117216117216117	60.37735849056604