Transcripcion	Levenstein	Orden	Parcial
Estandar	40.625	71.7948717948718	76.47058823529412
Estandar_normalizada	50.0	71.7948717948718	81.25
Dialectal	40.625	71.7948717948718	76.47058823529412
Dialectal_normalizada	50.0	71.7948717948718	81.25