Transcripcion	Levenstein	Orden	Parcial
Estandar	10.447761194029848	32.098765432098766	40.0
Estandar_normalizada	12.5	27.848101265822788	47.61904761904761
Dialectal	10.447761194029848	32.098765432098766	40.0
Dialectal_normalizada	12.5	27.848101265822788	47.61904761904761