Transcripcion	Levenstein	Orden	Parcial
Estandar	38.70967741935484	63.41463414634146	70.27027027027026
Estandar_normalizada	50.0	63.41463414634146	86.66666666666667
Dialectal	38.70967741935484	63.41463414634146	70.27027027027026
Dialectal_normalizada	50.0	63.41463414634146	86.66666666666667