Transcripcion	Levenstein	Orden	Parcial
Estandar	32.450331125827816	52.38095238095239	50.54945054945055
Estandar_normalizada	39.39393939393939	52.88461538461539	56.81818181818181
Dialectal	32.666666666666664	52.63157894736843	51.64835164835164
Dialectal_normalizada	39.69465648854962	53.14009661835748	56.81818181818181