Transcripcion	Levenstein	Orden	Parcial
Estandar	11.111111111111116	0.0	25.0
Estandar_normalizada	15.384615384615385	0.0	50.0
Dialectal	11.111111111111116	0.0	25.0
Dialectal_normalizada	15.384615384615385	0.0	50.0