Transcripcion	Levenstein	Orden	Parcial
Estandar	19.999999999999996	26.415094339622648	41.17647058823529
Estandar_normalizada	21.052631578947366	26.415094339622648	43.75
Dialectal	19.999999999999996	26.415094339622648	41.17647058823529
Dialectal_normalizada	21.052631578947366	26.415094339622648	43.75