Transcripcion	Levenstein	Orden	Parcial
Estandar	11.627906976744185	25.806451612903224	28.000000000000004
Estandar_normalizada	18.6046511627907	25.806451612903224	38.095238095238095
Dialectal	11.627906976744185	25.806451612903224	28.000000000000004
Dialectal_normalizada	18.6046511627907	25.806451612903224	38.095238095238095