Transcripcion	Levenstein	Orden	Parcial
Estandar	13.793103448275868	31.25	25.0
Estandar_normalizada	16.666666666666664	31.25	48.275862068965516
Dialectal	13.793103448275868	31.25	25.0
Dialectal_normalizada	16.666666666666664	31.25	48.275862068965516