Transcripcion	Levenstein	Orden	Parcial
Estandar	18.75	47.05882352941176	42.85714285714286
Estandar_normalizada	25.0	47.05882352941176	42.85714285714286
Dialectal	18.75	47.05882352941176	42.85714285714286
Dialectal_normalizada	25.0	47.05882352941176	42.85714285714286