Transcripcion	Levenstein	Orden	Parcial
Estandar	13.888888888888884	19.999999999999996	38.095238095238095
Estandar_normalizada	12.5	19.999999999999996	33.333333333333336
Dialectal	13.888888888888884	19.999999999999996	38.095238095238095
Dialectal_normalizada	12.5	19.999999999999996	33.333333333333336