Transcripcion	Levenstein	Orden	Parcial
Estandar	80.89887640449437	88.19875776397515	87.17948717948718
Estandar_normalizada	84.70588235294117	88.19875776397515	89.74358974358975
Dialectal	80.89887640449437	88.19875776397515	87.17948717948718
Dialectal_normalizada	84.70588235294117	88.19875776397515	89.74358974358975