Transcripcion	Levenstein	Orden	Parcial
Estandar	22.22222222222222	29.411764705882348	31.25
Estandar_normalizada	23.076923076923073	29.411764705882348	45.45454545454546
Dialectal	22.22222222222222	29.411764705882348	31.25
Dialectal_normalizada	23.076923076923073	29.411764705882348	45.45454545454546