Transcripcion	Levenstein	Orden	Parcial
Estandar	77.88778877887789	91.76470588235294	83.07086614173228
Estandar_normalizada	85.81818181818181	91.73228346456693	88.75502008032129
Dialectal	77.88778877887789	91.76470588235294	83.07086614173228
Dialectal_normalizada	85.81818181818181	91.73228346456693	88.75502008032129