Transcripcion	Levenstein	Orden	Parcial
Estandar	85.71428571428572	97.14285714285714	97.14285714285714
Estandar_normalizada	89.47368421052632	97.14285714285714	100.0
Dialectal	85.71428571428572	97.14285714285714	97.14285714285714
Dialectal_normalizada	89.47368421052632	97.14285714285714	100.0