Transcripcion	Levenstein	Orden	Parcial
Estandar	68.0	90.41095890410959	89.47368421052632
Estandar_normalizada	78.57142857142857	90.41095890410959	94.11764705882352
Dialectal	68.0	90.41095890410959	89.47368421052632
Dialectal_normalizada	78.57142857142857	90.41095890410959	94.11764705882352