Transcripcion	Levenstein	Orden	Parcial
Estandar	73.46938775510203	91.13924050632912	97.22222222222221
Estandar_normalizada	80.0	91.13924050632912	97.22222222222221
Dialectal	73.46938775510203	91.13924050632912	97.22222222222221
Dialectal_normalizada	80.0	91.13924050632912	97.22222222222221