Transcripcion	Levenstein	Orden	Parcial
Estandar	81.94444444444444	91.80327868852459	95.08196721311475
Estandar_normalizada	86.36363636363636	91.80327868852459	96.61016949152543
Dialectal	81.94444444444444	91.80327868852459	95.08196721311475
Dialectal_normalizada	86.36363636363636	91.80327868852459	96.61016949152543