Transcripcion	Levenstein	Orden	Parcial
Estandar	65.0	82.75862068965517	92.3076923076923
Estandar_normalizada	66.66666666666667	82.75862068965517	100.0
Dialectal	65.0	82.75862068965517	92.3076923076923
Dialectal_normalizada	66.66666666666667	82.75862068965517	100.0