Transcripcion	Levenstein	Orden	Parcial
Estandar	9.523809523809524	10.81081081081081	66.66666666666667
Estandar_normalizada	8.823529411764708	11.111111111111116	85.71428571428572
Dialectal	9.523809523809524	10.81081081081081	66.66666666666667
Dialectal_normalizada	8.823529411764708	11.111111111111116	85.71428571428572