Transcripcion	Levenstein	Orden	Parcial
Estandar	34.65346534653465	70.37037037037037	66.66666666666667
Estandar_normalizada	44.31818181818182	70.80745341614907	70.92198581560284
Dialectal	34.65346534653465	70.37037037037037	66.66666666666667
Dialectal_normalizada	44.31818181818182	70.80745341614907	70.92198581560284