Transcripcion	Levenstein	Orden	Parcial
Estandar	8.333333333333337	37.5	36.36363636363637
Estandar_normalizada	9.999999999999998	37.5	54.54545454545454
Dialectal	8.333333333333337	37.5	36.36363636363637
Dialectal_normalizada	9.999999999999998	37.5	54.54545454545454