Transcripcion	Levenstein	Orden	Parcial
Estandar	71.42857142857143	87.5	78.57142857142857
Estandar_normalizada	73.6842105263158	87.5	84.61538461538461
Dialectal	71.42857142857143	87.5	78.57142857142857
Dialectal_normalizada	73.6842105263158	87.5	84.61538461538461