Transcripcion	Levenstein	Orden	Parcial
Estandar	35.89743589743589	44.89795918367348	54.54545454545454
Estandar_normalizada	45.16129032258065	44.89795918367348	59.45945945945945
Dialectal	35.89743589743589	44.89795918367348	54.54545454545454
Dialectal_normalizada	45.16129032258065	44.89795918367348	59.45945945945945