Transcripcion	Levenstein	Orden	Parcial
Estandar	15.789473684210531	19.999999999999996	57.14285714285714
Estandar_normalizada	16.666666666666664	19.999999999999996	66.66666666666667
Dialectal	15.789473684210531	19.999999999999996	57.14285714285714
Dialectal_normalizada	16.666666666666664	19.999999999999996	66.66666666666667