Transcripcion	Levenstein	Orden	Parcial
Estandar	62.264150943396224	71.57894736842105	83.87096774193549
Estandar_normalizada	63.26530612244898	71.57894736842105	86.36363636363636
Dialectal	62.264150943396224	71.57894736842105	83.87096774193549
Dialectal_normalizada	63.26530612244898	71.57894736842105	86.36363636363636