Transcripcion	Levenstein	Orden	Parcial
Estandar	60.0	78.57142857142857	81.08108108108108
Estandar_normalizada	69.38775510204081	78.57142857142857	81.08108108108108
Dialectal	60.37735849056604	78.04878048780488	81.08108108108108
Dialectal_normalizada	70.2127659574468	78.04878048780488	81.08108108108108