Transcripcion	Levenstein	Orden	Parcial
Estandar	90.19607843137256	95.83333333333334	94.84536082474226
Estandar_normalizada	91.83673469387756	95.83333333333334	95.83333333333334
Dialectal	90.19607843137256	95.83333333333334	94.84536082474226
Dialectal_normalizada	91.83673469387756	95.83333333333334	95.83333333333334