Transcripcion	Levenstein	Orden	Parcial
Estandar	23.448275862068968	41.53005464480874	47.14285714285714
Estandar_normalizada	27.419354838709676	42.85714285714286	52.23880597014925
Dialectal	23.448275862068968	41.53005464480874	47.14285714285714
Dialectal_normalizada	27.419354838709676	42.85714285714286	52.23880597014925