Transcripcion	Levenstein	Orden	Parcial
Estandar	42.14876033057852	72.34042553191489	96.15384615384616
Estandar_normalizada	50.0	72.85714285714286	100.0
Dialectal	42.14876033057852	72.34042553191489	96.15384615384616
Dialectal_normalizada	50.0	72.85714285714286	100.0