Transcripcion	Levenstein	Orden	Parcial
Estandar	51.61290322580645	77.27272727272727	87.17948717948718
Estandar_normalizada	59.25925925925925	77.27272727272727	91.89189189189189
Dialectal	51.61290322580645	77.27272727272727	87.17948717948718
Dialectal_normalizada	59.25925925925925	77.27272727272727	91.89189189189189