Transcripcion	Levenstein	Orden	Parcial
Estandar	69.62962962962963	85.58421851289833	82.97213622291022
Estandar_normalizada	77.96143250688705	85.58421851289833	87.61904761904762
Dialectal	70.04950495049505	85.71428571428572	82.97213622291022
Dialectal_normalizada	78.45303867403315	85.71428571428572	87.61904761904762