Transcripcion	Levenstein	Orden	Parcial
Estandar	55.88235294117647	78.43137254901961	79.16666666666666
Estandar_normalizada	60.0	78.43137254901961	82.6086956521739
Dialectal	55.88235294117647	78.43137254901961	79.16666666666666
Dialectal_normalizada	60.0	78.43137254901961	82.6086956521739