Transcripcion	Levenstein	Orden	Parcial
Estandar	47.97687861271677	73.19148936170212	67.61904761904762
Estandar_normalizada	56.849315068493155	73.59307359307358	72.54901960784314
Dialectal	47.97687861271677	73.19148936170212	67.61904761904762
Dialectal_normalizada	56.849315068493155	73.59307359307358	72.54901960784314