Transcripcion	Levenstein	Orden	Parcial
Estandar	23.809523809523814	46.15384615384615	44.827586206896555
Estandar_normalizada	23.684210526315784	46.15384615384615	48.275862068965516
Dialectal	23.809523809523814	46.15384615384615	44.827586206896555
Dialectal_normalizada	23.684210526315784	46.15384615384615	48.275862068965516