Transcripcion	Levenstein	Orden	Parcial
Estandar	40.816326530612244	57.851239669421496	54.385964912280706
Estandar_normalizada	42.1875	58.091286307053934	60.16949152542372
Dialectal	41.0958904109589	58.091286307053934	54.385964912280706
Dialectal_normalizada	41.73228346456693	58.33333333333333	60.16949152542372