Transcripcion	Levenstein	Orden	Parcial
Estandar	67.74193548387098	76.51006711409396	72.05882352941177
Estandar_normalizada	74.69879518072288	76.51006711409396	77.46478873239437
Dialectal	67.74193548387098	76.51006711409396	72.05882352941177
Dialectal_normalizada	74.69879518072288	76.51006711409396	77.46478873239437