Transcripcion	Levenstein	Orden	Parcial
Estandar	18.181818181818176	33.333333333333336	40.0
Estandar_normalizada	0.0	33.333333333333336	50.0
Dialectal	18.181818181818176	33.333333333333336	40.0
Dialectal_normalizada	0.0	33.333333333333336	50.0