Transcripcion	Levenstein	Orden	Parcial
Estandar	53.333333333333336	64.0	83.33333333333334
Estandar_normalizada	57.14285714285714	64.0	85.71428571428572
Dialectal	53.333333333333336	64.0	83.33333333333334
Dialectal_normalizada	57.14285714285714	64.0	85.71428571428572