Transcripcion	Levenstein	Orden	Parcial
Estandar	76.47058823529412	87.05882352941177	83.33333333333334
Estandar_normalizada	78.72340425531915	87.05882352941177	85.0
Dialectal	76.47058823529412	87.05882352941177	83.33333333333334
Dialectal_normalizada	78.72340425531915	87.05882352941177	85.0