Transcripcion	Levenstein	Orden	Parcial
Estandar	47.96747967479674	69.85645933014354	66.08695652173913
Estandar_normalizada	52.293577981651374	69.23076923076923	73.73271889400922
Dialectal	47.96747967479674	69.85645933014354	66.08695652173913
Dialectal_normalizada	52.293577981651374	69.23076923076923	73.73271889400922