Transcripcion	Levenstein	Orden	Parcial
Estandar	4.950495049504955	19.565217391304344	30.76923076923077
Estandar_normalizada	9.090909090909093	19.780219780219777	38.46153846153846
Dialectal	4.950495049504955	19.565217391304344	30.76923076923077
Dialectal_normalizada	9.090909090909093	19.780219780219777	38.46153846153846