Transcripcion	Levenstein	Orden	Parcial
Estandar	20.606060606060606	48.06201550387597	35.019455252918284
Estandar_normalizada	28.47682119205298	49.411764705882355	41.80327868852459
Dialectal	20.606060606060606	48.06201550387597	35.019455252918284
Dialectal_normalizada	28.47682119205298	49.411764705882355	41.80327868852459