Transcripcion	Levenstein	Orden	Parcial
Estandar	65.60509554140128	72.85714285714286	76.66666666666666
Estandar_normalizada	70.83333333333333	72.85714285714286	81.11888111888112
Dialectal	65.60509554140128	72.85714285714286	76.66666666666666
Dialectal_normalizada	70.83333333333333	72.85714285714286	81.11888111888112