Transcripcion	Levenstein	Orden	Parcial
Estandar	29.230769230769226	43.90243902439024	56.71641791044777
Estandar_normalizada	38.0	45.56962025316456	67.79661016949152
Dialectal	29.230769230769226	43.90243902439024	56.71641791044777
Dialectal_normalizada	38.0	45.56962025316456	67.79661016949152