Transcripcion	Levenstein	Orden	Parcial
Estandar	53.333333333333336	76.92307692307692	85.71428571428572
Estandar_normalizada	62.5	76.92307692307692	88.23529411764706
Dialectal	53.333333333333336	76.92307692307692	85.71428571428572
Dialectal_normalizada	62.5	76.92307692307692	88.23529411764706