Transcripcion	Levenstein	Orden	Parcial
Estandar	80.48780487804879	92.85714285714286	87.32394366197182
Estandar_normalizada	90.54054054054053	92.85714285714286	92.85714285714286
Dialectal	80.48780487804879	92.85714285714286	87.32394366197182
Dialectal_normalizada	90.54054054054053	92.85714285714286	92.85714285714286