Transcripcion	Levenstein	Orden	Parcial
Estandar	57.391304347826086	72.11895910780669	73.37278106508876
Estandar_normalizada	60.63492063492064	72.11895910780669	75.68710359408034
Dialectal	57.391304347826086	72.11895910780669	73.37278106508876
Dialectal_normalizada	60.63492063492064	72.11895910780669	75.68710359408034