Transcripcion	Levenstein	Orden	Parcial
Estandar	83.33333333333334	97.61904761904762	90.69767441860466
Estandar_normalizada	93.18181818181819	97.61904761904762	95.23809523809523
Dialectal	83.33333333333334	97.61904761904762	90.69767441860466
Dialectal_normalizada	93.18181818181819	97.61904761904762	95.23809523809523