Transcripcion	Levenstein	Orden	Parcial
Estandar	45.945945945945944	68.18181818181819	78.94736842105263
Estandar_normalizada	51.61290322580645	69.76744186046511	83.33333333333334
Dialectal	45.945945945945944	68.18181818181819	78.94736842105263
Dialectal_normalizada	51.61290322580645	69.76744186046511	83.33333333333334