Transcripcion	Levenstein	Orden	Parcial
Estandar	48.57142857142858	78.74015748031495	64.22018348623853
Estandar_normalizada	61.1764705882353	79.36507936507937	76.28865979381443
Dialectal	48.57142857142858	78.74015748031495	64.22018348623853
Dialectal_normalizada	61.1764705882353	79.36507936507937	76.28865979381443