Transcripcion	Levenstein	Orden	Parcial
Estandar	50.0	70.50359712230217	62.76150627615063
Estandar_normalizada	56.06936416184971	70.75812274368232	66.10169491525424
Dialectal	50.52083333333333	71.01449275362319	63.29113924050633
Dialectal_normalizada	56.72514619883041	71.27272727272727	66.94915254237289