Transcripcion	Levenstein	Orden	Parcial
Estandar	67.3076923076923	85.0	81.57894736842105
Estandar_normalizada	76.08695652173914	85.0	88.57142857142857
Dialectal	67.3076923076923	85.0	81.57894736842105
Dialectal_normalizada	76.08695652173914	85.0	88.57142857142857