Transcripcion	Levenstein	Orden	Parcial
Estandar	51.5625	77.92207792207793	73.6842105263158
Estandar_normalizada	64.0	77.92207792207793	82.35294117647058
Dialectal	51.5625	77.92207792207793	73.6842105263158
Dialectal_normalizada	64.0	77.92207792207793	82.35294117647058