Transcripcion	Levenstein	Orden	Parcial
Estandar	25.0	47.05882352941176	46.666666666666664
Estandar_normalizada	27.27272727272727	47.05882352941176	53.84615384615385
Dialectal	25.0	47.05882352941176	46.666666666666664
Dialectal_normalizada	27.27272727272727	47.05882352941176	53.84615384615385