Transcripcion	Levenstein	Orden	Parcial
Estandar	21.818181818181813	36.61971830985915	43.47826086956522
Estandar_normalizada	21.568627450980394	36.61971830985915	47.61904761904761
Dialectal	21.818181818181813	36.61971830985915	43.47826086956522
Dialectal_normalizada	21.568627450980394	36.61971830985915	47.61904761904761