Transcripcion	Levenstein	Orden	Parcial
Estandar	67.21311475409837	86.5979381443299	79.16666666666666
Estandar_normalizada	79.24528301886792	86.5979381443299	87.5
Dialectal	67.21311475409837	86.5979381443299	79.16666666666666
Dialectal_normalizada	79.24528301886792	86.5979381443299	87.5