Transcripcion	Levenstein	Orden	Parcial
Estandar	64.98194945848375	80.28503562945369	70.29702970297029
Estandar_normalizada	74.68879668049793	80.47619047619048	78.1725888324873
Dialectal	64.98194945848375	80.28503562945369	70.29702970297029
Dialectal_normalizada	74.68879668049793	80.47619047619048	78.1725888324873