Transcripcion	Levenstein	Orden	Parcial
Estandar	74.46808510638299	89.47368421052632	82.92682926829268
Estandar_normalizada	85.36585365853658	89.47368421052632	90.66666666666666
Dialectal	74.46808510638299	89.47368421052632	82.92682926829268
Dialectal_normalizada	85.36585365853658	89.47368421052632	90.66666666666666