Transcripcion	Levenstein	Orden	Parcial
Estandar	42.10526315789473	46.15384615384615	63.63636363636363
Estandar_normalizada	41.17647058823529	46.15384615384615	70.0
Dialectal	42.10526315789473	46.15384615384615	63.63636363636363
Dialectal_normalizada	41.17647058823529	46.15384615384615	70.0