Transcripcion	Levenstein	Orden	Parcial
Estandar	32.18390804597702	54.71698113207547	85.24590163934427
Estandar_normalizada	37.66233766233766	54.71698113207547	88.52459016393442
Dialectal	32.18390804597702	54.71698113207547	85.24590163934427
Dialectal_normalizada	37.66233766233766	54.71698113207547	88.52459016393442