Transcripcion	Levenstein	Orden	Parcial
Estandar	61.82572614107884	78.26086956521739	74.33628318584071
Estandar_normalizada	70.28301886792453	77.3841961852861	80.0
Dialectal	60.83333333333334	76.83923705722071	73.37278106508876
Dialectal_normalizada	69.19431279620854	75.95628415300546	79.0273556231003