Transcripcion	Levenstein	Orden	Parcial
Estandar	22.22222222222222	41.860465116279066	36.8421052631579
Estandar_normalizada	22.22222222222222	41.860465116279066	41.17647058823529
Dialectal	22.22222222222222	41.860465116279066	36.8421052631579
Dialectal_normalizada	22.22222222222222	41.860465116279066	41.17647058823529