Transcripcion	Levenstein	Orden	Parcial
Estandar	9.999999999999998	19.999999999999996	40.0
Estandar_normalizada	16.666666666666664	19.999999999999996	50.0
Dialectal	9.999999999999998	19.999999999999996	40.0
Dialectal_normalizada	16.666666666666664	19.999999999999996	50.0