Transcripcion	Levenstein	Orden	Parcial
Estandar	6.324110671936756	11.494252873563216	40.0
Estandar_normalizada	6.5573770491803245	11.494252873563216	50.0
Dialectal	6.324110671936756	11.494252873563216	40.0
Dialectal_normalizada	6.5573770491803245	11.494252873563216	50.0