Transcripcion	Levenstein	Orden	Parcial
Estandar	66.66666666666667	76.92307692307692	81.0126582278481
Estandar_normalizada	72.5	76.92307692307692	83.11688311688312
Dialectal	68.29268292682926	78.94736842105263	80.0
Dialectal_normalizada	74.35897435897436	78.94736842105263	82.66666666666667