Transcripcion	Levenstein	Orden	Parcial
Estandar	4.761904761904767	24.0	15.384615384615385
Estandar_normalizada	5.000000000000004	16.666666666666664	40.0
Dialectal	4.761904761904767	24.0	15.384615384615385
Dialectal_normalizada	5.000000000000004	16.666666666666664	40.0