Transcripcion	Levenstein	Orden	Parcial
Estandar	7.14285714285714	18.75	28.57142857142857
Estandar_normalizada	8.695652173913048	19.354838709677423	33.333333333333336
Dialectal	7.14285714285714	18.75	28.57142857142857
Dialectal_normalizada	8.695652173913048	19.354838709677423	33.333333333333336