Transcripcion	Levenstein	Orden	Parcial
Estandar	68.91891891891892	83.46456692913385	76.19047619047619
Estandar_normalizada	75.0	83.46456692913385	82.25806451612902
Dialectal	66.66666666666667	83.2	77.77777777777779
Dialectal_normalizada	72.72727272727273	83.2	83.87096774193549