Transcripcion	Levenstein	Orden	Parcial
Estandar	45.45454545454546	75.0	54.54545454545454
Estandar_normalizada	50.0	75.0	75.0
Dialectal	45.45454545454546	75.0	54.54545454545454
Dialectal_normalizada	50.0	75.0	75.0