Transcripcion	Levenstein	Orden	Parcial
Estandar	32.67326732673267	53.73134328358209	50.0
Estandar_normalizada	38.372093023255815	54.13533834586466	53.448275862068975
Dialectal	32.67326732673267	53.73134328358209	50.0
Dialectal_normalizada	38.372093023255815	54.13533834586466	53.448275862068975