Transcripcion	Levenstein	Orden	Parcial
Estandar	48.453608247422686	77.77777777777779	72.09302325581395
Estandar_normalizada	60.0	77.77777777777779	78.2051282051282
Dialectal	48.453608247422686	77.77777777777779	72.09302325581395
Dialectal_normalizada	60.0	77.77777777777779	78.2051282051282