Transcripcion	Levenstein	Orden	Parcial
Estandar	81.4814814814815	96.5909090909091	91.01123595505618
Estandar_normalizada	88.54166666666666	96.5909090909091	93.02325581395348
Dialectal	81.4814814814815	96.5909090909091	91.01123595505618
Dialectal_normalizada	88.54166666666666	96.5909090909091	93.02325581395348