Transcripcion	Levenstein	Orden	Parcial
Estandar	90.60402684563759	98.52941176470588	94.4055944055944
Estandar_normalizada	93.5251798561151	98.52941176470588	97.10144927536231
Dialectal	89.1156462585034	97.77777777777777	94.4055944055944
Dialectal_normalizada	92.02898550724638	97.77777777777777	95.62043795620438