Transcripcion	Levenstein	Orden	Parcial
Estandar	34.523809523809526	54.10958904109589	62.20472440944882
Estandar_normalizada	39.50617283950617	54.10958904109589	65.54621848739495
Dialectal	34.523809523809526	54.10958904109589	62.20472440944882
Dialectal_normalizada	39.50617283950617	54.10958904109589	65.54621848739495