Transcripcion	Levenstein	Orden	Parcial
Estandar	49.09090909090909	54.16666666666667	64.81481481481481
Estandar_normalizada	54.90196078431373	54.16666666666667	68.75
Dialectal	50.90909090909091	54.73684210526315	65.38461538461539
Dialectal_normalizada	56.86274509803921	54.73684210526315	68.08510638297872