Transcripcion	Levenstein	Orden	Parcial
Estandar	44.776119402985074	59.13043478260869	66.10169491525424
Estandar_normalizada	47.540983606557376	59.13043478260869	70.47619047619047
Dialectal	44.776119402985074	59.13043478260869	66.10169491525424
Dialectal_normalizada	47.540983606557376	59.13043478260869	70.47619047619047