Transcripcion	Levenstein	Orden	Parcial
Estandar	57.95454545454546	70.1492537313433	76.92307692307692
Estandar_normalizada	67.10526315789474	70.1492537313433	84.375
Dialectal	57.95454545454546	70.1492537313433	76.92307692307692
Dialectal_normalizada	67.10526315789474	70.1492537313433	84.375