Transcripcion	Levenstein	Orden	Parcial
Estandar	18.018018018018022	26.15384615384615	48.64864864864865
Estandar_normalizada	16.831683168316836	26.15384615384615	47.05882352941176
Dialectal	18.018018018018022	26.15384615384615	48.64864864864865
Dialectal_normalizada	16.831683168316836	26.15384615384615	47.05882352941176