Transcripcion	Levenstein	Orden	Parcial
Estandar	46.15384615384615	55.88235294117647	54.28571428571429
Estandar_normalizada	48.837209302325576	55.88235294117647	60.0
Dialectal	46.15384615384615	55.88235294117647	54.28571428571429
Dialectal_normalizada	48.837209302325576	55.88235294117647	60.0