Transcripcion	Levenstein	Orden	Parcial
Estandar	57.57575757575757	78.43137254901961	73.58490566037736
Estandar_normalizada	70.17543859649122	79.20792079207921	79.56989247311827
Dialectal	57.57575757575757	78.43137254901961	73.58490566037736
Dialectal_normalizada	70.17543859649122	79.20792079207921	79.56989247311827