Transcripcion	Levenstein	Orden	Parcial
Estandar	64.44444444444444	79.35871743486975	69.38775510204081
Estandar_normalizada	71.02473498233215	78.714859437751	76.62337662337663
Dialectal	64.44444444444444	79.35871743486975	69.38775510204081
Dialectal_normalizada	71.02473498233215	78.714859437751	76.62337662337663