Transcripcion	Levenstein	Orden	Parcial
Estandar	83.54430379746836	86.66666666666667	91.50326797385621
Estandar_normalizada	89.6103896103896	86.66666666666667	92.0
Dialectal	83.54430379746836	86.66666666666667	91.50326797385621
Dialectal_normalizada	89.6103896103896	86.66666666666667	92.0