Transcripcion	Levenstein	Orden	Parcial
Estandar	68.29268292682926	69.33333333333334	78.37837837837837
Estandar_normalizada	74.35897435897436	69.33333333333334	80.55555555555556
Dialectal	68.29268292682926	69.33333333333334	78.37837837837837
Dialectal_normalizada	74.35897435897436	69.33333333333334	80.55555555555556