Transcripcion	Levenstein	Orden	Parcial
Estandar	72.5	83.07692307692307	87.5
Estandar_normalizada	83.33333333333334	83.07692307692307	95.08196721311475
Dialectal	72.5	83.07692307692307	87.5
Dialectal_normalizada	83.33333333333334	83.07692307692307	95.08196721311475