Transcripcion	Levenstein	Orden	Parcial
Estandar	30.35714285714286	50.74626865671642	66.66666666666667
Estandar_normalizada	34.78260869565217	50.74626865671642	69.23076923076923
Dialectal	30.35714285714286	50.74626865671642	66.66666666666667
Dialectal_normalizada	34.78260869565217	50.74626865671642	69.23076923076923