Transcripcion	Levenstein	Orden	Parcial
Estandar	64.9056603773585	74.82678983833718	72.38493723849373
Estandar_normalizada	73.8197424892704	74.82678983833718	79.9043062200957
Dialectal	64.9056603773585	74.82678983833718	72.38493723849373
Dialectal_normalizada	73.8197424892704	74.82678983833718	79.9043062200957