Transcripcion	Levenstein	Orden	Parcial
Estandar	51.72413793103448	82.35294117647058	96.55172413793103
Estandar_normalizada	60.86956521739131	82.35294117647058	100.0
Dialectal	51.72413793103448	82.35294117647058	96.55172413793103
Dialectal_normalizada	60.86956521739131	82.35294117647058	100.0