Transcripcion	Levenstein	Orden	Parcial
Estandar	39.39393939393939	59.57446808510638	60.0
Estandar_normalizada	44.827586206896555	59.57446808510638	60.0
Dialectal	39.39393939393939	59.57446808510638	60.0
Dialectal_normalizada	44.827586206896555	59.57446808510638	60.0