Transcripcion	Levenstein	Orden	Parcial
Estandar	29.78723404255319	39.50617283950617	49.382716049382715
Estandar_normalizada	32.55813953488372	39.50617283950617	50.0
Dialectal	29.78723404255319	39.50617283950617	49.382716049382715
Dialectal_normalizada	32.55813953488372	39.50617283950617	50.0