Transcripcion	Levenstein	Orden	Parcial
Estandar	65.21739130434783	86.48648648648648	76.92307692307692
Estandar_normalizada	70.0	86.48648648648648	86.48648648648648
Dialectal	65.21739130434783	86.48648648648648	76.92307692307692
Dialectal_normalizada	70.0	86.48648648648648	86.48648648648648