Transcripcion	Levenstein	Orden	Parcial
Estandar	59.3939393939394	73.80952380952381	79.62962962962963
Estandar_normalizada	63.39869281045751	73.80952380952381	84.76190476190476
Dialectal	59.3939393939394	73.80952380952381	79.62962962962963
Dialectal_normalizada	63.39869281045751	73.80952380952381	84.76190476190476