Transcripcion	Levenstein	Orden	Parcial
Estandar	79.3103448275862	90.19607843137256	90.19607843137256
Estandar_normalizada	85.18518518518519	90.19607843137256	91.66666666666666
Dialectal	79.3103448275862	90.19607843137256	90.19607843137256
Dialectal_normalizada	85.18518518518519	90.19607843137256	91.66666666666666