Transcripcion	Levenstein	Orden	Parcial
Estandar	63.75838926174497	78.95716945996276	77.16535433070865
Estandar_normalizada	70.33747779751332	78.95716945996276	85.38238141335914
Dialectal	63.63636363636363	79.10447761194031	77.27272727272727
Dialectal_normalizada	70.33747779751332	79.10447761194031	85.54801163918526