Transcripcion	Levenstein	Orden	Parcial
Estandar	67.8743961352657	83.30733229329172	75.8957654723127
Estandar_normalizada	76.566757493188	83.4375	83.55704697986577
Dialectal	67.8743961352657	83.30733229329172	75.8957654723127
Dialectal_normalizada	76.566757493188	83.4375	83.55704697986577