Transcripcion	Levenstein	Orden	Parcial
Estandar	47.945205479452056	60.534124629080125	59.58904109589041
Estandar_normalizada	53.608247422680414	59.523809523809526	67.96116504854368
Dialectal	47.945205479452056	60.534124629080125	59.58904109589041
Dialectal_normalizada	53.608247422680414	59.523809523809526	67.96116504854368