Transcripcion	Levenstein	Orden	Parcial
Estandar	53.333333333333336	67.79661016949152	75.86206896551724
Estandar_normalizada	59.45945945945945	67.79661016949152	84.61538461538461
Dialectal	53.333333333333336	67.79661016949152	75.86206896551724
Dialectal_normalizada	59.45945945945945	67.79661016949152	84.61538461538461