Transcripcion	Levenstein	Orden	Parcial
Estandar	53.84615384615385	70.58823529411764	63.63636363636363
Estandar_normalizada	60.0	70.58823529411764	82.35294117647058
Dialectal	53.84615384615385	70.58823529411764	63.63636363636363
Dialectal_normalizada	60.0	70.58823529411764	82.35294117647058