Transcripcion	Levenstein	Orden	Parcial
Estandar	63.26530612244898	84.7328244274809	80.56537102473497
Estandar_normalizada	68.38235294117648	84.7328244274809	87.55020080321285
Dialectal	63.26530612244898	84.7328244274809	80.56537102473497
Dialectal_normalizada	68.38235294117648	84.7328244274809	87.55020080321285