Transcripcion	Levenstein	Orden	Parcial
Estandar	71.7948717948718	96.66666666666667	77.41935483870968
Estandar_normalizada	87.87878787878788	96.66666666666667	90.0
Dialectal	71.7948717948718	96.66666666666667	77.41935483870968
Dialectal_normalizada	87.87878787878788	96.66666666666667	90.0