Transcripcion	Levenstein	Orden	Parcial
Estandar	30.303030303030297	46.15384615384615	47.61904761904761
Estandar_normalizada	29.032258064516125	46.15384615384615	50.0
Dialectal	30.303030303030297	46.15384615384615	47.61904761904761
Dialectal_normalizada	29.032258064516125	46.15384615384615	50.0