Transcripcion	Levenstein	Orden	Parcial
Estandar	23.655913978494624	39.516129032258064	42.553191489361694
Estandar_normalizada	25.74850299401198	39.67611336032388	43.47826086956522
Dialectal	23.655913978494624	39.516129032258064	42.553191489361694
Dialectal_normalizada	25.74850299401198	39.67611336032388	43.47826086956522