Transcripcion	Levenstein	Orden	Parcial
Estandar	62.31884057971014	71.96819085487077	75.92954990215264
Estandar_normalizada	65.38461538461539	71.96819085487077	78.60082304526749
Dialectal	62.77372262773723	72.2554890219561	76.2278978388998
Dialectal_normalizada	66.15384615384615	72.2554890219561	78.92561983471074