Transcripcion	Levenstein	Orden	Parcial
Estandar	48.041237113402055	73.23290845886443	74.72527472527473
Estandar_normalizada	56.118143459915615	73.95348837209302	80.72916666666666
Dialectal	47.62886597938144	73.40301974448316	74.4186046511628
Dialectal_normalizada	55.696202531645575	74.12587412587412	80.4177545691906