Transcripcion	Levenstein	Orden	Parcial
Estandar	24.0	39.02439024390244	41.02564102564102
Estandar_normalizada	26.530612244897956	39.02439024390244	42.85714285714286
Dialectal	24.0	39.02439024390244	41.02564102564102
Dialectal_normalizada	26.530612244897956	39.02439024390244	42.85714285714286