Transcripcion	Levenstein	Orden	Parcial
Estandar	34.04255319148937	53.84615384615385	50.29239766081872
Estandar_normalizada	43.18181818181818	53.24675324675325	61.111111111111114
Dialectal	34.04255319148937	53.84615384615385	50.29239766081872
Dialectal_normalizada	43.18181818181818	53.24675324675325	61.111111111111114