Transcripcion	Levenstein	Orden	Parcial
Estandar	22.962962962962962	54.86725663716814	44.565217391304344
Estandar_normalizada	26.446280991735538	55.111111111111114	48.71794871794872
Dialectal	22.962962962962962	54.86725663716814	44.565217391304344
Dialectal_normalizada	26.446280991735538	55.111111111111114	48.71794871794872