Transcripcion	Levenstein	Orden	Parcial
Estandar	57.89473684210527	58.46153846153845	76.47058823529412
Estandar_normalizada	64.70588235294117	58.46153846153845	82.53968253968253
Dialectal	57.89473684210527	58.46153846153845	76.47058823529412
Dialectal_normalizada	64.70588235294117	58.46153846153845	82.53968253968253