Transcripcion	Levenstein	Orden	Parcial
Estandar	23.33333333333333	44.21052631578948	53.65853658536586
Estandar_normalizada	31.081081081081084	45.16129032258065	70.58823529411764
Dialectal	23.33333333333333	44.21052631578948	53.65853658536586
Dialectal_normalizada	31.081081081081084	45.16129032258065	70.58823529411764