Transcripcion	Levenstein	Orden	Parcial
Estandar	22.857142857142854	30.434782608695656	36.8421052631579
Estandar_normalizada	22.580645161290324	30.434782608695656	47.05882352941176
Dialectal	22.857142857142854	30.434782608695656	36.8421052631579
Dialectal_normalizada	22.580645161290324	30.434782608695656	47.05882352941176