Transcripcion	Levenstein	Orden	Parcial
Estandar	42.17772215269087	68.01675977653632	66.11796982167353
Estandar_normalizada	47.60051880674448	67.59972008397482	70.49300956585725
Dialectal	42.428035043804755	67.78711484593838	66.02475928473177
Dialectal_normalizada	47.47081712062256	67.36842105263158	70.4059040590406