Transcripcion	Levenstein	Orden	Parcial
Estandar	73.61111111111111	87.46518105849582	79.42857142857143
Estandar_normalizada	79.7979797979798	87.46518105849582	84.70588235294117
Dialectal	73.61111111111111	87.46518105849582	79.42857142857143
Dialectal_normalizada	79.7979797979798	87.46518105849582	84.70588235294117