Transcripcion	Levenstein	Orden	Parcial
Estandar	13.793103448275868	39.13043478260869	36.36363636363637
Estandar_normalizada	18.518518518518523	39.13043478260869	46.15384615384615
Dialectal	13.793103448275868	39.13043478260869	36.36363636363637
Dialectal_normalizada	18.518518518518523	39.13043478260869	46.15384615384615