Transcripcion	Levenstein	Orden	Parcial
Estandar	56.86274509803921	68.18181818181819	70.32967032967032
Estandar_normalizada	60.86956521739131	68.18181818181819	75.60975609756098
Dialectal	56.86274509803921	68.18181818181819	70.32967032967032
Dialectal_normalizada	60.86956521739131	68.18181818181819	75.60975609756098