Transcripcion	Levenstein	Orden	Parcial
Estandar	62.96296296296296	79.54545454545455	77.27272727272727
Estandar_normalizada	68.75	79.54545454545455	76.74418604651163
Dialectal	62.96296296296296	79.54545454545455	77.27272727272727
Dialectal_normalizada	68.75	79.54545454545455	76.74418604651163