Transcripcion	Levenstein	Orden	Parcial
Estandar	13.888888888888884	34.92063492063492	34.48275862068966
Estandar_normalizada	15.151515151515149	34.92063492063492	40.90909090909091
Dialectal	13.888888888888884	34.92063492063492	34.48275862068966
Dialectal_normalizada	15.151515151515149	34.92063492063492	40.90909090909091