Transcripcion	Levenstein	Orden	Parcial
Estandar	58.84615384615385	75.29411764705883	71.4975845410628
Estandar_normalizada	62.19512195121951	75.29411764705883	75.52083333333334
Dialectal	58.84615384615385	75.29411764705883	71.4975845410628
Dialectal_normalizada	62.19512195121951	75.29411764705883	75.52083333333334