Transcripcion	Levenstein	Orden	Parcial
Estandar	4.347826086956519	23.529411764705888	25.0
Estandar_normalizada	11.764705882352944	23.529411764705888	40.0
Dialectal	4.347826086956519	23.529411764705888	25.0
Dialectal_normalizada	11.764705882352944	23.529411764705888	40.0