Transcripcion	Levenstein	Orden	Parcial
Estandar	22.857142857142854	36.0	38.297872340425535
Estandar_normalizada	26.66666666666667	36.0	37.2093023255814
Dialectal	22.857142857142854	36.0	38.297872340425535
Dialectal_normalizada	26.66666666666667	36.0	37.2093023255814