Transcripcion	Levenstein	Orden	Parcial
Estandar	14.28571428571429	34.48275862068966	37.5
Estandar_normalizada	12.5	34.48275862068966	35.71428571428571
Dialectal	14.28571428571429	34.48275862068966	37.5
Dialectal_normalizada	12.5	34.48275862068966	35.71428571428571