Transcripcion	Levenstein	Orden	Parcial
Estandar	19.444444444444443	34.04255319148937	33.333333333333336
Estandar_normalizada	18.75	34.04255319148937	35.29411764705882
Dialectal	19.444444444444443	34.04255319148937	33.333333333333336
Dialectal_normalizada	18.75	34.04255319148937	35.29411764705882