Transcripcion	Levenstein	Orden	Parcial
Estandar	11.790393013100442	19.626168224299068	39.53488372093024
Estandar_normalizada	13.432835820895528	19.811320754716977	42.50000000000001
Dialectal	11.790393013100442	19.626168224299068	39.53488372093024
Dialectal_normalizada	13.432835820895528	19.811320754716977	42.50000000000001