Transcripcion	Levenstein	Orden	Parcial
Estandar	25.30120481927711	44.27480916030534	40.0
Estandar_normalizada	28.395061728395067	43.07692307692308	47.27272727272728
Dialectal	25.30120481927711	44.27480916030534	40.0
Dialectal_normalizada	28.395061728395067	43.07692307692308	47.27272727272728