Transcripcion	Levenstein	Orden	Parcial
Estandar	14.28571428571429	19.999999999999996	28.57142857142857
Estandar_normalizada	9.090909090909093	19.999999999999996	37.5
Dialectal	14.28571428571429	19.999999999999996	28.57142857142857
Dialectal_normalizada	9.090909090909093	19.999999999999996	37.5