Transcripcion	Levenstein	Orden	Parcial
Estandar	15.151515151515149	22.857142857142854	57.14285714285714
Estandar_normalizada	17.85714285714286	23.529411764705888	57.14285714285714
Dialectal	15.151515151515149	22.857142857142854	57.14285714285714
Dialectal_normalizada	17.85714285714286	23.529411764705888	57.14285714285714