Transcripcion	Levenstein	Orden	Parcial
Estandar	19.047619047619047	32.72727272727273	36.36363636363637
Estandar_normalizada	22.22222222222222	32.72727272727273	45.45454545454546
Dialectal	19.047619047619047	32.72727272727273	36.36363636363637
Dialectal_normalizada	22.22222222222222	32.72727272727273	45.45454545454546