Transcripcion	Levenstein	Orden	Parcial
Estandar	55.00000000000001	75.0	78.57142857142857
Estandar_normalizada	63.888888888888886	75.0	80.0
Dialectal	55.00000000000001	75.0	78.57142857142857
Dialectal_normalizada	63.888888888888886	75.0	80.0