Transcripcion	Levenstein	Orden	Parcial
Estandar	47.89915966386554	59.21787709497206	73.15436241610738
Estandar_normalizada	51.36363636363637	59.21787709497206	78.89273356401384
Dialectal	47.89915966386554	59.21787709497206	73.15436241610738
Dialectal_normalizada	51.36363636363637	59.21787709497206	78.89273356401384