Transcripcion	Levenstein	Orden	Parcial
Estandar	30.000000000000004	52.459016393442624	45.45454545454546
Estandar_normalizada	38.23529411764706	52.459016393442624	53.333333333333336
Dialectal	30.000000000000004	52.459016393442624	45.45454545454546
Dialectal_normalizada	38.23529411764706	52.459016393442624	53.333333333333336