Transcripcion	Levenstein	Orden	Parcial
Estandar	8.333333333333337	25.0	46.15384615384615
Estandar_normalizada	0.0	25.0	54.54545454545454
Dialectal	8.333333333333337	25.0	46.15384615384615
Dialectal_normalizada	0.0	25.0	54.54545454545454