Transcripcion	Levenstein	Orden	Parcial
Estandar	43.78109452736319	62.889518413597735	64.64088397790056
Estandar_normalizada	48.69109947643979	62.889518413597735	70.0906344410876
Dialectal	43.78109452736319	62.889518413597735	64.64088397790056
Dialectal_normalizada	48.69109947643979	62.889518413597735	70.0906344410876