Transcripcion	Levenstein	Orden	Parcial
Estandar	58.921161825726145	66.34146341463413	71.66276346604215
Estandar_normalizada	63.25581395348837	66.34146341463413	75.0
Dialectal	58.921161825726145	66.34146341463413	71.66276346604215
Dialectal_normalizada	63.25581395348837	66.34146341463413	75.0