Transcripcion	Levenstein	Orden	Parcial
Estandar	52.55474452554745	70.10309278350515	70.23809523809523
Estandar_normalizada	60.0	70.10309278350515	72.15189873417722
Dialectal	52.55474452554745	70.10309278350515	70.23809523809523
Dialectal_normalizada	60.0	70.10309278350515	72.15189873417722