Transcripcion	Levenstein	Orden	Parcial
Estandar	17.948717948717952	35.483870967741936	33.9622641509434
Estandar_normalizada	18.181818181818176	33.333333333333336	37.03703703703704
Dialectal	17.948717948717952	35.483870967741936	33.9622641509434
Dialectal_normalizada	18.181818181818176	33.333333333333336	37.03703703703704