Transcripcion	Levenstein	Orden	Parcial
Estandar	38.888888888888886	46.666666666666664	64.70588235294117
Estandar_normalizada	50.0	46.666666666666664	66.66666666666667
Dialectal	38.888888888888886	46.666666666666664	64.70588235294117
Dialectal_normalizada	50.0	46.666666666666664	66.66666666666667