Transcripcion	Levenstein	Orden	Parcial
Estandar	15.217391304347828	35.483870967741936	30.188679245283023
Estandar_normalizada	23.684210526315784	33.89830508474576	41.02564102564102
Dialectal	15.217391304347828	35.483870967741936	30.188679245283023
Dialectal_normalizada	23.684210526315784	33.89830508474576	41.02564102564102