Transcripcion	Levenstein	Orden	Parcial
Estandar	74.57627118644068	89.25081433224756	82.9192546583851
Estandar_normalizada	79.19254658385093	88.88888888888889	87.37864077669903
Dialectal	74.57627118644068	89.25081433224756	82.9192546583851
Dialectal_normalizada	79.19254658385093	88.88888888888889	87.37864077669903