Transcripcion	Levenstein	Orden	Parcial
Estandar	34.172661870503596	60.150375939849624	82.14285714285714
Estandar_normalizada	37.9182156133829	60.30150753768844	87.54716981132076
Dialectal	34.172661870503596	60.150375939849624	82.14285714285714
Dialectal_normalizada	37.9182156133829	60.30150753768844	87.54716981132076