Transcripcion	Levenstein	Orden	Parcial
Estandar	11.688311688311693	17.97752808988764	43.75
Estandar_normalizada	10.526315789473683	15.909090909090907	46.15384615384615
Dialectal	11.688311688311693	17.97752808988764	43.75
Dialectal_normalizada	10.526315789473683	15.909090909090907	46.15384615384615