Transcripcion	Levenstein	Orden	Parcial
Estandar	69.35064935064935	74.39759036144578	77.97619047619048
Estandar_normalizada	74.43820224719101	74.2081447963801	81.84615384615384
Dialectal	69.35064935064935	74.39759036144578	77.97619047619048
Dialectal_normalizada	74.43820224719101	74.2081447963801	81.84615384615384