Transcripcion	Levenstein	Orden	Parcial
Estandar	14.70588235294118	42.307692307692314	41.509433962264154
Estandar_normalizada	14.28571428571429	42.307692307692314	44.89795918367348
Dialectal	14.70588235294118	42.307692307692314	41.509433962264154
Dialectal_normalizada	14.28571428571429	42.307692307692314	44.89795918367348