Transcripcion	Levenstein	Orden	Parcial
Estandar	43.975903614457835	55.96707818930041	84.0909090909091
Estandar_normalizada	44.99999999999999	55.96707818930041	84.88372093023256
Dialectal	43.975903614457835	55.96707818930041	84.0909090909091
Dialectal_normalizada	44.99999999999999	55.96707818930041	84.88372093023256