Transcripcion	Levenstein	Orden	Parcial
Estandar	25.806451612903224	32.25806451612904	70.58823529411764
Estandar_normalizada	29.166666666666664	33.333333333333336	75.0
Dialectal	25.806451612903224	32.25806451612904	70.58823529411764
Dialectal_normalizada	29.166666666666664	33.333333333333336	75.0