Transcripcion	Levenstein	Orden	Parcial
Estandar	11.111111111111116	33.333333333333336	30.76923076923077
Estandar_normalizada	28.57142857142857	33.333333333333336	40.0
Dialectal	11.111111111111116	33.333333333333336	30.76923076923077
Dialectal_normalizada	28.57142857142857	33.333333333333336	40.0