Transcripcion	Levenstein	Orden	Parcial
Estandar	24.0	41.379310344827594	41.666666666666664
Estandar_normalizada	26.315789473684216	41.379310344827594	46.15384615384615
Dialectal	24.0	41.379310344827594	41.666666666666664
Dialectal_normalizada	26.315789473684216	41.379310344827594	46.15384615384615