Transcripcion	Levenstein	Orden	Parcial
Estandar	36.25000000000001	44.776119402985074	52.34375
Estandar_normalizada	40.25157232704403	44.776119402985074	56.779661016949156
Dialectal	36.25000000000001	44.776119402985074	52.34375
Dialectal_normalizada	40.25157232704403	44.776119402985074	56.779661016949156