Transcripcion	Levenstein	Orden	Parcial
Estandar	31.57894736842105	37.5	52.94117647058824
Estandar_normalizada	35.29411764705882	37.5	55.172413793103445
Dialectal	31.57894736842105	37.5	52.94117647058824
Dialectal_normalizada	35.29411764705882	37.5	55.172413793103445