Transcripcion	Levenstein	Orden	Parcial
Estandar	67.94871794871796	83.46456692913385	80.0
Estandar_normalizada	77.14285714285715	83.46456692913385	85.24590163934427
Dialectal	67.94871794871796	83.46456692913385	80.0
Dialectal_normalizada	77.14285714285715	83.46456692913385	85.24590163934427