Transcripcion	Levenstein	Orden	Parcial
Estandar	46.17169373549884	67.3913043478261	59.94475138121547
Estandar_normalizada	50.123456790123456	67.57493188010899	63.84839650145773
Dialectal	46.17169373549884	67.3913043478261	59.94475138121547
Dialectal_normalizada	50.123456790123456	67.57493188010899	63.84839650145773