Transcripcion	Levenstein	Orden	Parcial
Estandar	40.625	52.17391304347826	52.38095238095239
Estandar_normalizada	46.42857142857143	52.17391304347826	55.00000000000001
Dialectal	40.625	52.17391304347826	52.38095238095239
Dialectal_normalizada	46.42857142857143	52.17391304347826	55.00000000000001