Transcripcion	Levenstein	Orden	Parcial
Estandar	15.822784810126578	25.510204081632647	39.21568627450981
Estandar_normalizada	16.129032258064512	25.64102564102564	43.47826086956522
Dialectal	15.822784810126578	25.510204081632647	39.21568627450981
Dialectal_normalizada	16.129032258064512	25.64102564102564	43.47826086956522