Transcripcion	Levenstein	Orden	Parcial
Estandar	23.880597014925375	29.885057471264364	41.269841269841265
Estandar_normalizada	26.785714285714292	30.23255813953488	46.753246753246756
Dialectal	23.880597014925375	29.885057471264364	41.269841269841265
Dialectal_normalizada	26.785714285714292	30.23255813953488	46.753246753246756