Transcripcion	Levenstein	Orden	Parcial
Estandar	21.052631578947366	47.706422018348626	38.46153846153846
Estandar_normalizada	23.77049180327869	46.54377880184332	41.509433962264154
Dialectal	21.052631578947366	47.706422018348626	38.46153846153846
Dialectal_normalizada	23.77049180327869	46.54377880184332	41.509433962264154