Transcripcion	Levenstein	Orden	Parcial
Estandar	25.16778523489933	57.20164609053497	51.3317191283293
Estandar_normalizada	26.49253731343284	56.611570247933884	55.58441558441558
Dialectal	25.16778523489933	57.20164609053497	51.3317191283293
Dialectal_normalizada	26.49253731343284	56.611570247933884	55.58441558441558