Transcripcion	Levenstein	Orden	Parcial
Estandar	67.72853185595568	78.54435178165276	80.85714285714286
Estandar_normalizada	71.72619047619048	78.35990888382688	82.98192771084338
Dialectal	67.72853185595568	78.54435178165276	80.85714285714286
Dialectal_normalizada	71.72619047619048	78.35990888382688	82.98192771084338