Transcripcion	Levenstein	Orden	Parcial
Estandar	42.056074766355145	61.27167630057804	70.88607594936708
Estandar_normalizada	53.46534653465347	61.27167630057804	77.24137931034483
Dialectal	42.056074766355145	61.27167630057804	70.88607594936708
Dialectal_normalizada	53.46534653465347	61.27167630057804	77.24137931034483