Transcripcion	Levenstein	Orden	Parcial
Estandar	26.66666666666667	44.44444444444444	40.74074074074075
Estandar_normalizada	26.82926829268293	44.44444444444444	40.0
Dialectal	26.66666666666667	44.44444444444444	40.74074074074075
Dialectal_normalizada	26.82926829268293	44.44444444444444	40.0