Transcripcion	Levenstein	Orden	Parcial
Estandar	15.517241379310342	32.25806451612904	40.90909090909091
Estandar_normalizada	23.404255319148938	36.065573770491795	48.64864864864865
Dialectal	15.517241379310342	32.25806451612904	40.90909090909091
Dialectal_normalizada	23.404255319148938	36.065573770491795	48.64864864864865