Transcripcion	Levenstein	Orden	Parcial
Estandar	12.345679012345679	27.6595744680851	40.90909090909091
Estandar_normalizada	13.33333333333333	27.6595744680851	45.45454545454546
Dialectal	12.345679012345679	27.6595744680851	40.90909090909091
Dialectal_normalizada	13.33333333333333	27.6595744680851	45.45454545454546