Transcripcion	Levenstein	Orden	Parcial
Estandar	14.864864864864868	39.69465648854962	33.57664233576643
Estandar_normalizada	21.91780821917808	38.759689922480625	40.86021505376344
Dialectal	14.864864864864868	39.69465648854962	33.57664233576643
Dialectal_normalizada	21.91780821917808	38.759689922480625	40.86021505376344