Transcripcion	Levenstein	Orden	Parcial
Estandar	31.41025641025641	58.96805896805897	47.67441860465116
Estandar_normalizada	36.496350364963504	59.25925925925925	53.205128205128204
Dialectal	31.41025641025641	58.96805896805897	47.67441860465116
Dialectal_normalizada	36.496350364963504	59.25925925925925	53.205128205128204