Transcripcion	Levenstein	Orden	Parcial
Estandar	17.14285714285714	39.02439024390244	44.827586206896555
Estandar_normalizada	20.33898305084746	39.02439024390244	46.42857142857143
Dialectal	17.14285714285714	39.02439024390244	44.827586206896555
Dialectal_normalizada	20.33898305084746	39.02439024390244	46.42857142857143