Transcripcion	Levenstein	Orden	Parcial
Estandar	44.919786096256686	73.33333333333334	59.61538461538461
Estandar_normalizada	50.31055900621118	74.78991596638656	67.01030927835052
Dialectal	44.919786096256686	73.33333333333334	59.61538461538461
Dialectal_normalizada	50.31055900621118	74.78991596638656	67.01030927835052