Transcripcion	Levenstein	Orden	Parcial
Estandar	43.63636363636364	69.29824561403508	60.19417475728155
Estandar_normalizada	52.44755244755245	69.91150442477876	71.0
Dialectal	43.63636363636364	69.29824561403508	60.19417475728155
Dialectal_normalizada	52.44755244755245	69.91150442477876	71.0