Transcripcion	Levenstein	Orden	Parcial
Estandar	73.00884955752213	77.78454047474132	81.31067961165049
Estandar_normalizada	75.81395348837209	78.97623400365632	83.31257783312577
Dialectal	73.00884955752213	77.78454047474132	81.31067961165049
Dialectal_normalizada	75.81395348837209	78.97623400365632	83.31257783312577