Transcripcion	Levenstein	Orden	Parcial
Estandar	32.52427184466019	51.44927536231884	57.89473684210527
Estandar_normalizada	36.46408839779005	52.01465201465201	60.909090909090914
Dialectal	32.52427184466019	51.44927536231884	57.89473684210527
Dialectal_normalizada	36.46408839779005	52.01465201465201	60.909090909090914