Transcripcion	Levenstein	Orden	Parcial
Estandar	28.57142857142857	43.90243902439024	46.875
Estandar_normalizada	28.846153846153843	43.90243902439024	48.88888888888889
Dialectal	28.57142857142857	43.90243902439024	46.875
Dialectal_normalizada	28.846153846153843	43.90243902439024	48.88888888888889