Transcripcion	Levenstein	Orden	Parcial
Estandar	42.95302013422819	63.73626373626373	73.6
Estandar_normalizada	48.8	64.44444444444444	76.92307692307692
Dialectal	42.95302013422819	63.73626373626373	73.6
Dialectal_normalizada	48.8	64.44444444444444	76.92307692307692