Transcripcion	Levenstein	Orden	Parcial
Estandar	70.11795543905636	84.51563691838291	76.03174603174602
Estandar_normalizada	75.59943582510577	84.64476699770817	79.55271565495208
Dialectal	70.11795543905636	84.51563691838291	76.03174603174602
Dialectal_normalizada	75.59943582510577	84.64476699770817	79.55271565495208