Transcripcion	Levenstein	Orden	Parcial
Estandar	24.242424242424242	34.78260869565217	44.99999999999999
Estandar_normalizada	27.586206896551722	34.78260869565217	47.36842105263158
Dialectal	24.242424242424242	34.78260869565217	44.99999999999999
Dialectal_normalizada	27.586206896551722	34.78260869565217	47.36842105263158