Transcripcion	Levenstein	Orden	Parcial
Estandar	12.380952380952381	22.4	34.61538461538461
Estandar_normalizada	13.461538461538458	20.967741935483875	42.85714285714286
Dialectal	12.380952380952381	22.4	34.61538461538461
Dialectal_normalizada	13.461538461538458	20.967741935483875	42.85714285714286