Transcripcion	Levenstein	Orden	Parcial
Estandar	50.79365079365079	76.92307692307692	66.44518272425249
Estandar_normalizada	58.7012987012987	76.85039370078741	74.3859649122807
Dialectal	50.79365079365079	76.92307692307692	66.44518272425249
Dialectal_normalizada	58.7012987012987	76.85039370078741	74.3859649122807