Transcripcion	Levenstein	Orden	Parcial
Estandar	26.086956521739136	43.75	40.0
Estandar_normalizada	30.434782608695656	43.75	62.5
Dialectal	26.086956521739136	43.75	40.0
Dialectal_normalizada	30.434782608695656	43.75	62.5