Transcripcion	Levenstein	Orden	Parcial
Estandar	54.54545454545454	76.7255216693419	71.42857142857143
Estandar_normalizada	60.215053763440864	76.84887459807074	76.0
Dialectal	54.54545454545454	76.7255216693419	71.42857142857143
Dialectal_normalizada	60.215053763440864	76.84887459807074	76.0