Transcripcion	Levenstein	Orden	Parcial
Estandar	56.14035087719298	68.33333333333333	63.1578947368421
Estandar_normalizada	62.83783783783784	69.74789915966386	69.74358974358974
Dialectal	56.14035087719298	68.33333333333333	63.1578947368421
Dialectal_normalizada	62.83783783783784	69.74789915966386	69.74358974358974