Transcripcion	Levenstein	Orden	Parcial
Estandar	18.181818181818176	41.666666666666664	62.5
Estandar_normalizada	22.22222222222222	41.666666666666664	62.5
Dialectal	18.181818181818176	41.666666666666664	62.5
Dialectal_normalizada	22.22222222222222	41.666666666666664	62.5