Transcripcion	Levenstein	Orden	Parcial
Estandar	13.043478260869568	41.666666666666664	32.49999999999999
Estandar_normalizada	24.444444444444446	41.666666666666664	38.70967741935484
Dialectal	13.043478260869568	41.666666666666664	32.49999999999999
Dialectal_normalizada	24.444444444444446	41.666666666666664	38.70967741935484