Transcripcion	Levenstein	Orden	Parcial
Estandar	21.739130434782606	29.629629629629626	33.333333333333336
Estandar_normalizada	26.315789473684216	29.629629629629626	33.333333333333336
Dialectal	21.739130434782606	29.629629629629626	33.333333333333336
Dialectal_normalizada	26.315789473684216	29.629629629629626	33.333333333333336