Transcripcion	Levenstein	Orden	Parcial
Estandar	60.659898477157356	69.55245781364636	75.03586800573888
Estandar_normalizada	65.041782729805	69.36076414401175	78.64506627393226
Dialectal	60.659898477157356	69.55245781364636	75.03586800573888
Dialectal_normalizada	65.041782729805	69.36076414401175	78.64506627393226