Transcripcion	Levenstein	Orden	Parcial
Estandar	25.742574257425744	50.32258064516129	47.42268041237113
Estandar_normalizada	29.34782608695652	50.98039215686274	55.55555555555556
Dialectal	25.742574257425744	50.32258064516129	47.42268041237113
Dialectal_normalizada	29.34782608695652	50.98039215686274	55.55555555555556