Transcripcion	Levenstein	Orden	Parcial
Estandar	4.411764705882348	14.371257485029943	37.5
Estandar_normalizada	5.847953216374268	14.634146341463417	46.15384615384615
Dialectal	4.411764705882348	14.371257485029943	37.5
Dialectal_normalizada	5.847953216374268	14.634146341463417	46.15384615384615