Transcripcion	Levenstein	Orden	Parcial
Estandar	32.758620689655174	49.27536231884058	58.62068965517242
Estandar_normalizada	34.0	49.27536231884058	60.0
Dialectal	32.758620689655174	49.27536231884058	58.62068965517242
Dialectal_normalizada	34.0	49.27536231884058	60.0