Transcripcion	Levenstein	Orden	Parcial
Estandar	19.932432432432435	44.72573839662447	38.52459016393443
Estandar_normalizada	20.399999999999995	45.43524416135881	41.42538975501113
Dialectal	19.932432432432435	44.72573839662447	38.52459016393443
Dialectal_normalizada	20.399999999999995	45.43524416135881	41.42538975501113