Transcripcion	Levenstein	Orden	Parcial
Estandar	7.692307692307687	38.095238095238095	31.57894736842105
Estandar_normalizada	9.090909090909093	38.095238095238095	40.0
Dialectal	7.692307692307687	38.095238095238095	31.57894736842105
Dialectal_normalizada	9.090909090909093	38.095238095238095	40.0