Transcripcion	Levenstein	Orden	Parcial
Estandar	22.123893805309734	42.36760124610592	38.4
Estandar_normalizada	24.75728155339806	42.36760124610592	40.0
Dialectal	22.123893805309734	42.36760124610592	38.4
Dialectal_normalizada	24.75728155339806	42.36760124610592	40.0