Transcripcion	Levenstein	Orden	Parcial
Estandar	51.415094339622634	68.66666666666667	64.66165413533835
Estandar_normalizada	57.83783783783784	69.79865771812081	69.04761904761905
Dialectal	51.415094339622634	68.66666666666667	64.66165413533835
Dialectal_normalizada	57.83783783783784	69.79865771812081	69.04761904761905