Transcripcion	Levenstein	Orden	Parcial
Estandar	51.388888888888886	63.755458515283834	67.25663716814158
Estandar_normalizada	53.90625	63.755458515283834	70.64220183486239
Dialectal	51.388888888888886	63.755458515283834	67.25663716814158
Dialectal_normalizada	53.90625	63.755458515283834	70.64220183486239