Transcripcion	Levenstein	Orden	Parcial
Estandar	8.823529411764708	33.333333333333336	35.71428571428571
Estandar_normalizada	26.66666666666667	37.735849056603776	46.808510638297875
Dialectal	8.823529411764708	33.333333333333336	35.71428571428571
Dialectal_normalizada	26.66666666666667	37.735849056603776	46.808510638297875