Transcripcion	Levenstein	Orden	Parcial
Estandar	20.161290322580648	26.086956521739136	42.666666666666664
Estandar_normalizada	21.311475409836067	26.086956521739136	44.11764705882353
Dialectal	20.161290322580648	26.086956521739136	42.666666666666664
Dialectal_normalizada	21.311475409836067	26.086956521739136	44.11764705882353