Transcripcion	Levenstein	Orden	Parcial
Estandar	23.636363636363633	39.39393939393939	64.0
Estandar_normalizada	25.24271844660194	39.69465648854962	66.66666666666667
Dialectal	23.636363636363633	39.39393939393939	64.0
Dialectal_normalizada	25.24271844660194	39.69465648854962	66.66666666666667