Transcripcion	Levenstein	Orden	Parcial
Estandar	33.720930232558146	45.58823529411765	52.94117647058824
Estandar_normalizada	34.72222222222222	45.58823529411765	56.33802816901409
Dialectal	33.720930232558146	45.58823529411765	52.94117647058824
Dialectal_normalizada	34.72222222222222	45.58823529411765	56.33802816901409