Transcripcion	Levenstein	Orden	Parcial
Estandar	28.260869565217394	53.25443786982249	45.56962025316456
Estandar_normalizada	29.34782608695652	53.25443786982249	47.36842105263158
Dialectal	28.260869565217394	53.25443786982249	45.56962025316456
Dialectal_normalizada	29.34782608695652	53.25443786982249	47.36842105263158