Transcripcion	Levenstein	Orden	Parcial
Estandar	64.03846153846153	81.51774785801713	68.76513317191284
Estandar_normalizada	74.27937915742794	81.37254901960785	79.59697732997482
Dialectal	64.03846153846153	81.51774785801713	68.76513317191284
Dialectal_normalizada	74.27937915742794	81.37254901960785	79.59697732997482