Transcripcion	Levenstein	Orden	Parcial
Estandar	16.417910447761198	32.83582089552238	44.99999999999999
Estandar_normalizada	16.07142857142857	33.333333333333336	47.36842105263158
Dialectal	16.417910447761198	32.83582089552238	44.99999999999999
Dialectal_normalizada	16.07142857142857	33.333333333333336	47.36842105263158