Transcripcion	Levenstein	Orden	Parcial
Estandar	60.0	74.72527472527473	68.18181818181819
Estandar_normalizada	68.5185185185185	74.72527472527473	74.35897435897436
Dialectal	60.0	74.72527472527473	68.18181818181819
Dialectal_normalizada	68.5185185185185	74.72527472527473	74.35897435897436