Transcripcion	Levenstein	Orden	Parcial
Estandar	34.57446808510638	54.78260869565217	57.29166666666667
Estandar_normalizada	40.993788819875775	55.50660792951542	66.29213483146069
Dialectal	34.57446808510638	54.78260869565217	57.29166666666667
Dialectal_normalizada	40.993788819875775	55.50660792951542	66.29213483146069