Transcripcion	Levenstein	Orden	Parcial
Estandar	20.45454545454546	43.07692307692308	42.85714285714286
Estandar_normalizada	21.42857142857143	43.07692307692308	54.16666666666667
Dialectal	20.45454545454546	43.07692307692308	42.85714285714286
Dialectal_normalizada	21.42857142857143	43.07692307692308	54.16666666666667