Transcripcion	Levenstein	Orden	Parcial
Estandar	15.000000000000002	28.220858895705526	41.17647058823529
Estandar_normalizada	18.11594202898551	28.749999999999996	43.24324324324324
Dialectal	15.000000000000002	28.220858895705526	41.17647058823529
Dialectal_normalizada	18.11594202898551	28.749999999999996	43.24324324324324