Transcripcion	Levenstein	Orden	Parcial
Estandar	22.72727272727273	41.379310344827594	40.0
Estandar_normalizada	25.0	41.379310344827594	45.16129032258065
Dialectal	22.72727272727273	41.379310344827594	40.0
Dialectal_normalizada	25.0	41.379310344827594	45.16129032258065