Transcripcion	Levenstein	Orden	Parcial
Estandar	82.75862068965517	70.58823529411764	88.46153846153845
Estandar_normalizada	88.88888888888889	70.58823529411764	92.0
Dialectal	82.75862068965517	70.58823529411764	88.46153846153845
Dialectal_normalizada	88.88888888888889	70.58823529411764	92.0