Transcripcion	Levenstein	Orden	Parcial
Estandar	8.108108108108103	20.512820512820518	42.85714285714286
Estandar_normalizada	12.121212121212121	20.512820512820518	42.85714285714286
Dialectal	8.108108108108103	20.512820512820518	42.85714285714286
Dialectal_normalizada	12.121212121212121	20.512820512820518	42.85714285714286