Transcripcion	Levenstein	Orden	Parcial
Estandar	22.22222222222222	49.650349650349646	40.20618556701031
Estandar_normalizada	24.418604651162788	48.76325088339223	45.09803921568627
Dialectal	22.22222222222222	49.650349650349646	40.20618556701031
Dialectal_normalizada	24.418604651162788	48.76325088339223	45.09803921568627