Transcripcion	Levenstein	Orden	Parcial
Estandar	61.42857142857143	74.33628318584071	75.47169811320755
Estandar_normalizada	70.3125	74.33628318584071	82.6923076923077
Dialectal	61.42857142857143	74.33628318584071	75.47169811320755
Dialectal_normalizada	70.3125	74.33628318584071	82.6923076923077