Transcripcion	Levenstein	Orden	Parcial
Estandar	52.83018867924528	67.56756756756756	62.68656716417911
Estandar_normalizada	53.333333333333336	67.56756756756756	74.57627118644068
Dialectal	52.83018867924528	67.56756756756756	62.68656716417911
Dialectal_normalizada	53.333333333333336	67.56756756756756	74.57627118644068