Transcripcion	Levenstein	Orden	Parcial
Estandar	60.13513513513513	83.55555555555556	76.05633802816901
Estandar_normalizada	69.76744186046511	83.03571428571428	82.41206030150754
Dialectal	60.13513513513513	83.55555555555556	76.05633802816901
Dialectal_normalizada	69.76744186046511	83.03571428571428	82.41206030150754