Transcripcion	Levenstein	Orden	Parcial
Estandar	25.0	38.46153846153846	42.50000000000001
Estandar_normalizada	29.850746268656714	38.46153846153846	45.945945945945944
Dialectal	25.0	38.46153846153846	42.50000000000001
Dialectal_normalizada	29.850746268656714	38.46153846153846	45.945945945945944