Transcripcion	Levenstein	Orden	Parcial
Estandar	14.534883720930235	32.53012048192772	44.99999999999999
Estandar_normalizada	18.181818181818176	33.12883435582822	47.5
Dialectal	14.534883720930235	32.53012048192772	44.99999999999999
Dialectal_normalizada	18.181818181818176	33.12883435582822	47.5