Transcripcion	Levenstein	Orden	Parcial
Estandar	12.0	25.0	35.71428571428571
Estandar_normalizada	17.07317073170732	25.531914893617024	38.46153846153846
Dialectal	12.0	25.0	35.71428571428571
Dialectal_normalizada	17.07317073170732	25.531914893617024	38.46153846153846