Transcripcion	Levenstein	Orden	Parcial
Estandar	16.161616161616166	29.78723404255319	45.16129032258065
Estandar_normalizada	15.662650602409634	30.434782608695656	47.82608695652174
Dialectal	16.161616161616166	29.78723404255319	45.16129032258065
Dialectal_normalizada	15.662650602409634	30.434782608695656	47.82608695652174