Transcripcion	Levenstein	Orden	Parcial
Estandar	32.72727272727273	49.18032786885246	53.54330708661416
Estandar_normalizada	38.888888888888886	49.504950495049506	57.72357723577235
Dialectal	32.72727272727273	49.18032786885246	53.54330708661416
Dialectal_normalizada	38.888888888888886	49.504950495049506	57.72357723577235