Transcripcion	Levenstein	Orden	Parcial
Estandar	20.76271186440678	49.142857142857146	38.834951456310684
Estandar_normalizada	22.72727272727273	50.14409221902017	43.05555555555556
Dialectal	20.76271186440678	49.142857142857146	38.834951456310684
Dialectal_normalizada	22.72727272727273	50.14409221902017	43.05555555555556