Transcripcion	Levenstein	Orden	Parcial
Estandar	36.101083032490976	53.21100917431192	51.293103448275865
Estandar_normalizada	40.67796610169492	52.53456221198156	56.03644646924829
Dialectal	36.101083032490976	53.21100917431192	51.293103448275865
Dialectal_normalizada	40.67796610169492	52.53456221198156	56.03644646924829