Transcripcion	Levenstein	Orden	Parcial
Estandar	57.29166666666667	79.69924812030075	74.62686567164178
Estandar_normalizada	68.75	79.69924812030075	80.32786885245902
Dialectal	57.29166666666667	79.69924812030075	74.62686567164178
Dialectal_normalizada	68.75	79.69924812030075	80.32786885245902