Transcripcion	Levenstein	Orden	Parcial
Estandar	21.875	38.46153846153846	42.307692307692314
Estandar_normalizada	25.0	38.46153846153846	43.99999999999999
Dialectal	21.875	38.46153846153846	42.307692307692314
Dialectal_normalizada	25.0	38.46153846153846	43.99999999999999