Transcripcion	Levenstein	Orden	Parcial
Estandar	20.93023255813954	40.0	38.46153846153846
Estandar_normalizada	18.181818181818176	40.0	43.47826086956522
Dialectal	20.93023255813954	40.0	38.46153846153846
Dialectal_normalizada	18.181818181818176	40.0	43.47826086956522