Transcripcion	Levenstein	Orden	Parcial
Estandar	26.442307692307686	41.47157190635451	42.79475982532751
Estandar_normalizada	29.000000000000004	41.61073825503355	47.706422018348626
Dialectal	26.442307692307686	41.47157190635451	42.79475982532751
Dialectal_normalizada	29.000000000000004	41.61073825503355	47.706422018348626