Transcripcion	Levenstein	Orden	Parcial
Estandar	16.176470588235293	30.065359477124186	51.28205128205128
Estandar_normalizada	20.32520325203252	30.263157894736846	53.84615384615385
Dialectal	16.176470588235293	30.065359477124186	51.28205128205128
Dialectal_normalizada	20.32520325203252	30.263157894736846	53.84615384615385