Transcripcion	Levenstein	Orden	Parcial
Estandar	25.688073394495415	41.157556270096464	40.44117647058824
Estandar_normalizada	28.780487804878053	40.1294498381877	46.55172413793104
Dialectal	25.688073394495415	41.157556270096464	40.44117647058824
Dialectal_normalizada	28.780487804878053	40.1294498381877	46.55172413793104