Transcripcion	Levenstein	Orden	Parcial
Estandar	35.13513513513513	47.82608695652174	61.111111111111114
Estandar_normalizada	39.682539682539684	48.35164835164834	67.56756756756756
Dialectal	35.13513513513513	47.82608695652174	61.111111111111114
Dialectal_normalizada	39.682539682539684	48.35164835164834	67.56756756756756