Transcripcion	Levenstein	Orden	Parcial
Estandar	37.07865168539326	58.22784810126582	66.66666666666667
Estandar_normalizada	41.6	57.868020304568525	72.05387205387206
Dialectal	37.07865168539326	58.22784810126582	66.66666666666667
Dialectal_normalizada	41.6	57.868020304568525	72.05387205387206