Transcripcion	Levenstein	Orden	Parcial
Estandar	27.27272727272727	47.953216374269005	48.68035190615836
Estandar_normalizada	34.73684210526316	47.953216374269005	53.65853658536586
Dialectal	27.27272727272727	47.953216374269005	48.68035190615836
Dialectal_normalizada	34.73684210526316	47.953216374269005	53.65853658536586