Transcripcion	Levenstein	Orden	Parcial
Estandar	40.0	45.714285714285715	62.5
Estandar_normalizada	41.463414634146346	45.714285714285715	64.15094339622642
Dialectal	40.0	45.714285714285715	62.5
Dialectal_normalizada	41.463414634146346	45.714285714285715	64.15094339622642