Transcripcion	Levenstein	Orden	Parcial
Estandar	9.090909090909093	12.5	18.181818181818176
Estandar_normalizada	9.090909090909093	12.5	22.22222222222222
Dialectal	9.090909090909093	12.5	18.181818181818176
Dialectal_normalizada	9.090909090909093	12.5	22.22222222222222