Transcripcion	Levenstein	Orden	Parcial
Estandar	21.319796954314718	42.201834862385326	50.0
Estandar_normalizada	25.43352601156069	40.93023255813954	54.0983606557377
Dialectal	21.319796954314718	42.201834862385326	50.0
Dialectal_normalizada	25.43352601156069	40.93023255813954	54.0983606557377