Transcripcion	Levenstein	Orden	Parcial
Estandar	24.04692082111437	50.986842105263165	40.49844236760125
Estandar_normalizada	27.728613569321535	50.082918739635154	45.614035087719294
Dialectal	24.04692082111437	50.986842105263165	40.49844236760125
Dialectal_normalizada	27.728613569321535	50.082918739635154	45.614035087719294