Transcripcion	Levenstein	Orden	Parcial
Estandar	48.14814814814815	54.90196078431373	62.22222222222222
Estandar_normalizada	53.333333333333336	55.62913907284768	63.565891472868216
Dialectal	48.14814814814815	54.90196078431373	62.22222222222222
Dialectal_normalizada	53.333333333333336	55.62913907284768	63.565891472868216