Transcripcion	Levenstein	Orden	Parcial
Estandar	0.0	2.985074626865669	0.0
Estandar_normalizada	1.3513513513513487	3.0303030303030276	50.0
Dialectal	0.0	2.985074626865669	0.0
Dialectal_normalizada	1.3513513513513487	3.0303030303030276	50.0