Transcripcion	Levenstein	Orden	Parcial
Estandar	13.0	36.8421052631579	24.590163934426236
Estandar_normalizada	23.17073170731707	37.5	41.30434782608695
Dialectal	13.0	36.8421052631579	24.590163934426236
Dialectal_normalizada	23.17073170731707	37.5	41.30434782608695