Transcripcion	Levenstein	Orden	Parcial
Estandar	41.55844155844156	70.73170731707317	69.6969696969697
Estandar_normalizada	48.33333333333333	72.5	79.3103448275862
Dialectal	41.55844155844156	70.73170731707317	69.6969696969697
Dialectal_normalizada	48.33333333333333	72.5	79.3103448275862