Transcripcion	Levenstein	Orden	Parcial
Estandar	37.383177570093466	50.588235294117645	52.68817204301075
Estandar_normalizada	39.32584269662921	48.80952380952381	60.97560975609756
Dialectal	37.383177570093466	50.588235294117645	52.68817204301075
Dialectal_normalizada	39.32584269662921	48.80952380952381	60.97560975609756