Transcripcion	Levenstein	Orden	Parcial
Estandar	67.32673267326732	91.3907284768212	83.33333333333334
Estandar_normalizada	79.3103448275862	91.3907284768212	88.73239436619718
Dialectal	67.32673267326732	91.3907284768212	83.33333333333334
Dialectal_normalizada	79.3103448275862	91.3907284768212	88.73239436619718