Transcripcion	Levenstein	Orden	Parcial
Estandar	9.999999999999998	22.22222222222222	50.0
Estandar_normalizada	25.0	22.22222222222222	66.66666666666667
Dialectal	9.999999999999998	22.22222222222222	50.0
Dialectal_normalizada	25.0	22.22222222222222	66.66666666666667