Transcripcion	Levenstein	Orden	Parcial
Estandar	4.761904761904767	22.22222222222222	40.0
Estandar_normalizada	5.882352941176472	22.22222222222222	40.0
Dialectal	4.761904761904767	22.22222222222222	40.0
Dialectal_normalizada	5.882352941176472	22.22222222222222	40.0