Transcripcion	Levenstein	Orden	Parcial
Estandar	31.59203980099502	54.13533834586466	46.25
Estandar_normalizada	42.45014245014245	54.44234404536862	57.971014492753625
Dialectal	31.59203980099502	54.13533834586466	46.25
Dialectal_normalizada	42.45014245014245	54.44234404536862	57.971014492753625