Transcripcion	Levenstein	Orden	Parcial
Estandar	61.111111111111114	84.61538461538461	78.78787878787878
Estandar_normalizada	71.42857142857143	84.61538461538461	88.88888888888889
Dialectal	61.111111111111114	84.61538461538461	78.78787878787878
Dialectal_normalizada	71.42857142857143	84.61538461538461	88.88888888888889