Transcripcion	Levenstein	Orden	Parcial
Estandar	20.33898305084746	31.746031746031743	35.483870967741936
Estandar_normalizada	20.833333333333336	32.25806451612904	39.13043478260869
Dialectal	20.33898305084746	31.746031746031743	35.483870967741936
Dialectal_normalizada	20.833333333333336	32.25806451612904	39.13043478260869