Transcripcion	Levenstein	Orden	Parcial
Estandar	39.548022598870055	70.52631578947368	65.82278481012658
Estandar_normalizada	46.808510638297875	71.27659574468085	77.46478873239437
Dialectal	39.548022598870055	70.52631578947368	65.82278481012658
Dialectal_normalizada	46.808510638297875	71.27659574468085	77.46478873239437