Transcripcion	Levenstein	Orden	Parcial
Estandar	29.383886255924175	57.81990521327014	57.971014492753625
Estandar_normalizada	36.30952380952381	58.65384615384615	66.15384615384615
Dialectal	29.383886255924175	57.81990521327014	57.971014492753625
Dialectal_normalizada	36.30952380952381	58.65384615384615	66.15384615384615