Transcripcion	Levenstein	Orden	Parcial
Estandar	43.47826086956522	47.36842105263158	58.53658536585367
Estandar_normalizada	47.61904761904761	47.36842105263158	68.57142857142857
Dialectal	43.47826086956522	47.36842105263158	58.53658536585367
Dialectal_normalizada	47.61904761904761	47.36842105263158	68.57142857142857