Transcripcion	Levenstein	Orden	Parcial
Estandar	64.70588235294117	75.86206896551724	76.66666666666666
Estandar_normalizada	76.66666666666666	75.86206896551724	84.21052631578947
Dialectal	64.70588235294117	75.86206896551724	76.66666666666666
Dialectal_normalizada	76.66666666666666	75.86206896551724	84.21052631578947