Transcripcion	Levenstein	Orden	Parcial
Estandar	13.636363636363635	36.36363636363637	33.333333333333336
Estandar_normalizada	18.75	36.36363636363637	40.0
Dialectal	13.636363636363635	36.36363636363637	33.333333333333336
Dialectal_normalizada	18.75	36.36363636363637	40.0