Transcripcion	Levenstein	Orden	Parcial
Estandar	11.764705882352944	54.54545454545454	66.66666666666667
Estandar_normalizada	27.27272727272727	54.54545454545454	66.66666666666667
Dialectal	11.764705882352944	54.54545454545454	66.66666666666667
Dialectal_normalizada	27.27272727272727	54.54545454545454	66.66666666666667