Transcripcion	Levenstein	Orden	Parcial
Estandar	31.25	52.74725274725275	47.72727272727273
Estandar_normalizada	35.84905660377359	53.333333333333336	61.728395061728406
Dialectal	31.25	52.74725274725275	47.72727272727273
Dialectal_normalizada	35.84905660377359	53.333333333333336	61.728395061728406