Transcripcion	Levenstein	Orden	Parcial
Estandar	18.518518518518523	48.97959183673469	52.17391304347826
Estandar_normalizada	25.92592592592593	48.97959183673469	54.54545454545454
Dialectal	18.518518518518523	48.97959183673469	52.17391304347826
Dialectal_normalizada	25.92592592592593	48.97959183673469	54.54545454545454