Transcripcion	Levenstein	Orden	Parcial
Estandar	52.20125786163522	70.0	62.68656716417911
Estandar_normalizada	60.0	70.2928870292887	70.09345794392523
Dialectal	52.25806451612903	67.79661016949152	62.311557788944725
Dialectal_normalizada	60.29411764705883	68.08510638297872	69.81132075471699