Transcripcion	Levenstein	Orden	Parcial
Estandar	16.36363636363637	32.25806451612904	31.25
Estandar_normalizada	19.512195121951216	32.786885245901644	41.509433962264154
Dialectal	16.36363636363637	32.25806451612904	31.25
Dialectal_normalizada	19.512195121951216	32.786885245901644	41.509433962264154