Transcripcion	Levenstein	Orden	Parcial
Estandar	41.2	64.42953020134227	61.66666666666667
Estandar_normalizada	48.803827751196174	63.05084745762712	68.10344827586206
Dialectal	41.2	64.42953020134227	61.66666666666667
Dialectal_normalizada	48.803827751196174	63.05084745762712	68.10344827586206