Transcripcion	Levenstein	Orden	Parcial
Estandar	33.333333333333336	64.51612903225806	87.09677419354838
Estandar_normalizada	43.05555555555556	65.21739130434783	93.5483870967742
Dialectal	33.333333333333336	64.51612903225806	87.09677419354838
Dialectal_normalizada	43.05555555555556	65.21739130434783	93.5483870967742