Transcripcion	Levenstein	Orden	Parcial
Estandar	24.21875	37.42690058479532	34.34343434343434
Estandar_normalizada	27.722772277227726	37.64705882352941	44.18604651162791
Dialectal	24.21875	37.42690058479532	34.34343434343434
Dialectal_normalizada	27.722772277227726	37.64705882352941	44.18604651162791