Transcripcion	Levenstein	Orden	Parcial
Estandar	37.59398496240601	65.83850931677019	51.5625
Estandar_normalizada	44.64285714285714	66.25	66.12903225806453
Dialectal	37.59398496240601	65.83850931677019	51.5625
Dialectal_normalizada	44.64285714285714	66.25	66.12903225806453