Transcripcion	Levenstein	Orden	Parcial
Estandar	45.05494505494505	64.5418326693227	54.19847328244275
Estandar_normalizada	55.92105263157895	65.86345381526104	64.60176991150442
Dialectal	45.05494505494505	64.5418326693227	54.19847328244275
Dialectal_normalizada	55.92105263157895	65.86345381526104	64.60176991150442