Transcripcion	Levenstein	Orden	Parcial
Estandar	18.99441340782123	30.630630630630627	40.0
Estandar_normalizada	19.64285714285714	31.05022831050228	47.16981132075472
Dialectal	18.99441340782123	30.630630630630627	40.0
Dialectal_normalizada	19.64285714285714	31.05022831050228	47.16981132075472