Transcripcion	Levenstein	Orden	Parcial
Estandar	64.28571428571428	95.52238805970148	75.67567567567568
Estandar_normalizada	76.19047619047619	95.52238805970148	84.375
Dialectal	64.28571428571428	95.52238805970148	75.67567567567568
Dialectal_normalizada	76.19047619047619	95.52238805970148	84.375