Transcripcion	Levenstein	Orden	Parcial
Estandar	13.043478260869568	18.75	28.57142857142857
Estandar_normalizada	18.181818181818176	18.75	33.333333333333336
Dialectal	13.043478260869568	18.75	28.57142857142857
Dialectal_normalizada	18.181818181818176	18.75	33.333333333333336