Transcripcion	Levenstein	Orden	Parcial
Estandar	44.973544973544975	66.43717728055077	61.648745519713266
Estandar_normalizada	50.0	66.32124352331607	65.66604127579737
Dialectal	45.092838196286465	66.55172413793103	61.759425493716336
Dialectal_normalizada	50.15105740181269	66.43598615916954	65.78947368421053