Transcripcion	Levenstein	Orden	Parcial
Estandar	58.241758241758234	80.64516129032258	84.29752066115702
Estandar_normalizada	68.42105263157895	81.30081300813008	90.2654867256637
Dialectal	58.241758241758234	80.64516129032258	84.29752066115702
Dialectal_normalizada	68.42105263157895	81.30081300813008	90.2654867256637