Transcripcion	Levenstein	Orden	Parcial
Estandar	61.0062893081761	75.0	73.23943661971832
Estandar_normalizada	65.97222222222221	73.83512544802868	76.76056338028168
Dialectal	61.0062893081761	75.0	73.23943661971832
Dialectal_normalizada	65.97222222222221	73.83512544802868	76.76056338028168