Transcripcion	Levenstein	Orden	Parcial
Estandar	53.85756676557863	72.09775967413442	66.52892561983471
Estandar_normalizada	63.68421052631579	72.67144319344933	75.16059957173448
Dialectal	53.28358208955224	72.39263803680981	66.32231404958677
Dialectal_normalizada	63.074204946996474	72.97019527235355	75.16059957173448