Transcripcion	Levenstein	Orden	Parcial
Estandar	58.22981366459628	77.78958554729012	62.585812356979396
Estandar_normalizada	66.19090098126672	78.05139186295503	70.28639618138425
Dialectal	58.22981366459628	77.78958554729012	62.585812356979396
Dialectal_normalizada	66.19090098126672	78.05139186295503	70.28639618138425