Transcripcion	Levenstein	Orden	Parcial
Estandar	58.12500000000001	86.27450980392157	73.39449541284404
Estandar_normalizada	68.46153846153847	87.12871287128714	78.88888888888889
Dialectal	58.12500000000001	86.27450980392157	73.39449541284404
Dialectal_normalizada	68.46153846153847	87.12871287128714	78.88888888888889