Transcripcion	Levenstein	Orden	Parcial
Estandar	20.370370370370374	35.29411764705882	45.3125
Estandar_normalizada	22.302158273381288	35.483870967741936	45.90163934426229
Dialectal	20.370370370370374	35.29411764705882	45.3125
Dialectal_normalizada	22.302158273381288	35.483870967741936	45.90163934426229