Transcripcion	Levenstein	Orden	Parcial
Estandar	18.000000000000004	33.9622641509434	47.36842105263158
Estandar_normalizada	24.390243902439025	34.61538461538461	47.36842105263158
Dialectal	18.000000000000004	33.9622641509434	47.36842105263158
Dialectal_normalizada	24.390243902439025	34.61538461538461	47.36842105263158