Transcripcion	Levenstein	Orden	Parcial
Estandar	5.35714285714286	15.384615384615385	28.57142857142857
Estandar_normalizada	7.317073170731703	15.789473684210531	30.76923076923077
Dialectal	5.35714285714286	15.384615384615385	28.57142857142857
Dialectal_normalizada	7.317073170731703	15.789473684210531	30.76923076923077