Transcripcion	Levenstein	Orden	Parcial
Estandar	52.542372881355924	77.93814432989691	67.54385964912281
Estandar_normalizada	61.258278145695364	78.42323651452283	75.0
Dialectal	52.542372881355924	77.93814432989691	67.54385964912281
Dialectal_normalizada	61.258278145695364	78.42323651452283	75.0