Transcripcion	Levenstein	Orden	Parcial
Estandar	57.71324863883848	79.69151670951156	70.56396148555709
Estandar_normalizada	67.56176154672396	79.61290322580645	76.67140825035563
Dialectal	57.16894977168949	78.8896061975468	70.01375515818432
Dialectal_normalizada	66.991341991342	78.41866493843163	76.24466571834994