Transcripcion	Levenstein	Orden	Parcial
Estandar	26.086956521739136	43.956043956043956	88.0
Estandar_normalizada	28.947368421052634	43.956043956043956	95.65217391304348
Dialectal	26.086956521739136	43.956043956043956	88.0
Dialectal_normalizada	28.947368421052634	43.956043956043956	95.65217391304348