Transcripcion	Levenstein	Orden	Parcial
Estandar	17.14285714285714	34.84848484848485	46.875
Estandar_normalizada	21.052631578947366	35.1145038167939	50.0
Dialectal	16.546762589928054	33.587786259541986	46.875
Dialectal_normalizada	20.353982300884955	33.84615384615385	50.0