Transcripcion	Levenstein	Orden	Parcial
Estandar	60.77085533262936	82.21906116642958	65.7934131736527
Estandar_normalizada	70.31154551007941	82.21428571428572	75.62111801242236
Dialectal	60.477453580901866	82.05494113449875	65.86826347305389
Dialectal_normalizada	69.96314496314497	82.04944464349695	75.46583850931677