Transcripcion	Levenstein	Orden	Parcial
Estandar	60.28368794326241	79.59372114496767	69.6629213483146
Estandar_normalizada	68.18923327895595	79.51807228915662	75.7185332011893
Dialectal	59.45558739255014	78.99628252788105	68.72659176029963
Dialectal_normalizada	67.32673267326732	78.9179104477612	74.97507477567298