Transcripcion	Levenstein	Orden	Parcial
Estandar	66.66666666666667	74.4186046511628	79.06976744186046
Estandar_normalizada	77.27272727272727	74.4186046511628	83.72093023255813
Dialectal	66.66666666666667	74.4186046511628	79.06976744186046
Dialectal_normalizada	77.27272727272727	74.4186046511628	83.72093023255813