Transcripcion	Levenstein	Orden	Parcial
Estandar	40.97560975609756	69.16426512968299	59.580052493438316
Estandar_normalizada	43.324250681198905	68.97546897546898	67.52411575562701
Dialectal	40.97560975609756	69.16426512968299	59.580052493438316
Dialectal_normalizada	43.324250681198905	68.97546897546898	67.52411575562701