Transcripcion	Levenstein	Orden	Parcial
Estandar	68.49315068493152	86.09865470852019	85.21739130434783
Estandar_normalizada	75.80645161290323	86.09865470852019	88.9908256880734
Dialectal	68.49315068493152	86.09865470852019	85.21739130434783
Dialectal_normalizada	75.80645161290323	86.09865470852019	88.9908256880734