Transcripcion	Levenstein	Orden	Parcial
Estandar	85.41666666666666	97.67441860465115	91.11111111111111
Estandar_normalizada	93.18181818181819	97.67441860465115	96.55172413793103
Dialectal	85.41666666666666	97.67441860465115	91.11111111111111
Dialectal_normalizada	93.18181818181819	97.67441860465115	96.55172413793103