Transcripcion	Levenstein	Orden	Parcial
Estandar	51.304347826086946	67.51592356687898	68.53146853146853
Estandar_normalizada	61.45833333333333	67.94871794871796	77.37226277372262
Dialectal	51.304347826086946	67.51592356687898	68.53146853146853
Dialectal_normalizada	61.45833333333333	67.94871794871796	77.37226277372262