Transcripcion	Levenstein	Orden	Parcial
Estandar	59.63938973647711	81.4748201438849	63.91554702495201
Estandar_normalizada	66.35367762128325	81.69522091974753	71.58308751229106
Dialectal	59.63938973647711	81.4748201438849	63.91554702495201
Dialectal_normalizada	66.35367762128325	81.69522091974753	71.58308751229106