Transcripcion	Levenstein	Orden	Parcial
Estandar	17.105263157894733	46.666666666666664	71.42857142857143
Estandar_normalizada	24.561403508771928	47.45762711864406	85.71428571428572
Dialectal	17.105263157894733	46.666666666666664	71.42857142857143
Dialectal_normalizada	24.561403508771928	47.45762711864406	85.71428571428572