Transcripcion	Levenstein	Orden	Parcial
Estandar	46.0	59.74025974025974	61.9718309859155
Estandar_normalizada	52.27272727272727	59.74025974025974	67.6923076923077
Dialectal	46.0	59.74025974025974	61.9718309859155
Dialectal_normalizada	52.27272727272727	59.74025974025974	67.6923076923077