Transcripcion	Levenstein	Orden	Parcial
Estandar	4.81927710843374	15.000000000000002	43.47826086956522
Estandar_normalizada	6.870229007633588	15.517241379310342	53.333333333333336
Dialectal	4.81927710843374	15.000000000000002	43.47826086956522
Dialectal_normalizada	6.870229007633588	15.517241379310342	53.333333333333336