Transcripcion	Levenstein	Orden	Parcial
Estandar	13.33333333333333	30.76923076923077	35.71428571428571
Estandar_normalizada	7.14285714285714	30.76923076923077	42.10526315789473
Dialectal	13.33333333333333	30.76923076923077	35.71428571428571
Dialectal_normalizada	7.14285714285714	30.76923076923077	42.10526315789473