Transcripcion	Levenstein	Orden	Parcial
Estandar	51.96261682242991	75.50200803212851	62.89855072463768
Estandar_normalizada	61.40350877192983	75.6393001345895	73.74810318664645
Dialectal	51.60680529300568	75.30364372469636	63.18840579710145
Dialectal_normalizada	60.88888888888888	75.44097693351425	74.24242424242425