Transcripcion	Levenstein	Orden	Parcial
Estandar	80.0	97.36842105263158	86.48648648648648
Estandar_normalizada	90.2439024390244	97.36842105263158	91.89189189189189
Dialectal	80.0	97.36842105263158	86.48648648648648
Dialectal_normalizada	90.2439024390244	97.36842105263158	91.89189189189189