Transcripcion	Levenstein	Orden	Parcial
Estandar	55.74468085106383	76.8545994065282	69.66966966966967
Estandar_normalizada	66.24365482233503	76.94610778443113	79.8076923076923
Dialectal	55.55555555555556	77.38095238095238	69.66966966966967
Dialectal_normalizada	65.81632653061224	77.47747747747748	79.8076923076923