Transcripcion	Levenstein	Orden	Parcial
Estandar	30.952380952380953	49.0	57.692307692307686
Estandar_normalizada	33.333333333333336	49.246231155778894	66.66666666666667
Dialectal	29.6969696969697	46.700507614213194	56.41025641025641
Dialectal_normalizada	31.944444444444443	46.93877551020408	63.63636363636363