Transcripcion	Levenstein	Orden	Parcial
Estandar	50.943396226415096	76.71232876712328	96.42857142857143
Estandar_normalizada	60.86956521739131	77.77777777777779	100.0
Dialectal	50.943396226415096	76.71232876712328	96.42857142857143
Dialectal_normalizada	60.86956521739131	77.77777777777779	100.0