Transcripcion	Levenstein	Orden	Parcial
Estandar	15.000000000000002	22.22222222222222	29.629629629629626
Estandar_normalizada	15.789473684210531	22.22222222222222	34.48275862068966
Dialectal	15.000000000000002	22.22222222222222	29.629629629629626
Dialectal_normalizada	15.789473684210531	22.22222222222222	34.48275862068966