Transcripcion	Levenstein	Orden	Parcial
Estandar	34.48275862068966	57.89473684210527	54.54545454545454
Estandar_normalizada	48.0	57.89473684210527	75.0
Dialectal	34.48275862068966	57.89473684210527	54.54545454545454
Dialectal_normalizada	48.0	57.89473684210527	75.0