Transcripcion	Levenstein	Orden	Parcial
Estandar	54.93562231759657	81.64556962025317	66.66666666666667
Estandar_normalizada	65.15151515151516	79.2332268370607	76.86567164179104
Dialectal	55.172413793103445	83.17460317460316	66.93548387096774
Dialectal_normalizada	65.48223350253808	80.76923076923077	76.86567164179104