Transcripcion	Levenstein	Orden	Parcial
Estandar	55.78231292517006	74.04255319148936	73.04347826086956
Estandar_normalizada	64.84375	74.35897435897436	81.41592920353982
Dialectal	55.78231292517006	74.04255319148936	73.04347826086956
Dialectal_normalizada	64.84375	74.35897435897436	81.41592920353982