Transcripcion	Levenstein	Orden	Parcial
Estandar	50.0	66.66666666666667	60.0
Estandar_normalizada	50.0	66.66666666666667	75.0
Dialectal	50.0	66.66666666666667	60.0
Dialectal_normalizada	50.0	66.66666666666667	75.0