Transcripcion	Levenstein	Orden	Parcial
Estandar	14.28571428571429	27.722772277227726	33.333333333333336
Estandar_normalizada	18.42105263157895	28.000000000000004	38.70967741935484
Dialectal	15.476190476190476	28.000000000000004	34.210526315789465
Dialectal_normalizada	18.42105263157895	28.282828282828287	36.66666666666667