Transcripcion	Levenstein	Orden	Parcial
Estandar	29.20353982300885	63.829787234042556	55.28455284552846
Estandar_normalizada	37.23404255319149	64.28571428571428	63.55140186915889
Dialectal	29.20353982300885	63.829787234042556	55.28455284552846
Dialectal_normalizada	37.23404255319149	64.28571428571428	63.55140186915889