Transcripcion	Levenstein	Orden	Parcial
Estandar	64.70588235294117	65.1685393258427	73.97260273972603
Estandar_normalizada	68.08510638297872	65.1685393258427	76.31578947368422
Dialectal	64.70588235294117	65.1685393258427	73.97260273972603
Dialectal_normalizada	68.08510638297872	65.1685393258427	76.31578947368422