Transcripcion	Levenstein	Orden	Parcial
Estandar	49.378714208535925	72.29108356657336	58.75706214689266
Estandar_normalizada	56.17977528089888	72.39855363599838	65.34365924491772
Dialectal	48.87794198139026	70.89220831651191	58.568738229755176
Dialectal_normalizada	55.83016476552598	70.99391480730223	65.15004840271055