Transcripcion	Levenstein	Orden	Parcial
Estandar	62.5	55.55555555555556	84.84848484848484
Estandar_normalizada	66.66666666666667	55.55555555555556	87.09677419354838
Dialectal	62.5	55.55555555555556	84.84848484848484
Dialectal_normalizada	66.66666666666667	55.55555555555556	87.09677419354838