Transcripcion	Levenstein	Orden	Parcial
Estandar	52.94117647058824	80.0	72.72727272727273
Estandar_normalizada	61.53846153846154	80.0	88.88888888888889
Dialectal	52.94117647058824	80.0	72.72727272727273
Dialectal_normalizada	61.53846153846154	80.0	88.88888888888889