Transcripcion	Levenstein	Orden	Parcial
Estandar	73.13432835820896	94.11764705882352	83.6734693877551
Estandar_normalizada	82.45614035087719	94.11764705882352	87.91208791208791
Dialectal	73.13432835820896	94.11764705882352	83.6734693877551
Dialectal_normalizada	82.45614035087719	94.11764705882352	87.91208791208791