Transcripcion	Levenstein	Orden	Parcial
Estandar	21.62162162162162	38.70967741935484	44.067796610169495
Estandar_normalizada	20.588235294117652	38.70967741935484	48.14814814814815
Dialectal	21.62162162162162	38.70967741935484	44.067796610169495
Dialectal_normalizada	20.588235294117652	38.70967741935484	48.14814814814815