Transcripcion	Levenstein	Orden	Parcial
Estandar	44.230769230769226	61.44578313253012	59.55734406438632
Estandar_normalizada	50.0	61.44578313253012	66.66666666666667
Dialectal	43.72990353697749	61.16700201207244	59.2741935483871
Dialectal_normalizada	49.815498154981555	61.16700201207244	66.38655462184873