Transcripcion	Levenstein	Orden	Parcial
Estandar	62.121212121212125	82.38568588469185	70.36734693877551
Estandar_normalizada	70.24147727272727	82.64858396489828	78.02013422818791
Dialectal	61.107574793125394	80.25579536370904	69.14285714285715
Dialectal_normalizada	69.10394265232975	80.35284683239774	77.09731543624162