Transcripcion	Levenstein	Orden	Parcial
Estandar	57.77777777777777	84.05797101449275	85.71428571428572
Estandar_normalizada	71.7948717948718	84.05797101449275	93.75
Dialectal	57.77777777777777	84.05797101449275	85.71428571428572
Dialectal_normalizada	71.7948717948718	84.05797101449275	93.75