Transcripcion	Levenstein	Orden	Parcial
Estandar	50.83333333333333	71.36150234741784	71.30434782608695
Estandar_normalizada	61.206896551724135	71.36150234741784	80.0
Dialectal	50.83333333333333	71.36150234741784	71.30434782608695
Dialectal_normalizada	61.206896551724135	71.36150234741784	80.0