Transcripcion	Levenstein	Orden	Parcial
Estandar	51.61290322580645	79.36507936507937	82.14285714285714
Estandar_normalizada	64.47368421052632	80.0	92.72727272727272
Dialectal	51.61290322580645	79.36507936507937	82.14285714285714
Dialectal_normalizada	64.47368421052632	80.0	92.72727272727272