Transcripcion	Levenstein	Orden	Parcial
Estandar	12.0	35.55555555555555	33.333333333333336
Estandar_normalizada	15.384615384615385	36.36363636363637	35.71428571428571
Dialectal	12.0	35.55555555555555	33.333333333333336
Dialectal_normalizada	15.384615384615385	36.36363636363637	35.71428571428571