Transcripcion	Levenstein	Orden	Parcial
Estandar	35.57692307692307	54.26356589147288	66.03773584905662
Estandar_normalizada	39.32584269662921	54.6875	65.99999999999999
Dialectal	36.633663366336634	55.55555555555556	64.15094339622642
Dialectal_normalizada	40.69767441860465	56.00000000000001	65.99999999999999