Transcripcion	Levenstein	Orden	Parcial
Estandar	68.23406478578893	87.20316622691293	73.65627073656272
Estandar_normalizada	76.88679245283019	87.43386243386243	80.11049723756906
Dialectal	67.71488469601677	86.84732319894249	73.17397078353254
Dialectal_normalizada	76.33136094674556	87.07753479125249	79.69613259668509