Transcripcion	Levenstein	Orden	Parcial
Estandar	23.809523809523814	52.17391304347826	45.45454545454546
Estandar_normalizada	46.666666666666664	52.17391304347826	60.0
Dialectal	23.809523809523814	52.17391304347826	45.45454545454546
Dialectal_normalizada	46.666666666666664	52.17391304347826	60.0