Transcripcion	Levenstein	Orden	Parcial
Estandar	19.444444444444443	38.095238095238095	33.333333333333336
Estandar_normalizada	23.076923076923073	38.095238095238095	38.888888888888886
Dialectal	19.444444444444443	38.095238095238095	33.333333333333336
Dialectal_normalizada	23.076923076923073	38.095238095238095	38.888888888888886