Transcripcion	Levenstein	Orden	Parcial
Estandar	13.33333333333333	19.999999999999996	23.529411764705888
Estandar_normalizada	13.33333333333333	19.999999999999996	50.0
Dialectal	13.33333333333333	19.999999999999996	23.529411764705888
Dialectal_normalizada	13.33333333333333	19.999999999999996	50.0