Transcripcion	Levenstein	Orden	Parcial
Estandar	85.18518518518519	100.0	92.13483146067416
Estandar_normalizada	91.30434782608697	100.0	96.3855421686747
Dialectal	85.18518518518519	100.0	92.13483146067416
Dialectal_normalizada	91.30434782608697	100.0	96.3855421686747