Transcripcion	Levenstein	Orden	Parcial
Estandar	10.526315789473683	19.047619047619047	40.0
Estandar_normalizada	11.764705882352944	19.047619047619047	40.0
Dialectal	10.526315789473683	19.047619047619047	40.0
Dialectal_normalizada	11.764705882352944	19.047619047619047	40.0