Transcripcion	Levenstein	Orden	Parcial
Estandar	51.42857142857142	43.99999999999999	65.38461538461539
Estandar_normalizada	55.172413793103445	43.99999999999999	66.66666666666667
Dialectal	51.42857142857142	43.99999999999999	65.38461538461539
Dialectal_normalizada	55.172413793103445	43.99999999999999	66.66666666666667