Transcripcion	Levenstein	Orden	Parcial
Estandar	52.53164556962025	64.2570281124498	62.589928057553955
Estandar_normalizada	60.29411764705883	64.51612903225806	72.1311475409836
Dialectal	51.61290322580645	61.78861788617886	61.870503597122294
Dialectal_normalizada	58.64661654135339	62.04081632653061	71.31147540983606