Transcripcion	Levenstein	Orden	Parcial
Estandar	48.62385321100917	75.0	75.0
Estandar_normalizada	57.446808510638306	75.52447552447552	81.41592920353982
Dialectal	48.62385321100917	75.0	75.0
Dialectal_normalizada	57.446808510638306	75.52447552447552	81.41592920353982