Transcripcion	Levenstein	Orden	Parcial
Estandar	24.65753424657534	45.36082474226804	52.94117647058824
Estandar_normalizada	26.865671641791046	45.36082474226804	57.57575757575757
Dialectal	24.65753424657534	45.36082474226804	52.94117647058824
Dialectal_normalizada	26.865671641791046	45.36082474226804	57.57575757575757