Transcripcion	Levenstein	Orden	Parcial
Estandar	57.07434052757794	68.57962697274031	72.22222222222221
Estandar_normalizada	60.9375	68.67816091954023	74.32024169184291
Dialectal	55.93220338983051	68.68686868686868	71.9298245614035
Dialectal_normalizada	59.73684210526316	68.78612716763006	74.01812688821752