Transcripcion	Levenstein	Orden	Parcial
Estandar	16.666666666666664	25.806451612903224	36.0
Estandar_normalizada	25.0	25.806451612903224	43.99999999999999
Dialectal	17.777777777777782	23.728813559322038	36.0
Dialectal_normalizada	27.027027027027028	23.728813559322038	43.99999999999999