Transcripcion	Levenstein	Orden	Parcial
Estandar	32.25806451612904	35.55555555555555	44.99999999999999
Estandar_normalizada	37.03703703703704	35.55555555555555	51.28205128205128
Dialectal	32.25806451612904	35.55555555555555	44.99999999999999
Dialectal_normalizada	37.03703703703704	35.55555555555555	51.28205128205128