Transcripcion	Levenstein	Orden	Parcial
Estandar	38.57142857142857	60.0	67.96116504854368
Estandar_normalizada	42.85714285714286	60.0	72.72727272727273
Dialectal	38.57142857142857	60.0	67.96116504854368
Dialectal_normalizada	42.85714285714286	60.0	72.72727272727273