Transcripcion	Levenstein	Orden	Parcial
Estandar	66.66666666666667	88.88888888888889	76.66666666666666
Estandar_normalizada	70.0	88.88888888888889	81.4814814814815
Dialectal	66.66666666666667	88.88888888888889	76.66666666666666
Dialectal_normalizada	70.0	88.88888888888889	81.4814814814815