Transcripcion	Levenstein	Orden	Parcial
Estandar	48.14814814814815	84.84848484848484	92.85714285714286
Estandar_normalizada	66.66666666666667	84.84848484848484	100.0
Dialectal	48.14814814814815	84.84848484848484	92.85714285714286
Dialectal_normalizada	66.66666666666667	84.84848484848484	100.0