Transcripcion	Levenstein	Orden	Parcial
Estandar	60.057197330791226	77.49860413176997	69.97767857142857
Estandar_normalizada	63.71220020855057	77.58524315259922	74.74285714285715
Dialectal	59.48275862068966	76.93169092945129	69.75446428571428
Dialectal_normalizada	63.102725366876314	77.01793721973094	74.28571428571429