Transcripcion	Levenstein	Orden	Parcial
Estandar	59.72222222222222	73.26388888888889	63.821892393320965
Estandar_normalizada	63.41463414634146	73.04347826086956	68.50393700787401
Dialectal	58.75706214689266	72.28070175438597	63.23529411764706
Dialectal_normalizada	62.422360248447205	72.05623901581723	68.51485148514851