Transcripcion	Levenstein	Orden	Parcial
Estandar	54.51505016722409	70.91295116772824	68.34862385321101
Estandar_normalizada	59.05797101449275	71.06382978723404	72.59615384615384
Dialectal	54.51505016722409	70.91295116772824	68.34862385321101
Dialectal_normalizada	59.05797101449275	71.06382978723404	72.59615384615384