Transcripcion	Levenstein	Orden	Parcial
Estandar	58.62068965517242	77.27272727272727	72.72727272727273
Estandar_normalizada	68.0	77.27272727272727	71.42857142857143
Dialectal	58.62068965517242	77.27272727272727	72.72727272727273
Dialectal_normalizada	68.0	77.27272727272727	71.42857142857143