Transcripcion	Levenstein	Orden	Parcial
Estandar	60.0	80.95238095238095	80.95238095238095
Estandar_normalizada	79.16666666666666	80.95238095238095	85.71428571428572
Dialectal	60.0	80.95238095238095	80.95238095238095
Dialectal_normalizada	79.16666666666666	80.95238095238095	85.71428571428572