Transcripcion	Levenstein	Orden	Parcial
Estandar	76.92307692307692	93.47826086956522	91.30434782608697
Estandar_normalizada	85.41666666666666	93.47826086956522	93.47826086956522
Dialectal	76.92307692307692	93.47826086956522	91.30434782608697
Dialectal_normalizada	85.41666666666666	93.47826086956522	93.47826086956522