Transcripcion	Levenstein	Orden	Parcial
Estandar	63.775510204081634	75.95712098009189	69.48640483383686
Estandar_normalizada	70.2247191011236	75.4601226993865	77.28706624605678
Dialectal	63.775510204081634	75.95712098009189	69.48640483383686
Dialectal_normalizada	70.2247191011236	75.4601226993865	77.28706624605678