Transcripcion	Levenstein	Orden	Parcial
Estandar	56.50557620817844	67.87330316742081	71.22641509433963
Estandar_normalizada	62.857142857142854	67.87330316742081	75.36231884057972
Dialectal	55.63909774436091	68.3371298405467	71.69811320754718
Dialectal_normalizada	61.98347107438016	68.3371298405467	75.36231884057972