Transcripcion	Levenstein	Orden	Parcial
Estandar	54.75113122171946	75.0	68.6192468619247
Estandar_normalizada	66.12903225806453	75.49668874172185	75.0
Dialectal	54.75113122171946	75.0	68.6192468619247
Dialectal_normalizada	66.12903225806453	75.49668874172185	75.0