Transcripcion	Levenstein	Orden	Parcial
Estandar	6.871609403254975	13.93034825870647	35.29411764705882
Estandar_normalizada	8.876811594202893	13.311148086522461	46.15384615384615
Dialectal	6.871609403254975	13.93034825870647	35.29411764705882
Dialectal_normalizada	8.876811594202893	13.311148086522461	46.15384615384615