Transcripcion	Levenstein	Orden	Parcial
Estandar	58.490566037735846	75.7396449704142	80.0
Estandar_normalizada	65.3061224489796	75.7396449704142	86.48648648648648
Dialectal	58.490566037735846	75.7396449704142	80.0
Dialectal_normalizada	65.3061224489796	75.7396449704142	86.48648648648648