Transcripcion	Levenstein	Orden	Parcial
Estandar	60.05586592178771	71.90366972477065	68.87573964497041
Estandar_normalizada	66.63254861821903	72.02757036186101	74.5679012345679
Dialectal	59.0951932139491	71.63489312536106	68.28402366863907
Dialectal_normalizada	65.76763485477179	71.75925925925925	74.19753086419753