Transcripcion	Levenstein	Orden	Parcial
Estandar	0.0	30.76923076923077	0.0
Estandar_normalizada	11.111111111111116	16.666666666666664	25.0
Dialectal	0.0	30.76923076923077	0.0
Dialectal_normalizada	11.111111111111116	16.666666666666664	25.0