Transcripcion	Levenstein	Orden	Parcial
Estandar	24.545454545454547	61.07784431137724	63.1578947368421
Estandar_normalizada	28.524590163934427	58.75251509054327	71.25748502994011
Dialectal	24.545454545454547	61.07784431137724	63.1578947368421
Dialectal_normalizada	28.524590163934427	58.75251509054327	71.25748502994011