Transcripcion	Levenstein	Orden	Parcial
Estandar	16.666666666666664	44.99999999999999	31.999999999999996
Estandar_normalizada	18.867924528301884	45.56962025316456	38.80597014925373
Dialectal	16.92307692307692	45.56962025316456	32.6530612244898
Dialectal_normalizada	21.153846153846157	48.71794871794872	39.473684210526315