Transcripcion	Levenstein	Orden	Parcial
Estandar	21.126760563380287	25.531914893617024	48.14814814814815
Estandar_normalizada	22.388059701492537	25.531914893617024	50.98039215686274
Dialectal	21.126760563380287	25.531914893617024	48.14814814814815
Dialectal_normalizada	22.388059701492537	25.531914893617024	50.98039215686274