Transcripcion	Levenstein	Orden	Parcial
Estandar	26.470588235294112	38.297872340425535	48.64864864864865
Estandar_normalizada	35.71428571428571	38.297872340425535	51.42857142857142
Dialectal	26.470588235294112	38.297872340425535	48.64864864864865
Dialectal_normalizada	35.71428571428571	38.297872340425535	51.42857142857142