Transcripcion	Levenstein	Orden	Parcial
Estandar	31.12582781456954	63.02521008403361	55.696202531645575
Estandar_normalizada	39.310344827586206	61.01694915254237	63.41463414634146
Dialectal	31.12582781456954	63.02521008403361	55.696202531645575
Dialectal_normalizada	39.310344827586206	61.01694915254237	63.41463414634146