Transcripcion	Levenstein	Orden	Parcial
Estandar	15.384615384615385	27.500000000000004	39.13043478260869
Estandar_normalizada	17.460317460317466	27.500000000000004	42.42424242424242
Dialectal	15.384615384615385	27.500000000000004	39.13043478260869
Dialectal_normalizada	17.460317460317466	27.500000000000004	42.42424242424242