Transcripcion	Levenstein	Orden	Parcial
Estandar	71.86544342507646	78.62939585211903	77.46741154562383
Estandar_normalizada	76.56765676567656	78.77145438121048	81.48854961832062
Dialectal	71.95685670261942	78.98550724637681	77.46741154562383
Dialectal_normalizada	76.70549084858568	79.12885662431943	81.67938931297711