Transcripcion	Levenstein	Orden	Parcial
Estandar	22.72727272727273	37.03703703703704	47.61904761904761
Estandar_normalizada	22.72727272727273	37.03703703703704	60.0
Dialectal	22.72727272727273	37.03703703703704	47.61904761904761
Dialectal_normalizada	22.72727272727273	37.03703703703704	60.0