Transcripcion	Levenstein	Orden	Parcial
Estandar	17.647058823529417	11.764705882352944	50.0
Estandar_normalizada	13.33333333333333	11.764705882352944	66.66666666666667
Dialectal	17.647058823529417	11.764705882352944	50.0
Dialectal_normalizada	13.33333333333333	11.764705882352944	66.66666666666667