Transcripcion	Levenstein	Orden	Parcial
Estandar	10.526315789473683	18.181818181818176	33.333333333333336
Estandar_normalizada	17.647058823529417	18.181818181818176	33.333333333333336
Dialectal	10.526315789473683	18.181818181818176	33.333333333333336
Dialectal_normalizada	17.647058823529417	18.181818181818176	33.333333333333336