Transcripcion	Levenstein	Orden	Parcial
Estandar	64.12958626073379	80.13500482160077	70.85964060223408
Estandar_normalizada	71.49716281099955	80.43478260869566	77.99597180261833
Dialectal	63.01100628930818	79.5641646489104	70.13113161728994
Dialectal_normalizada	70.3035635723713	79.86414361960213	77.00075738449887