Transcripcion	Levenstein	Orden	Parcial
Estandar	16.894977168949776	36.162361623616235	57.391304347826086
Estandar_normalizada	17.840375586854464	36.162361623616235	62.96296296296296
Dialectal	16.894977168949776	36.162361623616235	57.391304347826086
Dialectal_normalizada	17.840375586854464	36.162361623616235	62.96296296296296