Transcripcion	Levenstein	Orden	Parcial
Estandar	57.608695652173914	69.62025316455696	71.94244604316546
Estandar_normalizada	63.095238095238095	69.62025316455696	75.55555555555556
Dialectal	56.98924731182795	66.66666666666667	71.94244604316546
Dialectal_normalizada	62.35294117647059	66.66666666666667	75.55555555555556