Transcripcion	Levenstein	Orden	Parcial
Estandar	35.416666666666664	49.350649350649356	45.56962025316456
Estandar_normalizada	36.95652173913043	49.350649350649356	50.0
Dialectal	35.416666666666664	51.28205128205128	47.5
Dialectal_normalizada	36.95652173913043	51.28205128205128	51.42857142857142