Transcripcion	Levenstein	Orden	Parcial
Estandar	29.496402877697847	57.647058823529406	53.42465753424658
Estandar_normalizada	36.111111111111114	59.036144578313255	58.33333333333333
Dialectal	27.536231884057973	55.62130177514793	50.68493150684932
Dialectal_normalizada	33.64485981308412	56.96969696969697	56.94444444444444