Transcripcion	Levenstein	Orden	Parcial
Estandar	46.51162790697675	54.47761194029851	78.37837837837837
Estandar_normalizada	48.170731707317074	54.47761194029851	80.75117370892019
Dialectal	46.51162790697675	54.47761194029851	78.37837837837837
Dialectal_normalizada	48.170731707317074	54.47761194029851	80.75117370892019