Transcripcion	Levenstein	Orden	Parcial
Estandar	8.750000000000002	11.764705882352944	46.15384615384615
Estandar_normalizada	8.974358974358976	11.764705882352944	77.77777777777779
Dialectal	8.750000000000002	11.764705882352944	46.15384615384615
Dialectal_normalizada	8.974358974358976	11.764705882352944	77.77777777777779