Transcripcion	Levenstein	Orden	Parcial
Estandar	0.3216911764705843	0.4741583688952056	40.0
Estandar_normalizada	0.2851711026615966	0.4741583688952056	66.66666666666667
Dialectal	0.3216911764705843	0.4741583688952056	40.0
Dialectal_normalizada	0.2851711026615966	0.4741583688952056	66.66666666666667