Transcripcion	Levenstein	Orden	Parcial
Estandar	44.99999999999999	79.01234567901234	52.94117647058824
Estandar_normalizada	56.25	80.0	70.73170731707317
Dialectal	44.827586206896555	78.48101265822784	52.94117647058824
Dialectal_normalizada	56.52173913043479	79.48717948717949	70.73170731707317