Transcripcion	Levenstein	Orden	Parcial
Estandar	1.0033444816053505	1.715265866209259	40.0
Estandar_normalizada	1.038062283737029	1.715265866209259	66.66666666666667
Dialectal	1.0033444816053505	1.715265866209259	40.0
Dialectal_normalizada	1.038062283737029	1.715265866209259	66.66666666666667