Transcripcion	Levenstein	Orden	Parcial
Estandar	63.1578947368421	83.15412186379928	80.2675585284281
Estandar_normalizada	67.8082191780822	83.45323741007195	90.15151515151516
Dialectal	62.25165562913908	82.01438848920863	79.86577181208054
Dialectal_normalizada	68.49315068493152	82.31046931407943	90.49429657794677