Transcripcion	Levenstein	Orden	Parcial
Estandar	32.20338983050848	69.33333333333334	53.968253968253975
Estandar_normalizada	48.0	70.27027027027026	63.1578947368421
Dialectal	32.20338983050848	69.33333333333334	53.968253968253975
Dialectal_normalizada	48.0	70.27027027027026	63.1578947368421