Transcripcion	Levenstein	Orden	Parcial
Estandar	61.01265822784809	76.29513343799059	74.92063492063492
Estandar_normalizada	69.4915254237288	76.97160883280758	79.54173486088379
Dialectal	60.51282051282052	75.0	74.28571428571429
Dialectal_normalizada	69.05444126074498	75.67567567567568	79.07742998352553