Transcripcion	Levenstein	Orden	Parcial
Estandar	19.999999999999996	42.85714285714286	32.30769230769231
Estandar_normalizada	21.62162162162162	42.27642276422764	45.97701149425287
Dialectal	19.999999999999996	42.85714285714286	32.30769230769231
Dialectal_normalizada	21.62162162162162	42.27642276422764	45.97701149425287