Transcripcion	Levenstein	Orden	Parcial
Estandar	43.58974358974359	71.875	75.75757575757575
Estandar_normalizada	54.54545454545454	71.875	80.64516129032258
Dialectal	43.58974358974359	71.875	75.75757575757575
Dialectal_normalizada	54.54545454545454	71.875	80.64516129032258