Transcripcion	Levenstein	Orden	Parcial
Estandar	12.903225806451612	22.22222222222222	40.0
Estandar_normalizada	12.0	22.22222222222222	43.47826086956522
Dialectal	12.903225806451612	22.22222222222222	40.0
Dialectal_normalizada	12.0	22.22222222222222	43.47826086956522