Transcripcion	Levenstein	Orden	Parcial
Estandar	19.999999999999996	43.13725490196079	36.0
Estandar_normalizada	23.880597014925375	42.00000000000001	46.15384615384615
Dialectal	19.17808219178082	42.00000000000001	34.0
Dialectal_normalizada	23.076923076923073	40.816326530612244	41.02564102564102