Transcripcion	Levenstein	Orden	Parcial
Estandar	35.44303797468354	58.14977973568283	51.63934426229508
Estandar_normalizada	39.370078740157474	58.666666666666664	58.47457627118644
Dialectal	35.44303797468354	58.14977973568283	51.63934426229508
Dialectal_normalizada	39.370078740157474	58.666666666666664	58.47457627118644