Transcripcion	Levenstein	Orden	Parcial
Estandar	58.53658536585367	78.66666666666666	79.24528301886792
Estandar_normalizada	63.63636363636363	78.66666666666666	87.32394366197182
Dialectal	58.53658536585367	78.66666666666666	79.24528301886792
Dialectal_normalizada	63.63636363636363	78.66666666666666	87.32394366197182