Transcripcion	Levenstein	Orden	Parcial
Estandar	36.36363636363637	61.29032258064516	52.94117647058824
Estandar_normalizada	38.23529411764706	61.29032258064516	60.0
Dialectal	36.36363636363637	61.29032258064516	52.94117647058824
Dialectal_normalizada	38.23529411764706	61.29032258064516	60.0