Transcripcion	Levenstein	Orden	Parcial
Estandar	11.188811188811187	18.181818181818176	39.28571428571429
Estandar_normalizada	12.121212121212121	18.181818181818176	50.0
Dialectal	11.188811188811187	18.181818181818176	39.28571428571429
Dialectal_normalizada	12.121212121212121	18.181818181818176	50.0