Transcripcion	Levenstein	Orden	Parcial
Estandar	65.07936507936508	73.6842105263158	74.13793103448276
Estandar_normalizada	67.79661016949152	73.6842105263158	77.87610619469027
Dialectal	65.07936507936508	73.6842105263158	74.13793103448276
Dialectal_normalizada	67.79661016949152	73.6842105263158	77.87610619469027