Transcripcion	Levenstein	Orden	Parcial
Estandar	50.557620817843876	64.13301662707839	60.1010101010101
Estandar_normalizada	57.74058577405859	64.91646778042958	67.70833333333333
Dialectal	50.37313432835822	64.28571428571428	60.1010101010101
Dialectal_normalizada	57.56302521008403	65.07177033492823	67.70833333333333