Transcripcion	Levenstein	Orden	Parcial
Estandar	64.58333333333333	82.1917808219178	88.57142857142857
Estandar_normalizada	76.19047619047619	82.1917808219178	88.23529411764706
Dialectal	64.58333333333333	82.1917808219178	88.57142857142857
Dialectal_normalizada	76.19047619047619	82.1917808219178	88.23529411764706