Transcripcion	Levenstein	Orden	Parcial
Estandar	15.384615384615385	30.303030303030297	32.55813953488372
Estandar_normalizada	18.181818181818176	30.303030303030297	34.285714285714285
Dialectal	15.384615384615385	30.303030303030297	32.55813953488372
Dialectal_normalizada	18.181818181818176	30.303030303030297	34.285714285714285