Transcripcion	Levenstein	Orden	Parcial
Estandar	30.476190476190478	42.93785310734464	46.15384615384615
Estandar_normalizada	32.32323232323232	42.93785310734464	47.682119205298015
Dialectal	30.476190476190478	42.93785310734464	46.15384615384615
Dialectal_normalizada	32.32323232323232	42.93785310734464	47.682119205298015