Transcripcion	Levenstein	Orden	Parcial
Estandar	47.0	57.14285714285714	60.86956521739131
Estandar_normalizada	52.17391304347826	54.90196078431373	63.07692307692307
Dialectal	47.0	57.14285714285714	60.86956521739131
Dialectal_normalizada	52.17391304347826	54.90196078431373	63.07692307692307