Transcripcion	Levenstein	Orden	Parcial
Estandar	52.87356321839081	68.70229007633588	71.1159737417943
Estandar_normalizada	58.26771653543308	68.85245901639344	75.7327080890973
Dialectal	52.490421455938694	68.4153005464481	71.05263157894737
Dialectal_normalizada	58.26771653543308	68.56516976998905	75.67567567567568