Transcripcion	Levenstein	Orden	Parcial
Estandar	60.07604562737643	71.9298245614035	70.51546391752576
Estandar_normalizada	63.90041493775933	71.9298245614035	74.27293064876957
Dialectal	60.07604562737643	71.9298245614035	70.51546391752576
Dialectal_normalizada	63.90041493775933	71.9298245614035	74.27293064876957