Transcripcion	Levenstein	Orden	Parcial
Estandar	25.083612040133787	54.085603112840474	43.07116104868914
Estandar_normalizada	26.217228464419474	53.411306042885	45.64796905222437
Dialectal	25.083612040133787	54.085603112840474	43.07116104868914
Dialectal_normalizada	26.217228464419474	53.411306042885	45.64796905222437