Transcripcion	Levenstein	Orden	Parcial
Estandar	49.09090909090909	59.57446808510638	72.97297297297297
Estandar_normalizada	52.83018867924528	59.57446808510638	76.71232876712328
Dialectal	49.09090909090909	59.57446808510638	72.97297297297297
Dialectal_normalizada	52.83018867924528	59.57446808510638	76.71232876712328