Transcripcion	Levenstein	Orden	Parcial
Estandar	38.91213389121339	62.87625418060201	68.37606837606837
Estandar_normalizada	45.36585365853658	63.08724832214765	74.07407407407408
Dialectal	38.91213389121339	62.87625418060201	68.37606837606837
Dialectal_normalizada	45.36585365853658	63.08724832214765	74.07407407407408