Transcripcion	Levenstein	Orden	Parcial
Estandar	37.93103448275862	70.96774193548387	78.26086956521739
Estandar_normalizada	47.82608695652174	70.96774193548387	81.81818181818181
Dialectal	37.93103448275862	70.96774193548387	78.26086956521739
Dialectal_normalizada	47.82608695652174	70.96774193548387	81.81818181818181