Transcripcion	Levenstein	Orden	Parcial
Estandar	50.19455252918288	64.26966292134831	64.54545454545455
Estandar_normalizada	52.28215767634854	64.26966292134831	67.45283018867924
Dialectal	49.21875	64.41441441441442	63.63636363636363
Dialectal_normalizada	51.24999999999999	64.41441441441442	66.66666666666667