Transcripcion	Levenstein	Orden	Parcial
Estandar	43.344709897610926	54.90981963927856	64.57399103139014
Estandar_normalizada	47.33096085409253	54.90981963927856	68.42105263157895
Dialectal	43.344709897610926	55.241935483870975	64.10835214446952
Dialectal_normalizada	47.33096085409253	55.241935483870975	67.95180722891565