Transcripcion	Levenstein	Orden	Parcial
Estandar	7.558139534883724	17.177914110429448	26.66666666666667
Estandar_normalizada	9.80392156862745	17.28395061728395	40.90909090909091
Dialectal	7.558139534883724	17.177914110429448	26.66666666666667
Dialectal_normalizada	9.80392156862745	17.28395061728395	40.90909090909091