Transcripcion	Levenstein	Orden	Parcial
Estandar	18.181818181818176	28.57142857142857	38.095238095238095
Estandar_normalizada	17.14285714285714	28.57142857142857	38.888888888888886
Dialectal	18.181818181818176	28.57142857142857	38.095238095238095
Dialectal_normalizada	17.14285714285714	28.57142857142857	38.888888888888886