Transcripcion	Levenstein	Orden	Parcial
Estandar	13.513513513513509	33.333333333333336	77.77777777777779
Estandar_normalizada	17.14285714285714	33.333333333333336	87.5
Dialectal	13.513513513513509	33.333333333333336	77.77777777777779
Dialectal_normalizada	17.14285714285714	33.333333333333336	87.5