Transcripcion	Levenstein	Orden	Parcial
Estandar	40.15151515151515	55.62632696390658	56.60377358490566
Estandar_normalizada	41.12903225806451	55.62632696390658	59.16114790286976
Dialectal	40.3041825095057	55.74468085106383	56.72268907563025
Dialectal_normalizada	41.29554655870445	55.74468085106383	59.29203539823009