Transcripcion	Levenstein	Orden	Parcial
Estandar	22.352941176470587	44.13793103448276	37.95620437956204
Estandar_normalizada	20.529801324503318	44.29065743944637	41.40625
Dialectal	22.352941176470587	44.13793103448276	37.95620437956204
Dialectal_normalizada	20.529801324503318	44.29065743944637	41.40625