Transcripcion	Levenstein	Orden	Parcial
Estandar	52.63157894736843	60.71428571428572	69.23076923076923
Estandar_normalizada	52.94117647058824	60.71428571428572	70.83333333333333
Dialectal	52.63157894736843	60.71428571428572	69.23076923076923
Dialectal_normalizada	52.94117647058824	60.71428571428572	70.83333333333333