Transcripcion	Levenstein	Orden	Parcial
Estandar	20.75471698113207	22.535211267605636	34.61538461538461
Estandar_normalizada	24.52830188679245	22.535211267605636	39.02439024390244
Dialectal	20.75471698113207	22.535211267605636	34.61538461538461
Dialectal_normalizada	24.52830188679245	22.535211267605636	39.02439024390244