Transcripcion	Levenstein	Orden	Parcial
Estandar	64.28571428571428	77.61194029850746	77.61194029850746
Estandar_normalizada	68.91891891891892	77.61194029850746	80.31496062992126
Dialectal	64.28571428571428	77.61194029850746	77.61194029850746
Dialectal_normalizada	68.91891891891892	77.61194029850746	80.31496062992126