Transcripcion	Levenstein	Orden	Parcial
Estandar	9.523809523809524	34.285714285714285	29.508196721311474
Estandar_normalizada	15.789473684210531	41.17647058823529	38.46153846153846
Dialectal	9.523809523809524	34.285714285714285	29.508196721311474
Dialectal_normalizada	15.789473684210531	41.17647058823529	38.46153846153846