Transcripcion	Levenstein	Orden	Parcial
Estandar	5.128205128205132	6.25	40.0
Estandar_normalizada	3.125	6.25	33.333333333333336
Dialectal	5.128205128205132	6.25	40.0
Dialectal_normalizada	3.125	6.25	33.333333333333336