Transcripcion	Levenstein	Orden	Parcial
Estandar	70.58823529411764	80.37383177570094	73.07692307692308
Estandar_normalizada	80.0	80.37383177570094	84.31372549019608
Dialectal	70.58823529411764	80.37383177570094	73.07692307692308
Dialectal_normalizada	80.0	80.37383177570094	84.31372549019608