Transcripcion	Levenstein	Orden	Parcial
Estandar	20.547945205479458	36.36363636363637	46.15384615384615
Estandar_normalizada	25.373134328358205	36.36363636363637	50.0
Dialectal	20.547945205479458	36.36363636363637	46.15384615384615
Dialectal_normalizada	25.373134328358205	36.36363636363637	50.0