Transcripcion	Levenstein	Orden	Parcial
Estandar	27.14932126696833	45.033112582781456	45.614035087719294
Estandar_normalizada	28.780487804878053	43.333333333333336	48.0392156862745
Dialectal	27.14932126696833	45.033112582781456	45.614035087719294
Dialectal_normalizada	28.780487804878053	43.333333333333336	48.0392156862745