Transcripcion	Levenstein	Orden	Parcial
Estandar	27.77777777777778	50.0	51.685393258426956
Estandar_normalizada	28.301886792452834	50.0	52.87356321839081
Dialectal	27.77777777777778	50.0	51.685393258426956
Dialectal_normalizada	28.301886792452834	50.0	52.87356321839081