Transcripcion	Levenstein	Orden	Parcial
Estandar	19.277108433734934	32.71028037383178	39.0625
Estandar_normalizada	20.370370370370374	31.924882629107977	43.63636363636364
Dialectal	19.277108433734934	32.71028037383178	39.0625
Dialectal_normalizada	20.370370370370374	31.924882629107977	43.63636363636364