Transcripcion	Levenstein	Orden	Parcial
Estandar	2.2727272727272707	5.714285714285716	19.999999999999996
Estandar_normalizada	2.857142857142858	5.714285714285716	25.0
Dialectal	2.2727272727272707	5.714285714285716	19.999999999999996
Dialectal_normalizada	2.857142857142858	5.714285714285716	25.0