Transcripcion	Levenstein	Orden	Parcial
Estandar	25.510204081632647	37.453183520599254	41.93548387096774
Estandar_normalizada	27.127659574468087	36.36363636363637	48.14814814814815
Dialectal	25.510204081632647	37.453183520599254	41.93548387096774
Dialectal_normalizada	27.127659574468087	36.36363636363637	48.14814814814815