Transcripcion	Levenstein	Orden	Parcial
Estandar	27.173913043478258	44.8	50.0
Estandar_normalizada	29.268292682926834	44.8	50.0
Dialectal	27.173913043478258	44.8	50.0
Dialectal_normalizada	29.268292682926834	44.8	50.0