Transcripcion	Levenstein	Orden	Parcial
Estandar	9.523809523809524	18.75	22.22222222222222
Estandar_normalizada	5.882352941176472	18.75	24.0
Dialectal	9.523809523809524	18.75	22.22222222222222
Dialectal_normalizada	5.882352941176472	18.75	24.0