Transcripcion	Levenstein	Orden	Parcial
Estandar	51.30890052356021	67.29857819905214	62.69592476489028
Estandar_normalizada	55.907780979827095	67.29857819905214	69.20529801324503
Dialectal	50.78947368421053	67.51188589540412	62.69592476489028
Dialectal_normalizada	55.36231884057972	67.51188589540412	69.20529801324503