Transcripcion	Levenstein	Orden	Parcial
Estandar	21.126760563380287	38.63636363636363	32.432432432432435
Estandar_normalizada	20.967741935483875	38.63636363636363	36.111111111111114
Dialectal	21.126760563380287	38.63636363636363	32.432432432432435
Dialectal_normalizada	20.967741935483875	38.63636363636363	36.111111111111114