Transcripcion	Levenstein	Orden	Parcial
Estandar	64.51612903225806	81.31147540983606	72.6027397260274
Estandar_normalizada	68.07228915662651	81.31147540983606	77.20588235294117
Dialectal	63.24324324324324	81.57894736842105	71.47766323024055
Dialectal_normalizada	66.66666666666667	81.57894736842105	76.01476014760148