Transcripcion	Levenstein	Orden	Parcial
Estandar	47.76119402985075	65.99999999999999	85.33333333333333
Estandar_normalizada	50.76923076923077	65.99999999999999	91.42857142857143
Dialectal	47.76119402985075	65.99999999999999	85.33333333333333
Dialectal_normalizada	50.76923076923077	65.99999999999999	91.42857142857143