Transcripcion	Levenstein	Orden	Parcial
Estandar	11.764705882352944	40.0	50.0
Estandar_normalizada	18.181818181818176	40.0	100.0
Dialectal	11.764705882352944	40.0	50.0
Dialectal_normalizada	18.181818181818176	40.0	100.0