Transcripcion	Levenstein	Orden	Parcial
Estandar	33.333333333333336	33.333333333333336	45.90163934426229
Estandar_normalizada	33.333333333333336	33.333333333333336	45.45454545454546
Dialectal	33.333333333333336	33.333333333333336	45.90163934426229
Dialectal_normalizada	33.333333333333336	33.333333333333336	45.45454545454546