Transcripcion	Levenstein	Orden	Parcial
Estandar	19.01408450704225	35.34883720930233	37.03703703703704
Estandar_normalizada	24.626865671641795	36.1904761904762	46.59090909090909
Dialectal	19.01408450704225	35.34883720930233	37.03703703703704
Dialectal_normalizada	24.626865671641795	36.1904761904762	46.59090909090909