Transcripcion	Levenstein	Orden	Parcial
Estandar	27.027027027027028	39.175257731958766	56.60377358490566
Estandar_normalizada	27.941176470588236	39.175257731958766	56.00000000000001
Dialectal	27.027027027027028	39.175257731958766	56.60377358490566
Dialectal_normalizada	27.941176470588236	39.175257731958766	56.00000000000001