Transcripcion	Levenstein	Orden	Parcial
Estandar	10.526315789473683	17.391304347826086	17.391304347826086
Estandar_normalizada	13.33333333333333	17.391304347826086	22.22222222222222
Dialectal	10.526315789473683	17.391304347826086	17.391304347826086
Dialectal_normalizada	13.33333333333333	17.391304347826086	22.22222222222222