Transcripcion	Levenstein	Orden	Parcial
Estandar	57.647058823529406	78.73376623376623	70.91503267973856
Estandar_normalizada	63.67583212735166	78.82736156351791	77.18696397941682
Dialectal	57.536041939711666	78.53658536585367	70.7516339869281
Dialectal_normalizada	63.57039187227866	78.62969004893964	77.18696397941682