Transcripcion	Levenstein	Orden	Parcial
Estandar	43.85964912280702	59.171597633136095	61.44578313253012
Estandar_normalizada	51.0	58.68263473053892	67.58620689655173
Dialectal	43.85964912280702	59.171597633136095	61.44578313253012
Dialectal_normalizada	51.0	58.68263473053892	67.58620689655173