Transcripcion	Levenstein	Orden	Parcial
Estandar	45.238095238095234	74.75728155339806	56.75675675675676
Estandar_normalizada	53.14685314685315	75.49019607843137	66.66666666666667
Dialectal	45.238095238095234	74.75728155339806	56.75675675675676
Dialectal_normalizada	53.14685314685315	75.49019607843137	66.66666666666667