Transcripcion	Levenstein	Orden	Parcial
Estandar	54.16666666666667	69.76744186046511	71.11111111111111
Estandar_normalizada	63.63636363636363	69.76744186046511	80.0
Dialectal	54.16666666666667	69.76744186046511	71.11111111111111
Dialectal_normalizada	63.63636363636363	69.76744186046511	80.0