Transcripcion	Levenstein	Orden	Parcial
Estandar	63.04347826086957	91.17647058823529	73.52941176470588
Estandar_normalizada	78.94736842105263	91.17647058823529	85.29411764705883
Dialectal	63.04347826086957	91.17647058823529	73.52941176470588
Dialectal_normalizada	78.94736842105263	91.17647058823529	85.29411764705883