Transcripcion	Levenstein	Orden	Parcial
Estandar	61.76470588235294	76.78571428571428	71.69811320754718
Estandar_normalizada	69.35483870967742	76.78571428571428	74.50980392156863
Dialectal	61.76470588235294	76.78571428571428	71.69811320754718
Dialectal_normalizada	69.35483870967742	76.78571428571428	74.50980392156863