Transcripcion	Levenstein	Orden	Parcial
Estandar	12.0	31.818181818181824	30.76923076923077
Estandar_normalizada	13.043478260869568	31.818181818181824	38.888888888888886
Dialectal	12.0	31.818181818181824	30.76923076923077
Dialectal_normalizada	13.043478260869568	31.818181818181824	38.888888888888886