Transcripcion	Levenstein	Orden	Parcial
Estandar	27.397260273972602	42.990654205607484	42.10526315789473
Estandar_normalizada	29.850746268656714	42.990654205607484	47.72727272727273
Dialectal	27.397260273972602	42.990654205607484	42.10526315789473
Dialectal_normalizada	29.850746268656714	42.990654205607484	47.72727272727273