Transcripcion	Levenstein	Orden	Parcial
Estandar	25.547445255474454	47.663551401869164	43.103448275862064
Estandar_normalizada	25.663716814159287	47.16981132075472	50.26178010471204
Dialectal	25.547445255474454	47.663551401869164	43.103448275862064
Dialectal_normalizada	25.663716814159287	47.16981132075472	50.26178010471204