Transcripcion	Levenstein	Orden	Parcial
Estandar	45.45454545454546	64.28571428571428	60.60606060606061
Estandar_normalizada	43.75	64.28571428571428	62.06896551724138
Dialectal	45.45454545454546	64.28571428571428	60.60606060606061
Dialectal_normalizada	43.75	64.28571428571428	62.06896551724138