Transcripcion	Levenstein	Orden	Parcial
Estandar	61.6504854368932	75.80398162327718	67.97583081570997
Estandar_normalizada	67.25784447476126	75.63412759415834	74.00318979266348
Dialectal	61.529126213592235	75.49770290964778	67.6737160120846
Dialectal_normalizada	67.12141882673943	75.32667179093005	73.6842105263158