Transcripcion	Levenstein	Orden	Parcial
Estandar	21.052631578947366	51.61290322580645	53.84615384615385
Estandar_normalizada	31.57894736842105	51.61290322580645	63.63636363636363
Dialectal	21.052631578947366	51.61290322580645	53.84615384615385
Dialectal_normalizada	31.57894736842105	51.61290322580645	63.63636363636363