Transcripcion	Levenstein	Orden	Parcial
Estandar	52.56410256410257	82.35294117647058	80.43478260869566
Estandar_normalizada	63.28125	82.35294117647058	88.63636363636364
Dialectal	52.56410256410257	82.35294117647058	80.43478260869566
Dialectal_normalizada	63.28125	82.35294117647058	88.63636363636364