Transcripcion	Levenstein	Orden	Parcial
Estandar	54.54545454545454	68.96551724137932	60.0
Estandar_normalizada	55.55555555555556	68.96551724137932	60.86956521739131
Dialectal	54.54545454545454	68.96551724137932	60.0
Dialectal_normalizada	55.55555555555556	68.96551724137932	60.86956521739131