Transcripcion	Levenstein	Orden	Parcial
Estandar	26.256983240223462	45.410628019323674	52.17391304347826
Estandar_normalizada	32.6530612244898	45.853658536585364	59.74025974025974
Dialectal	26.256983240223462	45.410628019323674	52.17391304347826
Dialectal_normalizada	32.6530612244898	45.853658536585364	59.74025974025974