Transcripcion	Levenstein	Orden	Parcial
Estandar	12.698412698412698	25.531914893617024	53.06122448979591
Estandar_normalizada	14.655172413793105	24.28571428571429	62.22222222222222
Dialectal	12.698412698412698	25.531914893617024	53.06122448979591
Dialectal_normalizada	14.655172413793105	24.28571428571429	62.22222222222222