Transcripcion	Levenstein	Orden	Parcial
Estandar	24.444444444444446	63.1578947368421	91.66666666666666
Estandar_normalizada	35.29411764705882	64.86486486486487	100.0
Dialectal	24.444444444444446	63.1578947368421	91.66666666666666
Dialectal_normalizada	35.29411764705882	64.86486486486487	100.0