Transcripcion	Levenstein	Orden	Parcial
Estandar	55.55555555555556	94.11764705882352	64.70588235294117
Estandar_normalizada	76.19047619047619	94.11764705882352	77.41935483870968
Dialectal	55.55555555555556	94.11764705882352	64.70588235294117
Dialectal_normalizada	76.19047619047619	94.11764705882352	77.41935483870968