Transcripcion	Levenstein	Orden	Parcial
Estandar	47.17741935483871	68.79271070615034	67.3076923076923
Estandar_normalizada	54.58333333333334	68.19221967963387	73.90180878552972
Dialectal	47.17741935483871	68.79271070615034	67.3076923076923
Dialectal_normalizada	54.58333333333334	68.19221967963387	73.90180878552972