Transcripcion	Levenstein	Orden	Parcial
Estandar	61.84615384615384	85.35564853556485	72.68518518518519
Estandar_normalizada	70.97902097902097	85.53459119496856	80.28169014084507
Dialectal	61.84615384615384	85.35564853556485	72.68518518518519
Dialectal_normalizada	70.97902097902097	85.53459119496856	80.28169014084507