Transcripcion	Levenstein	Orden	Parcial
Estandar	12.765957446808507	30.555555555555557	33.333333333333336
Estandar_normalizada	21.052631578947366	30.98591549295775	45.714285714285715
Dialectal	12.765957446808507	30.555555555555557	33.333333333333336
Dialectal_normalizada	21.052631578947366	30.98591549295775	45.714285714285715