Transcripcion	Levenstein	Orden	Parcial
Estandar	23.529411764705888	53.57142857142857	50.98039215686274
Estandar_normalizada	27.536231884057973	53.57142857142857	55.319148936170215
Dialectal	23.529411764705888	53.57142857142857	50.98039215686274
Dialectal_normalizada	27.536231884057973	53.57142857142857	55.319148936170215