Transcripcion	Levenstein	Orden	Parcial
Estandar	33.333333333333336	43.66197183098591	47.682119205298015
Estandar_normalizada	40.25974025974026	43.97163120567376	52.94117647058824
Dialectal	33.333333333333336	43.66197183098591	47.682119205298015
Dialectal_normalizada	40.25974025974026	43.97163120567376	52.94117647058824