Transcripcion	Levenstein	Orden	Parcial
Estandar	29.323308270676694	44.791666666666664	53.03030303030303
Estandar_normalizada	31.007751937984494	43.97905759162304	61.01694915254237
Dialectal	29.323308270676694	44.791666666666664	53.03030303030303
Dialectal_normalizada	31.007751937984494	43.97905759162304	61.01694915254237