Transcripcion	Levenstein	Orden	Parcial
Estandar	12.698412698412698	28.57142857142857	33.333333333333336
Estandar_normalizada	18.75	29.09090909090909	41.17647058823529
Dialectal	12.698412698412698	28.57142857142857	33.333333333333336
Dialectal_normalizada	18.75	29.09090909090909	41.17647058823529