Transcripcion	Levenstein	Orden	Parcial
Estandar	37.56613756613757	54.761904761904766	56.72514619883041
Estandar_normalizada	39.08045977011494	54.92537313432836	60.18237082066869
Dialectal	37.56613756613757	54.761904761904766	56.72514619883041
Dialectal_normalizada	39.08045977011494	54.92537313432836	60.18237082066869