Transcripcion	Levenstein	Orden	Parcial
Estandar	21.666666666666668	38.961038961038966	41.269841269841265
Estandar_normalizada	27.6595744680851	36.8421052631579	48.38709677419355
Dialectal	21.666666666666668	38.961038961038966	41.269841269841265
Dialectal_normalizada	27.6595744680851	36.8421052631579	48.38709677419355