Transcripcion	Levenstein	Orden	Parcial
Estandar	26.027397260273975	53.703703703703695	45.48736462093863
Estandar_normalizada	30.89430894308943	53.271028037383175	62.62626262626263
Dialectal	26.027397260273975	53.703703703703695	45.48736462093863
Dialectal_normalizada	30.89430894308943	53.271028037383175	62.62626262626263