Transcripcion	Levenstein	Orden	Parcial
Estandar	19.999999999999996	39.0	35.95505617977528
Estandar_normalizada	23.966942148760328	39.39393939393939	39.75155279503105
Dialectal	19.999999999999996	39.0	35.95505617977528
Dialectal_normalizada	23.966942148760328	39.39393939393939	39.75155279503105