Transcripcion	Levenstein	Orden	Parcial
Estandar	19.999999999999996	38.983050847457626	33.62831858407079
Estandar_normalizada	23.076923076923073	38.59649122807017	43.90243902439024
Dialectal	19.999999999999996	38.983050847457626	33.62831858407079
Dialectal_normalizada	23.076923076923073	38.59649122807017	43.90243902439024