Transcripcion	Levenstein	Orden	Parcial
Estandar	73.91304347826086	87.4493927125506	85.6
Estandar_normalizada	82.6086956521739	87.8048780487805	90.67796610169492
Dialectal	73.91304347826086	87.4493927125506	85.6
Dialectal_normalizada	82.6086956521739	87.8048780487805	90.67796610169492