Transcripcion	Levenstein	Orden	Parcial
Estandar	35.21367521367521	63.36405529953917	51.48514851485149
Estandar_normalizada	39.72332015810277	62.73148148148149	58.22784810126582
Dialectal	35.21367521367521	63.36405529953917	51.48514851485149
Dialectal_normalizada	39.72332015810277	62.73148148148149	58.22784810126582