Transcripcion	Levenstein	Orden	Parcial
Estandar	12.698412698412698	23.188405797101453	31.818181818181824
Estandar_normalizada	15.384615384615385	23.529411764705888	33.333333333333336
Dialectal	12.698412698412698	23.188405797101453	31.818181818181824
Dialectal_normalizada	15.384615384615385	23.529411764705888	33.333333333333336