Transcripcion	Levenstein	Orden	Parcial
Estandar	52.22929936305732	68.87966804979253	65.76576576576576
Estandar_normalizada	57.446808510638306	68.87966804979253	70.09345794392523
Dialectal	52.22929936305732	68.87966804979253	65.76576576576576
Dialectal_normalizada	57.446808510638306	68.87966804979253	70.09345794392523