Transcripcion	Levenstein	Orden	Parcial
Estandar	14.66666666666666	26.66666666666667	40.0
Estandar_normalizada	17.1875	27.027027027027028	44.44444444444444
Dialectal	14.66666666666666	26.66666666666667	40.0
Dialectal_normalizada	17.1875	27.027027027027028	44.44444444444444