Transcripcion	Levenstein	Orden	Parcial
Estandar	21.666666666666668	29.729729729729726	38.46153846153846
Estandar_normalizada	25.0	27.77777777777778	45.45454545454546
Dialectal	21.666666666666668	29.729729729729726	38.46153846153846
Dialectal_normalizada	25.0	27.77777777777778	45.45454545454546