Transcripcion	Levenstein	Orden	Parcial
Estandar	6.153846153846154	20.33898305084746	23.076923076923073
Estandar_normalizada	9.259259259259256	20.68965517241379	33.333333333333336
Dialectal	6.153846153846154	20.33898305084746	23.076923076923073
Dialectal_normalizada	9.259259259259256	20.68965517241379	33.333333333333336