Transcripcion	Levenstein	Orden	Parcial
Estandar	68.52589641434264	83.74384236453201	77.33990147783251
Estandar_normalizada	75.89285714285714	83.9506172839506	83.41968911917098
Dialectal	68.52589641434264	83.74384236453201	77.33990147783251
Dialectal_normalizada	75.89285714285714	83.9506172839506	83.41968911917098