Transcripcion	Levenstein	Orden	Parcial
Estandar	18.446601941747577	37.398373983739845	44.73684210526315
Estandar_normalizada	21.111111111111114	37.704918032786885	45.333333333333336
Dialectal	18.446601941747577	37.398373983739845	44.73684210526315
Dialectal_normalizada	21.111111111111114	37.704918032786885	45.333333333333336