Transcripcion	Levenstein	Orden	Parcial
Estandar	9.999999999999998	15.384615384615385	17.391304347826086
Estandar_normalizada	12.5	15.384615384615385	25.0
Dialectal	9.999999999999998	15.384615384615385	17.391304347826086
Dialectal_normalizada	12.5	15.384615384615385	25.0