Transcripcion	Levenstein	Orden	Parcial
Estandar	24.615384615384617	44.44444444444444	53.06122448979591
Estandar_normalizada	30.35714285714286	45.070422535211264	65.21739130434783
Dialectal	25.0	45.070422535211264	56.00000000000001
Dialectal_normalizada	30.909090909090907	42.85714285714286	65.21739130434783