Transcripcion	Levenstein	Orden	Parcial
Estandar	12.5	26.415094339622648	31.25
Estandar_normalizada	17.777777777777782	26.923076923076927	37.5
Dialectal	12.5	26.415094339622648	31.25
Dialectal_normalizada	17.777777777777782	26.923076923076927	37.5