Transcripcion	Levenstein	Orden	Parcial
Estandar	9.677419354838712	19.047619047619047	40.0
Estandar_normalizada	13.725490196078427	19.354838709677423	43.47826086956522
Dialectal	9.677419354838712	19.047619047619047	40.0
Dialectal_normalizada	13.725490196078427	19.354838709677423	43.47826086956522