Transcripcion	Levenstein	Orden	Parcial
Estandar	63.04347826086957	78.26086956521739	69.87179487179486
Estandar_normalizada	69.20980926430518	77.37909516380655	75.24752475247524
Dialectal	63.04347826086957	78.26086956521739	69.87179487179486
Dialectal_normalizada	69.20980926430518	77.37909516380655	75.24752475247524