Transcripcion	Levenstein	Orden	Parcial
Estandar	68.11594202898551	81.81818181818181	88.42105263157895
Estandar_normalizada	75.0	82.56880733944953	93.75
Dialectal	68.11594202898551	81.81818181818181	88.42105263157895
Dialectal_normalizada	75.0	82.56880733944953	93.75