Transcripcion	Levenstein	Orden	Parcial
Estandar	25.806451612903224	69.23076923076923	88.88888888888889
Estandar_normalizada	42.85714285714286	69.23076923076923	100.0
Dialectal	25.806451612903224	69.23076923076923	88.88888888888889
Dialectal_normalizada	42.85714285714286	69.23076923076923	100.0