Transcripcion	Levenstein	Orden	Parcial
Estandar	9.523809523809524	22.22222222222222	26.086956521739136
Estandar_normalizada	15.000000000000002	22.22222222222222	33.333333333333336
Dialectal	9.523809523809524	22.22222222222222	26.086956521739136
Dialectal_normalizada	15.000000000000002	22.22222222222222	33.333333333333336