Transcripcion	Levenstein	Orden	Parcial
Estandar	64.28571428571428	79.48717948717949	83.11688311688312
Estandar_normalizada	70.58823529411764	80.0	85.33333333333333
Dialectal	64.28571428571428	79.48717948717949	83.11688311688312
Dialectal_normalizada	70.58823529411764	80.0	85.33333333333333