Transcripcion	Levenstein	Orden	Parcial
Estandar	30.434782608695656	52.77777777777778	56.75675675675676
Estandar_normalizada	35.175879396984925	53.333333333333336	63.55140186915889
Dialectal	30.434782608695656	52.77777777777778	56.75675675675676
Dialectal_normalizada	35.175879396984925	53.333333333333336	63.55140186915889