Transcripcion	Levenstein	Orden	Parcial
Estandar	57.14285714285714	81.4814814814815	67.74193548387098
Estandar_normalizada	72.88135593220339	81.4814814814815	82.75862068965517
Dialectal	57.14285714285714	81.4814814814815	67.74193548387098
Dialectal_normalizada	72.88135593220339	81.4814814814815	82.75862068965517