Transcripcion	Levenstein	Orden	Parcial
Estandar	22.64150943396226	36.18090452261307	40.0
Estandar_normalizada	25.694444444444443	36.54822335025381	43.85964912280702
Dialectal	22.64150943396226	36.18090452261307	40.0
Dialectal_normalizada	25.694444444444443	36.54822335025381	43.85964912280702