Transcripcion	Levenstein	Orden	Parcial
Estandar	38.095238095238095	69.23076923076923	58.82352941176471
Estandar_normalizada	52.94117647058824	69.23076923076923	86.95652173913044
Dialectal	38.095238095238095	69.23076923076923	58.82352941176471
Dialectal_normalizada	52.94117647058824	69.23076923076923	86.95652173913044