Transcripcion	Levenstein	Orden	Parcial
Estandar	28.301886792452834	45.16129032258065	90.32258064516128
Estandar_normalizada	28.57142857142857	45.16129032258065	93.33333333333333
Dialectal	28.301886792452834	45.16129032258065	90.32258064516128
Dialectal_normalizada	28.57142857142857	45.16129032258065	93.33333333333333