Transcripcion	Levenstein	Orden	Parcial
Estandar	19.11111111111111	43.56435643564357	33.93939393939394
Estandar_normalizada	23.118279569892476	43.77104377104377	40.83044982698962
Dialectal	19.11111111111111	43.56435643564357	33.93939393939394
Dialectal_normalizada	23.118279569892476	43.77104377104377	40.83044982698962