Transcripcion	Levenstein	Orden	Parcial
Estandar	31.914893617021278	50.0	65.85365853658536
Estandar_normalizada	37.34939759036144	50.0	72.46376811594203
Dialectal	32.25806451612904	50.42016806722689	66.66666666666667
Dialectal_normalizada	37.80487804878049	50.42016806722689	73.23943661971832