Transcripcion	Levenstein	Orden	Parcial
Estandar	28.27586206896552	52.903225806451616	90.9090909090909
Estandar_normalizada	31.496062992125985	53.59477124183007	90.47619047619048
Dialectal	28.27586206896552	52.903225806451616	90.9090909090909
Dialectal_normalizada	31.496062992125985	53.59477124183007	90.47619047619048