Transcripcion	Levenstein	Orden	Parcial
Estandar	48.30508474576271	68.67469879518072	55.55555555555556
Estandar_normalizada	58.16326530612245	70.73170731707317	64.42953020134227
Dialectal	48.30508474576271	68.67469879518072	55.55555555555556
Dialectal_normalizada	58.16326530612245	70.73170731707317	64.42953020134227