Transcripcion	Levenstein	Orden	Parcial
Estandar	25.735294117647058	49.88558352402745	41.9047619047619
Estandar_normalizada	32.04633204633205	50.0	48.64864864864865
Dialectal	25.735294117647058	49.88558352402745	41.9047619047619
Dialectal_normalizada	32.04633204633205	50.0	48.64864864864865