Transcripcion	Levenstein	Orden	Parcial
Estandar	46.058091286307054	68.28087167070218	60.219780219780226
Estandar_normalizada	55.84415584415585	66.66666666666667	68.07387862796834
Dialectal	46.058091286307054	68.28087167070218	60.219780219780226
Dialectal_normalizada	55.84415584415585	66.66666666666667	68.07387862796834