Transcripcion	Levenstein	Orden	Parcial
Estandar	44.845360824742265	71.59090909090908	67.2316384180791
Estandar_normalizada	48.88888888888889	71.59090909090908	71.875
Dialectal	44.845360824742265	71.59090909090908	67.2316384180791
Dialectal_normalizada	48.88888888888889	71.59090909090908	71.875