Transcripcion	Levenstein	Orden	Parcial
Estandar	29.320987654320984	55.4016620498615	42.038216560509554
Estandar_normalizada	35.84905660377359	55.21126760563379	50.349650349650354
Dialectal	29.320987654320984	55.4016620498615	42.038216560509554
Dialectal_normalizada	35.84905660377359	55.21126760563379	50.349650349650354