Transcripcion	Levenstein	Orden	Parcial
Estandar	67.64705882352942	75.29411764705883	78.65168539325843
Estandar_normalizada	73.33333333333334	75.29411764705883	84.21052631578947
Dialectal	67.64705882352942	75.29411764705883	78.65168539325843
Dialectal_normalizada	73.33333333333334	75.29411764705883	84.21052631578947