Transcripcion	Levenstein	Orden	Parcial
Estandar	13.207547169811317	31.428571428571427	31.57894736842105
Estandar_normalizada	13.207547169811317	31.428571428571427	41.17647058823529
Dialectal	13.207547169811317	31.428571428571427	31.57894736842105
Dialectal_normalizada	13.207547169811317	31.428571428571427	41.17647058823529