Transcripcion	Levenstein	Orden	Parcial
Estandar	43.49030470914127	62.42544731610338	68.34862385321101
Estandar_normalizada	49.529780564263326	62.6746506986028	74.76190476190476
Dialectal	43.49030470914127	62.42544731610338	67.88990825688073
Dialectal_normalizada	49.529780564263326	62.6746506986028	74.28571428571429