Transcripcion	Levenstein	Orden	Parcial
Estandar	50.0	71.1864406779661	70.96774193548387
Estandar_normalizada	61.29032258064516	71.1864406779661	74.57627118644068
Dialectal	50.0	71.1864406779661	70.96774193548387
Dialectal_normalizada	61.29032258064516	71.1864406779661	74.57627118644068