Transcripcion	Levenstein	Orden	Parcial
Estandar	13.235294117647056	18.42105263157895	38.46153846153846
Estandar_normalizada	13.636363636363635	18.42105263157895	45.45454545454546
Dialectal	13.235294117647056	18.42105263157895	38.46153846153846
Dialectal_normalizada	13.636363636363635	18.42105263157895	45.45454545454546