Transcripcion	Levenstein	Orden	Parcial
Estandar	5.714285714285716	30.303030303030297	35.29411764705882
Estandar_normalizada	14.28571428571429	31.25	37.5
Dialectal	5.714285714285716	30.303030303030297	35.29411764705882
Dialectal_normalizada	14.28571428571429	31.25	37.5