Transcripcion	Levenstein	Orden	Parcial
Estandar	45.53571428571429	67.01570680628272	69.87951807228916
Estandar_normalizada	47.706422018348626	67.01570680628272	73.20261437908498
Dialectal	45.53571428571429	67.01570680628272	69.87951807228916
Dialectal_normalizada	47.706422018348626	67.01570680628272	73.20261437908498