Transcripcion	Levenstein	Orden	Parcial
Estandar	55.072463768115945	74.8663101604278	65.11627906976744
Estandar_normalizada	63.793103448275865	74.8663101604278	75.9493670886076
Dialectal	55.072463768115945	74.8663101604278	65.11627906976744
Dialectal_normalizada	63.793103448275865	74.8663101604278	75.9493670886076