Transcripcion	Levenstein	Orden	Parcial
Estandar	53.48837209302326	50.314465408805034	67.53246753246754
Estandar_normalizada	53.57142857142857	50.314465408805034	67.10526315789474
Dialectal	53.48837209302326	50.314465408805034	67.53246753246754
Dialectal_normalizada	53.57142857142857	50.314465408805034	67.10526315789474