Transcripcion	Levenstein	Orden	Parcial
Estandar	62.38532110091744	65.88235294117646	67.44186046511628
Estandar_normalizada	68.42105263157895	65.88235294117646	72.39263803680981
Dialectal	62.38532110091744	65.88235294117646	67.44186046511628
Dialectal_normalizada	68.42105263157895	65.88235294117646	72.39263803680981