Transcripcion	Levenstein	Orden	Parcial
Estandar	45.822784810126585	66.66666666666667	67.68060836501901
Estandar_normalizada	52.212389380530965	66.72613737734166	73.89558232931726
Dialectal	45.822784810126585	66.66666666666667	67.68060836501901
Dialectal_normalizada	52.212389380530965	66.72613737734166	73.89558232931726