Transcripcion	Levenstein	Orden	Parcial
Estandar	59.45945945945945	77.30061349693251	88.0
Estandar_normalizada	68.36734693877551	77.77777777777779	90.27777777777779
Dialectal	59.45945945945945	77.30061349693251	88.0
Dialectal_normalizada	68.36734693877551	77.77777777777779	90.27777777777779