Transcripcion	Levenstein	Orden	Parcial
Estandar	43.17073170731708	66.31393298059965	60.22727272727273
Estandar_normalizada	48.44192634560906	66.54804270462633	66.12903225806453
Dialectal	43.065693430656935	66.54929577464789	60.22727272727273
Dialectal_normalizada	48.30508474576271	66.78507992895204	66.12903225806453