Transcripcion	Levenstein	Orden	Parcial
Estandar	10.526315789473683	29.629629629629626	37.03703703703704
Estandar_normalizada	6.666666666666665	29.629629629629626	43.47826086956522
Dialectal	10.526315789473683	29.629629629629626	37.03703703703704
Dialectal_normalizada	6.666666666666665	29.629629629629626	43.47826086956522