Transcripcion	Levenstein	Orden	Parcial
Estandar	25.0	38.095238095238095	36.36363636363637
Estandar_normalizada	25.0	38.095238095238095	38.888888888888886
Dialectal	25.0	38.095238095238095	36.36363636363637
Dialectal_normalizada	25.0	38.095238095238095	38.888888888888886