Transcripcion	Levenstein	Orden	Parcial
Estandar	28.985507246376805	45.45454545454546	72.41379310344827
Estandar_normalizada	30.76923076923077	45.45454545454546	80.95238095238095
Dialectal	28.985507246376805	45.45454545454546	72.41379310344827
Dialectal_normalizada	30.76923076923077	45.45454545454546	80.95238095238095