Transcripcion	Levenstein	Orden	Parcial
Estandar	58.16993464052287	74.85875706214688	66.7605633802817
Estandar_normalizada	66.16541353383458	74.22096317280453	74.63556851311954
Dialectal	58.296943231441055	74.96463932107497	67.04225352112675
Dialectal_normalizada	66.33165829145729	74.32624113475177	74.9271137026239