Transcripcion	Levenstein	Orden	Parcial
Estandar	17.391304347826086	32.25806451612904	36.36363636363637
Estandar_normalizada	19.047619047619047	32.25806451612904	36.36363636363637
Dialectal	17.391304347826086	32.25806451612904	36.36363636363637
Dialectal_normalizada	19.047619047619047	32.25806451612904	36.36363636363637