Transcripcion	Levenstein	Orden	Parcial
Estandar	40.35087719298246	67.5925925925926	65.90909090909092
Estandar_normalizada	48.275862068965516	68.22429906542055	76.19047619047619
Dialectal	40.35087719298246	67.5925925925926	65.90909090909092
Dialectal_normalizada	48.275862068965516	68.22429906542055	76.19047619047619