Transcripcion	Levenstein	Orden	Parcial
Estandar	55.53235908141963	73.28859060402684	70.62146892655367
Estandar_normalizada	62.470862470862464	73.38709677419355	76.0932944606414
Dialectal	55.53235908141963	73.28859060402684	70.62146892655367
Dialectal_normalizada	62.470862470862464	73.38709677419355	76.0932944606414