Transcripcion	Levenstein	Orden	Parcial
Estandar	45.79439252336449	79.10447761194031	63.41463414634146
Estandar_normalizada	52.38095238095239	78.19548872180451	70.9090909090909
Dialectal	45.79439252336449	79.10447761194031	63.41463414634146
Dialectal_normalizada	52.38095238095239	78.19548872180451	70.9090909090909