Transcripcion	Levenstein	Orden	Parcial
Estandar	50.63291139240506	78.78787878787878	57.446808510638306
Estandar_normalizada	60.9375	79.59183673469387	68.96551724137932
Dialectal	50.63291139240506	78.78787878787878	57.446808510638306
Dialectal_normalizada	60.9375	79.59183673469387	68.96551724137932