Transcripcion	Levenstein	Orden	Parcial
Estandar	18.461538461538463	32.786885245901644	31.428571428571427
Estandar_normalizada	21.53846153846154	31.11111111111111	39.63963963963963
Dialectal	18.461538461538463	32.786885245901644	31.428571428571427
Dialectal_normalizada	21.53846153846154	31.11111111111111	39.63963963963963