Transcripcion	Levenstein	Orden	Parcial
Estandar	30.4635761589404	41.666666666666664	50.0
Estandar_normalizada	34.09090909090909	41.05263157894738	53.52112676056338
Dialectal	30.4635761589404	41.666666666666664	50.0
Dialectal_normalizada	34.09090909090909	41.05263157894738	53.52112676056338