Transcripcion	Levenstein	Orden	Parcial
Estandar	22.608695652173914	48.30508474576271	42.63157894736842
Estandar_normalizada	27.48344370860927	47.86324786324786	46.15384615384615
Dialectal	22.608695652173914	48.30508474576271	42.63157894736842
Dialectal_normalizada	27.48344370860927	47.86324786324786	46.15384615384615