Transcripcion	Levenstein	Orden	Parcial
Estandar	5.747126436781613	10.63829787234043	40.0
Estandar_normalizada	6.896551724137934	10.63829787234043	37.5
Dialectal	5.747126436781613	10.63829787234043	40.0
Dialectal_normalizada	6.896551724137934	10.63829787234043	37.5