Transcripcion	Levenstein	Orden	Parcial
Estandar	34.75177304964539	54.16666666666667	48.0
Estandar_normalizada	42.3728813559322	54.45026178010471	55.68181818181819
Dialectal	34.75177304964539	54.16666666666667	48.0
Dialectal_normalizada	42.3728813559322	54.45026178010471	55.68181818181819