Transcripcion	Levenstein	Orden	Parcial
Estandar	11.864406779661019	24.615384615384617	38.888888888888886
Estandar_normalizada	13.725490196078427	24.615384615384617	38.888888888888886
Dialectal	11.864406779661019	24.615384615384617	38.888888888888886
Dialectal_normalizada	13.725490196078427	24.615384615384617	38.888888888888886