Transcripcion	Levenstein	Orden	Parcial
Estandar	40.0	66.40625	71.42857142857143
Estandar_normalizada	45.604395604395606	66.9291338582677	75.7396449704142
Dialectal	40.0	66.40625	71.42857142857143
Dialectal_normalizada	45.604395604395606	66.9291338582677	75.7396449704142