Transcripcion	Levenstein	Orden	Parcial
Estandar	34.8314606741573	53.14685314685315	56.07476635514019
Estandar_normalizada	36.7816091954023	53.14685314685315	58.82352941176471
Dialectal	34.8314606741573	53.14685314685315	56.07476635514019
Dialectal_normalizada	36.7816091954023	53.14685314685315	58.82352941176471