Transcripcion	Levenstein	Orden	Parcial
Estandar	25.0	52.800000000000004	52.5
Estandar_normalizada	34.40860215053764	52.459016393442624	66.66666666666667
Dialectal	25.0	52.800000000000004	52.5
Dialectal_normalizada	34.40860215053764	52.459016393442624	66.66666666666667