Transcripcion	Levenstein	Orden	Parcial
Estandar	37.42331288343558	63.46153846153846	85.91549295774648
Estandar_normalizada	39.86486486486487	63.76811594202898	89.39393939393939
Dialectal	37.42331288343558	63.46153846153846	85.91549295774648
Dialectal_normalizada	39.86486486486487	63.76811594202898	89.39393939393939