Transcripcion	Levenstein	Orden	Parcial
Estandar	30.4635761589404	48.69565217391304	42.50000000000001
Estandar_normalizada	35.60606060606061	48.03493449781659	44.97607655502392
Dialectal	30.4635761589404	48.69565217391304	42.50000000000001
Dialectal_normalizada	35.60606060606061	48.03493449781659	44.97607655502392