Transcripcion	Levenstein	Orden	Parcial
Estandar	61.76470588235294	74.07407407407408	81.4814814814815
Estandar_normalizada	73.33333333333334	74.07407407407408	84.61538461538461
Dialectal	61.76470588235294	74.07407407407408	81.4814814814815
Dialectal_normalizada	73.33333333333334	74.07407407407408	84.61538461538461