Transcripcion	Levenstein	Orden	Parcial
Estandar	36.36363636363637	53.333333333333336	55.55555555555556
Estandar_normalizada	50.0	53.333333333333336	62.5
Dialectal	36.36363636363637	53.333333333333336	55.55555555555556
Dialectal_normalizada	50.0	53.333333333333336	62.5