Transcripcion	Levenstein	Orden	Parcial
Estandar	64.70588235294117	75.0	71.42857142857143
Estandar_normalizada	61.53846153846154	75.0	75.0
Dialectal	64.70588235294117	75.0	71.42857142857143
Dialectal_normalizada	61.53846153846154	75.0	75.0