Transcripcion	Levenstein	Orden	Parcial
Estandar	51.26050420168067	76.62337662337663	71.42857142857143
Estandar_normalizada	61.0	76.62337662337663	78.26086956521739
Dialectal	51.26050420168067	76.62337662337663	71.42857142857143
Dialectal_normalizada	61.0	76.62337662337663	78.26086956521739