Transcripcion	Levenstein	Orden	Parcial
Estandar	55.140186915887845	78.43137254901961	74.35897435897436
Estandar_normalizada	63.33333333333333	78.43137254901961	82.66666666666667
Dialectal	54.71698113207547	78.94736842105263	75.64102564102564
Dialectal_normalizada	62.92134831460674	78.94736842105263	82.66666666666667