Transcripcion	Levenstein	Orden	Parcial
Estandar	22.44897959183674	43.24324324324324	44.87179487179487
Estandar_normalizada	25.806451612903224	42.622950819672134	46.26865671641791
Dialectal	22.44897959183674	43.24324324324324	44.87179487179487
Dialectal_normalizada	25.806451612903224	42.622950819672134	46.26865671641791