Transcripcion	Levenstein	Orden	Parcial
Estandar	50.0	59.176029962546814	64.17910447761194
Estandar_normalizada	55.244755244755254	59.176029962546814	67.70428015564202
Dialectal	50.326797385620914	59.3984962406015	64.92537313432835
Dialectal_normalizada	55.6338028169014	59.3984962406015	67.96875