Transcripcion	Levenstein	Orden	Parcial
Estandar	19.11764705882353	38.095238095238095	44.89795918367348
Estandar_normalizada	22.807017543859654	38.55421686746988	46.808510638297875
Dialectal	19.11764705882353	38.095238095238095	44.89795918367348
Dialectal_normalizada	22.807017543859654	38.55421686746988	46.808510638297875