Transcripcion	Levenstein	Orden	Parcial
Estandar	67.24137931034483	86.36363636363636	82.22222222222221
Estandar_normalizada	79.59183673469387	86.36363636363636	88.62275449101796
Dialectal	67.24137931034483	86.36363636363636	82.22222222222221
Dialectal_normalizada	79.59183673469387	86.36363636363636	88.62275449101796