Transcripcion	Levenstein	Orden	Parcial
Estandar	6.349206349206349	12.903225806451612	27.27272727272727
Estandar_normalizada	7.272727272727275	12.903225806451612	27.27272727272727
Dialectal	6.349206349206349	12.903225806451612	27.27272727272727
Dialectal_normalizada	7.272727272727275	12.903225806451612	27.27272727272727