Transcripcion	Levenstein	Orden	Parcial
Estandar	25.581395348837212	45.070422535211264	48.275862068965516
Estandar_normalizada	25.0	51.42857142857142	54.54545454545454
Dialectal	25.581395348837212	45.070422535211264	48.275862068965516
Dialectal_normalizada	25.0	51.42857142857142	54.54545454545454