Transcripcion	Levenstein	Orden	Parcial
Estandar	46.666666666666664	88.88888888888889	60.86956521739131
Estandar_normalizada	72.72727272727273	88.88888888888889	88.88888888888889
Dialectal	46.666666666666664	88.88888888888889	60.86956521739131
Dialectal_normalizada	72.72727272727273	88.88888888888889	88.88888888888889