Transcripcion	Levenstein	Orden	Parcial
Estandar	21.052631578947366	18.181818181818176	42.85714285714286
Estandar_normalizada	21.42857142857143	18.181818181818176	50.0
Dialectal	21.052631578947366	18.181818181818176	42.85714285714286
Dialectal_normalizada	21.42857142857143	18.181818181818176	50.0