Transcripcion	Levenstein	Orden	Parcial
Estandar	62.365591397849464	77.41935483870968	74.51820128479658
Estandar_normalizada	68.84920634920636	77.96976241900649	79.2368125701459
Dialectal	62.365591397849464	77.41935483870968	74.51820128479658
Dialectal_normalizada	68.84920634920636	77.96976241900649	79.2368125701459