Transcripcion	Levenstein	Orden	Parcial
Estandar	53.88739946380697	66.31016042780749	64.18439716312056
Estandar_normalizada	62.92834890965733	66.5474060822898	72.4907063197026
Dialectal	54.15549597855228	67.7361853832442	64.53900709219857
Dialectal_normalizada	63.2398753894081	67.97853309481216	72.86245353159852