Transcripcion	Levenstein	Orden	Parcial
Estandar	25.396825396825395	47.76119402985075	71.42857142857143
Estandar_normalizada	27.77777777777778	48.484848484848484	75.0
Dialectal	25.396825396825395	47.76119402985075	71.42857142857143
Dialectal_normalizada	27.77777777777778	48.484848484848484	75.0