Transcripcion	Levenstein	Orden	Parcial
Estandar	82.57575757575756	84.25531914893617	88.52459016393442
Estandar_normalizada	89.34426229508196	84.25531914893617	92.37288135593221
Dialectal	82.57575757575756	84.25531914893617	88.52459016393442
Dialectal_normalizada	89.34426229508196	84.25531914893617	92.37288135593221