Transcripcion	Levenstein	Orden	Parcial
Estandar	94.11764705882352	100.0	98.41269841269842
Estandar_normalizada	96.875	100.0	100.0
Dialectal	94.11764705882352	100.0	98.41269841269842
Dialectal_normalizada	96.875	100.0	100.0