Transcripcion	Levenstein	Orden	Parcial
Estandar	52.94117647058824	70.08547008547008	61.76470588235294
Estandar_normalizada	60.38647342995169	70.28571428571428	68.944099378882
Dialectal	52.94117647058824	70.08547008547008	61.76470588235294
Dialectal_normalizada	60.38647342995169	70.28571428571428	68.944099378882