Transcripcion	Levenstein	Orden	Parcial
Estandar	59.23344947735192	76.2589928057554	81.25
Estandar_normalizada	65.61264822134387	76.62650602409639	83.24324324324324
Dialectal	59.23344947735192	76.2589928057554	81.25
Dialectal_normalizada	65.61264822134387	76.62650602409639	83.24324324324324