Transcripcion	Levenstein	Orden	Parcial
Estandar	44.99999999999999	69.56521739130434	57.14285714285714
Estandar_normalizada	46.666666666666664	69.56521739130434	81.81818181818181
Dialectal	44.99999999999999	69.56521739130434	57.14285714285714
Dialectal_normalizada	46.666666666666664	69.56521739130434	81.81818181818181