Transcripcion	Levenstein	Orden	Parcial
Estandar	10.909090909090914	28.000000000000004	34.48275862068966
Estandar_normalizada	16.279069767441857	28.57142857142857	45.45454545454546
Dialectal	10.909090909090914	28.000000000000004	34.48275862068966
Dialectal_normalizada	16.279069767441857	28.57142857142857	45.45454545454546