Transcripcion	Levenstein	Orden	Parcial
Estandar	61.206896551724135	82.05882352941177	75.12355848434926
Estandar_normalizada	68.44660194174756	82.12703101920236	80.73701842546063
Dialectal	61.206896551724135	82.05882352941177	75.12355848434926
Dialectal_normalizada	68.44660194174756	82.12703101920236	80.73701842546063