Transcripcion	Levenstein	Orden	Parcial
Estandar	27.27272727272727	54.54545454545454	82.6086956521739
Estandar_normalizada	33.333333333333336	55.263157894736835	91.30434782608697
Dialectal	27.27272727272727	54.54545454545454	82.6086956521739
Dialectal_normalizada	33.333333333333336	55.263157894736835	91.30434782608697