Transcripcion	Levenstein	Orden	Parcial
Estandar	7.9999999999999964	29.268292682926834	31.999999999999996
Estandar_normalizada	13.513513513513509	30.000000000000004	45.45454545454546
Dialectal	7.9999999999999964	29.268292682926834	31.999999999999996
Dialectal_normalizada	13.513513513513509	30.000000000000004	45.45454545454546