Transcripcion	Levenstein	Orden	Parcial
Estandar	30.000000000000004	42.85714285714286	54.54545454545454
Estandar_normalizada	37.5	42.85714285714286	54.54545454545454
Dialectal	30.000000000000004	42.85714285714286	54.54545454545454
Dialectal_normalizada	37.5	42.85714285714286	54.54545454545454