Transcripcion	Levenstein	Orden	Parcial
Estandar	65.58265582655827	77.89799072642968	75.39568345323741
Estandar_normalizada	73.51190476190477	77.70897832817337	82.22565687789799
Dialectal	65.58265582655827	77.89799072642968	75.39568345323741
Dialectal_normalizada	73.51190476190477	77.70897832817337	82.22565687789799