Transcripcion	Levenstein	Orden	Parcial
Estandar	28.645833333333336	48.53556485355649	50.73170731707317
Estandar_normalizada	37.17948717948718	46.808510638297875	56.68449197860963
Dialectal	28.645833333333336	48.53556485355649	50.73170731707317
Dialectal_normalizada	37.17948717948718	46.808510638297875	56.68449197860963