Transcripcion	Levenstein	Orden	Parcial
Estandar	54.71698113207547	81.4814814814815	71.57894736842105
Estandar_normalizada	62.7906976744186	81.4814814814815	80.95238095238095
Dialectal	54.71698113207547	81.4814814814815	71.57894736842105
Dialectal_normalizada	62.7906976744186	81.4814814814815	80.95238095238095