Transcripcion	Levenstein	Orden	Parcial
Estandar	57.14285714285714	88.88888888888889	80.0
Estandar_normalizada	73.33333333333334	88.88888888888889	89.65517241379311
Dialectal	57.14285714285714	88.88888888888889	80.0
Dialectal_normalizada	73.33333333333334	88.88888888888889	89.65517241379311