Transcripcion	Levenstein	Orden	Parcial
Estandar	24.590163934426236	40.50632911392405	36.36363636363637
Estandar_normalizada	31.999999999999996	41.02564102564102	43.47826086956522
Dialectal	24.590163934426236	40.50632911392405	36.36363636363637
Dialectal_normalizada	31.999999999999996	41.02564102564102	43.47826086956522