Transcripcion	Levenstein	Orden	Parcial
Estandar	32.72727272727273	65.75342465753424	54.28571428571429
Estandar_normalizada	35.71428571428571	61.111111111111114	60.31746031746032
Dialectal	32.72727272727273	65.75342465753424	54.28571428571429
Dialectal_normalizada	35.71428571428571	61.111111111111114	60.31746031746032