Transcripcion	Levenstein	Orden	Parcial
Estandar	33.69565217391305	54.054054054054056	65.71428571428571
Estandar_normalizada	39.24050632911392	55.04587155963303	69.56521739130434
Dialectal	33.69565217391305	54.054054054054056	65.71428571428571
Dialectal_normalizada	39.24050632911392	55.04587155963303	69.56521739130434