Transcripcion	Levenstein	Orden	Parcial
Estandar	65.47619047619048	74.82014388489209	77.92207792207793
Estandar_normalizada	71.23287671232876	74.82014388489209	83.68794326241135
Dialectal	65.47619047619048	74.82014388489209	77.92207792207793
Dialectal_normalizada	71.23287671232876	74.82014388489209	83.68794326241135