Transcripcion	Levenstein	Orden	Parcial
Estandar	16.666666666666664	26.0	33.333333333333336
Estandar_normalizada	19.17808219178082	26.262626262626267	37.93103448275862
Dialectal	16.666666666666664	26.0	33.333333333333336
Dialectal_normalizada	19.17808219178082	26.262626262626267	37.93103448275862