Transcripcion	Levenstein	Orden	Parcial
Estandar	31.32530120481928	68.40148698884758	67.19999999999999
Estandar_normalizada	40.136054421768705	68.65671641791045	72.56637168141593
Dialectal	31.32530120481928	68.40148698884758	68.0
Dialectal_normalizada	40.816326530612244	68.65671641791045	73.45132743362832