Transcripcion	Levenstein	Orden	Parcial
Estandar	43.58974358974359	86.1788617886179	79.33884297520662
Estandar_normalizada	53.73134328358209	86.88524590163934	86.20689655172413
Dialectal	43.58974358974359	86.1788617886179	79.33884297520662
Dialectal_normalizada	53.73134328358209	86.88524590163934	86.20689655172413