Transcripcion	Levenstein	Orden	Parcial
Estandar	56.50406504065041	79.20978363123237	69.78131212723659
Estandar_normalizada	64.09448818897638	78.11320754716982	75.46777546777547
Dialectal	56.114130434782616	79.35909519321395	69.58250497017893
Dialectal_normalizada	63.507109004739334	78.26086956521739	75.25987525987526