Transcripcion	Levenstein	Orden	Parcial
Estandar	53.42465753424658	70.67669172932331	67.62589928057554
Estandar_normalizada	57.971014492753625	70.67669172932331	69.6969696969697
Dialectal	53.42465753424658	70.67669172932331	67.62589928057554
Dialectal_normalizada	57.971014492753625	70.67669172932331	69.6969696969697