Transcripcion	Levenstein	Orden	Parcial
Estandar	36.170212765957444	63.829787234042556	75.0
Estandar_normalizada	41.666666666666664	63.829787234042556	80.0
Dialectal	36.170212765957444	63.829787234042556	75.0
Dialectal_normalizada	41.666666666666664	63.829787234042556	80.0