Transcripcion	Levenstein	Orden	Parcial
Estandar	0.0	8.695652173913048	0.0
Estandar_normalizada	9.999999999999998	8.695652173913048	50.0
Dialectal	0.0	8.695652173913048	0.0
Dialectal_normalizada	9.999999999999998	8.695652173913048	50.0