Transcripcion	Levenstein	Orden	Parcial
Estandar	23.529411764705888	38.0	55.55555555555556
Estandar_normalizada	28.37837837837838	38.38383838383839	58.82352941176471
Dialectal	23.809523809523814	38.38383838383839	55.55555555555556
Dialectal_normalizada	28.767123287671236	38.775510204081634	58.82352941176471