Transcripcion	Levenstein	Orden	Parcial
Estandar	14.28571428571429	27.118644067796616	38.46153846153846
Estandar_normalizada	16.279069767441857	27.118644067796616	41.666666666666664
Dialectal	14.28571428571429	27.118644067796616	38.46153846153846
Dialectal_normalizada	16.279069767441857	27.118644067796616	41.666666666666664