Transcripcion	Levenstein	Orden	Parcial
Estandar	13.691931540342296	29.1970802919708	46.83544303797469
Estandar_normalizada	15.877437325905298	29.3398533007335	52.112676056338024
Dialectal	13.725490196078427	29.268292682926834	47.05882352941176
Dialectal_normalizada	15.921787709497204	29.411764705882348	52.4822695035461