Transcripcion	Levenstein	Orden	Parcial
Estandar	27.244582043343655	52.45202558635395	40.375586854460096
Estandar_normalizada	31.182795698924725	51.72413793103448	45.45454545454546
Dialectal	27.244582043343655	52.45202558635395	40.375586854460096
Dialectal_normalizada	31.182795698924725	51.72413793103448	45.45454545454546