Transcripcion	Levenstein	Orden	Parcial
Estandar	16.551724137931036	28.787878787878785	37.9182156133829
Estandar_normalizada	17.798594847775174	28.136882129277563	44.827586206896555
Dialectal	16.551724137931036	28.787878787878785	37.9182156133829
Dialectal_normalizada	17.798594847775174	28.136882129277563	44.827586206896555