Transcripcion	Levenstein	Orden	Parcial
Estandar	27.027027027027028	46.808510638297875	49.23076923076923
Estandar_normalizada	30.76923076923077	46.808510638297875	52.892561983471076
Dialectal	27.027027027027028	46.808510638297875	49.23076923076923
Dialectal_normalizada	30.76923076923077	46.808510638297875	52.892561983471076