Transcripcion	Levenstein	Orden	Parcial
Estandar	23.926380368098155	46.49122807017544	38.834951456310684
Estandar_normalizada	27.6595744680851	46.90265486725663	44.66019417475729
Dialectal	23.926380368098155	46.49122807017544	38.834951456310684
Dialectal_normalizada	27.6595744680851	46.90265486725663	44.66019417475729