Transcripcion	Levenstein	Orden	Parcial
Estandar	4.878048780487809	18.75	40.0
Estandar_normalizada	9.677419354838712	18.75	66.66666666666667
Dialectal	4.878048780487809	18.75	40.0
Dialectal_normalizada	9.677419354838712	18.75	66.66666666666667