Transcripcion	Levenstein	Orden	Parcial
Estandar	16.666666666666664	33.333333333333336	34.48275862068966
Estandar_normalizada	27.77777777777778	33.333333333333336	43.47826086956522
Dialectal	16.666666666666664	33.333333333333336	34.48275862068966
Dialectal_normalizada	27.77777777777778	33.333333333333336	43.47826086956522