Transcripcion	Levenstein	Orden	Parcial
Estandar	3.90625	14.000000000000002	44.44444444444444
Estandar_normalizada	5.769230769230771	14.141414141414144	44.44444444444444
Dialectal	3.90625	14.000000000000002	44.44444444444444
Dialectal_normalizada	5.769230769230771	14.141414141414144	44.44444444444444