Transcripcion	Levenstein	Orden	Parcial
Estandar	21.875	40.29850746268657	38.38383838383839
Estandar_normalizada	21.68674698795181	40.90909090909091	43.63636363636364
Dialectal	21.875	40.29850746268657	38.38383838383839
Dialectal_normalizada	21.68674698795181	40.90909090909091	43.63636363636364