Transcripcion	Levenstein	Orden	Parcial
Estandar	23.076923076923073	37.125748502994014	48.07692307692307
Estandar_normalizada	25.0	37.125748502994014	50.0
Dialectal	23.076923076923073	37.125748502994014	48.07692307692307
Dialectal_normalizada	25.0	37.125748502994014	50.0