Transcripcion	Levenstein	Orden	Parcial
Estandar	20.463960231980117	42.462845010615716	41.70616113744076
Estandar_normalizada	23.5965746907707	42.643923240938165	46.01366742596811
Dialectal	20.398009950248753	42.63456090651558	41.70616113744076
Dialectal_normalizada	23.523809523809526	42.81650071123755	45.78587699316628