Transcripcion	Levenstein	Orden	Parcial
Estandar	25.095057034220535	41.92771084337349	37.83783783783784
Estandar_normalizada	27.200000000000003	42.23300970873787	41.9753086419753
Dialectal	25.095057034220535	41.92771084337349	37.83783783783784
Dialectal_normalizada	27.200000000000003	42.23300970873787	41.9753086419753