Transcripcion	Levenstein	Orden	Parcial
Estandar	31.472868217054263	58.350951374207185	48.13519813519813
Estandar_normalizada	34.154929577464785	58.26271186440678	52.267303102625306
Dialectal	31.46853146853147	58.44362096347273	48.25174825174825
Dialectal_normalizada	34.157105030891444	58.355437665782496	52.14797136038186