Transcripcion	Levenstein	Orden	Parcial
Estandar	25.67237163814181	44.40842787682334	39.51048951048951
Estandar_normalizada	27.86885245901639	43.32247557003257	43.5251798561151
Dialectal	25.735294117647058	44.480519480519476	39.51048951048951
Dialectal_normalizada	27.94520547945205	43.3931484502447	43.5251798561151