Transcripcion	Levenstein	Orden	Parcial
Estandar	55.00000000000001	77.41935483870968	75.0
Estandar_normalizada	61.76470588235294	77.41935483870968	76.36363636363637
Dialectal	55.00000000000001	77.41935483870968	75.0
Dialectal_normalizada	61.76470588235294	77.41935483870968	76.36363636363637