Transcripcion	Levenstein	Orden	Parcial
Estandar	17.808219178082197	34.14634146341463	37.03703703703704
Estandar_normalizada	19.672131147540984	34.14634146341463	43.13725490196079
Dialectal	17.808219178082197	34.14634146341463	37.03703703703704
Dialectal_normalizada	19.672131147540984	34.14634146341463	43.13725490196079