Transcripcion	Levenstein	Orden	Parcial
Estandar	6.185567010309279	8.421052631578952	36.36363636363637
Estandar_normalizada	6.666666666666665	8.421052631578952	57.14285714285714
Dialectal	6.185567010309279	8.421052631578952	36.36363636363637
Dialectal_normalizada	6.666666666666665	8.421052631578952	57.14285714285714