Transcripcion	Levenstein	Orden	Parcial
Estandar	24.0	42.00000000000001	35.44303797468354
Estandar_normalizada	32.8125	40.40404040404041	44.18604651162791
Dialectal	24.0	42.00000000000001	35.44303797468354
Dialectal_normalizada	32.8125	40.40404040404041	44.18604651162791