Transcripcion	Levenstein	Orden	Parcial
Estandar	69.23076923076923	89.47368421052632	78.94736842105263
Estandar_normalizada	78.78787878787878	89.47368421052632	83.6734693877551
Dialectal	69.23076923076923	89.47368421052632	78.94736842105263
Dialectal_normalizada	78.78787878787878	89.47368421052632	83.6734693877551