Transcripcion	Levenstein	Orden	Parcial
Estandar	62.72463768115942	81.75346571749719	67.58832565284179
Estandar_normalizada	70.34845496383959	82.27324049680091	75.91125198098257
Dialectal	62.31799650553291	79.36865839909808	67.4347158218126
Dialectal_normalizada	69.86120290812954	80.03020007550019	75.9904912836767