Transcripcion	Levenstein	Orden	Parcial
Estandar	68.42105263157895	85.1063829787234	90.9090909090909
Estandar_normalizada	75.47169811320755	85.1063829787234	95.34883720930233
Dialectal	68.42105263157895	85.1063829787234	90.9090909090909
Dialectal_normalizada	75.47169811320755	85.1063829787234	95.34883720930233