Transcripcion	Levenstein	Orden	Parcial
Estandar	71.35278514588859	82.05128205128204	77.97716150081567
Estandar_normalizada	77.93904208998549	82.11708099438653	84.34343434343434
Dialectal	71.35278514588859	82.05128205128204	77.97716150081567
Dialectal_normalizada	77.93904208998549	82.11708099438653	84.34343434343434