Transcripcion	Levenstein	Orden	Parcial
Estandar	62.5	88.13559322033898	83.87096774193549
Estandar_normalizada	73.52941176470588	88.13559322033898	92.85714285714286
Dialectal	62.5	88.13559322033898	83.87096774193549
Dialectal_normalizada	73.52941176470588	88.13559322033898	92.85714285714286