Transcripcion	Levenstein	Orden	Parcial
Estandar	74.64788732394366	93.5483870967742	84.12698412698413
Estandar_normalizada	84.61538461538461	93.5483870967742	90.32258064516128
Dialectal	74.64788732394366	93.5483870967742	84.12698412698413
Dialectal_normalizada	84.61538461538461	93.5483870967742	90.32258064516128