Transcripcion	Levenstein	Orden	Parcial
Estandar	60.474308300395265	73.01587301587303	72.97297297297297
Estandar_normalizada	65.49450549450549	73.77450980392157	76.33986928104575
Dialectal	60.474308300395265	73.01587301587303	72.97297297297297
Dialectal_normalizada	65.49450549450549	73.77450980392157	76.33986928104575