Transcripcion	Levenstein	Orden	Parcial
Estandar	55.72139303482587	66.23655913978494	65.22727272727273
Estandar_normalizada	62.22222222222222	66.52267818574514	71.05882352941177
Dialectal	55.3156146179402	65.8772874058127	64.77272727272727
Dialectal_normalizada	61.781076066790355	66.16216216216216	70.82352941176471