Transcripcion	Levenstein	Orden	Parcial
Estandar	13.186813186813184	40.55944055944056	33.532934131736525
Estandar_normalizada	20.253164556962023	39.71631205673759	40.6015037593985
Dialectal	13.186813186813184	40.55944055944056	33.532934131736525
Dialectal_normalizada	20.253164556962023	39.71631205673759	40.6015037593985