Transcripcion	Levenstein	Orden	Parcial
Estandar	62.71186440677966	77.77777777777779	74.46808510638299
Estandar_normalizada	75.51020408163265	77.77777777777779	84.78260869565217
Dialectal	62.71186440677966	77.77777777777779	74.46808510638299
Dialectal_normalizada	75.51020408163265	77.77777777777779	84.78260869565217