Transcripcion	Levenstein	Orden	Parcial
Estandar	23.28767123287672	50.0	45.76271186440678
Estandar_normalizada	24.8062015503876	50.20576131687242	50.66666666666666
Dialectal	23.28767123287672	50.0	45.76271186440678
Dialectal_normalizada	24.8062015503876	50.20576131687242	50.66666666666666