Transcripcion	Levenstein	Orden	Parcial
Estandar	56.73758865248226	79.29589270746018	65.05376344086021
Estandar_normalizada	67.36401673640167	79.62962962962963	73.90510948905109
Dialectal	56.73758865248226	79.29589270746018	65.05376344086021
Dialectal_normalizada	67.36401673640167	79.62962962962963	73.90510948905109