Transcripcion	Levenstein	Orden	Parcial
Estandar	61.30653266331658	73.95498392282957	71.62162162162163
Estandar_normalizada	66.66666666666667	73.91304347826086	76.13240418118467
Dialectal	60.957178841309826	73.10789049919485	71.28378378378379
Dialectal_normalizada	66.29213483146069	73.06451612903227	75.78397212543554