Transcripcion	Levenstein	Orden	Parcial
Estandar	34.61538461538461	69.6969696969697	71.875
Estandar_normalizada	42.50000000000001	69.6969696969697	71.875
Dialectal	34.61538461538461	69.6969696969697	71.875
Dialectal_normalizada	42.50000000000001	69.6969696969697	71.875