Transcripcion	Levenstein	Orden	Parcial
Estandar	54.02298850574713	78.33333333333333	70.3125
Estandar_normalizada	65.27777777777779	78.99159663865547	80.8080808080808
Dialectal	54.02298850574713	78.33333333333333	70.3125
Dialectal_normalizada	65.27777777777779	78.99159663865547	80.8080808080808