Transcripcion	Levenstein	Orden	Parcial
Estandar	65.075034106412	74.48979591836735	69.1358024691358
Estandar_normalizada	70.99697885196375	74.33930093776641	76.9090909090909
Dialectal	65.2530779753762	74.44633730834754	69.31216931216932
Dialectal_normalizada	71.21212121212122	74.29547395388556	77.0909090909091