Transcripcion	Levenstein	Orden	Parcial
Estandar	37.9746835443038	70.58823529411764	68.75
Estandar_normalizada	46.875	71.42857142857143	72.1311475409836
Dialectal	37.9746835443038	70.58823529411764	68.75
Dialectal_normalizada	46.875	71.42857142857143	72.1311475409836