Transcripcion	Levenstein	Orden	Parcial
Estandar	20.28985507246377	44.03669724770643	35.78947368421053
Estandar_normalizada	19.354838709677423	44.44444444444444	46.0
Dialectal	20.28985507246377	44.03669724770643	35.78947368421053
Dialectal_normalizada	19.354838709677423	44.44444444444444	46.0