Transcripcion	Levenstein	Orden	Parcial
Estandar	66.95278969957081	81.86813186813187	74.72527472527473
Estandar_normalizada	73.52941176470588	82.09366391184572	80.11527377521614
Dialectal	66.95278969957081	81.86813186813187	74.72527472527473
Dialectal_normalizada	73.52941176470588	82.09366391184572	80.11527377521614