Transcripcion	Levenstein	Orden	Parcial
Estandar	28.846153846153843	62.745098039215684	82.35294117647058
Estandar_normalizada	36.58536585365854	64.0	82.35294117647058
Dialectal	28.846153846153843	62.745098039215684	82.35294117647058
Dialectal_normalizada	36.58536585365854	64.0	82.35294117647058