Transcripcion	Levenstein	Orden	Parcial
Estandar	29.411764705882348	59.25925925925925	60.75949367088608
Estandar_normalizada	41.07142857142857	60.0	75.75757575757575
Dialectal	29.411764705882348	59.25925925925925	60.75949367088608
Dialectal_normalizada	41.07142857142857	60.0	75.75757575757575