Transcripcion	Levenstein	Orden	Parcial
Estandar	40.186915887850475	48.484848484848484	56.94444444444444
Estandar_normalizada	41.23711340206185	48.484848484848484	59.25925925925925
Dialectal	40.186915887850475	48.484848484848484	56.94444444444444
Dialectal_normalizada	41.23711340206185	48.484848484848484	59.25925925925925