Transcripcion	Levenstein	Orden	Parcial
Estandar	51.93370165745856	70.87323943661971	62.30769230769231
Estandar_normalizada	59.22242314647378	71.04072398190044	68.15789473684211
Dialectal	51.78147268408551	70.80745341614907	62.30769230769231
Dialectal_normalizada	59.07441016333939	70.97505668934241	68.15789473684211