Transcripcion	Levenstein	Orden	Parcial
Estandar	67.94871794871796	79.38931297709924	85.71428571428572
Estandar_normalizada	72.22222222222221	79.38931297709924	87.09677419354838
Dialectal	67.53246753246754	80.0	85.71428571428572
Dialectal_normalizada	71.83098591549295	80.0	88.70967741935483