Transcripcion	Levenstein	Orden	Parcial
Estandar	38.06228373702422	62.721893491124256	56.19834710743802
Estandar_normalizada	43.37349397590361	62.874251497005986	65.8119658119658
Dialectal	37.06293706293706	62.68656716417911	55.55555555555556
Dialectal_normalizada	42.27642276422764	62.839879154078545	64.1025641025641