Transcripcion	Levenstein	Orden	Parcial
Estandar	20.394736842105267	33.175355450236964	35.467980295566505
Estandar_normalizada	26.515151515151516	34.44976076555024	42.6829268292683
Dialectal	20.529801324503318	33.333333333333336	35.64356435643564
Dialectal_normalizada	26.717557251908396	34.61538461538461	42.94478527607362