Transcripcion	Levenstein	Orden	Parcial
Estandar	47.56756756756757	63.230240549828174	78.89908256880733
Estandar_normalizada	52.19780219780219	63.230240549828174	84.50704225352112
Dialectal	47.56756756756757	63.230240549828174	78.89908256880733
Dialectal_normalizada	52.19780219780219	63.230240549828174	84.50704225352112