Transcripcion	Levenstein	Orden	Parcial
Estandar	9.523809523809524	33.333333333333336	32.25806451612904
Estandar_normalizada	16.666666666666664	33.333333333333336	50.0
Dialectal	9.523809523809524	33.333333333333336	32.25806451612904
Dialectal_normalizada	16.666666666666664	33.333333333333336	50.0