Transcripcion	Levenstein	Orden	Parcial
Estandar	65.0	69.6969696969697	80.64516129032258
Estandar_normalizada	72.22222222222221	69.6969696969697	84.7457627118644
Dialectal	65.0	69.6969696969697	80.64516129032258
Dialectal_normalizada	72.22222222222221	69.6969696969697	84.7457627118644