Transcripcion	Levenstein	Orden	Parcial
Estandar	16.000000000000004	34.04255319148937	80.0
Estandar_normalizada	18.6046511627907	34.78260869565217	80.0
Dialectal	16.000000000000004	34.04255319148937	80.0
Dialectal_normalizada	18.6046511627907	34.78260869565217	80.0