Transcripcion	Levenstein	Orden	Parcial
Estandar	41.56626506024096	63.32882273342355	57.446808510638306
Estandar_normalizada	46.93396226415094	63.02864938608459	62.14689265536724
Dialectal	41.44869215291751	63.143631436314365	57.446808510638306
Dialectal_normalizada	46.808510638297875	62.841530054644814	62.14689265536724