Transcripcion	Levenstein	Orden	Parcial
Estandar	73.4375	83.80952380952381	83.01886792452831
Estandar_normalizada	83.92857142857143	83.80952380952381	88.67924528301887
Dialectal	73.4375	83.80952380952381	83.01886792452831
Dialectal_normalizada	83.92857142857143	83.80952380952381	88.67924528301887