Transcripcion	Levenstein	Orden	Parcial
Estandar	59.25925925925925	74.44444444444444	67.90123456790124
Estandar_normalizada	62.0	75.2808988764045	69.1358024691358
Dialectal	59.25925925925925	74.44444444444444	67.90123456790124
Dialectal_normalizada	62.0	75.2808988764045	69.1358024691358