Transcripcion	Levenstein	Orden	Parcial
Estandar	12.5	19.047619047619047	28.57142857142857
Estandar_normalizada	8.333333333333337	19.047619047619047	31.57894736842105
Dialectal	12.5	19.047619047619047	28.57142857142857
Dialectal_normalizada	8.333333333333337	19.047619047619047	31.57894736842105