Transcripcion	Levenstein	Orden	Parcial
Estandar	67.34234234234235	73.95411605937922	72.62872628726286
Estandar_normalizada	71.25307125307125	73.78378378378379	77.46478873239437
Dialectal	66.81818181818183	73.81275440976933	72.89972899728998
Dialectal_normalizada	70.71960297766749	73.6413043478261	77.46478873239437