Transcripcion	Levenstein	Orden	Parcial
Estandar	55.172413793103445	70.73170731707317	64.44444444444444
Estandar_normalizada	71.73913043478262	70.73170731707317	78.04878048780488
Dialectal	55.172413793103445	70.73170731707317	64.44444444444444
Dialectal_normalizada	71.73913043478262	70.73170731707317	78.04878048780488