Transcripcion	Levenstein	Orden	Parcial
Estandar	51.5625	67.50788643533123	63.87096774193548
Estandar_normalizada	58.011049723756905	67.50788643533123	68.02721088435374
Dialectal	51.5625	67.50788643533123	63.87096774193548
Dialectal_normalizada	58.011049723756905	67.50788643533123	68.02721088435374