Transcripcion	Levenstein	Orden	Parcial
Estandar	47.95918367346938	67.1875	64.95726495726495
Estandar_normalizada	54.43037974683544	67.71653543307087	71.69811320754718
Dialectal	47.95918367346938	67.1875	64.95726495726495
Dialectal_normalizada	54.43037974683544	67.71653543307087	71.69811320754718