Transcripcion	Levenstein	Orden	Parcial
Estandar	41.63822525597269	61.37339055793991	55.437100213219615
Estandar_normalizada	48.80952380952381	59.13043478260869	63.74133949191686
Dialectal	41.63822525597269	61.37339055793991	55.437100213219615
Dialectal_normalizada	48.80952380952381	59.13043478260869	63.74133949191686