Transcripcion	Levenstein	Orden	Parcial
Estandar	44.89795918367348	65.57377049180329	58.82352941176471
Estandar_normalizada	50.0	66.66666666666667	61.53846153846154
Dialectal	44.89795918367348	65.57377049180329	58.82352941176471
Dialectal_normalizada	50.0	66.66666666666667	61.53846153846154