Transcripcion	Levenstein	Orden	Parcial
Estandar	15.384615384615385	30.303030303030297	41.17647058823529
Estandar_normalizada	21.052631578947366	31.25	40.0
Dialectal	15.384615384615385	30.303030303030297	41.17647058823529
Dialectal_normalizada	21.052631578947366	31.25	40.0