Transcripcion	Levenstein	Orden	Parcial
Estandar	59.45945945945945	93.61702127659575	91.66666666666666
Estandar_normalizada	75.86206896551724	93.61702127659575	95.45454545454545
Dialectal	59.45945945945945	93.61702127659575	91.66666666666666
Dialectal_normalizada	75.86206896551724	93.61702127659575	95.45454545454545