Transcripcion	Levenstein	Orden	Parcial
Estandar	57.59539236861051	73.0282375851996	61.997940267765195
Estandar_normalizada	65.22462562396007	73.36929867582148	69.61620469083157
Dialectal	57.122093023255815	72.90543851053405	61.483007209062826
Dialectal_normalizada	64.76030277544155	73.24777887462982	68.86993603411513