Transcripcion	Levenstein	Orden	Parcial
Estandar	51.11111111111111	59.00383141762452	62.39316239316239
Estandar_normalizada	56.25	59.00383141762452	65.76576576576576
Dialectal	50.56179775280899	58.687258687258684	61.53846153846154
Dialectal_normalizada	56.32911392405063	58.687258687258684	66.66666666666667