Transcripcion	Levenstein	Orden	Parcial
Estandar	76.63551401869158	89.65517241379311	91.86046511627907
Estandar_normalizada	86.31578947368422	89.65517241379311	95.29411764705881
Dialectal	76.63551401869158	89.65517241379311	91.86046511627907
Dialectal_normalizada	86.31578947368422	89.65517241379311	95.29411764705881