Transcripcion	Levenstein	Orden	Parcial
Estandar	20.353982300884955	41.9047619047619	84.0
Estandar_normalizada	24.210526315789473	42.71844660194175	87.5
Dialectal	20.353982300884955	41.9047619047619	84.0
Dialectal_normalizada	24.210526315789473	42.71844660194175	87.5