Transcripcion	Levenstein	Orden	Parcial
Estandar	6.666666666666665	13.173652694610782	78.26086956521739
Estandar_normalizada	7.017543859649122	13.33333333333333	81.81818181818181
Dialectal	6.842105263157894	13.580246913580252	78.26086956521739
Dialectal_normalizada	7.2289156626506035	13.749999999999996	81.81818181818181