Transcripcion	Levenstein	Orden	Parcial
Estandar	17.647058823529417	28.57142857142857	40.0
Estandar_normalizada	12.5	28.57142857142857	44.44444444444444
Dialectal	17.647058823529417	28.57142857142857	40.0
Dialectal_normalizada	12.5	28.57142857142857	44.44444444444444