Transcripcion	Levenstein	Orden	Parcial
Estandar	56.86274509803921	73.09417040358744	69.19917864476386
Estandar_normalizada	63.77440347071583	72.66591676040494	75.94654788418708
Dialectal	56.86274509803921	73.09417040358744	69.19917864476386
Dialectal_normalizada	63.77440347071583	72.66591676040494	75.94654788418708