Transcripcion	Levenstein	Orden	Parcial
Estandar	54.23728813559322	75.21008403361344	67.07818930041152
Estandar_normalizada	62.54826254826256	75.21008403361344	74.04255319148936
Dialectal	54.23728813559322	75.21008403361344	67.07818930041152
Dialectal_normalizada	62.54826254826256	75.21008403361344	74.04255319148936