Transcripcion	Levenstein	Orden	Parcial
Estandar	57.03125	64.28571428571428	69.95515695067265
Estandar_normalizada	58.33333333333333	64.28571428571428	72.22222222222221
Dialectal	57.03125	64.28571428571428	69.95515695067265
Dialectal_normalizada	58.33333333333333	64.28571428571428	72.22222222222221