Transcripcion	Levenstein	Orden	Parcial
Estandar	37.43589743589744	58.14814814814815	57.55102040816327
Estandar_normalizada	40.9221902017291	58.14814814814815	62.114537444933916
Dialectal	37.53213367609255	57.5139146567718	57.9591836734694
Dialectal_normalizada	41.04046242774566	57.5139146567718	62.114537444933916