Transcripcion	Levenstein	Orden	Parcial
Estandar	40.21739130434783	75.77639751552795	81.94444444444444
Estandar_normalizada	50.0	76.25	88.23529411764706
Dialectal	40.21739130434783	75.77639751552795	81.94444444444444
Dialectal_normalizada	50.0	76.25	88.23529411764706