Transcripcion	Levenstein	Orden	Parcial
Estandar	11.627906976744185	19.999999999999996	42.85714285714286
Estandar_normalizada	13.513513513513509	19.999999999999996	50.0
Dialectal	11.627906976744185	19.999999999999996	42.85714285714286
Dialectal_normalizada	13.513513513513509	19.999999999999996	50.0