Transcripcion	Levenstein	Orden	Parcial
Estandar	67.02127659574468	77.11764705882354	72.75943396226415
Estandar_normalizada	72.44953627932351	77.14033539276257	77.42525930445395
Dialectal	66.95431472081218	77.26737338044758	72.64150943396226
Dialectal_normalizada	72.33460907599782	77.29013254786452	77.48627211714461