Transcripcion	Levenstein	Orden	Parcial
Estandar	29.166666666666664	41.02564102564102	43.13725490196079
Estandar_normalizada	30.98591549295775	41.02564102564102	46.31578947368421
Dialectal	29.166666666666664	41.02564102564102	43.13725490196079
Dialectal_normalizada	30.98591549295775	41.02564102564102	46.31578947368421