Transcripcion	Levenstein	Orden	Parcial
Estandar	60.560747663551396	74.64788732394366	66.58415841584157
Estandar_normalizada	65.63786008230453	74.82352941176471	71.02564102564102
Dialectal	60.451977401129945	74.29245283018868	66.33663366336633
Dialectal_normalizada	65.14522821576763	74.46808510638299	71.02564102564102