Transcripcion	Levenstein	Orden	Parcial
Estandar	33.82352941176471	45.45454545454546	61.53846153846154
Estandar_normalizada	39.6551724137931	45.45454545454546	66.66666666666667
Dialectal	33.82352941176471	45.45454545454546	61.53846153846154
Dialectal_normalizada	39.6551724137931	45.45454545454546	66.66666666666667