Transcripcion	Levenstein	Orden	Parcial
Estandar	75.84269662921348	76.87687687687688	84.6590909090909
Estandar_normalizada	79.76878612716763	76.87687687687688	85.54216867469879
Dialectal	75.84269662921348	76.87687687687688	84.6590909090909
Dialectal_normalizada	79.76878612716763	76.87687687687688	85.54216867469879