Transcripcion	Levenstein	Orden	Parcial
Estandar	57.91505791505791	71.17903930131004	72.2466960352423
Estandar_normalizada	61.66666666666667	71.33479212253829	76.27494456762749
Dialectal	57.91505791505791	71.17903930131004	72.2466960352423
Dialectal_normalizada	61.66666666666667	71.33479212253829	76.27494456762749