Transcripcion	Levenstein	Orden	Parcial
Estandar	14.814814814814813	36.36363636363637	40.0
Estandar_normalizada	17.391304347826086	36.36363636363637	40.0
Dialectal	11.538461538461542	37.5	40.0
Dialectal_normalizada	13.636363636363635	37.5	40.0