Transcripcion	Levenstein	Orden	Parcial
Estandar	62.96296296296296	72.34042553191489	70.83333333333333
Estandar_normalizada	68.0	72.34042553191489	73.91304347826086
Dialectal	62.96296296296296	72.34042553191489	70.83333333333333
Dialectal_normalizada	68.0	72.34042553191489	73.91304347826086