Transcripcion	Levenstein	Orden	Parcial
Estandar	50.99009900990099	72.87376902417189	69.26994906621393
Estandar_normalizada	56.77530017152659	72.87376902417189	77.52247752247752
Dialectal	51.07794361525705	72.89048473967684	69.26994906621393
Dialectal_normalizada	57.118353344768444	72.89048473967684	77.55511022044088