Transcripcion	Levenstein	Orden	Parcial
Estandar	18.571428571428573	32.098765432098766	43.47826086956522
Estandar_normalizada	19.354838709677423	32.098765432098766	47.82608695652174
Dialectal	18.571428571428573	32.098765432098766	43.47826086956522
Dialectal_normalizada	19.354838709677423	32.098765432098766	47.82608695652174