Transcripcion	Levenstein	Orden	Parcial
Estandar	30.000000000000004	50.74626865671642	48.64864864864865
Estandar_normalizada	39.473684210526315	50.74626865671642	57.14285714285714
Dialectal	30.000000000000004	50.74626865671642	48.64864864864865
Dialectal_normalizada	39.473684210526315	50.74626865671642	57.14285714285714