Transcripcion	Levenstein	Orden	Parcial
Estandar	77.77777777777779	92.85714285714286	86.79245283018868
Estandar_normalizada	81.25	92.85714285714286	89.79591836734694
Dialectal	77.77777777777779	92.85714285714286	86.79245283018868
Dialectal_normalizada	81.25	92.85714285714286	89.79591836734694