Transcripcion	Levenstein	Orden	Parcial
Estandar	14.73684210526316	28.037383177570096	42.307692307692314
Estandar_normalizada	16.666666666666664	28.037383177570096	55.00000000000001
Dialectal	14.73684210526316	28.037383177570096	42.307692307692314
Dialectal_normalizada	16.666666666666664	28.037383177570096	55.00000000000001