Transcripcion	Levenstein	Orden	Parcial
Estandar	14.28571428571429	25.0	25.806451612903224
Estandar_normalizada	13.33333333333333	25.0	23.076923076923073
Dialectal	14.28571428571429	25.0	25.806451612903224
Dialectal_normalizada	13.33333333333333	25.0	23.076923076923073