Transcripcion	Levenstein	Orden	Parcial
Estandar	47.61904761904761	71.42857142857143	90.9090909090909
Estandar_normalizada	52.63157894736843	71.42857142857143	100.0
Dialectal	47.61904761904761	71.42857142857143	90.9090909090909
Dialectal_normalizada	52.63157894736843	71.42857142857143	100.0