Transcripcion	Levenstein	Orden	Parcial
Estandar	31.428571428571427	44.067796610169495	52.17391304347826
Estandar_normalizada	32.35294117647059	44.067796610169495	54.54545454545454
Dialectal	31.428571428571427	44.067796610169495	52.17391304347826
Dialectal_normalizada	32.35294117647059	44.067796610169495	54.54545454545454