Transcripcion	Levenstein	Orden	Parcial
Estandar	26.315789473684216	51.85185185185186	42.85714285714286
Estandar_normalizada	35.29411764705882	51.85185185185186	50.0
Dialectal	26.315789473684216	51.85185185185186	42.85714285714286
Dialectal_normalizada	35.29411764705882	51.85185185185186	50.0