Transcripcion	Levenstein	Orden	Parcial
Estandar	22.22222222222222	17.391304347826086	37.5
Estandar_normalizada	18.75	17.391304347826086	40.0
Dialectal	22.22222222222222	17.391304347826086	37.5
Dialectal_normalizada	18.75	17.391304347826086	40.0