Transcripcion	Levenstein	Orden	Parcial
Estandar	20.192307692307686	46.808510638297875	46.56084656084656
Estandar_normalizada	28.846153846153843	45.98930481283422	48.10126582278481
Dialectal	20.192307692307686	46.808510638297875	46.56084656084656
Dialectal_normalizada	28.846153846153843	45.98930481283422	48.10126582278481