Transcripcion	Levenstein	Orden	Parcial
Estandar	48.80952380952381	69.4915254237288	73.11827956989248
Estandar_normalizada	59.42028985507246	70.08547008547008	77.89473684210526
Dialectal	48.80952380952381	69.4915254237288	73.11827956989248
Dialectal_normalizada	59.42028985507246	70.08547008547008	77.89473684210526