Transcripcion	Levenstein	Orden	Parcial
Estandar	38.888888888888886	59.25925925925925	54.73684210526315
Estandar_normalizada	40.136054421768705	59.25925925925925	58.778625954198475
Dialectal	38.888888888888886	59.25925925925925	54.73684210526315
Dialectal_normalizada	40.136054421768705	59.25925925925925	58.778625954198475