Transcripcion	Levenstein	Orden	Parcial
Estandar	32.47863247863248	50.90909090909091	52.77777777777778
Estandar_normalizada	35.922330097087375	50.90909090909091	56.52173913043479
Dialectal	32.173913043478265	51.533742331288344	52.77777777777778
Dialectal_normalizada	35.64356435643564	51.533742331288344	57.971014492753625