Transcripcion	Levenstein	Orden	Parcial
Estandar	10.63829787234043	24.0	35.71428571428571
Estandar_normalizada	13.157894736842103	24.489795918367353	44.44444444444444
Dialectal	10.63829787234043	24.0	35.71428571428571
Dialectal_normalizada	13.157894736842103	24.489795918367353	44.44444444444444