Transcripcion	Levenstein	Orden	Parcial
Estandar	50.66666666666666	70.0	74.46808510638299
Estandar_normalizada	58.06451612903225	70.0	79.54545454545455
Dialectal	50.66666666666666	70.0	74.46808510638299
Dialectal_normalizada	58.06451612903225	70.0	79.54545454545455