Transcripcion	Levenstein	Orden	Parcial
Estandar	72.54901960784314	94.73684210526316	87.5
Estandar_normalizada	83.72093023255813	94.73684210526316	94.44444444444444
Dialectal	72.54901960784314	94.73684210526316	87.5
Dialectal_normalizada	83.72093023255813	94.73684210526316	94.44444444444444