Transcripcion	Levenstein	Orden	Parcial
Estandar	26.315789473684216	40.0	42.85714285714286
Estandar_normalizada	29.411764705882348	40.0	42.85714285714286
Dialectal	26.315789473684216	40.0	42.85714285714286
Dialectal_normalizada	29.411764705882348	40.0	42.85714285714286