Transcripcion	Levenstein	Orden	Parcial
Estandar	38.70967741935484	47.61904761904761	55.55555555555556
Estandar_normalizada	40.74074074074075	47.61904761904761	58.82352941176471
Dialectal	38.70967741935484	47.61904761904761	55.55555555555556
Dialectal_normalizada	40.74074074074075	47.61904761904761	58.82352941176471