Transcripcion	Levenstein	Orden	Parcial
Estandar	18.309859154929576	30.188679245283023	36.48648648648649
Estandar_normalizada	19.71153846153846	30.188679245283023	41.93548387096774
Dialectal	18.309859154929576	30.188679245283023	36.48648648648649
Dialectal_normalizada	19.71153846153846	30.188679245283023	41.93548387096774