Transcripcion	Levenstein	Orden	Parcial
Estandar	56.398104265402836	65.21106259097526	64.77611940298507
Estandar_normalizada	61.19791666666667	64.91228070175438	68.68044515103338
Dialectal	56.398104265402836	65.21106259097526	64.77611940298507
Dialectal_normalizada	61.19791666666667	64.91228070175438	68.68044515103338