Transcripcion	Levenstein	Orden	Parcial
Estandar	13.33333333333333	30.952380952380953	39.02439024390244
Estandar_normalizada	17.333333333333336	31.32530120481928	47.36842105263158
Dialectal	13.33333333333333	30.952380952380953	39.02439024390244
Dialectal_normalizada	17.333333333333336	31.32530120481928	47.36842105263158