Transcripcion	Levenstein	Orden	Parcial
Estandar	47.107438016528924	48.275862068965516	60.396039603960396
Estandar_normalizada	49.09090909090909	46.766169154228855	62.10526315789473
Dialectal	47.107438016528924	48.275862068965516	60.396039603960396
Dialectal_normalizada	49.09090909090909	46.766169154228855	62.10526315789473