Transcripcion	Levenstein	Orden	Parcial
Estandar	30.15873015873016	50.0	47.5609756097561
Estandar_normalizada	29.629629629629626	50.0	53.76344086021505
Dialectal	30.15873015873016	50.0	47.5609756097561
Dialectal_normalizada	29.629629629629626	50.0	53.76344086021505