Transcripcion	Levenstein	Orden	Parcial
Estandar	62.22222222222222	63.01369863013699	69.33333333333334
Estandar_normalizada	66.66666666666667	63.01369863013699	78.37837837837837
Dialectal	62.22222222222222	63.01369863013699	69.33333333333334
Dialectal_normalizada	66.66666666666667	63.01369863013699	78.37837837837837