Transcripcion	Levenstein	Orden	Parcial
Estandar	61.53846153846154	100.0	83.33333333333334
Estandar_normalizada	85.0	100.0	94.11764705882352
Dialectal	61.53846153846154	100.0	83.33333333333334
Dialectal_normalizada	85.0	100.0	94.11764705882352