Transcripcion	Levenstein	Orden	Parcial
Estandar	15.000000000000002	25.806451612903224	45.45454545454546
Estandar_normalizada	15.000000000000002	25.806451612903224	50.0
Dialectal	15.000000000000002	25.806451612903224	45.45454545454546
Dialectal_normalizada	15.000000000000002	25.806451612903224	50.0