Transcripcion	Levenstein	Orden	Parcial
Estandar	53.333333333333336	54.54545454545454	80.0
Estandar_normalizada	57.14285714285714	54.54545454545454	88.88888888888889
Dialectal	53.333333333333336	54.54545454545454	80.0
Dialectal_normalizada	57.14285714285714	54.54545454545454	88.88888888888889