Transcripcion	Levenstein	Orden	Parcial
Estandar	11.764705882352944	24.489795918367353	27.586206896551722
Estandar_normalizada	13.33333333333333	24.489795918367353	29.629629629629626
Dialectal	11.764705882352944	24.489795918367353	27.586206896551722
Dialectal_normalizada	13.33333333333333	24.489795918367353	29.629629629629626