Transcripcion	Levenstein	Orden	Parcial
Estandar	18.181818181818176	33.333333333333336	30.76923076923077
Estandar_normalizada	31.25	33.333333333333336	44.44444444444444
Dialectal	18.181818181818176	33.333333333333336	30.76923076923077
Dialectal_normalizada	31.25	33.333333333333336	44.44444444444444