Transcripcion	Levenstein	Orden	Parcial
Estandar	58.62068965517242	86.48648648648648	87.17948717948718
Estandar_normalizada	69.56521739130434	86.48648648648648	93.75
Dialectal	58.62068965517242	86.48648648648648	87.17948717948718
Dialectal_normalizada	69.56521739130434	86.48648648648648	93.75