Transcripcion	Levenstein	Orden	Parcial
Estandar	59.57446808510638	86.15384615384616	80.0
Estandar_normalizada	75.67567567567568	86.15384615384616	90.625
Dialectal	59.57446808510638	86.15384615384616	80.0
Dialectal_normalizada	75.67567567567568	86.15384615384616	90.625