Transcripcion	Levenstein	Orden	Parcial
Estandar	50.943396226415096	79.41176470588236	90.0
Estandar_normalizada	62.7906976744186	79.41176470588236	93.10344827586206
Dialectal	50.943396226415096	79.41176470588236	90.0
Dialectal_normalizada	62.7906976744186	79.41176470588236	93.10344827586206