Transcripcion	Levenstein	Orden	Parcial
Estandar	20.588235294117652	31.999999999999996	39.13043478260869
Estandar_normalizada	21.212121212121215	31.999999999999996	42.10526315789473
Dialectal	20.588235294117652	31.999999999999996	39.13043478260869
Dialectal_normalizada	21.212121212121215	31.999999999999996	42.10526315789473