Transcripcion	Levenstein	Orden	Parcial
Estandar	23.076923076923073	42.42424242424242	41.666666666666664
Estandar_normalizada	31.818181818181824	42.42424242424242	45.45454545454546
Dialectal	23.076923076923073	42.42424242424242	41.666666666666664
Dialectal_normalizada	31.818181818181824	42.42424242424242	45.45454545454546