Transcripcion	Levenstein	Orden	Parcial
Estandar	31.57894736842105	39.34426229508197	43.75
Estandar_normalizada	25.0	39.34426229508197	44.067796610169495
Dialectal	31.57894736842105	39.34426229508197	43.75
Dialectal_normalizada	25.0	39.34426229508197	44.067796610169495