Transcripcion	Levenstein	Orden	Parcial
Estandar	51.82481751824817	68.68686868686868	61.80904522613066
Estandar_normalizada	59.401709401709404	67.51269035532995	69.75476839237056
Dialectal	51.82481751824817	68.68686868686868	61.80904522613066
Dialectal_normalizada	59.401709401709404	67.51269035532995	69.75476839237056