Transcripcion	Levenstein	Orden	Parcial
Estandar	73.17073170731707	77.77777777777779	86.48648648648648
Estandar_normalizada	83.78378378378379	77.77777777777779	90.41095890410959
Dialectal	73.17073170731707	77.77777777777779	86.48648648648648
Dialectal_normalizada	83.78378378378379	77.77777777777779	90.41095890410959