Transcripcion	Levenstein	Orden	Parcial
Estandar	80.59701492537313	98.0392156862745	89.0909090909091
Estandar_normalizada	87.71929824561404	98.0392156862745	94.0
Dialectal	80.59701492537313	98.0392156862745	89.0909090909091
Dialectal_normalizada	87.71929824561404	98.0392156862745	94.0