Transcripcion	Levenstein	Orden	Parcial
Estandar	62.71186440677966	85.71428571428572	80.0
Estandar_normalizada	71.42857142857143	85.71428571428572	87.5
Dialectal	62.71186440677966	85.71428571428572	80.0
Dialectal_normalizada	71.42857142857143	85.71428571428572	87.5