Transcripcion	Levenstein	Orden	Parcial
Estandar	38.63636363636363	58.62068965517242	58.53658536585367
Estandar_normalizada	44.99999999999999	58.62068965517242	66.66666666666667
Dialectal	38.63636363636363	58.62068965517242	58.53658536585367
Dialectal_normalizada	44.99999999999999	58.62068965517242	66.66666666666667