Transcripcion	Levenstein	Orden	Parcial
Estandar	13.33333333333333	11.111111111111116	25.0
Estandar_normalizada	7.14285714285714	11.111111111111116	40.0
Dialectal	13.33333333333333	11.111111111111116	25.0
Dialectal_normalizada	7.14285714285714	11.111111111111116	40.0