Transcripcion	Levenstein	Orden	Parcial
Estandar	11.594202898550721	24.920127795527158	44.230769230769226
Estandar_normalizada	13.468013468013474	24.675324675324674	48.93617021276596
Dialectal	11.594202898550721	24.920127795527158	44.230769230769226
Dialectal_normalizada	13.468013468013474	24.675324675324674	48.93617021276596