Transcripcion	Levenstein	Orden	Parcial
Estandar	28.71536523929471	46.325878594249204	44.24778761061947
Estandar_normalizada	29.64959568733153	45.76	46.09665427509294
Dialectal	28.71536523929471	46.325878594249204	44.24778761061947
Dialectal_normalizada	29.64959568733153	45.76	46.09665427509294