Transcripcion	Levenstein	Orden	Parcial
Estandar	79.66101694915254	98.0	90.38461538461539
Estandar_normalizada	92.45283018867924	98.0	96.0
Dialectal	79.66101694915254	98.0	90.38461538461539
Dialectal_normalizada	92.45283018867924	98.0	96.0