Transcripcion	Levenstein	Orden	Parcial
Estandar	47.19101123595506	78.26086956521739	73.58490566037736
Estandar_normalizada	56.57894736842105	78.94736842105263	79.16666666666666
Dialectal	47.19101123595506	73.04347826086956	73.58490566037736
Dialectal_normalizada	55.263157894736835	73.6842105263158	79.16666666666666