Transcripcion	Levenstein	Orden	Parcial
Estandar	17.647058823529417	33.333333333333336	30.000000000000004
Estandar_normalizada	13.33333333333333	33.333333333333336	33.333333333333336
Dialectal	17.647058823529417	33.333333333333336	30.000000000000004
Dialectal_normalizada	13.33333333333333	33.333333333333336	33.333333333333336