Transcripcion	Levenstein	Orden	Parcial
Estandar	53.90625	79.3103448275862	71.53284671532847
Estandar_normalizada	60.747663551401864	79.76878612716763	76.05633802816901
Dialectal	53.90625	79.3103448275862	71.53284671532847
Dialectal_normalizada	60.747663551401864	79.76878612716763	76.05633802816901