Transcripcion	Levenstein	Orden	Parcial
Estandar	17.989417989417987	30.452674897119337	38.167938931297705
Estandar_normalizada	20.21276595744681	30.452674897119337	41.379310344827594
Dialectal	17.989417989417987	30.452674897119337	38.167938931297705
Dialectal_normalizada	20.21276595744681	30.452674897119337	41.379310344827594