Transcripcion	Levenstein	Orden	Parcial
Estandar	0.0	10.526315789473683	0.0
Estandar_normalizada	5.000000000000004	10.526315789473683	100.0
Dialectal	0.0	10.526315789473683	0.0
Dialectal_normalizada	5.000000000000004	10.526315789473683	100.0