Transcripcion	Levenstein	Orden	Parcial
Estandar	14.814814814814813	27.27272727272727	37.5
Estandar_normalizada	22.22222222222222	24.615384615384617	43.47826086956522
Dialectal	14.814814814814813	27.27272727272727	37.5
Dialectal_normalizada	22.22222222222222	24.615384615384617	43.47826086956522