Transcripcion	Levenstein	Orden	Parcial
Estandar	19.10112359550562	36.03603603603604	65.38461538461539
Estandar_normalizada	21.176470588235297	36.03603603603604	72.34042553191489
Dialectal	19.10112359550562	36.03603603603604	65.38461538461539
Dialectal_normalizada	21.176470588235297	36.03603603603604	72.34042553191489