Transcripcion	Levenstein	Orden	Parcial
Estandar	57.622739018087856	72.33273056057867	75.68627450980392
Estandar_normalizada	65.3731343283582	72.23230490018149	79.43548387096774
Dialectal	57.622739018087856	72.33273056057867	75.68627450980392
Dialectal_normalizada	65.3731343283582	72.23230490018149	79.43548387096774