Transcripcion	Levenstein	Orden	Parcial
Estandar	60.952380952380956	79.42122186495178	71.17750439367312
Estandar_normalizada	68.00535475234271	79.19354838709678	77.67695099818512
Dialectal	60.952380952380956	79.42122186495178	71.17750439367312
Dialectal_normalizada	68.00535475234271	79.19354838709678	77.67695099818512