Transcripcion	Levenstein	Orden	Parcial
Estandar	50.847457627118644	60.07326007326007	72.0
Estandar_normalizada	54.487179487179496	60.29411764705883	74.68879668049793
Dialectal	50.55555555555556	60.14492753623188	73.6
Dialectal_normalizada	55.34591194968554	60.36363636363637	75.7201646090535