Transcripcion	Levenstein	Orden	Parcial
Estandar	60.54552439492893	80.61381074168798	68.99307405434203
Estandar_normalizada	68.71975362956445	80.77220077220078	77.21238938053098
Dialectal	60.553633217993074	80.60388945752302	69.04635055940331
Dialectal_normalizada	68.73623954205196	80.65928405871749	77.21238938053098