Transcripcion	Levenstein	Orden	Parcial
Estandar	39.11504424778761	60.2127659574468	65.26315789473685
Estandar_normalizada	44.241316270566735	60.12793176972282	69.78508217446272
Dialectal	39.11504424778761	60.2127659574468	65.26315789473685
Dialectal_normalizada	44.241316270566735	60.12793176972282	69.78508217446272