Transcripcion	Levenstein	Orden	Parcial
Estandar	65.5	79.47882736156352	68.27586206896552
Estandar_normalizada	71.50837988826815	80.0	74.10071942446044
Dialectal	65.5	79.47882736156352	68.27586206896552
Dialectal_normalizada	71.50837988826815	80.0	74.10071942446044