Transcripcion	Levenstein	Orden	Parcial
Estandar	11.22448979591837	28.57142857142857	37.5
Estandar_normalizada	17.28395061728395	29.268292682926834	56.25
Dialectal	11.22448979591837	28.57142857142857	37.5
Dialectal_normalizada	17.28395061728395	29.268292682926834	56.25