Transcripcion	Levenstein	Orden	Parcial
Estandar	41.17647058823529	58.18181818181818	60.71428571428572
Estandar_normalizada	40.0	58.18181818181818	60.37735849056604
Dialectal	41.17647058823529	58.18181818181818	60.71428571428572
Dialectal_normalizada	40.0	58.18181818181818	60.37735849056604