Transcripcion	Levenstein	Orden	Parcial
Estandar	56.54993514915694	76.5076507650765	68.20702402957485
Estandar_normalizada	66.6156202143951	75.45454545454545	76.07843137254902
Dialectal	56.54993514915694	76.5076507650765	68.20702402957485
Dialectal_normalizada	66.6156202143951	75.45454545454545	76.07843137254902