Transcripcion	Levenstein	Orden	Parcial
Estandar	14.583333333333337	38.095238095238095	35.0
Estandar_normalizada	17.07317073170732	37.254901960784316	47.05882352941176
Dialectal	14.583333333333337	38.095238095238095	35.0
Dialectal_normalizada	17.07317073170732	37.254901960784316	47.05882352941176