Transcripcion	Levenstein	Orden	Parcial
Estandar	55.88235294117647	60.0	73.91304347826086
Estandar_normalizada	63.33333333333333	60.0	77.27272727272727
Dialectal	55.88235294117647	60.0	73.91304347826086
Dialectal_normalizada	63.33333333333333	60.0	77.27272727272727