Transcripcion	Levenstein	Orden	Parcial
Estandar	40.0	48.484848484848484	68.75
Estandar_normalizada	44.44444444444444	48.484848484848484	70.96774193548387
Dialectal	40.0	48.484848484848484	68.75
Dialectal_normalizada	44.44444444444444	48.484848484848484	70.96774193548387