Transcripcion	Levenstein	Orden	Parcial
Estandar	71.37931034482759	86.1344537815126	75.52447552447552
Estandar_normalizada	79.69348659003832	86.31578947368422	83.11688311688312
Dialectal	71.37931034482759	86.1344537815126	75.52447552447552
Dialectal_normalizada	79.69348659003832	86.31578947368422	83.11688311688312