Transcripcion	Levenstein	Orden	Parcial
Estandar	30.76923076923077	24.242424242424242	37.5
Estandar_normalizada	27.27272727272727	24.242424242424242	42.85714285714286
Dialectal	30.76923076923077	24.242424242424242	37.5
Dialectal_normalizada	27.27272727272727	24.242424242424242	42.85714285714286