Transcripcion	Levenstein	Orden	Parcial
Estandar	6.25	44.44444444444444	16.666666666666664
Estandar_normalizada	33.333333333333336	44.44444444444444	46.15384615384615
Dialectal	6.25	44.44444444444444	16.666666666666664
Dialectal_normalizada	33.333333333333336	44.44444444444444	46.15384615384615