Transcripcion	Levenstein	Orden	Parcial
Estandar	9.523809523809524	20.68965517241379	30.000000000000004
Estandar_normalizada	10.526315789473683	20.68965517241379	37.5
Dialectal	9.523809523809524	20.68965517241379	30.000000000000004
Dialectal_normalizada	10.526315789473683	20.68965517241379	37.5