Transcripcion	Levenstein	Orden	Parcial
Estandar	21.62162162162162	38.59649122807017	50.0
Estandar_normalizada	27.77777777777778	38.59649122807017	59.09090909090908
Dialectal	21.62162162162162	38.59649122807017	50.0
Dialectal_normalizada	27.77777777777778	38.59649122807017	59.09090909090908