Transcripcion	Levenstein	Orden	Parcial
Estandar	40.87591240875912	65.57377049180329	55.68181818181819
Estandar_normalizada	49.13793103448276	65.93406593406593	64.93506493506493
Dialectal	40.87591240875912	65.57377049180329	55.68181818181819
Dialectal_normalizada	49.13793103448276	65.93406593406593	64.93506493506493