Transcripcion	Levenstein	Orden	Parcial
Estandar	69.08344733242133	81.98859005704972	80.03300330033002
Estandar_normalizada	75.5223880597015	81.69934640522875	83.70118845500849
Dialectal	69.17808219178082	82.05546492659053	80.19801980198021
Dialectal_normalizada	75.63527653213752	81.76614881439083	83.87096774193549