Transcripcion	Levenstein	Orden	Parcial
Estandar	48.56230031948881	75.52447552447552	68.52791878172589
Estandar_normalizada	54.68164794007491	75.5868544600939	74.19354838709677
Dialectal	48.56230031948881	75.52447552447552	68.52791878172589
Dialectal_normalizada	54.68164794007491	75.5868544600939	74.19354838709677