Transcripcion	Levenstein	Orden	Parcial
Estandar	19.047619047619047	51.85185185185186	46.93877551020408
Estandar_normalizada	26.315789473684216	52.33644859813084	50.54945054945055
Dialectal	19.047619047619047	51.85185185185186	46.93877551020408
Dialectal_normalizada	26.315789473684216	52.33644859813084	50.54945054945055