Transcripcion	Levenstein	Orden	Parcial
Estandar	11.111111111111116	25.531914893617024	33.333333333333336
Estandar_normalizada	15.000000000000002	21.739130434782606	37.5
Dialectal	11.111111111111116	25.531914893617024	33.333333333333336
Dialectal_normalizada	15.000000000000002	21.739130434782606	37.5