Transcripcion	Levenstein	Orden	Parcial
Estandar	58.55354659248957	75.71157495256166	66.07142857142857
Estandar_normalizada	63.9780736100235	75.50047664442326	71.72489082969432
Dialectal	58.55354659248957	75.71157495256166	66.07142857142857
Dialectal_normalizada	63.9780736100235	75.50047664442326	71.72489082969432