Transcripcion	Levenstein	Orden	Parcial
Estandar	68.11594202898551	88.67924528301887	79.20792079207921
Estandar_normalizada	79.66101694915254	88.67924528301887	84.5360824742268
Dialectal	68.11594202898551	88.67924528301887	79.20792079207921
Dialectal_normalizada	79.66101694915254	88.67924528301887	84.5360824742268