Transcripcion	Levenstein	Orden	Parcial
Estandar	30.000000000000004	45.833333333333336	46.51162790697675
Estandar_normalizada	26.923076923076927	45.833333333333336	48.78048780487805
Dialectal	30.000000000000004	45.833333333333336	46.51162790697675
Dialectal_normalizada	26.923076923076927	45.833333333333336	48.78048780487805