Transcripcion	Levenstein	Orden	Parcial
Estandar	32.55813953488372	70.0	60.60606060606061
Estandar_normalizada	33.333333333333336	70.0	66.66666666666667
Dialectal	32.55813953488372	70.0	60.60606060606061
Dialectal_normalizada	33.333333333333336	70.0	66.66666666666667