Transcripcion	Levenstein	Orden	Parcial
Estandar	26.050420168067223	40.22346368715084	42.028985507246375
Estandar_normalizada	28.07017543859649	40.67796610169492	45.669291338582674
Dialectal	26.050420168067223	40.22346368715084	42.028985507246375
Dialectal_normalizada	28.07017543859649	40.67796610169492	45.669291338582674