Transcripcion	Levenstein	Orden	Parcial
Estandar	16.326530612244895	24.561403508771928	50.0
Estandar_normalizada	14.893617021276595	24.561403508771928	45.45454545454546
Dialectal	16.326530612244895	24.561403508771928	50.0
Dialectal_normalizada	14.893617021276595	24.561403508771928	45.45454545454546