Transcripcion	Levenstein	Orden	Parcial
Estandar	21.276595744680847	39.16083916083915	41.23711340206185
Estandar_normalizada	21.505376344086024	39.43661971830986	43.13725490196079
Dialectal	21.276595744680847	39.16083916083915	41.23711340206185
Dialectal_normalizada	21.505376344086024	39.43661971830986	43.13725490196079