Transcripcion	Levenstein	Orden	Parcial
Estandar	47.86324786324786	65.78947368421053	65.07936507936508
Estandar_normalizada	56.122448979591844	66.22516556291392	72.41379310344827
Dialectal	47.86324786324786	65.78947368421053	65.07936507936508
Dialectal_normalizada	56.122448979591844	66.22516556291392	72.41379310344827