Transcripcion	Levenstein	Orden	Parcial
Estandar	13.636363636363635	16.000000000000004	33.333333333333336
Estandar_normalizada	15.000000000000002	16.000000000000004	33.333333333333336
Dialectal	13.636363636363635	16.000000000000004	33.333333333333336
Dialectal_normalizada	15.000000000000002	16.000000000000004	33.333333333333336