Transcripcion	Levenstein	Orden	Parcial
Estandar	69.81132075471699	91.56626506024097	80.0
Estandar_normalizada	80.85106382978724	91.56626506024097	89.74358974358975
Dialectal	69.81132075471699	91.56626506024097	80.0
Dialectal_normalizada	80.85106382978724	91.56626506024097	89.74358974358975