Transcripcion	Levenstein	Orden	Parcial
Estandar	91.30434782608697	100.0	92.85714285714286
Estandar_normalizada	95.23809523809523	100.0	96.25
Dialectal	91.30434782608697	100.0	92.85714285714286
Dialectal_normalizada	95.23809523809523	100.0	96.25