Transcripcion	Levenstein	Orden	Parcial
Estandar	67.56756756756756	78.26086956521739	76.08695652173914
Estandar_normalizada	75.24752475247524	78.26086956521739	85.71428571428572
Dialectal	67.56756756756756	78.26086956521739	76.08695652173914
Dialectal_normalizada	75.24752475247524	78.26086956521739	85.71428571428572