Transcripcion	Levenstein	Orden	Parcial
Estandar	58.62068965517242	77.16535433070865	59.81308411214954
Estandar_normalizada	68.42105263157895	77.77777777777779	67.79661016949152
Dialectal	58.62068965517242	77.16535433070865	59.81308411214954
Dialectal_normalizada	68.42105263157895	77.77777777777779	67.79661016949152