Transcripcion	Levenstein	Orden	Parcial
Estandar	48.53479853479854	67.26572528883183	57.25490196078431
Estandar_normalizada	57.330415754923415	67.87564766839378	65.08379888268156
Dialectal	48.25046040515654	70.10309278350515	57.21784776902887
Dialectal_normalizada	57.048458149779734	70.22106631989598	65.36312849162012