Transcripcion	Levenstein	Orden	Parcial
Estandar	32.35294117647059	77.41935483870968	91.66666666666666
Estandar_normalizada	45.833333333333336	77.41935483870968	91.66666666666666
Dialectal	32.35294117647059	77.41935483870968	91.66666666666666
Dialectal_normalizada	45.833333333333336	77.41935483870968	91.66666666666666