Transcripcion	Levenstein	Orden	Parcial
Estandar	65.05681818181819	79.85865724381625	70.50359712230217
Estandar_normalizada	72.66881028938907	79.64601769911505	79.41176470588236
Dialectal	65.05681818181819	79.85865724381625	70.50359712230217
Dialectal_normalizada	72.66881028938907	79.64601769911505	79.41176470588236