Transcripcion	Levenstein	Orden	Parcial
Estandar	42.138364779874216	68.57142857142857	59.61538461538461
Estandar_normalizada	51.162790697674424	69.23076923076923	68.75
Dialectal	42.138364779874216	68.57142857142857	59.61538461538461
Dialectal_normalizada	51.162790697674424	69.23076923076923	68.75