Transcripcion	Levenstein	Orden	Parcial
Estandar	60.11764705882353	72.79635258358664	68.31210191082803
Estandar_normalizada	66.97490092470278	73.17073170731707	76.11940298507463
Dialectal	60.188457008245	73.76425855513308	68.31210191082803
Dialectal_normalizada	67.06349206349206	74.14187643020595	76.11940298507463