Transcripcion	Levenstein	Orden	Parcial
Estandar	8.633093525179858	13.422818791946312	45.16129032258065
Estandar_normalizada	9.848484848484851	13.605442176870753	59.25925925925925
Dialectal	8.633093525179858	13.422818791946312	45.16129032258065
Dialectal_normalizada	9.848484848484851	13.605442176870753	59.25925925925925