Transcripcion	Levenstein	Orden	Parcial
Estandar	7.692307692307687	37.5	18.181818181818176
Estandar_normalizada	22.22222222222222	37.5	54.54545454545454
Dialectal	7.692307692307687	37.5	18.181818181818176
Dialectal_normalizada	22.22222222222222	37.5	54.54545454545454