Transcripcion	Levenstein	Orden	Parcial
Estandar	24.444444444444446	37.142857142857146	41.269841269841265
Estandar_normalizada	20.512820512820518	37.142857142857146	44.827586206896555
Dialectal	24.444444444444446	37.142857142857146	41.269841269841265
Dialectal_normalizada	20.512820512820518	37.142857142857146	44.827586206896555