Transcripcion	Levenstein	Orden	Parcial
Estandar	92.10526315789474	100.0	95.77464788732395
Estandar_normalizada	97.22222222222221	100.0	100.0
Dialectal	92.10526315789474	100.0	95.77464788732395
Dialectal_normalizada	97.22222222222221	100.0	100.0