Transcripcion	Levenstein	Orden	Parcial
Estandar	77.41935483870968	77.98165137614679	81.41592920353982
Estandar_normalizada	80.70175438596492	77.98165137614679	86.23853211009174
Dialectal	77.41935483870968	77.98165137614679	81.41592920353982
Dialectal_normalizada	80.70175438596492	77.98165137614679	86.23853211009174