Transcripcion	Levenstein	Orden	Parcial
Estandar	25.581395348837212	44.827586206896555	42.85714285714286
Estandar_normalizada	25.64102564102564	44.827586206896555	42.85714285714286
Dialectal	25.581395348837212	44.827586206896555	42.85714285714286
Dialectal_normalizada	25.64102564102564	44.827586206896555	42.85714285714286