Transcripcion	Levenstein	Orden	Parcial
Estandar	61.08108108108108	79.85212569316081	75.10204081632654
Estandar_normalizada	68.38905775075987	80.29739776951673	79.41176470588236
Dialectal	61.08108108108108	79.85212569316081	75.10204081632654
Dialectal_normalizada	68.38905775075987	80.29739776951673	79.41176470588236