Transcripcion	Levenstein	Orden	Parcial
Estandar	23.529411764705888	40.0	66.66666666666667
Estandar_normalizada	31.25	40.0	100.0
Dialectal	23.529411764705888	40.0	66.66666666666667
Dialectal_normalizada	31.25	40.0	100.0