Transcripcion	Levenstein	Orden	Parcial
Estandar	63.78466557911908	82.07847295864264	75.9825327510917
Estandar_normalizada	71.18959107806691	81.82784272051009	82.5503355704698
Dialectal	63.338788870703766	81.82784272051009	75.54585152838428
Dialectal_normalizada	70.7089552238806	81.57614483493077	82.5503355704698