Transcripcion	Levenstein	Orden	Parcial
Estandar	39.13043478260869	45.714285714285715	60.0
Estandar_normalizada	44.99999999999999	45.714285714285715	62.5
Dialectal	39.13043478260869	45.714285714285715	60.0
Dialectal_normalizada	44.99999999999999	45.714285714285715	62.5