Transcripcion	Levenstein	Orden	Parcial
Estandar	28.57142857142857	43.63636363636364	40.0
Estandar_normalizada	38.70967741935484	43.63636363636364	50.0
Dialectal	28.57142857142857	43.63636363636364	40.0
Dialectal_normalizada	38.70967741935484	43.63636363636364	50.0