Transcripcion	Levenstein	Orden	Parcial
Estandar	69.6048632218845	79.62166809974205	76.32933104631218
Estandar_normalizada	75.08090614886731	79.62166809974205	82.30088495575221
Dialectal	69.6048632218845	79.62166809974205	76.32933104631218
Dialectal_normalizada	75.08090614886731	79.62166809974205	82.30088495575221