Transcripcion	Levenstein	Orden	Parcial
Estandar	58.75251509054327	73.36683417085428	68.96551724137932
Estandar_normalizada	66.2870159453303	73.64438839848675	76.01572739187418
Dialectal	58.75251509054327	73.36683417085428	68.96551724137932
Dialectal_normalizada	66.2870159453303	73.64438839848675	76.01572739187418