Transcripcion	Levenstein	Orden	Parcial
Estandar	13.793103448275868	26.83982683982684	51.764705882352935
Estandar_normalizada	15.384615384615385	26.83982683982684	59.45945945945945
Dialectal	13.793103448275868	26.83982683982684	51.764705882352935
Dialectal_normalizada	15.384615384615385	26.83982683982684	59.45945945945945