Transcripcion	Levenstein	Orden	Parcial
Estandar	41.860465116279066	57.57575757575757	70.0
Estandar_normalizada	48.71794871794872	57.57575757575757	70.17543859649122
Dialectal	41.860465116279066	57.57575757575757	70.0
Dialectal_normalizada	48.71794871794872	57.57575757575757	70.17543859649122