Transcripcion	Levenstein	Orden	Parcial
Estandar	45.32374100719424	66.66666666666667	65.82278481012658
Estandar_normalizada	49.6	66.66666666666667	70.27027027027026
Dialectal	45.32374100719424	66.66666666666667	65.82278481012658
Dialectal_normalizada	49.6	66.66666666666667	70.27027027027026