Transcripcion	Levenstein	Orden	Parcial
Estandar	42.10526315789473	64.0	83.33333333333334
Estandar_normalizada	47.05882352941176	64.0	83.33333333333334
Dialectal	42.10526315789473	64.0	83.33333333333334
Dialectal_normalizada	47.05882352941176	64.0	83.33333333333334