Transcripcion	Levenstein	Orden	Parcial
Estandar	37.5	45.45454545454546	61.111111111111114
Estandar_normalizada	46.42857142857143	45.45454545454546	64.70588235294117
Dialectal	37.5	45.45454545454546	61.111111111111114
Dialectal_normalizada	46.42857142857143	45.45454545454546	64.70588235294117