Transcripcion	Levenstein	Orden	Parcial
Estandar	41.666666666666664	79.24528301886792	66.66666666666667
Estandar_normalizada	55.55555555555556	79.24528301886792	91.30434782608697
Dialectal	41.666666666666664	79.24528301886792	66.66666666666667
Dialectal_normalizada	55.55555555555556	79.24528301886792	91.30434782608697