Transcripcion	Levenstein	Orden	Parcial
Estandar	5.263157894736848	29.629629629629626	25.0
Estandar_normalizada	0.0	29.629629629629626	28.57142857142857
Dialectal	5.263157894736848	29.629629629629626	25.0
Dialectal_normalizada	0.0	29.629629629629626	28.57142857142857