Transcripcion	Levenstein	Orden	Parcial
Estandar	39.16666666666667	56.08465608465609	74.07407407407408
Estandar_normalizada	45.378151260504204	56.08465608465609	80.95238095238095
Dialectal	39.16666666666667	56.08465608465609	74.07407407407408
Dialectal_normalizada	45.378151260504204	56.08465608465609	80.95238095238095