Transcripcion	Levenstein	Orden	Parcial
Estandar	32.55813953488372	62.5	73.6842105263158
Estandar_normalizada	45.45454545454546	62.5	72.22222222222221
Dialectal	32.55813953488372	62.5	73.6842105263158
Dialectal_normalizada	45.45454545454546	62.5	72.22222222222221