Transcripcion	Levenstein	Orden	Parcial
Estandar	41.02564102564102	62.06896551724138	68.0
Estandar_normalizada	40.0	62.06896551724138	70.83333333333333
Dialectal	41.02564102564102	62.06896551724138	68.0
Dialectal_normalizada	40.0	62.06896551724138	70.83333333333333