Transcripcion	Levenstein	Orden	Parcial
Estandar	57.78894472361809	70.27863777089783	74.03508771929825
Estandar_normalizada	61.37566137566137	70.27863777089783	76.2589928057554
Dialectal	57.78894472361809	70.27863777089783	74.03508771929825
Dialectal_normalizada	61.37566137566137	70.27863777089783	76.2589928057554