Transcripcion	Levenstein	Orden	Parcial
Estandar	64.73988439306359	84.4155844155844	76.10062893081762
Estandar_normalizada	69.18238993710692	84.03908794788273	81.64556962025317
Dialectal	64.73988439306359	84.4155844155844	76.10062893081762
Dialectal_normalizada	69.18238993710692	84.03908794788273	81.64556962025317