Transcripcion	Levenstein	Orden	Parcial
Estandar	44.37869822485207	66.66666666666667	61.1764705882353
Estandar_normalizada	48.57142857142858	66.35071090047393	67.06586826347305
Dialectal	44.37869822485207	66.66666666666667	61.1764705882353
Dialectal_normalizada	48.57142857142858	66.35071090047393	67.06586826347305