Transcripcion	Levenstein	Orden	Parcial
Estandar	31.428571428571427	51.85185185185186	62.96296296296296
Estandar_normalizada	39.39393939393939	51.85185185185186	68.08510638297872
Dialectal	31.428571428571427	51.85185185185186	62.96296296296296
Dialectal_normalizada	39.39393939393939	51.85185185185186	68.08510638297872