Transcripcion	Levenstein	Orden	Parcial
Estandar	16.666666666666664	30.508474576271183	35.0
Estandar_normalizada	16.666666666666664	30.508474576271183	38.888888888888886
Dialectal	16.666666666666664	30.508474576271183	35.0
Dialectal_normalizada	16.666666666666664	30.508474576271183	38.888888888888886