Transcripcion	Levenstein	Orden	Parcial
Estandar	25.0	51.42857142857142	74.07407407407408
Estandar_normalizada	25.0	51.42857142857142	78.26086956521739
Dialectal	25.0	51.42857142857142	74.07407407407408
Dialectal_normalizada	25.0	51.42857142857142	78.26086956521739