Transcripcion	Levenstein	Orden	Parcial
Estandar	58.33333333333333	79.49260042283298	64.54545454545455
Estandar_normalizada	65.71428571428571	79.14893617021276	71.68949771689498
Dialectal	58.33333333333333	79.49260042283298	64.54545454545455
Dialectal_normalizada	65.71428571428571	79.14893617021276	71.68949771689498