Transcripcion	Levenstein	Orden	Parcial
Estandar	17.647058823529417	16.000000000000004	33.333333333333336
Estandar_normalizada	19.999999999999996	8.333333333333337	37.5
Dialectal	17.647058823529417	16.000000000000004	33.333333333333336
Dialectal_normalizada	19.999999999999996	8.333333333333337	37.5