Transcripcion	Levenstein	Orden	Parcial
Estandar	63.33754740834387	77.42878013148284	72.67683772538142
Estandar_normalizada	71.44827586206897	76.8892149669846	78.7518573551263
Dialectal	63.33754740834387	77.42878013148284	72.67683772538142
Dialectal_normalizada	71.44827586206897	76.8892149669846	78.7518573551263