Transcripcion	Levenstein	Orden	Parcial
Estandar	38.095238095238095	74.62686567164178	71.42857142857143
Estandar_normalizada	50.0	75.75757575757575	84.61538461538461
Dialectal	38.095238095238095	74.62686567164178	71.42857142857143
Dialectal_normalizada	50.0	75.75757575757575	84.61538461538461