Transcripcion	Levenstein	Orden	Parcial
Estandar	60.0	62.142857142857146	73.6462093862816
Estandar_normalizada	63.63636363636363	62.142857142857146	75.8364312267658
Dialectal	60.0	62.142857142857146	73.6462093862816
Dialectal_normalizada	63.63636363636363	62.142857142857146	75.8364312267658