Transcripcion	Levenstein	Orden	Parcial
Estandar	26.174496644295296	47.82608695652174	64.22018348623853
Estandar_normalizada	26.241134751773053	47.82608695652174	64.07766990291262
Dialectal	26.174496644295296	47.82608695652174	64.22018348623853
Dialectal_normalizada	26.241134751773053	47.82608695652174	64.07766990291262