Transcripcion	Levenstein	Orden	Parcial
Estandar	57.55237045203969	79.28588897040841	63.31606217616581
Estandar_normalizada	64.72029399755002	79.61689587426326	69.20950801547816
Dialectal	57.55237045203969	79.28588897040841	63.31606217616581
Dialectal_normalizada	64.72029399755002	79.61689587426326	69.20950801547816