Transcripcion	Levenstein	Orden	Parcial
Estandar	26.086956521739136	42.74809160305344	48.529411764705884
Estandar_normalizada	27.941176470588236	42.74809160305344	51.5625
Dialectal	26.086956521739136	43.41085271317829	50.76923076923077
Dialectal_normalizada	27.941176470588236	43.41085271317829	52.38095238095239