Transcripcion	Levenstein	Orden	Parcial
Estandar	34.78260869565217	56.25	59.25925925925925
Estandar_normalizada	42.10526315789473	56.25	74.07407407407408
Dialectal	34.78260869565217	56.25	59.25925925925925
Dialectal_normalizada	42.10526315789473	56.25	74.07407407407408