Transcripcion	Levenstein	Orden	Parcial
Estandar	19.999999999999996	31.034482758620683	36.0
Estandar_normalizada	24.32432432432432	31.034482758620683	36.0
Dialectal	19.999999999999996	31.034482758620683	36.0
Dialectal_normalizada	24.32432432432432	31.034482758620683	36.0