Transcripcion	Levenstein	Orden	Parcial
Estandar	13.821138211382111	27.604166666666664	57.74647887323944
Estandar_normalizada	15.75757575757576	27.748691099476442	61.76470588235294
Dialectal	13.821138211382111	27.604166666666664	57.74647887323944
Dialectal_normalizada	15.75757575757576	27.748691099476442	61.76470588235294