Transcripcion	Levenstein	Orden	Parcial
Estandar	62.7906976744186	91.33858267716536	71.21212121212122
Estandar_normalizada	77.77777777777779	91.33858267716536	82.25806451612902
Dialectal	62.7906976744186	91.33858267716536	71.21212121212122
Dialectal_normalizada	77.77777777777779	91.33858267716536	82.25806451612902