Transcripcion	Levenstein	Orden	Parcial
Estandar	64.1955835962145	74.08866995073892	71.70923379174853
Estandar_normalizada	71.42857142857143	74.30830039525691	77.25409836065573
Dialectal	64.1955835962145	74.08866995073892	71.70923379174853
Dialectal_normalizada	71.42857142857143	74.30830039525691	77.25409836065573