Transcripcion	Levenstein	Orden	Parcial
Estandar	51.48148148148148	64.66512702078522	66.66666666666667
Estandar_normalizada	59.10931174089069	64.50116009280742	70.026525198939
Dialectal	51.48148148148148	64.66512702078522	66.66666666666667
Dialectal_normalizada	59.10931174089069	64.50116009280742	70.026525198939