Transcripcion	Levenstein	Orden	Parcial
Estandar	58.53658536585367	69.56521739130434	71.64179104477613
Estandar_normalizada	64.86486486486487	69.56521739130434	73.84615384615385
Dialectal	58.53658536585367	69.56521739130434	71.64179104477613
Dialectal_normalizada	64.86486486486487	69.56521739130434	73.84615384615385