Transcripcion	Levenstein	Orden	Parcial
Estandar	41.17647058823529	68.42105263157895	70.17543859649122
Estandar_normalizada	50.0	68.42105263157895	73.07692307692308
Dialectal	41.17647058823529	68.42105263157895	70.17543859649122
Dialectal_normalizada	50.0	68.42105263157895	73.07692307692308