Transcripcion	Levenstein	Orden	Parcial
Estandar	17.391304347826086	33.333333333333336	40.0
Estandar_normalizada	23.529411764705888	33.333333333333336	42.85714285714286
Dialectal	17.391304347826086	33.333333333333336	40.0
Dialectal_normalizada	23.529411764705888	33.333333333333336	42.85714285714286