Transcripcion	Levenstein	Orden	Parcial
Estandar	18.36734693877551	40.0	33.333333333333336
Estandar_normalizada	20.93023255813954	40.0	37.5
Dialectal	18.36734693877551	40.0	33.333333333333336
Dialectal_normalizada	20.93023255813954	40.0	37.5