Transcripcion	Levenstein	Orden	Parcial
Estandar	73.04347826086956	79.42583732057416	82.1917808219178
Estandar_normalizada	77.98165137614679	79.42583732057416	88.44221105527639
Dialectal	73.04347826086956	79.42583732057416	82.1917808219178
Dialectal_normalizada	77.98165137614679	79.42583732057416	88.44221105527639