Transcripcion	Levenstein	Orden	Parcial
Estandar	59.610027855153206	76.97715289982425	74.12587412587412
Estandar_normalizada	65.83850931677019	77.11267605633803	80.0
Dialectal	59.610027855153206	76.97715289982425	74.12587412587412
Dialectal_normalizada	65.83850931677019	77.11267605633803	80.0