Transcripcion	Levenstein	Orden	Parcial
Estandar	32.758620689655174	55.55555555555556	61.53846153846154
Estandar_normalizada	38.297872340425535	57.14285714285714	65.45454545454545
Dialectal	32.758620689655174	55.55555555555556	61.53846153846154
Dialectal_normalizada	38.297872340425535	57.14285714285714	65.45454545454545