Transcripcion	Levenstein	Orden	Parcial
Estandar	46.93877551020408	74.01574803149606	67.79661016949152
Estandar_normalizada	57.31707317073172	74.01574803149606	76.92307692307692
Dialectal	46.93877551020408	74.01574803149606	67.79661016949152
Dialectal_normalizada	57.31707317073172	74.01574803149606	76.92307692307692