Transcripcion	Levenstein	Orden	Parcial
Estandar	45.63106796116505	60.0	73.33333333333334
Estandar_normalizada	49.48453608247423	60.0	74.13793103448276
Dialectal	45.63106796116505	60.0	73.33333333333334
Dialectal_normalizada	49.48453608247423	60.0	74.13793103448276