Transcripcion	Levenstein	Orden	Parcial
Estandar	15.714285714285714	26.66666666666667	30.508474576271183
Estandar_normalizada	16.666666666666664	26.66666666666667	35.29411764705882
Dialectal	15.714285714285714	26.66666666666667	30.508474576271183
Dialectal_normalizada	16.666666666666664	26.66666666666667	35.29411764705882