Transcripcion	Levenstein	Orden	Parcial
Estandar	18.6046511627907	58.53658536585367	64.70588235294117
Estandar_normalizada	25.806451612903224	58.53658536585367	68.75
Dialectal	18.6046511627907	58.53658536585367	64.70588235294117
Dialectal_normalizada	25.806451612903224	58.53658536585367	68.75