Transcripcion	Levenstein	Orden	Parcial
Estandar	74.0	81.92771084337349	82.05128205128204
Estandar_normalizada	80.43478260869566	81.92771084337349	84.61538461538461
Dialectal	74.0	81.92771084337349	82.05128205128204
Dialectal_normalizada	80.43478260869566	81.92771084337349	84.61538461538461