Transcripcion	Levenstein	Orden	Parcial
Estandar	91.66666666666666	100.0	97.67441860465115
Estandar_normalizada	95.45454545454545	100.0	100.0
Dialectal	91.66666666666666	100.0	97.67441860465115
Dialectal_normalizada	95.45454545454545	100.0	100.0