Transcripcion	Levenstein	Orden	Parcial
Estandar	45.45454545454546	74.4186046511628	60.86956521739131
Estandar_normalizada	60.0	74.4186046511628	73.17073170731707
Dialectal	45.45454545454546	74.4186046511628	60.86956521739131
Dialectal_normalizada	60.0	74.4186046511628	73.17073170731707