Transcripcion	Levenstein	Orden	Parcial
Estandar	19.6078431372549	26.22950819672131	34.375
Estandar_normalizada	28.947368421052634	26.22950819672131	43.99999999999999
Dialectal	19.6078431372549	26.22950819672131	34.375
Dialectal_normalizada	28.947368421052634	26.22950819672131	43.99999999999999