Transcripcion	Levenstein	Orden	Parcial
Estandar	24.63768115942029	35.55555555555555	48.38709677419355
Estandar_normalizada	25.396825396825395	35.55555555555555	53.333333333333336
Dialectal	24.63768115942029	35.55555555555555	48.38709677419355
Dialectal_normalizada	25.396825396825395	35.55555555555555	53.333333333333336