Transcripcion	Levenstein	Orden	Parcial
Estandar	21.83908045977011	54.01459854014598	47.36842105263158
Estandar_normalizada	27.397260273972602	53.333333333333336	54.01459854014598
Dialectal	22.988505747126442	52.55474452554745	47.36842105263158
Dialectal_normalizada	30.136986301369863	51.85185185185186	54.01459854014598