Transcripcion	Levenstein	Orden	Parcial
Estandar	81.13207547169812	92.36363636363636	85.61643835616438
Estandar_normalizada	87.41258741258741	92.36363636363636	92.85714285714286
Dialectal	81.13207547169812	92.36363636363636	85.61643835616438
Dialectal_normalizada	87.41258741258741	92.36363636363636	92.85714285714286