Transcripcion	Levenstein	Orden	Parcial
Estandar	32.57918552036199	53.278688524590166	52.08333333333333
Estandar_normalizada	40.67796610169492	53.49794238683128	58.42696629213483
Dialectal	32.57918552036199	53.278688524590166	52.08333333333333
Dialectal_normalizada	40.67796610169492	53.49794238683128	58.42696629213483