Transcripcion	Levenstein	Orden	Parcial
Estandar	63.29113924050633	80.95238095238095	74.57627118644068
Estandar_normalizada	73.23943661971832	80.95238095238095	81.35593220338984
Dialectal	63.29113924050633	80.95238095238095	74.57627118644068
Dialectal_normalizada	73.23943661971832	80.95238095238095	81.35593220338984