Transcripcion	Levenstein	Orden	Parcial
Estandar	25.0	34.78260869565217	30.000000000000004
Estandar_normalizada	21.42857142857143	34.78260869565217	40.0
Dialectal	25.0	34.78260869565217	30.000000000000004
Dialectal_normalizada	21.42857142857143	34.78260869565217	40.0