Transcripcion	Levenstein	Orden	Parcial
Estandar	24.242424242424242	42.10526315789473	38.888888888888886
Estandar_normalizada	29.629629629629626	42.10526315789473	50.0
Dialectal	24.242424242424242	42.10526315789473	38.888888888888886
Dialectal_normalizada	29.629629629629626	42.10526315789473	50.0