Transcripcion	Levenstein	Orden	Parcial
Estandar	18.840579710144922	36.111111111111114	68.42105263157895
Estandar_normalizada	22.033898305084744	34.285714285714285	72.22222222222221
Dialectal	18.840579710144922	36.111111111111114	68.42105263157895
Dialectal_normalizada	22.033898305084744	34.285714285714285	72.22222222222221