Transcripcion	Levenstein	Orden	Parcial
Estandar	14.28571428571429	19.047619047619047	36.36363636363637
Estandar_normalizada	11.764705882352944	19.047619047619047	40.0
Dialectal	14.28571428571429	19.047619047619047	36.36363636363637
Dialectal_normalizada	11.764705882352944	19.047619047619047	40.0