Transcripcion	Levenstein	Orden	Parcial
Estandar	52.17391304347826	45.16129032258065	85.71428571428572
Estandar_normalizada	63.1578947368421	45.16129032258065	85.71428571428572
Dialectal	52.17391304347826	45.16129032258065	85.71428571428572
Dialectal_normalizada	63.1578947368421	45.16129032258065	85.71428571428572