Transcripcion	Levenstein	Orden	Parcial
Estandar	63.14338235294117	77.42690058479532	69.23076923076923
Estandar_normalizada	67.9474216380182	77.72567409144197	74.51737451737452
Dialectal	63.14338235294117	77.42690058479532	69.23076923076923
Dialectal_normalizada	67.9474216380182	77.72567409144197	74.51737451737452