Transcripcion	Levenstein	Orden	Parcial
Estandar	23.809523809523814	34.48275862068966	37.03703703703704
Estandar_normalizada	25.0	34.48275862068966	42.10526315789473
Dialectal	23.809523809523814	34.48275862068966	37.03703703703704
Dialectal_normalizada	25.0	34.48275862068966	42.10526315789473