Transcripcion	Levenstein	Orden	Parcial
Estandar	13.043478260869568	23.076923076923073	40.0
Estandar_normalizada	18.181818181818176	23.076923076923073	50.0
Dialectal	13.043478260869568	23.076923076923073	40.0
Dialectal_normalizada	18.181818181818176	23.076923076923073	50.0