Transcripcion	Levenstein	Orden	Parcial
Estandar	17.955112219451376	34.672304439746306	71.50837988826815
Estandar_normalizada	19.09814323607427	34.819532908704886	78.10650887573965
Dialectal	17.955112219451376	34.672304439746306	71.50837988826815
Dialectal_normalizada	19.09814323607427	34.819532908704886	78.10650887573965