Transcripcion	Levenstein	Orden	Parcial
Estandar	66.01248884924175	81.0958904109589	75.1111111111111
Estandar_normalizada	73.92607392607393	80.68057080131723	81.15777525539161
Dialectal	65.98214285714286	81.14035087719299	75.1111111111111
Dialectal_normalizada	73.9	80.72487644151565	81.15777525539161