Transcripcion	Levenstein	Orden	Parcial
Estandar	61.111111111111114	95.65217391304348	73.91304347826086
Estandar_normalizada	78.57142857142857	95.65217391304348	90.9090909090909
Dialectal	61.111111111111114	95.65217391304348	73.91304347826086
Dialectal_normalizada	78.57142857142857	95.65217391304348	90.9090909090909