Transcripcion	Levenstein	Orden	Parcial
Estandar	25.0	32.432432432432435	41.17647058823529
Estandar_normalizada	25.0	32.432432432432435	47.05882352941176
Dialectal	25.0	32.432432432432435	41.17647058823529
Dialectal_normalizada	25.0	32.432432432432435	47.05882352941176