Transcripcion	Levenstein	Orden	Parcial
Estandar	65.21739130434783	58.53658536585367	76.19047619047619
Estandar_normalizada	72.72727272727273	58.53658536585367	80.0
Dialectal	65.21739130434783	58.53658536585367	76.19047619047619
Dialectal_normalizada	72.72727272727273	58.53658536585367	80.0