Transcripcion	Levenstein	Orden	Parcial
Estandar	9.999999999999998	14.084507042253524	27.27272727272727
Estandar_normalizada	11.864406779661019	17.14285714285714	30.76923076923077
Dialectal	9.999999999999998	14.084507042253524	27.27272727272727
Dialectal_normalizada	11.864406779661019	17.14285714285714	30.76923076923077