Transcripcion	Levenstein	Orden	Parcial
Estandar	83.05084745762711	96.22641509433963	90.9090909090909
Estandar_normalizada	92.72727272727272	96.22641509433963	96.22641509433963
Dialectal	83.05084745762711	96.22641509433963	90.9090909090909
Dialectal_normalizada	92.72727272727272	96.22641509433963	96.22641509433963