Transcripcion	Levenstein	Orden	Parcial
Estandar	54.218533886583685	76.12781954887218	61.003861003861005
Estandar_normalizada	61.191626409017715	76.0377358490566	71.05788423153693
Dialectal	54.218533886583685	76.12781954887218	61.003861003861005
Dialectal_normalizada	61.191626409017715	76.0377358490566	71.05788423153693