Transcripcion	Levenstein	Orden	Parcial
Estandar	60.07568590350048	79.34904601571269	73.10565635005337
Estandar_normalizada	67.66275346851654	79.52622673434855	80.08898776418243
Dialectal	60.13257575757576	79.3935991016283	73.10565635005337
Dialectal_normalizada	67.73504273504274	79.57110609480813	80.20022246941045