Transcripcion	Levenstein	Orden	Parcial
Estandar	21.052631578947366	50.63291139240506	43.58974358974359
Estandar_normalizada	25.0	48.71794871794872	47.05882352941176
Dialectal	21.052631578947366	50.63291139240506	43.58974358974359
Dialectal_normalizada	25.0	48.71794871794872	47.05882352941176