Transcripcion	Levenstein	Orden	Parcial
Estandar	12.658227848101266	28.915662650602414	32.35294117647059
Estandar_normalizada	16.393442622950815	27.160493827160494	34.375
Dialectal	12.658227848101266	28.915662650602414	32.35294117647059
Dialectal_normalizada	16.393442622950815	27.160493827160494	34.375