Transcripcion	Levenstein	Orden	Parcial
Estandar	60.84142394822006	72.9957805907173	67.56756756756756
Estandar_normalizada	68.36363636363636	72.03389830508475	71.8676122931442
Dialectal	60.84142394822006	72.9957805907173	67.56756756756756
Dialectal_normalizada	68.36363636363636	72.03389830508475	71.8676122931442