Transcripcion	Levenstein	Orden	Parcial
Estandar	58.33333333333333	70.61611374407583	65.98984771573603
Estandar_normalizada	61.065573770491795	70.78384798099762	70.0
Dialectal	55.42635658914728	68.75	64.9746192893401
Dialectal_normalizada	57.56302521008403	68.9156626506024	68.43501326259947