Transcripcion	Levenstein	Orden	Parcial
Estandar	41.379310344827594	60.60606060606061	61.66666666666667
Estandar_normalizada	45.945945945945944	61.06870229007634	66.16541353383458
Dialectal	41.379310344827594	60.60606060606061	61.66666666666667
Dialectal_normalizada	45.945945945945944	61.06870229007634	66.16541353383458