Transcripcion	Levenstein	Orden	Parcial
Estandar	53.125	81.3953488372093	74.4186046511628
Estandar_normalizada	65.38461538461539	81.3953488372093	82.5
Dialectal	53.125	81.3953488372093	74.4186046511628
Dialectal_normalizada	65.38461538461539	81.3953488372093	82.5