Transcripcion	Levenstein	Orden	Parcial
Estandar	38.297872340425535	52.63157894736843	77.27272727272727
Estandar_normalizada	41.463414634146346	52.63157894736843	84.21052631578947
Dialectal	38.297872340425535	52.63157894736843	77.27272727272727
Dialectal_normalizada	41.463414634146346	52.63157894736843	84.21052631578947