Transcripcion	Levenstein	Orden	Parcial
Estandar	21.518987341772156	35.483870967741936	38.18181818181819
Estandar_normalizada	23.611111111111114	34.14634146341463	41.9047619047619
Dialectal	21.518987341772156	35.483870967741936	38.18181818181819
Dialectal_normalizada	23.611111111111114	34.14634146341463	41.9047619047619