Transcripcion	Levenstein	Orden	Parcial
Estandar	19.23076923076923	35.59322033898306	42.10526315789473
Estandar_normalizada	23.25581395348837	39.6551724137931	44.73684210526315
Dialectal	19.23076923076923	35.59322033898306	42.10526315789473
Dialectal_normalizada	23.25581395348837	39.6551724137931	44.73684210526315