Transcripcion	Levenstein	Orden	Parcial
Estandar	25.0	42.622950819672134	43.90243902439024
Estandar_normalizada	28.947368421052634	42.622950819672134	44.99999999999999
Dialectal	25.0	42.622950819672134	43.90243902439024
Dialectal_normalizada	28.947368421052634	42.622950819672134	44.99999999999999