Transcripcion	Levenstein	Orden	Parcial
Estandar	79.48717948717949	81.15942028985508	85.29411764705883
Estandar_normalizada	83.78378378378379	81.15942028985508	84.84848484848484
Dialectal	79.48717948717949	81.15942028985508	85.29411764705883
Dialectal_normalizada	83.78378378378379	81.15942028985508	84.84848484848484