Transcripcion	Levenstein	Orden	Parcial
Estandar	18.644067796610166	32.21476510067114	34.42622950819673
Estandar_normalizada	22.549019607843135	31.081081081081084	40.74074074074075
Dialectal	18.644067796610166	32.21476510067114	34.42622950819673
Dialectal_normalizada	22.549019607843135	31.081081081081084	40.74074074074075