Transcripcion	Levenstein	Orden	Parcial
Estandar	51.49700598802396	66.92015209125475	73.27586206896552
Estandar_normalizada	54.77707006369427	67.17557251908397	75.79908675799088
Dialectal	51.49700598802396	66.92015209125475	73.27586206896552
Dialectal_normalizada	54.77707006369427	67.17557251908397	75.79908675799088