Transcripcion	Levenstein	Orden	Parcial
Estandar	48.07692307692307	57.51633986928104	64.7887323943662
Estandar_normalizada	50.526315789473685	57.89473684210527	68.11594202898551
Dialectal	48.07692307692307	57.51633986928104	64.7887323943662
Dialectal_normalizada	50.526315789473685	57.89473684210527	68.11594202898551