Transcripcion	Levenstein	Orden	Parcial
Estandar	31.25	44.705882352941174	48.71794871794872
Estandar_normalizada	32.608695652173914	44.705882352941174	48.0
Dialectal	31.25	44.705882352941174	48.71794871794872
Dialectal_normalizada	32.608695652173914	44.705882352941174	48.0