Transcripcion	Levenstein	Orden	Parcial
Estandar	73.58490566037736	80.0	83.6734693877551
Estandar_normalizada	75.51020408163265	80.0	85.1063829787234
Dialectal	73.58490566037736	80.0	83.6734693877551
Dialectal_normalizada	75.51020408163265	80.0	85.1063829787234