Transcripcion	Levenstein	Orden	Parcial
Estandar	76.31578947368422	96.55172413793103	82.53968253968253
Estandar_normalizada	87.5	96.55172413793103	91.22807017543859
Dialectal	76.31578947368422	96.55172413793103	82.53968253968253
Dialectal_normalizada	87.5	96.55172413793103	91.22807017543859