Transcripcion	Levenstein	Orden	Parcial
Estandar	44.87179487179487	64.12213740458014	74.13793103448276
Estandar_normalizada	51.94805194805194	64.61538461538461	78.89908256880733
Dialectal	44.87179487179487	64.12213740458014	74.13793103448276
Dialectal_normalizada	51.94805194805194	64.61538461538461	78.89908256880733