Transcripcion	Levenstein	Orden	Parcial
Estandar	42.11956521739131	73.77326565143825	62.04819277108433
Estandar_normalizada	51.28205128205128	73.77326565143825	77.65957446808511
Dialectal	42.11956521739131	73.77326565143825	62.04819277108433
Dialectal_normalizada	51.28205128205128	73.77326565143825	77.65957446808511