Transcripcion	Levenstein	Orden	Parcial
Estandar	43.24324324324324	75.47169811320755	74.4186046511628
Estandar_normalizada	48.484848484848484	75.47169811320755	78.94736842105263
Dialectal	43.24324324324324	75.47169811320755	74.4186046511628
Dialectal_normalizada	48.484848484848484	75.47169811320755	78.94736842105263