Transcripcion	Levenstein	Orden	Parcial
Estandar	26.262626262626267	50.48543689320388	61.33333333333333
Estandar_normalizada	34.61538461538461	50.98039215686274	71.64179104477613
Dialectal	26.262626262626267	50.48543689320388	61.33333333333333
Dialectal_normalizada	34.61538461538461	50.98039215686274	71.64179104477613