Transcripcion	Levenstein	Orden	Parcial
Estandar	14.28571428571429	22.22222222222222	33.333333333333336
Estandar_normalizada	15.789473684210531	22.22222222222222	33.333333333333336
Dialectal	14.28571428571429	22.22222222222222	33.333333333333336
Dialectal_normalizada	15.789473684210531	22.22222222222222	33.333333333333336