Transcripcion	Levenstein	Orden	Parcial
Estandar	22.22222222222222	41.666666666666664	41.666666666666664
Estandar_normalizada	21.42857142857143	41.666666666666664	43.47826086956522
Dialectal	22.22222222222222	41.666666666666664	41.666666666666664
Dialectal_normalizada	21.42857142857143	41.666666666666664	43.47826086956522