Transcripcion	Levenstein	Orden	Parcial
Estandar	50.0	61.111111111111114	68.42105263157895
Estandar_normalizada	52.17391304347826	61.111111111111114	75.0
Dialectal	50.0	61.111111111111114	68.42105263157895
Dialectal_normalizada	52.17391304347826	61.111111111111114	75.0