Transcripcion	Levenstein	Orden	Parcial
Estandar	65.49295774647888	81.32780082987551	80.65843621399176
Estandar_normalizada	71.09375	81.32780082987551	82.9059829059829
Dialectal	65.49295774647888	81.32780082987551	80.65843621399176
Dialectal_normalizada	71.09375	81.32780082987551	82.9059829059829