Transcripcion	Levenstein	Orden	Parcial
Estandar	18.518518518518523	35.483870967741936	36.36363636363637
Estandar_normalizada	21.999999999999996	35.483870967741936	51.85185185185186
Dialectal	18.518518518518523	35.483870967741936	36.36363636363637
Dialectal_normalizada	21.999999999999996	35.483870967741936	51.85185185185186