Transcripcion	Levenstein	Orden	Parcial
Estandar	34.693877551020414	73.97260273972603	57.89473684210527
Estandar_normalizada	37.5	72.22222222222221	67.64705882352942
Dialectal	34.693877551020414	73.97260273972603	57.89473684210527
Dialectal_normalizada	37.5	72.22222222222221	67.64705882352942