Transcripcion	Levenstein	Orden	Parcial
Estandar	15.909090909090907	33.89830508474576	30.000000000000004
Estandar_normalizada	22.22222222222222	31.57894736842105	40.0
Dialectal	15.909090909090907	33.89830508474576	30.000000000000004
Dialectal_normalizada	22.22222222222222	31.57894736842105	40.0