Transcripcion	Levenstein	Orden	Parcial
Estandar	7.017543859649122	14.814814814814813	25.0
Estandar_normalizada	8.510638297872342	14.814814814814813	27.27272727272727
Dialectal	7.017543859649122	14.814814814814813	25.0
Dialectal_normalizada	8.510638297872342	14.814814814814813	27.27272727272727