Transcripcion	Levenstein	Orden	Parcial
Estandar	55.263157894736835	69.50354609929079	69.93006993006993
Estandar_normalizada	58.33333333333333	69.50354609929079	74.82014388489209
Dialectal	55.263157894736835	69.50354609929079	69.93006993006993
Dialectal_normalizada	58.33333333333333	69.50354609929079	74.82014388489209