Transcripcion	Levenstein	Orden	Parcial
Estandar	31.506849315068497	54.347826086956516	55.38461538461539
Estandar_normalizada	36.065573770491795	52.74725274725275	57.14285714285714
Dialectal	31.506849315068497	54.347826086956516	55.38461538461539
Dialectal_normalizada	36.065573770491795	52.74725274725275	57.14285714285714