Transcripcion	Levenstein	Orden	Parcial
Estandar	40.54054054054054	76.36363636363637	71.69811320754718
Estandar_normalizada	47.05882352941176	76.36363636363637	86.95652173913044
Dialectal	40.54054054054054	76.36363636363637	71.69811320754718
Dialectal_normalizada	47.05882352941176	76.36363636363637	86.95652173913044