Transcripcion	Levenstein	Orden	Parcial
Estandar	45.86466165413534	61.224489795918366	57.14285714285714
Estandar_normalizada	52.542372881355924	60.82474226804124	64.13043478260869
Dialectal	45.86466165413534	61.224489795918366	57.14285714285714
Dialectal_normalizada	52.542372881355924	60.82474226804124	64.13043478260869