Transcripcion	Levenstein	Orden	Parcial
Estandar	53.21100917431192	80.82191780821918	73.26732673267327
Estandar_normalizada	61.45833333333333	81.37931034482759	77.66990291262135
Dialectal	53.21100917431192	80.82191780821918	73.26732673267327
Dialectal_normalizada	61.45833333333333	81.37931034482759	77.66990291262135