Transcripcion	Levenstein	Orden	Parcial
Estandar	45.05494505494505	74.13793103448276	95.55555555555556
Estandar_normalizada	53.94736842105263	76.10619469026548	95.55555555555556
Dialectal	45.05494505494505	74.13793103448276	95.55555555555556
Dialectal_normalizada	53.94736842105263	76.10619469026548	95.55555555555556