Transcripcion	Levenstein	Orden	Parcial
Estandar	61.29032258064516	70.37643207855973	72.63843648208469
Estandar_normalizada	67.45562130177515	70.60755336617406	78.76712328767124
Dialectal	61.35135135135135	69.95073891625616	72.75693311582381
Dialectal_normalizada	67.55952380952381	70.18121911037892	79.10958904109589