Transcripcion	Levenstein	Orden	Parcial
Estandar	74.4	91.30434782608697	85.27918781725889
Estandar_normalizada	80.34934497816593	91.0411622276029	87.5
Dialectal	74.4	91.30434782608697	85.27918781725889
Dialectal_normalizada	80.34934497816593	91.0411622276029	87.5