Transcripcion	Levenstein	Orden	Parcial
Estandar	70.10406811731316	87.29411764705883	78.04597701149424
Estandar_normalizada	78.2051282051282	87.61792452830188	84.44976076555024
Dialectal	70.00946073793756	86.8235294117647	77.93103448275862
Dialectal_normalizada	78.0982905982906	87.14622641509435	84.33014354066985