Transcripcion	Levenstein	Orden	Parcial
Estandar	7.476635514018692	17.582417582417587	54.54545454545454
Estandar_normalizada	10.22727272727273	18.181818181818176	55.55555555555556
Dialectal	7.476635514018692	17.582417582417587	54.54545454545454
Dialectal_normalizada	10.22727272727273	18.181818181818176	55.55555555555556