Transcripcion	Levenstein	Orden	Parcial
Estandar	57.89473684210527	66.95652173913044	72.80701754385966
Estandar_normalizada	67.6923076923077	66.95652173913044	79.27927927927928
Dialectal	57.89473684210527	66.95652173913044	72.80701754385966
Dialectal_normalizada	67.6923076923077	66.95652173913044	79.27927927927928