Transcripcion	Levenstein	Orden	Parcial
Estandar	75.0	90.19607843137256	85.71428571428572
Estandar_normalizada	81.4814814814815	90.19607843137256	91.30434782608697
Dialectal	75.0	90.19607843137256	85.71428571428572
Dialectal_normalizada	81.4814814814815	90.19607843137256	91.30434782608697