Transcripcion	Levenstein	Orden	Parcial
Estandar	45.38461538461539	75.77092511013215	66.8
Estandar_normalizada	52.08333333333333	75.2212389380531	78.01418439716312
Dialectal	45.38461538461539	75.77092511013215	66.8
Dialectal_normalizada	52.08333333333333	75.2212389380531	78.01418439716312