Transcripcion	Levenstein	Orden	Parcial
Estandar	28.301886792452834	47.36842105263158	51.85185185185186
Estandar_normalizada	37.254901960784316	47.36842105263158	68.08510638297872
Dialectal	28.301886792452834	47.36842105263158	51.85185185185186
Dialectal_normalizada	37.254901960784316	47.36842105263158	68.08510638297872