Transcripcion	Levenstein	Orden	Parcial
Estandar	68.0	76.40449438202246	82.6086956521739
Estandar_normalizada	73.91304347826086	76.40449438202246	84.44444444444444
Dialectal	68.0	76.40449438202246	82.6086956521739
Dialectal_normalizada	73.91304347826086	76.40449438202246	84.44444444444444