Transcripcion	Levenstein	Orden	Parcial
Estandar	33.87096774193549	56.42857142857143	68.96551724137932
Estandar_normalizada	38.888888888888886	56.83453237410072	77.64705882352942
Dialectal	33.87096774193549	56.42857142857143	68.96551724137932
Dialectal_normalizada	38.888888888888886	56.83453237410072	77.64705882352942