Transcripcion	Levenstein	Orden	Parcial
Estandar	75.25773195876289	89.7119341563786	78.54251012145748
Estandar_normalizada	83.20610687022901	90.08264462809917	86.1344537815126
Dialectal	75.25773195876289	89.7119341563786	78.54251012145748
Dialectal_normalizada	83.20610687022901	90.08264462809917	86.1344537815126