Transcripcion	Levenstein	Orden	Parcial
Estandar	28.000000000000004	40.0	35.55555555555555
Estandar_normalizada	26.086956521739136	40.0	46.15384615384615
Dialectal	28.000000000000004	40.0	35.55555555555555
Dialectal_normalizada	26.086956521739136	40.0	46.15384615384615