Transcripcion	Levenstein	Orden	Parcial
Estandar	38.41059602649006	58.091286307053934	57.74058577405859
Estandar_normalizada	47.5177304964539	59.41422594142259	68.59903381642512
Dialectal	38.41059602649006	58.091286307053934	57.74058577405859
Dialectal_normalizada	47.5177304964539	59.41422594142259	68.59903381642512