Transcripcion	Levenstein	Orden	Parcial
Estandar	21.153846153846157	36.92307692307693	47.61904761904761
Estandar_normalizada	23.913043478260864	36.92307692307693	48.484848484848484
Dialectal	21.153846153846157	36.92307692307693	47.61904761904761
Dialectal_normalizada	23.913043478260864	36.92307692307693	48.484848484848484