Transcripcion	Levenstein	Orden	Parcial
Estandar	28.57142857142857	42.10526315789473	53.57142857142857
Estandar_normalizada	30.612244897959183	40.54054054054054	56.52173913043479
Dialectal	28.57142857142857	42.10526315789473	53.57142857142857
Dialectal_normalizada	30.612244897959183	40.54054054054054	56.52173913043479