Transcripcion	Levenstein	Orden	Parcial
Estandar	21.794871794871796	51.92307692307692	46.37681159420289
Estandar_normalizada	27.941176470588236	52.94117647058824	52.94117647058824
Dialectal	21.794871794871796	51.92307692307692	46.37681159420289
Dialectal_normalizada	27.941176470588236	52.94117647058824	52.94117647058824