Transcripcion	Levenstein	Orden	Parcial
Estandar	78.94736842105263	96.96969696969697	88.88888888888889
Estandar_normalizada	88.23529411764706	96.96969696969697	96.96969696969697
Dialectal	78.94736842105263	96.96969696969697	88.88888888888889
Dialectal_normalizada	88.23529411764706	96.96969696969697	96.96969696969697