Transcripcion	Levenstein	Orden	Parcial
Estandar	56.60377358490566	60.75949367088608	80.0
Estandar_normalizada	61.36363636363637	61.53846153846154	83.78378378378379
Dialectal	56.60377358490566	60.75949367088608	80.0
Dialectal_normalizada	61.36363636363637	61.53846153846154	83.78378378378379