Transcripcion	Levenstein	Orden	Parcial
Estandar	44.827586206896555	65.82278481012658	49.382716049382715
Estandar_normalizada	57.446808510638306	64.1025641025641	56.75675675675676
Dialectal	44.827586206896555	65.82278481012658	49.382716049382715
Dialectal_normalizada	57.446808510638306	64.1025641025641	56.75675675675676