Transcripcion	Levenstein	Orden	Parcial
Estandar	75.0	87.5717017208413	79.46513849092646
Estandar_normalizada	81.81818181818181	87.50598372426998	85.58648111332008
Dialectal	75.0	87.5717017208413	79.46513849092646
Dialectal_normalizada	81.81818181818181	87.50598372426998	85.58648111332008