Transcripcion	Levenstein	Orden	Parcial
Estandar	42.85714285714286	67.70833333333333	65.92178770949721
Estandar_normalizada	47.82608695652174	68.42105263157895	72.15189873417722
Dialectal	42.85714285714286	67.70833333333333	65.92178770949721
Dialectal_normalizada	47.82608695652174	68.42105263157895	72.15189873417722