Transcripcion	Levenstein	Orden	Parcial
Estandar	53.46260387811634	72.0	67.46987951807229
Estandar_normalizada	58.4664536741214	72.03065134099617	71.57894736842105
Dialectal	53.46260387811634	72.0	67.46987951807229
Dialectal_normalizada	58.4664536741214	72.03065134099617	71.57894736842105