Transcripcion	Levenstein	Orden	Parcial
Estandar	37.688442211055275	57.0446735395189	55.47445255474452
Estandar_normalizada	43.786982248520715	58.94736842105264	59.85401459854014
Dialectal	37.688442211055275	57.0446735395189	55.47445255474452
Dialectal_normalizada	43.786982248520715	58.94736842105264	59.85401459854014