Transcripcion	Levenstein	Orden	Parcial
Estandar	18.309859154929576	40.38461538461539	31.999999999999996
Estandar_normalizada	22.857142857142854	36.89320388349514	39.473684210526315
Dialectal	18.309859154929576	40.38461538461539	31.999999999999996
Dialectal_normalizada	22.857142857142854	36.89320388349514	39.473684210526315