Transcripcion	Levenstein	Orden	Parcial
Estandar	12.0	36.8421052631579	48.484848484848484
Estandar_normalizada	23.809523809523814	37.83783783783784	53.333333333333336
Dialectal	12.0	36.8421052631579	48.484848484848484
Dialectal_normalizada	23.809523809523814	37.83783783783784	53.333333333333336