Transcripcion	Levenstein	Orden	Parcial
Estandar	50.0	94.11764705882352	88.88888888888889
Estandar_normalizada	72.72727272727273	94.11764705882352	87.5
Dialectal	50.0	94.11764705882352	88.88888888888889
Dialectal_normalizada	72.72727272727273	94.11764705882352	87.5