Transcripcion	Levenstein	Orden	Parcial
Estandar	14.28571428571429	16.666666666666664	35.71428571428571
Estandar_normalizada	12.5	16.666666666666664	38.095238095238095
Dialectal	14.28571428571429	16.666666666666664	35.71428571428571
Dialectal_normalizada	12.5	16.666666666666664	38.095238095238095