Transcripcion	Levenstein	Orden	Parcial
Estandar	17.14285714285714	30.188679245283023	38.095238095238095
Estandar_normalizada	17.14285714285714	30.188679245283023	47.36842105263158
Dialectal	17.14285714285714	30.188679245283023	38.095238095238095
Dialectal_normalizada	17.14285714285714	30.188679245283023	47.36842105263158