Transcripcion	Levenstein	Orden	Parcial
Estandar	11.111111111111116	21.052631578947366	42.85714285714286
Estandar_normalizada	14.28571428571429	21.052631578947366	42.85714285714286
Dialectal	11.111111111111116	21.052631578947366	42.85714285714286
Dialectal_normalizada	14.28571428571429	21.052631578947366	42.85714285714286