Transcripcion	Levenstein	Orden	Parcial
Estandar	56.4516129032258	63.55140186915889	72.88135593220339
Estandar_normalizada	59.64912280701755	63.55140186915889	75.47169811320755
Dialectal	56.4516129032258	63.55140186915889	72.88135593220339
Dialectal_normalizada	59.64912280701755	63.55140186915889	75.47169811320755