Transcripcion	Levenstein	Orden	Parcial
Estandar	24.13793103448276	40.0	47.36842105263158
Estandar_normalizada	23.076923076923073	40.0	55.55555555555556
Dialectal	24.13793103448276	40.0	47.36842105263158
Dialectal_normalizada	23.076923076923073	40.0	55.55555555555556