Transcripcion	Levenstein	Orden	Parcial
Estandar	51.9774011299435	56.317689530685925	67.89667896678966
Estandar_normalizada	57.59493670886076	56.52173913043479	71.59533073929961
Dialectal	51.9774011299435	56.317689530685925	67.89667896678966
Dialectal_normalizada	57.59493670886076	56.52173913043479	71.59533073929961