Transcripcion	Levenstein	Orden	Parcial
Estandar	13.235294117647056	27.73722627737226	50.0
Estandar_normalizada	14.634146341463417	27.941176470588236	47.82608695652174
Dialectal	13.235294117647056	27.73722627737226	50.0
Dialectal_normalizada	14.634146341463417	27.941176470588236	47.82608695652174