Transcripcion	Levenstein	Orden	Parcial
Estandar	12.727272727272732	30.434782608695656	100.0
Estandar_normalizada	15.217391304347828	31.11111111111111	100.0
Dialectal	12.727272727272732	30.434782608695656	100.0
Dialectal_normalizada	15.217391304347828	31.11111111111111	100.0