Transcripcion	Levenstein	Orden	Parcial
Estandar	56.48148148148149	69.6774193548387	60.75949367088608
Estandar_normalizada	67.77777777777779	67.97385620915033	74.32432432432432
Dialectal	56.48148148148149	69.6774193548387	60.75949367088608
Dialectal_normalizada	67.77777777777779	67.97385620915033	74.32432432432432