Transcripcion	Levenstein	Orden	Parcial
Estandar	28.000000000000004	48.484848484848484	48.275862068965516
Estandar_normalizada	35.71428571428571	48.484848484848484	53.57142857142857
Dialectal	28.000000000000004	48.484848484848484	48.275862068965516
Dialectal_normalizada	35.71428571428571	48.484848484848484	53.57142857142857