Transcripcion	Levenstein	Orden	Parcial
Estandar	35.08771929824561	44.44444444444444	53.191489361702125
Estandar_normalizada	40.35087719298246	40.816326530612244	55.42168674698795
Dialectal	35.08771929824561	44.44444444444444	53.191489361702125
Dialectal_normalizada	40.35087719298246	40.816326530612244	55.42168674698795