Transcripcion	Levenstein	Orden	Parcial
Estandar	64.63414634146342	80.93645484949833	80.0
Estandar_normalizada	71.69811320754718	80.93645484949833	79.05405405405406
Dialectal	65.85365853658536	82.15488215488216	79.62962962962963
Dialectal_normalizada	72.9559748427673	82.15488215488216	78.76712328767124