Transcripcion	Levenstein	Orden	Parcial
Estandar	75.0	92.3076923076923	84.21052631578947
Estandar_normalizada	81.81818181818181	92.3076923076923	84.84848484848484
Dialectal	75.0	92.3076923076923	84.21052631578947
Dialectal_normalizada	81.81818181818181	92.3076923076923	84.84848484848484