Transcripcion	Levenstein	Orden	Parcial
Estandar	52.459016393442624	49.48453608247423	60.86956521739131
Estandar_normalizada	58.18181818181818	49.48453608247423	64.44444444444444
Dialectal	52.459016393442624	49.48453608247423	60.86956521739131
Dialectal_normalizada	58.18181818181818	49.48453608247423	64.44444444444444