Transcripcion	Levenstein	Orden	Parcial
Estandar	12.195121951219512	31.055900621118017	43.58974358974359
Estandar_normalizada	14.70588235294118	31.84713375796179	48.71794871794872
Dialectal	12.195121951219512	31.055900621118017	43.58974358974359
Dialectal_normalizada	14.70588235294118	31.84713375796179	48.71794871794872