Transcripcion	Levenstein	Orden	Parcial
Estandar	50.64935064935065	59.42028985507246	63.38028169014085
Estandar_normalizada	53.42465753424658	59.42028985507246	64.56692913385827
Dialectal	50.64935064935065	59.42028985507246	63.38028169014085
Dialectal_normalizada	53.42465753424658	59.42028985507246	64.56692913385827