Transcripcion	Levenstein	Orden	Parcial
Estandar	7.4074074074074066	8.333333333333337	36.36363636363637
Estandar_normalizada	6.382978723404253	8.510638297872342	40.0
Dialectal	7.4074074074074066	8.333333333333337	36.36363636363637
Dialectal_normalizada	6.382978723404253	8.510638297872342	40.0