Transcripcion	Levenstein	Orden	Parcial
Estandar	29.059829059829056	60.91954022988506	44.44444444444444
Estandar_normalizada	31.000000000000007	61.27167630057804	50.0
Dialectal	29.059829059829056	60.91954022988506	44.44444444444444
Dialectal_normalizada	31.000000000000007	61.27167630057804	50.0