Transcripcion	Levenstein	Orden	Parcial
Estandar	14.893617021276595	29.09090909090909	33.333333333333336
Estandar_normalizada	16.216216216216218	29.09090909090909	40.0
Dialectal	14.893617021276595	29.09090909090909	33.333333333333336
Dialectal_normalizada	16.216216216216218	29.09090909090909	40.0