Transcripcion	Levenstein	Orden	Parcial
Estandar	9.85401459854015	21.498371335504885	39.583333333333336
Estandar_normalizada	10.820895522388064	20.394736842105267	45.238095238095234
Dialectal	9.85401459854015	21.498371335504885	39.583333333333336
Dialectal_normalizada	10.820895522388064	20.394736842105267	45.238095238095234