Transcripcion	Levenstein	Orden	Parcial
Estandar	25.0	30.76923076923077	35.89743589743589
Estandar_normalizada	21.739130434782606	30.76923076923077	35.29411764705882
Dialectal	25.0	30.76923076923077	35.89743589743589
Dialectal_normalizada	21.739130434782606	30.76923076923077	35.29411764705882