Transcripcion	Levenstein	Orden	Parcial
Estandar	15.151515151515149	41.379310344827594	37.5
Estandar_normalizada	24.242424242424242	41.379310344827594	40.90909090909091
Dialectal	15.151515151515149	41.379310344827594	37.5
Dialectal_normalizada	24.242424242424242	41.379310344827594	40.90909090909091