Transcripcion	Levenstein	Orden	Parcial
Estandar	47.82608695652174	76.92307692307692	88.57142857142857
Estandar_normalizada	58.18181818181818	77.92207792207793	93.75
Dialectal	47.82608695652174	76.92307692307692	88.57142857142857
Dialectal_normalizada	58.18181818181818	77.92207792207793	93.75