Transcripcion	Levenstein	Orden	Parcial
Estandar	18.9873417721519	33.057851239669425	36.36363636363637
Estandar_normalizada	20.270270270270274	31.666666666666664	41.9753086419753
Dialectal	18.9873417721519	33.057851239669425	36.36363636363637
Dialectal_normalizada	20.270270270270274	31.666666666666664	41.9753086419753