Transcripcion	Levenstein	Orden	Parcial
Estandar	40.0	60.689655172413794	52.112676056338024
Estandar_normalizada	47.25274725274725	58.33333333333333	63.86554621848739
Dialectal	38.46153846153846	58.33333333333333	52.112676056338024
Dialectal_normalizada	45.55555555555556	55.94405594405594	63.86554621848739