Transcripcion	Levenstein	Orden	Parcial
Estandar	32.49999999999999	40.0	66.66666666666667
Estandar_normalizada	35.71428571428571	40.0	65.71428571428571
Dialectal	32.49999999999999	40.0	66.66666666666667
Dialectal_normalizada	35.71428571428571	40.0	65.71428571428571