Transcripcion	Levenstein	Orden	Parcial
Estandar	21.62162162162162	35.71428571428571	40.0
Estandar_normalizada	22.580645161290324	36.36363636363637	44.44444444444444
Dialectal	21.62162162162162	35.71428571428571	40.0
Dialectal_normalizada	22.580645161290324	36.36363636363637	44.44444444444444