Transcripcion	Levenstein	Orden	Parcial
Estandar	46.29629629629629	67.41573033707866	75.32467532467533
Estandar_normalizada	50.943396226415096	67.41573033707866	80.55555555555556
Dialectal	46.29629629629629	67.41573033707866	75.32467532467533
Dialectal_normalizada	50.943396226415096	67.41573033707866	80.55555555555556