Transcripcion	Levenstein	Orden	Parcial
Estandar	30.434782608695656	70.27027027027026	66.66666666666667
Estandar_normalizada	50.0	70.27027027027026	82.35294117647058
Dialectal	30.434782608695656	70.27027027027026	66.66666666666667
Dialectal_normalizada	50.0	70.27027027027026	82.35294117647058