Transcripcion	Levenstein	Orden	Parcial
Estandar	61.61616161616161	74.69879518072288	69.56521739130434
Estandar_normalizada	69.6629213483146	75.60975609756098	77.46478873239437
Dialectal	61.61616161616161	74.69879518072288	69.56521739130434
Dialectal_normalizada	69.6629213483146	75.60975609756098	77.46478873239437