Transcripcion	Levenstein	Orden	Parcial
Estandar	28.82096069868996	39.869281045751634	60.11560693641618
Estandar_normalizada	29.864253393665162	39.34426229508197	63.80368098159509
Dialectal	28.82096069868996	39.869281045751634	60.11560693641618
Dialectal_normalizada	29.864253393665162	39.34426229508197	63.80368098159509