Transcripcion	Levenstein	Orden	Parcial
Estandar	50.0	68.08510638297872	86.36363636363636
Estandar_normalizada	51.61290322580645	68.08510638297872	94.11764705882352
Dialectal	50.0	68.08510638297872	86.36363636363636
Dialectal_normalizada	51.61290322580645	68.08510638297872	94.11764705882352