Transcripcion	Levenstein	Orden	Parcial
Estandar	21.153846153846157	32.55813953488372	44.21052631578948
Estandar_normalizada	23.913043478260864	32.55813953488372	46.34146341463414
Dialectal	21.153846153846157	32.55813953488372	44.21052631578948
Dialectal_normalizada	23.913043478260864	32.55813953488372	46.34146341463414