Transcripcion	Levenstein	Orden	Parcial
Estandar	15.555555555555555	31.68316831683168	37.735849056603776
Estandar_normalizada	20.779220779220775	31.999999999999996	40.67796610169492
Dialectal	15.555555555555555	31.68316831683168	37.735849056603776
Dialectal_normalizada	20.779220779220775	31.999999999999996	40.67796610169492