Transcripcion	Levenstein	Orden	Parcial
Estandar	50.655021834061145	63.681592039801	64.76190476190476
Estandar_normalizada	54.28571428571429	63.84039900249376	67.66169154228857
Dialectal	50.655021834061145	63.681592039801	64.76190476190476
Dialectal_normalizada	54.28571428571429	63.84039900249376	67.66169154228857