Transcripcion	Levenstein	Orden	Parcial
Estandar	13.33333333333333	27.55344418052257	41.9753086419753
Estandar_normalizada	14.525139664804465	26.730310262529834	48.4375
Dialectal	13.33333333333333	27.55344418052257	41.9753086419753
Dialectal_normalizada	14.525139664804465	26.730310262529834	48.4375