Transcripcion	Levenstein	Orden	Parcial
Estandar	12.765957446808507	30.76923076923077	40.0
Estandar_normalizada	14.28571428571429	27.450980392156865	42.10526315789473
Dialectal	12.765957446808507	30.76923076923077	40.0
Dialectal_normalizada	14.28571428571429	27.450980392156865	42.10526315789473