Transcripcion	Levenstein	Orden	Parcial
Estandar	38.775510204081634	70.73170731707317	68.18181818181819
Estandar_normalizada	48.88888888888889	70.73170731707317	81.08108108108108
Dialectal	38.775510204081634	70.73170731707317	68.18181818181819
Dialectal_normalizada	48.88888888888889	70.73170731707317	81.08108108108108