Transcripcion	Levenstein	Orden	Parcial
Estandar	57.61904761904761	70.58823529411764	68.85245901639344
Estandar_normalizada	62.63157894736842	70.58823529411764	74.01129943502825
Dialectal	57.61904761904761	70.58823529411764	68.85245901639344
Dialectal_normalizada	62.63157894736842	70.58823529411764	74.01129943502825