Transcripcion	Levenstein	Orden	Parcial
Estandar	11.764705882352944	31.11111111111111	34.48275862068966
Estandar_normalizada	14.70588235294118	31.11111111111111	50.0
Dialectal	11.764705882352944	31.11111111111111	34.48275862068966
Dialectal_normalizada	14.70588235294118	31.11111111111111	50.0