Transcripcion	Levenstein	Orden	Parcial
Estandar	13.636363636363635	36.36363636363637	62.5
Estandar_normalizada	17.948717948717952	37.2093023255814	62.5
Dialectal	13.636363636363635	36.36363636363637	62.5
Dialectal_normalizada	17.948717948717952	37.2093023255814	62.5