Transcripcion	Levenstein	Orden	Parcial
Estandar	48.66666666666667	70.85201793721974	70.10309278350515
Estandar_normalizada	53.67647058823529	71.49321266968326	72.34042553191489
Dialectal	48.66666666666667	70.85201793721974	70.10309278350515
Dialectal_normalizada	53.67647058823529	71.49321266968326	72.34042553191489