Transcripcion	Levenstein	Orden	Parcial
Estandar	22.22222222222222	43.18181818181818	37.83783783783784
Estandar_normalizada	21.875	43.67816091954023	40.476190476190474
Dialectal	22.22222222222222	43.18181818181818	37.83783783783784
Dialectal_normalizada	21.875	43.67816091954023	40.476190476190474