Transcripcion	Levenstein	Orden	Parcial
Estandar	52.29885057471264	69.13123844731977	64.41947565543072
Estandar_normalizada	58.862876254180605	69.14498141263941	69.37984496124031
Dialectal	52.29885057471264	69.13123844731977	64.41947565543072
Dialectal_normalizada	58.862876254180605	69.14498141263941	69.37984496124031