Transcripcion	Levenstein	Orden	Parcial
Estandar	18.42105263157895	29.508196721311474	41.509433962264154
Estandar_normalizada	14.70588235294118	33.333333333333336	43.13725490196079
Dialectal	18.42105263157895	29.508196721311474	41.509433962264154
Dialectal_normalizada	14.70588235294118	33.333333333333336	43.13725490196079