Transcripcion	Levenstein	Orden	Parcial
Estandar	12.264150943396224	25.0	36.66666666666667
Estandar_normalizada	15.463917525773196	25.423728813559322	47.82608695652174
Dialectal	12.264150943396224	25.0	36.66666666666667
Dialectal_normalizada	15.463917525773196	25.423728813559322	47.82608695652174