Transcripcion	Levenstein	Orden	Parcial
Estandar	5.882352941176472	10.526315789473683	25.0
Estandar_normalizada	5.882352941176472	10.526315789473683	33.333333333333336
Dialectal	5.882352941176472	10.526315789473683	25.0
Dialectal_normalizada	5.882352941176472	10.526315789473683	33.333333333333336