Transcripcion	Levenstein	Orden	Parcial
Estandar	43.333333333333336	56.60377358490566	66.66666666666667
Estandar_normalizada	58.62068965517242	56.60377358490566	81.63265306122449
Dialectal	43.333333333333336	56.60377358490566	66.66666666666667
Dialectal_normalizada	58.62068965517242	56.60377358490566	81.63265306122449