Transcripcion	Levenstein	Orden	Parcial
Estandar	50.61058344640435	70.04291845493562	63.74367622259696
Estandar_normalizada	56.346749226006196	69.49006050129645	70.43010752688173
Dialectal	50.4774897680764	70.11197243755383	63.74367622259696
Dialectal_normalizada	56.38629283489096	69.55767562879444	70.43010752688173