Transcripcion	Levenstein	Orden	Parcial
Estandar	19.999999999999996	35.61643835616438	38.888888888888886
Estandar_normalizada	25.64102564102564	35.61643835616438	40.57971014492754
Dialectal	19.999999999999996	35.61643835616438	38.888888888888886
Dialectal_normalizada	25.64102564102564	35.61643835616438	40.57971014492754