Transcripcion	Levenstein	Orden	Parcial
Estandar	51.26582278481013	70.69767441860465	61.98830409356726
Estandar_normalizada	58.518518518518526	71.02803738317758	70.27027027027026
Dialectal	51.26582278481013	70.69767441860465	61.98830409356726
Dialectal_normalizada	58.518518518518526	71.02803738317758	70.27027027027026