Transcripcion	Levenstein	Orden	Parcial
Estandar	53.48837209302326	85.71428571428572	88.46153846153845
Estandar_normalizada	68.57142857142857	85.71428571428572	92.0
Dialectal	53.48837209302326	85.71428571428572	88.46153846153845
Dialectal_normalizada	68.57142857142857	85.71428571428572	92.0