Transcripcion	Levenstein	Orden	Parcial
Estandar	26.086956521739136	48.366013071895416	44.26229508196722
Estandar_normalizada	31.313131313131315	49.006622516556284	53.448275862068975
Dialectal	26.086956521739136	48.366013071895416	44.26229508196722
Dialectal_normalizada	31.313131313131315	49.006622516556284	53.448275862068975