Transcripcion	Levenstein	Orden	Parcial
Estandar	33.84615384615385	52.17391304347826	61.111111111111114
Estandar_normalizada	33.89830508474576	52.17391304347826	61.111111111111114
Dialectal	33.84615384615385	52.17391304347826	61.111111111111114
Dialectal_normalizada	33.89830508474576	52.17391304347826	61.111111111111114