Transcripcion	Levenstein	Orden	Parcial
Estandar	35.44303797468354	60.46511627906976	68.88888888888889
Estandar_normalizada	39.16083916083915	61.03286384976525	78.94736842105263
Dialectal	35.44303797468354	60.46511627906976	68.88888888888889
Dialectal_normalizada	39.16083916083915	61.03286384976525	78.94736842105263