Transcripcion	Levenstein	Orden	Parcial
Estandar	42.750929368029745	64.12005457025921	61.58536585365854
Estandar_normalizada	49.34782608695652	64.01098901098901	69.2063492063492
Dialectal	42.750929368029745	64.12005457025921	61.58536585365854
Dialectal_normalizada	49.34782608695652	64.01098901098901	69.2063492063492