Transcripcion	Levenstein	Orden	Parcial
Estandar	25.76687116564417	40.17467248908297	43.13725490196079
Estandar_normalizada	28.666666666666664	40.35087719298246	44.44444444444444
Dialectal	25.76687116564417	40.17467248908297	43.13725490196079
Dialectal_normalizada	28.666666666666664	40.35087719298246	44.44444444444444