Transcripcion	Levenstein	Orden	Parcial
Estandar	20.70484581497798	45.42124542124542	54.3046357615894
Estandar_normalizada	22.66009852216748	45.75645756457565	58.50340136054422
Dialectal	20.70484581497798	45.42124542124542	54.3046357615894
Dialectal_normalizada	22.66009852216748	45.75645756457565	58.50340136054422