Transcripcion	Levenstein	Orden	Parcial
Estandar	58.666666666666664	72.59259259259258	77.51937984496125
Estandar_normalizada	61.9718309859155	68.65671641791045	80.99173553719008
Dialectal	58.666666666666664	72.59259259259258	77.51937984496125
Dialectal_normalizada	61.9718309859155	68.65671641791045	80.99173553719008