Transcripcion	Levenstein	Orden	Parcial
Estandar	31.57894736842105	33.333333333333336	51.85185185185186
Estandar_normalizada	32.35294117647059	33.333333333333336	54.16666666666667
Dialectal	31.57894736842105	33.333333333333336	51.85185185185186
Dialectal_normalizada	32.35294117647059	33.333333333333336	54.16666666666667