Transcripcion	Levenstein	Orden	Parcial
Estandar	28.301886792452834	55.714285714285715	57.377049180327866
Estandar_normalizada	34.09090909090909	58.3941605839416	60.952380952380956
Dialectal	28.301886792452834	55.714285714285715	57.377049180327866
Dialectal_normalizada	34.09090909090909	58.3941605839416	60.952380952380956