Transcripcion	Levenstein	Orden	Parcial
Estandar	76.92307692307692	79.45205479452055	84.93150684931507
Estandar_normalizada	78.37837837837837	79.45205479452055	85.71428571428572
Dialectal	76.92307692307692	79.45205479452055	84.93150684931507
Dialectal_normalizada	78.37837837837837	79.45205479452055	85.71428571428572