Transcripcion	Levenstein	Orden	Parcial
Estandar	6.666666666666665	25.0	18.181818181818176
Estandar_normalizada	13.888888888888884	25.64102564102564	33.333333333333336
Dialectal	6.666666666666665	25.0	18.181818181818176
Dialectal_normalizada	13.888888888888884	25.64102564102564	33.333333333333336