Transcripcion	Levenstein	Orden	Parcial
Estandar	57.258064516129025	75.2808988764045	88.1578947368421
Estandar_normalizada	63.30275229357798	75.70621468926554	91.0344827586207
Dialectal	57.258064516129025	75.2808988764045	88.1578947368421
Dialectal_normalizada	63.30275229357798	75.70621468926554	91.0344827586207