Transcripcion	Levenstein	Orden	Parcial
Estandar	47.05882352941176	62.16216216216216	61.9718309859155
Estandar_normalizada	49.382716049382715	62.16216216216216	64.23357664233576
Dialectal	47.05882352941176	62.16216216216216	61.9718309859155
Dialectal_normalizada	49.382716049382715	62.16216216216216	64.23357664233576