Transcripcion	Levenstein	Orden	Parcial
Estandar	27.906976744186053	46.666666666666664	51.92307692307692
Estandar_normalizada	33.03571428571429	47.61904761904761	59.09090909090908
Dialectal	27.906976744186053	46.666666666666664	51.92307692307692
Dialectal_normalizada	33.03571428571429	47.61904761904761	59.09090909090908