Transcripcion	Levenstein	Orden	Parcial
Estandar	65.76576576576576	74.61139896373057	78.49462365591397
Estandar_normalizada	69.52380952380952	74.61139896373057	81.31868131868131
Dialectal	65.76576576576576	74.61139896373057	78.49462365591397
Dialectal_normalizada	69.52380952380952	74.61139896373057	81.31868131868131