Transcripcion	Levenstein	Orden	Parcial
Estandar	9.756097560975608	22.22222222222222	30.76923076923077
Estandar_normalizada	13.513513513513509	22.22222222222222	40.0
Dialectal	9.756097560975608	22.22222222222222	30.76923076923077
Dialectal_normalizada	13.513513513513509	22.22222222222222	40.0