Transcripcion	Levenstein	Orden	Parcial
Estandar	51.162790697674424	62.06896551724138	68.18181818181819
Estandar_normalizada	59.45945945945945	62.06896551724138	73.17073170731707
Dialectal	51.162790697674424	62.06896551724138	68.18181818181819
Dialectal_normalizada	59.45945945945945	62.06896551724138	73.17073170731707