Transcripcion	Levenstein	Orden	Parcial
Estandar	11.702127659574469	19.834710743801654	27.27272727272727
Estandar_normalizada	11.702127659574469	19.834710743801654	31.57894736842105
Dialectal	11.702127659574469	19.834710743801654	27.27272727272727
Dialectal_normalizada	11.702127659574469	19.834710743801654	31.57894736842105