Transcripcion	Levenstein	Orden	Parcial
Estandar	88.88888888888889	99.06542056074767	94.64285714285714
Estandar_normalizada	92.98245614035088	99.06542056074767	96.22641509433963
Dialectal	88.88888888888889	99.06542056074767	94.64285714285714
Dialectal_normalizada	92.98245614035088	99.06542056074767	96.22641509433963