Transcripcion	Levenstein	Orden	Parcial
Estandar	34.84848484848485	60.97560975609756	50.0
Estandar_normalizada	48.0	60.97560975609756	55.696202531645575
Dialectal	34.84848484848485	60.97560975609756	50.0
Dialectal_normalizada	48.0	60.97560975609756	55.696202531645575