Transcripcion	Levenstein	Orden	Parcial
Estandar	27.956989247311824	51.72413793103448	80.55555555555556
Estandar_normalizada	30.58823529411765	51.72413793103448	82.85714285714285
Dialectal	27.956989247311824	51.72413793103448	80.55555555555556
Dialectal_normalizada	30.58823529411765	51.72413793103448	82.85714285714285