Transcripcion	Levenstein	Orden	Parcial
Estandar	74.91525423728814	86.06060606060606	80.85106382978724
Estandar_normalizada	81.61764705882352	86.23481781376519	87.34177215189874
Dialectal	74.91525423728814	86.06060606060606	80.85106382978724
Dialectal_normalizada	81.61764705882352	86.23481781376519	87.34177215189874