Transcripcion	Levenstein	Orden	Parcial
Estandar	49.152542372881356	56.81818181818181	59.61538461538461
Estandar_normalizada	53.191489361702125	56.81818181818181	65.95744680851064
Dialectal	49.152542372881356	56.81818181818181	59.61538461538461
Dialectal_normalizada	53.191489361702125	56.81818181818181	65.95744680851064