Transcripcion	Levenstein	Orden	Parcial
Estandar	63.33333333333333	72.0	82.6086956521739
Estandar_normalizada	67.85714285714286	72.0	86.36363636363636
Dialectal	63.33333333333333	72.0	82.6086956521739
Dialectal_normalizada	67.85714285714286	72.0	86.36363636363636