Transcripcion	Levenstein	Orden	Parcial
Estandar	48.275862068965516	72.72727272727273	61.66666666666667
Estandar_normalizada	54.36893203883495	73.20261437908498	69.4915254237288
Dialectal	48.275862068965516	72.72727272727273	61.66666666666667
Dialectal_normalizada	54.36893203883495	73.20261437908498	69.4915254237288