Transcripcion	Levenstein	Orden	Parcial
Estandar	49.33333333333333	88.37209302325581	80.48780487804879
Estandar_normalizada	64.91228070175438	88.37209302325581	89.47368421052632
Dialectal	49.33333333333333	88.37209302325581	80.48780487804879
Dialectal_normalizada	64.91228070175438	88.37209302325581	89.47368421052632