Transcripcion	Levenstein	Orden	Parcial
Estandar	65.38461538461539	92.6829268292683	85.71428571428572
Estandar_normalizada	81.81818181818181	92.6829268292683	90.47619047619048
Dialectal	65.38461538461539	92.6829268292683	85.71428571428572
Dialectal_normalizada	81.81818181818181	92.6829268292683	90.47619047619048