Transcripcion	Levenstein	Orden	Parcial
Estandar	11.111111111111116	30.76923076923077	36.36363636363637
Estandar_normalizada	0.0	30.76923076923077	36.36363636363637
Dialectal	11.111111111111116	30.76923076923077	36.36363636363637
Dialectal_normalizada	0.0	30.76923076923077	36.36363636363637