Transcripcion	Levenstein	Orden	Parcial
Estandar	46.391752577319586	62.35294117647059	60.11560693641618
Estandar_normalizada	47.19101123595506	62.35294117647059	62.96296296296296
Dialectal	46.391752577319586	62.35294117647059	60.11560693641618
Dialectal_normalizada	47.19101123595506	62.35294117647059	62.96296296296296