Transcripcion	Levenstein	Orden	Parcial
Estandar	66.66666666666667	83.9907192575406	78.0952380952381
Estandar_normalizada	74.07407407407408	83.9907192575406	84.23645320197043
Dialectal	66.66666666666667	83.9907192575406	78.0952380952381
Dialectal_normalizada	74.07407407407408	83.9907192575406	84.23645320197043