Transcripcion	Levenstein	Orden	Parcial
Estandar	17.152103559870547	29.691876750700285	46.35761589403974
Estandar_normalizada	17.905405405405407	29.691876750700285	50.76923076923077
Dialectal	17.152103559870547	29.691876750700285	46.35761589403974
Dialectal_normalizada	17.905405405405407	29.691876750700285	50.76923076923077