Transcripcion	Levenstein	Orden	Parcial
Estandar	18.75	32.786885245901644	34.285714285714285
Estandar_normalizada	21.739130434782606	32.786885245901644	38.888888888888886
Dialectal	18.75	32.786885245901644	34.285714285714285
Dialectal_normalizada	21.739130434782606	32.786885245901644	38.888888888888886