Transcripcion	Levenstein	Orden	Parcial
Estandar	22.22222222222222	30.000000000000004	34.78260869565217
Estandar_normalizada	23.809523809523814	30.000000000000004	37.5
Dialectal	22.22222222222222	30.000000000000004	34.78260869565217
Dialectal_normalizada	23.809523809523814	30.000000000000004	37.5