Transcripcion	Levenstein	Orden	Parcial
Estandar	22.164948453608247	44.35146443514645	39.81481481481482
Estandar_normalizada	27.388535031847137	44.067796610169495	44.99999999999999
Dialectal	22.164948453608247	44.35146443514645	39.81481481481482
Dialectal_normalizada	27.388535031847137	44.067796610169495	44.99999999999999