Transcripcion	Levenstein	Orden	Parcial
Estandar	19.047619047619047	28.148148148148145	42.85714285714286
Estandar_normalizada	19.999999999999996	28.148148148148145	46.875
Dialectal	19.047619047619047	28.148148148148145	42.85714285714286
Dialectal_normalizada	19.999999999999996	28.148148148148145	46.875