Transcripcion	Levenstein	Orden	Parcial
Estandar	69.41176470588235	78.01418439716312	80.59701492537313
Estandar_normalizada	73.41772151898735	78.01418439716312	83.07692307692307
Dialectal	69.41176470588235	78.01418439716312	80.59701492537313
Dialectal_normalizada	73.41772151898735	78.01418439716312	83.07692307692307