Transcripcion	Levenstein	Orden	Parcial
Estandar	57.05128205128205	65.90909090909092	70.89552238805969
Estandar_normalizada	59.71223021582735	65.39923954372624	74.60317460317461
Dialectal	55.1948051948052	64.88549618320612	69.92481203007519
Dialectal_normalizada	57.664233576642346	64.36781609195403	73.6