Transcripcion	Levenstein	Orden	Parcial
Estandar	41.73228346456693	67.24890829694323	63.49206349206349
Estandar_normalizada	47.96747967479674	67.24890829694323	71.42857142857143
Dialectal	41.73228346456693	67.24890829694323	63.49206349206349
Dialectal_normalizada	47.96747967479674	67.24890829694323	71.42857142857143