Transcripcion	Levenstein	Orden	Parcial
Estandar	32.27848101265823	60.91954022988506	57.33333333333333
Estandar_normalizada	43.333333333333336	60.91954022988506	62.5
Dialectal	32.27848101265823	60.91954022988506	57.33333333333333
Dialectal_normalizada	43.333333333333336	60.91954022988506	62.5