Transcripcion	Levenstein	Orden	Parcial
Estandar	68.50393700787401	80.55130168453293	82.01892744479495
Estandar_normalizada	73.52112676056338	80.55130168453293	85.25641025641025
Dialectal	68.50393700787401	80.55130168453293	82.01892744479495
Dialectal_normalizada	73.52112676056338	80.55130168453293	85.25641025641025