Transcripcion	Levenstein	Orden	Parcial
Estandar	58.53658536585367	66.66666666666667	73.97260273972603
Estandar_normalizada	62.857142857142854	66.66666666666667	76.47058823529412
Dialectal	58.53658536585367	66.66666666666667	73.97260273972603
Dialectal_normalizada	62.857142857142854	66.66666666666667	76.47058823529412