Transcripcion	Levenstein	Orden	Parcial
Estandar	18.918918918918916	39.28571428571429	36.8421052631579
Estandar_normalizada	18.181818181818176	39.28571428571429	38.888888888888886
Dialectal	18.918918918918916	39.28571428571429	36.8421052631579
Dialectal_normalizada	18.181818181818176	39.28571428571429	38.888888888888886