Transcripcion	Levenstein	Orden	Parcial
Estandar	62.77602523659306	71.48288973384031	70.65217391304348
Estandar_normalizada	66.31578947368422	71.48288973384031	75.24366471734893
Dialectal	62.77602523659306	71.48288973384031	70.65217391304348
Dialectal_normalizada	66.31578947368422	71.48288973384031	75.24366471734893