Transcripcion	Levenstein	Orden	Parcial
Estandar	15.555555555555555	31.25	31.034482758620683
Estandar_normalizada	18.42105263157895	31.746031746031743	37.03703703703704
Dialectal	15.555555555555555	31.25	31.034482758620683
Dialectal_normalizada	18.42105263157895	31.746031746031743	37.03703703703704