Transcripcion	Levenstein	Orden	Parcial
Estandar	77.41935483870968	85.18518518518519	84.90566037735849
Estandar_normalizada	82.75862068965517	85.18518518518519	84.61538461538461
Dialectal	77.41935483870968	85.18518518518519	84.90566037735849
Dialectal_normalizada	82.75862068965517	85.18518518518519	84.61538461538461