Transcripcion	Levenstein	Orden	Parcial
Estandar	66.66666666666667	64.86486486486487	70.88607594936708
Estandar_normalizada	70.0	64.86486486486487	81.57894736842105
Dialectal	66.66666666666667	64.86486486486487	70.88607594936708
Dialectal_normalizada	70.0	64.86486486486487	81.57894736842105