Transcripcion	Levenstein	Orden	Parcial
Estandar	11.940298507462687	30.952380952380953	26.66666666666667
Estandar_normalizada	19.047619047619047	30.952380952380953	39.13043478260869
Dialectal	11.940298507462687	30.952380952380953	26.66666666666667
Dialectal_normalizada	19.047619047619047	30.952380952380953	39.13043478260869