Transcripcion	Levenstein	Orden	Parcial
Estandar	43.90243902439024	58.730158730158735	73.58490566037736
Estandar_normalizada	47.36842105263158	58.730158730158735	75.0
Dialectal	43.90243902439024	58.730158730158735	73.58490566037736
Dialectal_normalizada	47.36842105263158	58.730158730158735	75.0