Transcripcion	Levenstein	Orden	Parcial
Estandar	55.223880597014926	56.86274509803921	80.85106382978724
Estandar_normalizada	62.71186440677966	56.86274509803921	80.43478260869566
Dialectal	55.223880597014926	56.86274509803921	80.85106382978724
Dialectal_normalizada	62.71186440677966	56.86274509803921	80.43478260869566