Transcripcion	Levenstein	Orden	Parcial
Estandar	18.181818181818176	32.68482490272373	52.25225225225225
Estandar_normalizada	19.21182266009852	32.68482490272373	56.86274509803921
Dialectal	18.181818181818176	32.68482490272373	52.25225225225225
Dialectal_normalizada	19.21182266009852	32.68482490272373	56.86274509803921