Transcripcion	Levenstein	Orden	Parcial
Estandar	39.0	52.4822695035461	72.09302325581395
Estandar_normalizada	42.26804123711341	52.4822695035461	77.10843373493977
Dialectal	39.0	52.4822695035461	72.09302325581395
Dialectal_normalizada	42.26804123711341	52.4822695035461	77.10843373493977