Transcripcion	Levenstein	Orden	Parcial
Estandar	60.83743842364532	81.91027496382056	70.40229885057472
Estandar_normalizada	67.37967914438502	81.91027496382056	76.57657657657657
Dialectal	60.83743842364532	81.91027496382056	70.40229885057472
Dialectal_normalizada	67.37967914438502	81.91027496382056	76.57657657657657