Transcripcion	Levenstein	Orden	Parcial
Estandar	63.41463414634146	70.27027027027026	80.90128755364807
Estandar_normalizada	65.89595375722543	70.27027027027026	83.23959505061868
Dialectal	63.41463414634146	70.27027027027026	80.90128755364807
Dialectal_normalizada	65.89595375722543	70.27027027027026	83.23959505061868