Transcripcion	Levenstein	Orden	Parcial
Estandar	55.172413793103445	68.23529411764706	67.5
Estandar_normalizada	65.99999999999999	68.23529411764706	71.7948717948718
Dialectal	55.172413793103445	68.23529411764706	67.5
Dialectal_normalizada	65.99999999999999	68.23529411764706	71.7948717948718