Transcripcion	Levenstein	Orden	Parcial
Estandar	19.999999999999996	35.9375	33.62831858407079
Estandar_normalizada	25.30120481927711	33.07086614173228	37.77777777777778
Dialectal	19.999999999999996	35.9375	33.62831858407079
Dialectal_normalizada	25.30120481927711	33.07086614173228	37.77777777777778