Transcripcion	Levenstein	Orden	Parcial
Estandar	42.3728813559322	55.10204081632652	59.34065934065934
Estandar_normalizada	43.63636363636364	55.10204081632652	60.46511627906976
Dialectal	42.3728813559322	55.10204081632652	59.34065934065934
Dialectal_normalizada	43.63636363636364	55.10204081632652	60.46511627906976