Transcripcion	Levenstein	Orden	Parcial
Estandar	32.35294117647059	40.86021505376344	51.21951219512195
Estandar_normalizada	36.66666666666667	40.86021505376344	59.45945945945945
Dialectal	32.35294117647059	40.86021505376344	51.21951219512195
Dialectal_normalizada	36.66666666666667	40.86021505376344	59.45945945945945