Transcripcion	Levenstein	Orden	Parcial
Estandar	51.330798479087456	69.12442396313364	64.76190476190476
Estandar_normalizada	56.666666666666664	69.28406466512702	69.95073891625616
Dialectal	51.330798479087456	69.12442396313364	64.76190476190476
Dialectal_normalizada	56.666666666666664	69.28406466512702	69.95073891625616