Transcripcion	Levenstein	Orden	Parcial
Estandar	30.76923076923077	52.0	58.82352941176471
Estandar_normalizada	34.285714285714285	52.0	58.82352941176471
Dialectal	30.76923076923077	52.0	58.82352941176471
Dialectal_normalizada	34.285714285714285	52.0	58.82352941176471