Transcripcion	Levenstein	Orden	Parcial
Estandar	54.761904761904766	82.75862068965517	75.86206896551724
Estandar_normalizada	70.58823529411764	82.75862068965517	83.63636363636364
Dialectal	54.761904761904766	82.75862068965517	75.86206896551724
Dialectal_normalizada	70.58823529411764	82.75862068965517	83.63636363636364