Transcripcion	Levenstein	Orden	Parcial
Estandar	25.64102564102564	32.72727272727273	40.90909090909091
Estandar_normalizada	28.57142857142857	32.72727272727273	40.90909090909091
Dialectal	25.64102564102564	32.72727272727273	40.90909090909091
Dialectal_normalizada	28.57142857142857	32.72727272727273	40.90909090909091