Transcripcion	Levenstein	Orden	Parcial
Estandar	15.000000000000002	26.388888888888886	34.04255319148937
Estandar_normalizada	17.391304347826086	25.174825174825177	48.484848484848484
Dialectal	15.000000000000002	26.388888888888886	34.04255319148937
Dialectal_normalizada	17.391304347826086	25.174825174825177	48.484848484848484