Transcripcion	Levenstein	Orden	Parcial
Estandar	45.911949685534594	67.74193548387098	64.40677966101696
Estandar_normalizada	53.14685314685315	67.74193548387098	69.56521739130434
Dialectal	45.911949685534594	67.74193548387098	64.40677966101696
Dialectal_normalizada	53.14685314685315	67.74193548387098	69.56521739130434