Transcripcion	Levenstein	Orden	Parcial
Estandar	48.036253776435046	75.77854671280278	70.58823529411764
Estandar_normalizada	52.365930599369094	75.77854671280278	75.21008403361344
Dialectal	45.61933534743202	74.4268077601411	70.15503875968993
Dialectal_normalizada	49.526813880126184	74.4268077601411	74.40860215053763