Transcripcion	Levenstein	Orden	Parcial
Estandar	15.151515151515149	27.27272727272727	24.0
Estandar_normalizada	14.814814814814813	27.906976744186053	31.818181818181824
Dialectal	15.151515151515149	27.27272727272727	24.0
Dialectal_normalizada	14.814814814814813	27.906976744186053	31.818181818181824