Transcripcion	Levenstein	Orden	Parcial
Estandar	21.276595744680847	36.0	45.45454545454546
Estandar_normalizada	21.62162162162162	36.0	47.61904761904761
Dialectal	21.276595744680847	36.0	45.45454545454546
Dialectal_normalizada	21.62162162162162	36.0	47.61904761904761