Transcripcion	Levenstein	Orden	Parcial
Estandar	18.656716417910445	29.09090909090909	37.735849056603776
Estandar_normalizada	18.89763779527559	29.09090909090909	41.860465116279066
Dialectal	18.656716417910445	29.09090909090909	37.735849056603776
Dialectal_normalizada	18.89763779527559	29.09090909090909	41.860465116279066