Transcripcion	Levenstein	Orden	Parcial
Estandar	89.1891891891892	98.50746268656717	94.11764705882352
Estandar_normalizada	94.28571428571428	98.50746268656717	96.96969696969697
Dialectal	89.1891891891892	98.50746268656717	94.11764705882352
Dialectal_normalizada	94.28571428571428	98.50746268656717	96.96969696969697