Transcripcion	Levenstein	Orden	Parcial
Estandar	6.666666666666665	12.5	25.0
Estandar_normalizada	7.692307692307687	12.5	33.333333333333336
Dialectal	7.692307692307687	14.28571428571429	25.0
Dialectal_normalizada	9.090909090909093	14.28571428571429	33.333333333333336