Transcripcion	Levenstein	Orden	Parcial
Estandar	48.14814814814815	69.02654867256636	71.11111111111111
Estandar_normalizada	52.702702702702695	69.02654867256636	78.57142857142857
Dialectal	48.14814814814815	69.02654867256636	71.11111111111111
Dialectal_normalizada	52.702702702702695	69.02654867256636	78.57142857142857