Transcripcion	Levenstein	Orden	Parcial
Estandar	6.756756756756754	15.625	41.17647058823529
Estandar_normalizada	9.009009009009006	16.000000000000004	53.333333333333336
Dialectal	6.756756756756754	15.625	41.17647058823529
Dialectal_normalizada	9.009009009009006	16.000000000000004	53.333333333333336