Transcripcion	Levenstein	Orden	Parcial
Estandar	54.216867469879524	70.96774193548387	65.67164179104478
Estandar_normalizada	60.29411764705883	70.96774193548387	73.94957983193278
Dialectal	54.216867469879524	70.96774193548387	65.67164179104478
Dialectal_normalizada	60.29411764705883	70.96774193548387	73.94957983193278