Transcripcion	Levenstein	Orden	Parcial
Estandar	46.77206851119895	70.74235807860262	63.789868667917446
Estandar_normalizada	52.34604105571847	70.75306479859896	69.58250497017893
Dialectal	46.77206851119895	70.74235807860262	63.789868667917446
Dialectal_normalizada	52.34604105571847	70.75306479859896	69.58250497017893