Transcripcion	Levenstein	Orden	Parcial
Estandar	19.354838709677423	21.62162162162162	35.71428571428571
Estandar_normalizada	20.68965517241379	21.62162162162162	40.0
Dialectal	19.354838709677423	21.62162162162162	35.71428571428571
Dialectal_normalizada	20.68965517241379	21.62162162162162	40.0