Transcripcion	Levenstein	Orden	Parcial
Estandar	16.279069767441857	32.32323232323232	41.379310344827594
Estandar_normalizada	17.808219178082197	34.693877551020414	47.82608695652174
Dialectal	16.279069767441857	32.32323232323232	41.379310344827594
Dialectal_normalizada	17.808219178082197	34.693877551020414	47.82608695652174