Transcripcion	Levenstein	Orden	Parcial
Estandar	26.016260162601622	48.275862068965516	45.945945945945944
Estandar_normalizada	27.10280373831776	47.76119402985075	50.27322404371585
Dialectal	26.016260162601622	48.275862068965516	45.945945945945944
Dialectal_normalizada	27.10280373831776	47.76119402985075	50.27322404371585