Transcripcion	Levenstein	Orden	Parcial
Estandar	18.23529411764706	39.28571428571429	48.78048780487805
Estandar_normalizada	21.830985915492963	39.75903614457831	56.00000000000001
Dialectal	18.23529411764706	39.28571428571429	48.78048780487805
Dialectal_normalizada	21.830985915492963	39.75903614457831	56.00000000000001