Transcripcion	Levenstein	Orden	Parcial
Estandar	39.516129032258064	57.14285714285714	56.56565656565656
Estandar_normalizada	43.80165289256198	57.14285714285714	64.21052631578948
Dialectal	39.516129032258064	57.14285714285714	56.56565656565656
Dialectal_normalizada	43.80165289256198	57.14285714285714	64.21052631578948