Transcripcion	Levenstein	Orden	Parcial
Estandar	20.560747663551403	33.80281690140845	42.22222222222223
Estandar_normalizada	22.64150943396226	33.80281690140845	46.15384615384615
Dialectal	20.560747663551403	33.80281690140845	42.22222222222223
Dialectal_normalizada	22.64150943396226	33.80281690140845	46.15384615384615