Transcripcion	Levenstein	Orden	Parcial
Estandar	22.580645161290324	45.67901234567901	42.10526315789473
Estandar_normalizada	24.761904761904763	42.50000000000001	45.21739130434783
Dialectal	22.580645161290324	45.67901234567901	42.10526315789473
Dialectal_normalizada	24.761904761904763	42.50000000000001	45.21739130434783