Transcripcion	Levenstein	Orden	Parcial
Estandar	70.6601466992665	83.02945301542776	80.16759776536313
Estandar_normalizada	78.04232804232805	82.58426966292134	84.77011494252874
Dialectal	70.6601466992665	83.02945301542776	80.16759776536313
Dialectal_normalizada	78.04232804232805	82.58426966292134	84.77011494252874