Transcripcion	Levenstein	Orden	Parcial
Estandar	47.82608695652174	70.0	77.77777777777779
Estandar_normalizada	56.41025641025641	70.0	83.33333333333334
Dialectal	47.82608695652174	70.0	77.77777777777779
Dialectal_normalizada	56.41025641025641	70.0	83.33333333333334