Transcripcion	Levenstein	Orden	Parcial
Estandar	25.0	37.735849056603776	40.476190476190474
Estandar_normalizada	25.352112676056336	36.1904761904762	51.42857142857142
Dialectal	25.0	37.735849056603776	40.476190476190474
Dialectal_normalizada	25.352112676056336	36.1904761904762	51.42857142857142