Transcripcion	Levenstein	Orden	Parcial
Estandar	18.867924528301884	34.34343434343434	40.77669902912622
Estandar_normalizada	18.000000000000004	34.34343434343434	42.69662921348315
Dialectal	18.867924528301884	34.34343434343434	40.77669902912622
Dialectal_normalizada	18.000000000000004	34.34343434343434	42.69662921348315