Transcripcion	Levenstein	Orden	Parcial
Estandar	8.333333333333337	40.0	33.333333333333336
Estandar_normalizada	27.27272727272727	40.0	66.66666666666667
Dialectal	8.333333333333337	40.0	33.333333333333336
Dialectal_normalizada	27.27272727272727	40.0	66.66666666666667