Transcripcion	Levenstein	Orden	Parcial
Estandar	11.494252873563216	25.806451612903224	39.13043478260869
Estandar_normalizada	14.28571428571429	25.806451612903224	42.85714285714286
Dialectal	11.494252873563216	25.806451612903224	39.13043478260869
Dialectal_normalizada	14.28571428571429	25.806451612903224	42.85714285714286