Transcripcion	Levenstein	Orden	Parcial
Estandar	18.181818181818176	36.0	64.28571428571428
Estandar_normalizada	23.404255319148938	36.0	81.81818181818181
Dialectal	18.181818181818176	36.0	64.28571428571428
Dialectal_normalizada	23.404255319148938	36.0	81.81818181818181