Transcripcion	Levenstein	Orden	Parcial
Estandar	16.216216216216218	26.086956521739136	38.888888888888886
Estandar_normalizada	18.181818181818176	26.086956521739136	40.0
Dialectal	16.216216216216218	26.086956521739136	38.888888888888886
Dialectal_normalizada	18.181818181818176	26.086956521739136	40.0