Transcripcion	Levenstein	Orden	Parcial
Estandar	44.99999999999999	70.96774193548387	75.0
Estandar_normalizada	55.55555555555556	70.96774193548387	85.71428571428572
Dialectal	44.99999999999999	70.96774193548387	75.0
Dialectal_normalizada	55.55555555555556	70.96774193548387	85.71428571428572