Transcripcion	Levenstein	Orden	Parcial
Estandar	55.00000000000001	58.06451612903225	73.33333333333334
Estandar_normalizada	64.70588235294117	60.0	81.4814814814815
Dialectal	55.00000000000001	58.06451612903225	73.33333333333334
Dialectal_normalizada	64.70588235294117	60.0	81.4814814814815