Transcripcion	Levenstein	Orden	Parcial
Estandar	10.344827586206895	18.81533101045296	45.714285714285715
Estandar_normalizada	10.629921259842522	18.24561403508772	46.875
Dialectal	10.344827586206895	18.81533101045296	45.714285714285715
Dialectal_normalizada	10.629921259842522	18.24561403508772	46.875