Transcripcion	Levenstein	Orden	Parcial
Estandar	66.16541353383458	81.4814814814815	73.87387387387388
Estandar_normalizada	75.65217391304347	81.4814814814815	86.36363636363636
Dialectal	66.16541353383458	81.4814814814815	73.87387387387388
Dialectal_normalizada	75.65217391304347	81.4814814814815	86.36363636363636