Transcripcion	Levenstein	Orden	Parcial
Estandar	24.52830188679245	33.76623376623377	40.0
Estandar_normalizada	25.49019607843137	33.76623376623377	44.827586206896555
Dialectal	24.52830188679245	33.76623376623377	40.0
Dialectal_normalizada	25.49019607843137	33.76623376623377	44.827586206896555