Transcripcion	Levenstein	Orden	Parcial
Estandar	22.72727272727273	37.5	42.553191489361694
Estandar_normalizada	21.42857142857143	37.5	45.45454545454546
Dialectal	22.72727272727273	37.5	42.553191489361694
Dialectal_normalizada	21.42857142857143	37.5	45.45454545454546