Transcripcion	Levenstein	Orden	Parcial
Estandar	63.44463971880492	81.54897494305239	69.52595936794582
Estandar_normalizada	71.77914110429448	81.05022831050228	77.98594847775175
Dialectal	63.44463971880492	81.54897494305239	69.52595936794582
Dialectal_normalizada	71.77914110429448	81.05022831050228	77.98594847775175