Transcripcion	Levenstein	Orden	Parcial
Estandar	52.41935483870967	75.49019607843137	64.22018348623853
Estandar_normalizada	60.55045871559632	75.49019607843137	72.54901960784314
Dialectal	52.41935483870967	75.49019607843137	64.22018348623853
Dialectal_normalizada	60.55045871559632	75.49019607843137	72.54901960784314