Transcripcion	Levenstein	Orden	Parcial
Estandar	45.945945945945944	75.0	66.66666666666667
Estandar_normalizada	59.25925925925925	75.0	76.92307692307692
Dialectal	45.945945945945944	75.0	66.66666666666667
Dialectal_normalizada	59.25925925925925	75.0	76.92307692307692