Transcripcion	Levenstein	Orden	Parcial
Estandar	18.75	39.28571428571429	40.625
Estandar_normalizada	24.444444444444446	39.28571428571429	47.27272727272728
Dialectal	18.75	39.28571428571429	40.625
Dialectal_normalizada	24.444444444444446	39.28571428571429	47.27272727272728