Transcripcion	Levenstein	Orden	Parcial
Estandar	27.142857142857146	36.66666666666667	45.45454545454546
Estandar_normalizada	30.88235294117647	36.66666666666667	49.523809523809526
Dialectal	27.142857142857146	36.66666666666667	45.45454545454546
Dialectal_normalizada	30.88235294117647	36.66666666666667	49.523809523809526