Transcripcion	Levenstein	Orden	Parcial
Estandar	13.793103448275868	38.70967741935484	33.333333333333336
Estandar_normalizada	25.0	38.70967741935484	54.54545454545454
Dialectal	13.793103448275868	38.70967741935484	33.333333333333336
Dialectal_normalizada	25.0	38.70967741935484	54.54545454545454