Transcripcion	Levenstein	Orden	Parcial
Estandar	32.72727272727273	38.888888888888886	55.88235294117647
Estandar_normalizada	36.36363636363637	38.888888888888886	57.57575757575757
Dialectal	32.72727272727273	38.888888888888886	55.88235294117647
Dialectal_normalizada	36.36363636363637	38.888888888888886	57.57575757575757