Transcripcion	Levenstein	Orden	Parcial
Estandar	46.45669291338582	71.55963302752293	65.83333333333333
Estandar_normalizada	52.67857142857143	71.88940092165899	72.6457399103139
Dialectal	46.45669291338582	71.55963302752293	65.83333333333333
Dialectal_normalizada	52.67857142857143	71.88940092165899	72.6457399103139