Transcripcion	Levenstein	Orden	Parcial
Estandar	75.5813953488372	85.43046357615894	87.09677419354838
Estandar_normalizada	81.0126582278481	85.43046357615894	89.70099667774086
Dialectal	75.5813953488372	85.43046357615894	87.09677419354838
Dialectal_normalizada	81.0126582278481	85.43046357615894	89.70099667774086