Transcripcion	Levenstein	Orden	Parcial
Estandar	54.385964912280706	62.16216216216216	72.5
Estandar_normalizada	61.702127659574465	62.16216216216216	81.9672131147541
Dialectal	54.385964912280706	62.16216216216216	72.5
Dialectal_normalizada	61.702127659574465	62.16216216216216	81.9672131147541