Transcripcion	Levenstein	Orden	Parcial
Estandar	26.436781609195403	41.891891891891895	44.776119402985074
Estandar_normalizada	27.586206896551722	41.891891891891895	47.61904761904761
Dialectal	26.436781609195403	41.891891891891895	44.776119402985074
Dialectal_normalizada	27.586206896551722	41.891891891891895	47.61904761904761