Transcripcion	Levenstein	Orden	Parcial
Estandar	30.35714285714286	34.09090909090909	46.666666666666664
Estandar_normalizada	33.333333333333336	34.09090909090909	53.73134328358209
Dialectal	30.35714285714286	34.09090909090909	46.666666666666664
Dialectal_normalizada	33.333333333333336	34.09090909090909	53.73134328358209