Transcripcion	Levenstein	Orden	Parcial
Estandar	59.25925925925925	69.23076923076923	78.57142857142857
Estandar_normalizada	64.58333333333333	69.23076923076923	80.0
Dialectal	59.25925925925925	69.23076923076923	78.57142857142857
Dialectal_normalizada	64.58333333333333	69.23076923076923	80.0