Transcripcion	Levenstein	Orden	Parcial
Estandar	26.315789473684216	43.37349397590361	44.73684210526315
Estandar_normalizada	28.301886792452834	43.37349397590361	49.23076923076923
Dialectal	26.315789473684216	43.37349397590361	44.73684210526315
Dialectal_normalizada	28.301886792452834	43.37349397590361	49.23076923076923