Transcripcion	Levenstein	Orden	Parcial
Estandar	34.693877551020414	48.51063829787235	57.14285714285714
Estandar_normalizada	37.5886524822695	48.068669527897	62.5
Dialectal	34.693877551020414	48.51063829787235	57.14285714285714
Dialectal_normalizada	37.5886524822695	48.068669527897	62.5