Transcripcion	Levenstein	Orden	Parcial
Estandar	59.66386554621849	82.63473053892216	86.11111111111111
Estandar_normalizada	65.09433962264151	84.33734939759037	87.14285714285714
Dialectal	59.66386554621849	82.63473053892216	86.11111111111111
Dialectal_normalizada	65.09433962264151	84.33734939759037	87.14285714285714