Transcripcion	Levenstein	Orden	Parcial
Estandar	30.76923076923077	28.57142857142857	44.44444444444444
Estandar_normalizada	25.0	28.57142857142857	44.44444444444444
Dialectal	30.76923076923077	28.57142857142857	44.44444444444444
Dialectal_normalizada	25.0	28.57142857142857	44.44444444444444