Transcripcion	Levenstein	Orden	Parcial
Estandar	22.6890756302521	43.08797127468582	40.16064257028113
Estandar_normalizada	25.44378698224852	43.682310469314075	43.35664335664335
Dialectal	22.6890756302521	43.16546762589928	39.91935483870967
Dialectal_normalizada	25.44378698224852	43.0379746835443	43.45794392523364