Transcripcion	Levenstein	Orden	Parcial
Estandar	49.501661129568106	67.33466933867736	65.36964980544747
Estandar_normalizada	51.31086142322096	67.06827309236948	70.16806722689076
Dialectal	49.66666666666667	67.46987951807229	65.49707602339181
Dialectal_normalizada	51.50375939849624	67.20321931589537	70.3157894736842