Transcripcion	Levenstein	Orden	Parcial
Estandar	51.685393258426956	63.41463414634146	67.10526315789474
Estandar_normalizada	55.294117647058826	63.41463414634146	70.74829931972789
Dialectal	51.685393258426956	63.41463414634146	67.10526315789474
Dialectal_normalizada	55.294117647058826	63.41463414634146	70.74829931972789