Transcripcion	Levenstein	Orden	Parcial
Estandar	54.16666666666667	60.67415730337078	67.46987951807229
Estandar_normalizada	60.0	60.67415730337078	70.88607594936708
Dialectal	54.16666666666667	60.67415730337078	67.46987951807229
Dialectal_normalizada	60.0	60.67415730337078	70.88607594936708