Transcripcion	Levenstein	Orden	Parcial
Estandar	17.85714285714286	31.818181818181824	36.8421052631579
Estandar_normalizada	16.000000000000004	31.818181818181824	30.76923076923077
Dialectal	17.85714285714286	31.818181818181824	36.8421052631579
Dialectal_normalizada	16.000000000000004	31.818181818181824	30.76923076923077