Transcripcion	Levenstein	Orden	Parcial
Estandar	15.555555555555555	36.15819209039548	48.64864864864865
Estandar_normalizada	21.678321678321677	36.994219653179194	57.14285714285714
Dialectal	15.555555555555555	36.15819209039548	48.64864864864865
Dialectal_normalizada	21.678321678321677	36.994219653179194	57.14285714285714