Transcripcion	Levenstein	Orden	Parcial
Estandar	34.905660377358494	57.35294117647059	58.62068965517242
Estandar_normalizada	37.362637362637365	57.77777777777777	66.66666666666667
Dialectal	34.905660377358494	57.35294117647059	58.62068965517242
Dialectal_normalizada	37.362637362637365	57.77777777777777	66.66666666666667