Transcripcion	Levenstein	Orden	Parcial
Estandar	19.565217391304344	46.875	33.333333333333336
Estandar_normalizada	21.62162162162162	38.70967741935484	34.61538461538461
Dialectal	19.565217391304344	46.875	33.333333333333336
Dialectal_normalizada	21.62162162162162	38.70967741935484	34.61538461538461