Transcripcion	Levenstein	Orden	Parcial
Estandar	46.57534246575342	71.11111111111111	71.7948717948718
Estandar_normalizada	55.172413793103445	71.91011235955057	77.77777777777779
Dialectal	46.57534246575342	71.11111111111111	71.7948717948718
Dialectal_normalizada	55.172413793103445	71.91011235955057	77.77777777777779