Transcripcion	Levenstein	Orden	Parcial
Estandar	23.391812865497073	50.69444444444444	40.13377926421404
Estandar_normalizada	27.300613496932513	50.175438596491226	44.48669201520913
Dialectal	23.391812865497073	50.69444444444444	40.13377926421404
Dialectal_normalizada	27.300613496932513	50.175438596491226	44.48669201520913