Transcripcion	Levenstein	Orden	Parcial
Estandar	44.30379746835443	65.6298600311042	59.63302752293578
Estandar_normalizada	46.264367816091955	65.9375	62.93929712460064
Dialectal	44.41624365482234	65.73208722741433	59.9388379204893
Dialectal_normalizada	46.397694524495684	66.04068857589984	63.040000000000006