Transcripcion	Levenstein	Orden	Parcial
Estandar	15.384615384615385	43.90243902439024	88.88888888888889
Estandar_normalizada	22.499999999999996	44.99999999999999	100.0
Dialectal	15.384615384615385	43.90243902439024	88.88888888888889
Dialectal_normalizada	22.499999999999996	44.99999999999999	100.0