Transcripcion	Levenstein	Orden	Parcial
Estandar	55.833333333333336	77.34806629834254	67.07317073170731
Estandar_normalizada	63.20754716981132	77.34806629834254	71.60493827160495
Dialectal	55.833333333333336	77.34806629834254	67.07317073170731
Dialectal_normalizada	63.20754716981132	77.34806629834254	71.60493827160495