Transcripcion	Levenstein	Orden	Parcial
Estandar	51.59235668789809	76.31578947368422	59.31558935361216
Estandar_normalizada	60.20151133501259	76.0797342192691	65.7314629258517
Dialectal	50.959488272921114	75.9075907590759	58.97920604914935
Dialectal_normalizada	59.493670886075954	75.66666666666666	65.59356136820927