Transcripcion	Levenstein	Orden	Parcial
Estandar	41.44144144144144	75.75757575757575	78.18181818181819
Estandar_normalizada	48.91304347826087	76.33587786259541	84.31372549019608
Dialectal	41.44144144144144	75.75757575757575	78.18181818181819
Dialectal_normalizada	48.91304347826087	76.33587786259541	84.31372549019608