Transcripcion	Levenstein	Orden	Parcial
Estandar	40.67796610169492	70.50359712230217	93.87755102040816
Estandar_normalizada	48.51485148514851	71.01449275362319	93.87755102040816
Dialectal	40.67796610169492	70.50359712230217	93.87755102040816
Dialectal_normalizada	48.51485148514851	71.01449275362319	93.87755102040816