Transcripcion	Levenstein	Orden	Parcial
Estandar	32.534930139720565	57.05521472392638	48.347107438016536
Estandar_normalizada	38.05104408352668	59.006211180124225	54.826254826254825
Dialectal	32.40556660039762	56.88073394495412	48.24742268041236
Dialectal_normalizada	38.10623556581986	58.82352941176471	54.23076923076924