Transcripcion	Levenstein	Orden	Parcial
Estandar	53.191489361702125	81.30081300813008	77.35849056603774
Estandar_normalizada	61.728395061728406	81.9672131147541	84.31372549019608
Dialectal	53.191489361702125	81.30081300813008	77.35849056603774
Dialectal_normalizada	61.728395061728406	81.9672131147541	84.31372549019608