Transcripcion	Levenstein	Orden	Parcial
Estandar	19.354838709677423	36.66666666666667	44.44444444444444
Estandar_normalizada	21.568627450980394	37.28813559322034	47.05882352941176
Dialectal	19.354838709677423	36.66666666666667	44.44444444444444
Dialectal_normalizada	21.568627450980394	37.28813559322034	47.05882352941176