Transcripcion	Levenstein	Orden	Parcial
Estandar	66.90821256038647	85.50029958058718	72.76519666269368
Estandar_normalizada	74.51086956521739	85.8173076923077	81.24231242312423
Dialectal	66.89221846302561	85.46598741384477	72.82479141835519
Dialectal_normalizada	74.49700924415443	85.7829876765855	81.30381303813039