Transcripcion	Levenstein	Orden	Parcial
Estandar	46.666666666666664	61.224489795918366	63.46153846153846
Estandar_normalizada	56.86274509803921	59.79381443298969	70.83333333333333
Dialectal	46.666666666666664	61.224489795918366	63.46153846153846
Dialectal_normalizada	56.86274509803921	59.79381443298969	70.83333333333333