Transcripcion	Levenstein	Orden	Parcial
Estandar	62.148070907195	79.35003385240353	68.85714285714286
Estandar_normalizada	71.59763313609467	79.51153324287652	79.01591895803183
Dialectal	62.252346193952036	79.35003385240353	69.0
Dialectal_normalizada	71.71597633136095	79.51153324287652	79.16063675832127