Transcripcion	Levenstein	Orden	Parcial
Estandar	21.818181818181813	44.89795918367348	41.666666666666664
Estandar_normalizada	24.52830188679245	47.916666666666664	49.31506849315068
Dialectal	21.818181818181813	44.89795918367348	41.666666666666664
Dialectal_normalizada	24.52830188679245	47.916666666666664	49.31506849315068