Transcripcion	Levenstein	Orden	Parcial
Estandar	57.09342560553633	72.46376811594203	69.74358974358974
Estandar_normalizada	65.46184738955823	70.55961070559611	78.94736842105263
Dialectal	57.09342560553633	72.46376811594203	69.74358974358974
Dialectal_normalizada	65.46184738955823	70.55961070559611	78.94736842105263