Transcripcion	Levenstein	Orden	Parcial
Estandar	65.78947368421053	80.70175438596492	80.0
Estandar_normalizada	81.25	80.70175438596492	89.28571428571429
Dialectal	65.78947368421053	80.70175438596492	80.0
Dialectal_normalizada	81.25	80.70175438596492	89.28571428571429