Transcripcion	Levenstein	Orden	Parcial
Estandar	36.8421052631579	57.57575757575757	56.33802816901409
Estandar_normalizada	35.29411764705882	57.57575757575757	59.70149253731343
Dialectal	36.8421052631579	57.57575757575757	56.33802816901409
Dialectal_normalizada	35.29411764705882	57.57575757575757	59.70149253731343