Transcripcion	Levenstein	Orden	Parcial
Estandar	38.46153846153846	44.827586206896555	68.18181818181819
Estandar_normalizada	40.54054054054054	44.827586206896555	68.18181818181819
Dialectal	38.46153846153846	44.827586206896555	68.18181818181819
Dialectal_normalizada	40.54054054054054	44.827586206896555	68.18181818181819