Transcripcion	Levenstein	Orden	Parcial
Estandar	16.35220125786163	41.70212765957447	30.03663003663004
Estandar_normalizada	22.69503546099291	40.692640692640694	39.23444976076556
Dialectal	16.35220125786163	41.70212765957447	30.03663003663004
Dialectal_normalizada	22.69503546099291	40.692640692640694	39.23444976076556