Transcripcion	Levenstein	Orden	Parcial
Estandar	16.666666666666664	31.999999999999996	31.999999999999996
Estandar_normalizada	23.529411764705888	31.999999999999996	50.0
Dialectal	16.666666666666664	31.999999999999996	31.999999999999996
Dialectal_normalizada	23.529411764705888	31.999999999999996	50.0