Transcripcion	Levenstein	Orden	Parcial
Estandar	55.13698630136986	72.87128712871286	65.79925650557621
Estandar_normalizada	61.68582375478927	72.87128712871286	72.48062015503875
Dialectal	54.98281786941581	71.82539682539682	66.17100371747212
Dialectal_normalizada	61.68582375478927	71.82539682539682	72.62135922330097