Transcripcion	Levenstein	Orden	Parcial
Estandar	59.09090909090908	82.12290502793296	67.1957671957672
Estandar_normalizada	70.29702970297029	81.23249299719888	76.8361581920904
Dialectal	59.09090909090908	82.12290502793296	67.1957671957672
Dialectal_normalizada	70.29702970297029	81.23249299719888	76.8361581920904