Transcripcion	Levenstein	Orden	Parcial
Estandar	52.38095238095239	78.43137254901961	76.59574468085107
Estandar_normalizada	65.625	78.43137254901961	86.95652173913044
Dialectal	52.38095238095239	78.43137254901961	76.59574468085107
Dialectal_normalizada	65.625	78.43137254901961	86.95652173913044