Transcripcion	Levenstein	Orden	Parcial
Estandar	53.956834532374096	65.88785046728972	61.18721461187215
Estandar_normalizada	59.41422594142259	66.04215456674474	68.13725490196079
Dialectal	53.956834532374096	65.88785046728972	61.18721461187215
Dialectal_normalizada	59.41422594142259	66.04215456674474	68.13725490196079