Transcripcion	Levenstein	Orden	Parcial
Estandar	67.77777777777779	78.99159663865547	77.77777777777779
Estandar_normalizada	71.83673469387755	78.99159663865547	82.30277185501066
Dialectal	68.14814814814815	78.99159663865547	78.17460317460318
Dialectal_normalizada	72.24489795918367	78.99159663865547	82.72921108742004