Transcripcion	Levenstein	Orden	Parcial
Estandar	58.82352941176471	75.26881720430107	72.97297297297297
Estandar_normalizada	65.51724137931035	75.26881720430107	75.36231884057972
Dialectal	58.82352941176471	75.26881720430107	72.97297297297297
Dialectal_normalizada	65.51724137931035	75.26881720430107	75.36231884057972