Transcripcion	Levenstein	Orden	Parcial
Estandar	63.73626373626373	76.59574468085107	70.88607594936708
Estandar_normalizada	71.62162162162163	77.14285714285715	81.63265306122449
Dialectal	63.73626373626373	76.59574468085107	70.88607594936708
Dialectal_normalizada	71.62162162162163	77.14285714285715	81.63265306122449