Transcripcion	Levenstein	Orden	Parcial
Estandar	24.468085106382976	57.49999999999999	49.056603773584904
Estandar_normalizada	29.06976744186046	53.16455696202531	55.172413793103445
Dialectal	24.468085106382976	57.49999999999999	49.056603773584904
Dialectal_normalizada	29.06976744186046	53.16455696202531	55.172413793103445