Transcripcion	Levenstein	Orden	Parcial
Estandar	16.176470588235293	43.63636363636364	38.59649122807017
Estandar_normalizada	23.728813559322038	42.201834862385326	43.18181818181818
Dialectal	16.176470588235293	43.63636363636364	38.59649122807017
Dialectal_normalizada	23.728813559322038	42.201834862385326	43.18181818181818