Transcripcion	Levenstein	Orden	Parcial
Estandar	59.42857142857143	71.280276816609	76.0
Estandar_normalizada	67.53246753246754	71.280276816609	80.0
Dialectal	59.42857142857143	71.280276816609	76.0
Dialectal_normalizada	67.53246753246754	71.280276816609	80.0