Transcripcion	Levenstein	Orden	Parcial
Estandar	82.75862068965517	69.23076923076923	90.56603773584906
Estandar_normalizada	88.88888888888889	69.23076923076923	96.15384615384616
Dialectal	82.75862068965517	69.23076923076923	90.56603773584906
Dialectal_normalizada	88.88888888888889	69.23076923076923	96.15384615384616