Transcripcion	Levenstein	Orden	Parcial
Estandar	34.74903474903475	59.9078341013825	55.36159600997506
Estandar_normalizada	38.095238095238095	58.33333333333333	59.45945945945945
Dialectal	34.74903474903475	59.9078341013825	55.36159600997506
Dialectal_normalizada	38.095238095238095	58.33333333333333	59.45945945945945