Transcripcion	Levenstein	Orden	Parcial
Estandar	22.38095238095238	37.748344370860934	36.95652173913043
Estandar_normalizada	24.761904761904763	36.241610738255034	42.42424242424242
Dialectal	22.38095238095238	37.748344370860934	36.95652173913043
Dialectal_normalizada	24.761904761904763	36.241610738255034	42.42424242424242