Transcripcion	Levenstein	Orden	Parcial
Estandar	68.38235294117648	83.78378378378379	78.30188679245282
Estandar_normalizada	75.0	83.78378378378379	80.76923076923077
Dialectal	68.38235294117648	83.78378378378379	78.30188679245282
Dialectal_normalizada	75.0	83.78378378378379	80.76923076923077