Transcripcion	Levenstein	Orden	Parcial
Estandar	4.347826086956519	11.764705882352944	14.28571428571429
Estandar_normalizada	5.882352941176472	12.5	19.999999999999996
Dialectal	4.347826086956519	11.764705882352944	14.28571428571429
Dialectal_normalizada	5.882352941176472	12.5	19.999999999999996