Transcripcion	Levenstein	Orden	Parcial
Estandar	55.38461538461539	64.78209658421672	62.735849056603776
Estandar_normalizada	60.64516129032258	64.92890995260663	69.68215158924205
Dialectal	55.96153846153846	65.95995288574794	63.20754716981132
Dialectal_normalizada	61.29032258064516	65.87677725118483	70.17114914425429