Transcripcion	Levenstein	Orden	Parcial
Estandar	40.828402366863905	70.10309278350515	66.23376623376623
Estandar_normalizada	50.73529411764706	67.72486772486772	72.48322147651007
Dialectal	40.828402366863905	70.10309278350515	66.23376623376623
Dialectal_normalizada	50.73529411764706	67.72486772486772	72.48322147651007