Transcripcion	Levenstein	Orden	Parcial
Estandar	20.491803278688526	43.43434343434344	35.51401869158879
Estandar_normalizada	28.333333333333332	41.62436548223351	40.52287581699346
Dialectal	20.491803278688526	43.65482233502538	34.74178403755869
Dialectal_normalizada	28.333333333333332	41.83673469387755	39.473684210526315