Transcripcion	Levenstein	Orden	Parcial
Estandar	14.018691588785048	33.333333333333336	37.9746835443038
Estandar_normalizada	20.238095238095234	36.03603603603604	41.0958904109589
Dialectal	14.018691588785048	33.333333333333336	37.9746835443038
Dialectal_normalizada	20.238095238095234	36.03603603603604	41.0958904109589