Transcripcion	Levenstein	Orden	Parcial
Estandar	58.04195804195804	85.41666666666666	67.05882352941177
Estandar_normalizada	67.21311475409837	85.86387434554975	74.69879518072288
Dialectal	58.04195804195804	85.41666666666666	67.05882352941177
Dialectal_normalizada	67.21311475409837	85.86387434554975	74.69879518072288