Transcripcion	Levenstein	Orden	Parcial
Estandar	58.40978593272171	69.29133858267717	70.86882453151618
Estandar_normalizada	63.0	69.29133858267717	75.43859649122807
Dialectal	58.40978593272171	69.29133858267717	70.86882453151618
Dialectal_normalizada	63.0	69.29133858267717	75.43859649122807