Transcripcion	Levenstein	Orden	Parcial
Estandar	36.36363636363637	63.63636363636363	61.53846153846154
Estandar_normalizada	46.15384615384615	63.63636363636363	68.57142857142857
Dialectal	36.36363636363637	63.63636363636363	61.53846153846154
Dialectal_normalizada	46.15384615384615	63.63636363636363	68.57142857142857