Transcripcion	Levenstein	Orden	Parcial
Estandar	52.46636771300448	71.47147147147147	67.59776536312849
Estandar_normalizada	61.08108108108108	71.90332326283988	73.6842105263158
Dialectal	52.46636771300448	71.47147147147147	67.59776536312849
Dialectal_normalizada	61.08108108108108	71.90332326283988	73.6842105263158