Transcripcion	Levenstein	Orden	Parcial
Estandar	62.22222222222222	78.87323943661973	87.87878787878788
Estandar_normalizada	70.73170731707317	78.87323943661973	90.625
Dialectal	62.22222222222222	78.87323943661973	87.87878787878788
Dialectal_normalizada	70.73170731707317	78.87323943661973	90.625