Transcripcion	Levenstein	Orden	Parcial
Estandar	66.36568848758465	72.870249017038	75.38071065989847
Estandar_normalizada	72.8395061728395	72.96587926509186	81.26649076517151
Dialectal	66.36568848758465	74.18086500655308	75.38071065989847
Dialectal_normalizada	72.8395061728395	74.2782152230971	81.26649076517151