Transcripcion	Levenstein	Orden	Parcial
Estandar	29.629629629629626	55.172413793103445	70.17543859649122
Estandar_normalizada	34.32835820895522	55.172413793103445	76.92307692307692
Dialectal	29.629629629629626	55.172413793103445	70.17543859649122
Dialectal_normalizada	34.32835820895522	55.172413793103445	76.92307692307692