Transcripcion	Levenstein	Orden	Parcial
Estandar	7.936507936507942	16.94915254237288	46.15384615384615
Estandar_normalizada	9.80392156862745	17.543859649122805	46.15384615384615
Dialectal	7.936507936507942	16.94915254237288	46.15384615384615
Dialectal_normalizada	9.80392156862745	17.543859649122805	46.15384615384615