Transcripcion	Levenstein	Orden	Parcial
Estandar	48.36734693877551	68.6030428769018	64.86486486486487
Estandar_normalizada	54.02298850574713	68.70653685674549	69.59247648902821
Dialectal	48.36734693877551	68.6030428769018	64.86486486486487
Dialectal_normalizada	54.02298850574713	68.70653685674549	69.59247648902821