Transcripcion	Levenstein	Orden	Parcial
Estandar	66.88741721854305	76.92307692307692	78.60082304526749
Estandar_normalizada	68.98954703832753	76.92307692307692	80.41666666666667
Dialectal	66.88741721854305	76.92307692307692	78.60082304526749
Dialectal_normalizada	68.98954703832753	76.92307692307692	80.41666666666667