Transcripcion	Levenstein	Orden	Parcial
Estandar	56.25	72.46376811594203	84.84848484848484
Estandar_normalizada	65.11627906976744	72.46376811594203	90.625
Dialectal	56.25	72.46376811594203	84.84848484848484
Dialectal_normalizada	65.11627906976744	72.46376811594203	90.625