Transcripcion	Levenstein	Orden	Parcial
Estandar	56.25	69.1358024691358	71.7948717948718
Estandar_normalizada	61.36363636363637	69.1358024691358	75.67567567567568
Dialectal	56.25	69.1358024691358	71.7948717948718
Dialectal_normalizada	61.36363636363637	69.1358024691358	75.67567567567568