Transcripcion	Levenstein	Orden	Parcial
Estandar	37.33766233766234	57.208237986270014	47.90123456790123
Estandar_normalizada	41.132075471698116	56.0919540229885	55.10204081632652
Dialectal	37.33766233766234	57.208237986270014	47.90123456790123
Dialectal_normalizada	41.132075471698116	56.0919540229885	55.10204081632652