Transcripcion	Levenstein	Orden	Parcial
Estandar	25.36231884057971	56.459330143540676	46.009389671361504
Estandar_normalizada	27.192982456140346	56.038647342995176	53.125
Dialectal	25.36231884057971	56.459330143540676	46.009389671361504
Dialectal_normalizada	27.192982456140346	56.038647342995176	53.125