Transcripcion	Levenstein	Orden	Parcial
Estandar	44.61942257217848	67.34693877551021	57.60286225402504
Estandar_normalizada	51.796407185628745	65.75342465753424	64.94464944649447
Dialectal	44.61942257217848	67.34693877551021	57.60286225402504
Dialectal_normalizada	51.796407185628745	65.75342465753424	64.94464944649447