Transcripcion	Levenstein	Orden	Parcial
Estandar	15.384615384615385	26.66666666666667	27.77777777777778
Estandar_normalizada	23.33333333333333	27.27272727272727	36.36363636363637
Dialectal	15.384615384615385	26.66666666666667	27.77777777777778
Dialectal_normalizada	23.33333333333333	27.27272727272727	36.36363636363637