Transcripcion	Levenstein	Orden	Parcial
Estandar	20.833333333333336	47.36842105263158	47.05882352941176
Estandar_normalizada	25.0	47.36842105263158	53.333333333333336
Dialectal	20.833333333333336	47.36842105263158	47.05882352941176
Dialectal_normalizada	25.0	47.36842105263158	53.333333333333336