Transcripcion	Levenstein	Orden	Parcial
Estandar	22.857142857142854	45.16129032258065	45.16129032258065
Estandar_normalizada	21.212121212121215	45.16129032258065	44.44444444444444
Dialectal	22.857142857142854	45.16129032258065	45.16129032258065
Dialectal_normalizada	21.212121212121215	45.16129032258065	44.44444444444444