Transcripcion	Levenstein	Orden	Parcial
Estandar	42.10526315789473	58.22784810126582	55.263157894736835
Estandar_normalizada	50.0	58.97435897435898	60.86956521739131
Dialectal	42.10526315789473	58.22784810126582	55.263157894736835
Dialectal_normalizada	50.0	58.97435897435898	60.86956521739131