Transcripcion	Levenstein	Orden	Parcial
Estandar	18.39080459770115	41.9047619047619	35.95505617977528
Estandar_normalizada	23.28767123287672	40.77669902912622	41.860465116279066
Dialectal	18.39080459770115	41.9047619047619	35.95505617977528
Dialectal_normalizada	23.28767123287672	40.77669902912622	41.860465116279066