Transcripcion	Levenstein	Orden	Parcial
Estandar	69.23076923076923	91.35802469135803	82.05128205128204
Estandar_normalizada	80.43478260869566	91.35802469135803	86.8421052631579
Dialectal	69.23076923076923	91.35802469135803	82.05128205128204
Dialectal_normalizada	80.43478260869566	91.35802469135803	86.8421052631579