Transcripcion	Levenstein	Orden	Parcial
Estandar	33.333333333333336	57.14285714285714	59.70149253731343
Estandar_normalizada	43.99999999999999	57.89473684210527	64.61538461538461
Dialectal	33.333333333333336	57.14285714285714	59.70149253731343
Dialectal_normalizada	43.99999999999999	57.89473684210527	64.61538461538461