Transcripcion	Levenstein	Orden	Parcial
Estandar	34.09090909090909	48.611111111111114	55.033557046979865
Estandar_normalizada	34.210526315789465	48.611111111111114	59.42028985507246
Dialectal	33.333333333333336	51.74825174825175	55.4054054054054
Dialectal_normalizada	31.999999999999996	51.74825174825175	59.85401459854014