Transcripcion	Levenstein	Orden	Parcial
Estandar	41.72932330827067	62.5	56.872037914691944
Estandar_normalizada	46.63677130044843	61.964735516372805	62.59541984732824
Dialectal	41.72932330827067	62.5	56.872037914691944
Dialectal_normalizada	46.63677130044843	61.964735516372805	62.59541984732824