Transcripcion	Levenstein	Orden	Parcial
Estandar	56.39283508338481	79.68267959453503	61.94774346793349
Estandar_normalizada	65.59532505478451	79.73451327433628	71.98824681684624
Dialectal	56.39283508338481	79.68267959453503	61.94774346793349
Dialectal_normalizada	65.59532505478451	79.73451327433628	71.98824681684624