Transcripcion	Levenstein	Orden	Parcial
Estandar	27.027027027027028	47.916666666666664	74.57627118644068
Estandar_normalizada	30.555555555555557	44.21052631578948	81.63265306122449
Dialectal	27.027027027027028	47.916666666666664	74.57627118644068
Dialectal_normalizada	30.555555555555557	44.21052631578948	81.63265306122449