Transcripcion	Levenstein	Orden	Parcial
Estandar	26.086956521739136	52.94117647058824	43.75
Estandar_normalizada	21.052631578947366	52.94117647058824	57.14285714285714
Dialectal	26.086956521739136	52.94117647058824	43.75
Dialectal_normalizada	21.052631578947366	52.94117647058824	57.14285714285714