Transcripcion	Levenstein	Orden	Parcial
Estandar	15.625	29.268292682926834	33.333333333333336
Estandar_normalizada	21.42857142857143	29.268292682926834	34.48275862068966
Dialectal	15.625	29.268292682926834	33.333333333333336
Dialectal_normalizada	21.42857142857143	29.268292682926834	34.48275862068966