Transcripcion	Levenstein	Orden	Parcial
Estandar	12.195121951219512	28.57142857142857	27.77777777777778
Estandar_normalizada	20.588235294117652	29.166666666666664	37.5
Dialectal	12.195121951219512	28.57142857142857	27.77777777777778
Dialectal_normalizada	20.588235294117652	29.166666666666664	37.5