Transcripcion	Levenstein	Orden	Parcial
Estandar	51.75879396984925	75.31806615776081	64.63414634146342
Estandar_normalizada	58.23863636363637	74.82993197278911	72.65774378585085
Dialectal	51.75879396984925	75.31806615776081	64.63414634146342
Dialectal_normalizada	58.23863636363637	74.82993197278911	72.65774378585085