Transcripcion	Levenstein	Orden	Parcial
Estandar	45.45454545454546	71.7948717948718	73.6842105263158
Estandar_normalizada	52.0	71.7948717948718	80.0
Dialectal	45.45454545454546	71.7948717948718	73.6842105263158
Dialectal_normalizada	52.0	71.7948717948718	80.0