Transcripcion	Levenstein	Orden	Parcial
Estandar	13.043478260869568	21.42857142857143	28.57142857142857
Estandar_normalizada	17.391304347826086	21.42857142857143	50.0
Dialectal	13.043478260869568	21.42857142857143	28.57142857142857
Dialectal_normalizada	17.391304347826086	21.42857142857143	50.0