Transcripcion	Levenstein	Orden	Parcial
Estandar	36.58536585365854	65.38461538461539	75.0
Estandar_normalizada	42.85714285714286	65.38461538461539	75.0
Dialectal	36.58536585365854	65.38461538461539	75.0
Dialectal_normalizada	42.85714285714286	65.38461538461539	75.0