Transcripcion	Levenstein	Orden	Parcial
Estandar	19.166666666666664	47.95918367346938	34.57943925233645
Estandar_normalizada	20.952380952380956	45.833333333333336	41.05263157894738
Dialectal	19.166666666666664	47.95918367346938	34.57943925233645
Dialectal_normalizada	20.952380952380956	45.833333333333336	41.05263157894738