Transcripcion	Levenstein	Orden	Parcial
Estandar	23.42342342342343	52.17391304347826	60.9375
Estandar_normalizada	27.722772277227726	51.24999999999999	61.81818181818181
Dialectal	23.42342342342343	52.17391304347826	60.9375
Dialectal_normalizada	27.722772277227726	51.24999999999999	61.81818181818181