Transcripcion	Levenstein	Orden	Parcial
Estandar	48.78048780487805	69.94535519125684	62.14689265536724
Estandar_normalizada	53.333333333333336	69.94535519125684	70.58823529411764
Dialectal	48.78048780487805	69.94535519125684	62.14689265536724
Dialectal_normalizada	53.333333333333336	69.94535519125684	70.58823529411764