Transcripcion	Levenstein	Orden	Parcial
Estandar	65.85365853658536	100.0	76.47058823529412
Estandar_normalizada	83.87096774193549	100.0	92.3076923076923
Dialectal	65.85365853658536	100.0	76.47058823529412
Dialectal_normalizada	83.87096774193549	100.0	92.3076923076923