Transcripcion	Levenstein	Orden	Parcial
Estandar	13.589743589743586	30.44619422572179	37.62376237623762
Estandar_normalizada	17.538461538461537	30.645161290322577	44.44444444444444
Dialectal	13.589743589743586	30.44619422572179	37.62376237623762
Dialectal_normalizada	17.538461538461537	30.645161290322577	44.44444444444444