Transcripcion	Levenstein	Orden	Parcial
Estandar	25.373134328358205	50.21276595744681	54.73684210526315
Estandar_normalizada	29.54545454545454	50.21276595744681	59.21787709497206
Dialectal	25.373134328358205	50.21276595744681	54.73684210526315
Dialectal_normalizada	29.54545454545454	50.21276595744681	59.21787709497206