Transcripcion	Levenstein	Orden	Parcial
Estandar	19.047619047619047	22.22222222222222	28.57142857142857
Estandar_normalizada	6.666666666666665	22.22222222222222	29.629629629629626
Dialectal	19.047619047619047	22.22222222222222	28.57142857142857
Dialectal_normalizada	6.666666666666665	22.22222222222222	29.629629629629626