Transcripcion	Levenstein	Orden	Parcial
Estandar	39.18128654970761	59.81308411214954	60.31746031746032
Estandar_normalizada	47.5177304964539	60.66350710900474	66.28571428571428
Dialectal	39.053254437869825	61.32075471698113	59.893048128342244
Dialectal_normalizada	47.48201438848921	62.20095693779905	67.05202312138728