Transcripcion	Levenstein	Orden	Parcial
Estandar	47.61904761904761	79.16666666666666	72.72727272727273
Estandar_normalizada	62.5	79.16666666666666	76.19047619047619
Dialectal	47.61904761904761	79.16666666666666	72.72727272727273
Dialectal_normalizada	62.5	79.16666666666666	76.19047619047619