Transcripcion	Levenstein	Orden	Parcial
Estandar	72.15189873417722	71.01449275362319	84.05797101449275
Estandar_normalizada	76.71232876712328	71.01449275362319	86.76470588235294
Dialectal	72.15189873417722	71.01449275362319	84.05797101449275
Dialectal_normalizada	76.71232876712328	71.01449275362319	86.76470588235294