Transcripcion	Levenstein	Orden	Parcial
Estandar	2.941176470588236	9.523809523809524	25.0
Estandar_normalizada	4.761904761904767	9.999999999999998	25.0
Dialectal	2.941176470588236	9.523809523809524	25.0
Dialectal_normalizada	4.761904761904767	9.999999999999998	25.0