Transcripcion	Levenstein	Orden	Parcial
Estandar	14.529914529914533	29.891304347826086	39.53488372093024
Estandar_normalizada	16.721311475409838	30.136986301369863	43.37349397590361
Dialectal	14.529914529914533	29.891304347826086	39.53488372093024
Dialectal_normalizada	16.721311475409838	30.136986301369863	43.37349397590361