Transcripcion	Levenstein	Orden	Parcial
Estandar	25.0	31.35755258126195	39.46188340807175
Estandar_normalizada	25.14619883040936	31.35755258126195	42.85714285714286
Dialectal	24.712643678160916	31.477927063339727	39.51219512195122
Dialectal_normalizada	24.85380116959064	31.477927063339727	43.08510638297872