Transcripcion	Levenstein	Orden	Parcial
Estandar	22.22222222222222	28.57142857142857	42.85714285714286
Estandar_normalizada	12.5	28.57142857142857	44.44444444444444
Dialectal	22.22222222222222	28.57142857142857	42.85714285714286
Dialectal_normalizada	12.5	28.57142857142857	44.44444444444444