Transcripcion	Levenstein	Orden	Parcial
Estandar	17.307692307692314	35.416666666666664	57.14285714285714
Estandar_normalizada	19.999999999999996	35.78947368421053	58.53658536585367
Dialectal	17.307692307692314	35.416666666666664	57.14285714285714
Dialectal_normalizada	19.999999999999996	35.78947368421053	58.53658536585367