Transcripcion	Levenstein	Orden	Parcial
Estandar	15.909090909090907	37.83783783783784	36.36363636363637
Estandar_normalizada	23.28767123287672	35.18518518518518	42.22222222222223
Dialectal	15.909090909090907	37.83783783783784	36.36363636363637
Dialectal_normalizada	23.28767123287672	35.18518518518518	42.22222222222223