Transcripcion	Levenstein	Orden	Parcial
Estandar	24.154589371980673	44.30379746835443	41.63822525597269
Estandar_normalizada	25.0	44.5859872611465	46.21212121212122
Dialectal	24.154589371980673	44.30379746835443	41.63822525597269
Dialectal_normalizada	25.0	44.5859872611465	46.21212121212122