Transcripcion	Levenstein	Orden	Parcial
Estandar	15.000000000000002	25.396825396825395	42.10526315789473
Estandar_normalizada	18.000000000000004	25.396825396825395	38.888888888888886
Dialectal	15.000000000000002	25.396825396825395	42.10526315789473
Dialectal_normalizada	18.000000000000004	25.396825396825395	38.888888888888886