Transcripcion	Levenstein	Orden	Parcial
Estandar	17.543859649122805	36.92307692307693	46.666666666666664
Estandar_normalizada	21.649484536082475	37.2093023255814	54.54545454545454
Dialectal	17.543859649122805	36.92307692307693	46.666666666666664
Dialectal_normalizada	21.649484536082475	37.2093023255814	54.54545454545454