Transcripcion	Levenstein	Orden	Parcial
Estandar	17.391304347826086	41.02564102564102	42.201834862385326
Estandar_normalizada	19.999999999999996	41.450777202072544	47.36842105263158
Dialectal	17.391304347826086	41.02564102564102	42.201834862385326
Dialectal_normalizada	19.999999999999996	41.450777202072544	47.36842105263158