Transcripcion	Levenstein	Orden	Parcial
Estandar	21.875	32.55813953488372	38.888888888888886
Estandar_normalizada	28.57142857142857	32.55813953488372	52.17391304347826
Dialectal	21.875	32.55813953488372	38.888888888888886
Dialectal_normalizada	28.57142857142857	32.55813953488372	52.17391304347826