Transcripcion	Levenstein	Orden	Parcial
Estandar	30.76923076923077	35.29411764705882	44.44444444444444
Estandar_normalizada	25.0	35.29411764705882	46.15384615384615
Dialectal	30.76923076923077	35.29411764705882	44.44444444444444
Dialectal_normalizada	25.0	35.29411764705882	46.15384615384615