Transcripcion	Levenstein	Orden	Parcial
Estandar	11.864406779661019	16.666666666666664	46.42857142857143
Estandar_normalizada	12.865497076023392	16.666666666666664	52.17391304347826
Dialectal	11.864406779661019	16.666666666666664	46.42857142857143
Dialectal_normalizada	12.865497076023392	16.666666666666664	52.17391304347826