Transcripcion	Levenstein	Orden	Parcial
Estandar	22.972972972972972	42.00000000000001	37.64705882352941
Estandar_normalizada	24.63768115942029	42.00000000000001	40.57971014492754
Dialectal	22.972972972972972	42.00000000000001	37.64705882352941
Dialectal_normalizada	24.63768115942029	42.00000000000001	40.57971014492754