Transcripcion	Levenstein	Orden	Parcial
Estandar	0.22940712595884705	0.468419462073133	50.0
Estandar_normalizada	0.23481290713528447	0.45344619105199824	58.06451612903225
Dialectal	0.22940712595884705	0.468419462073133	50.0
Dialectal_normalizada	0.23481290713528447	0.45344619105199824	58.06451612903225