Transcripcion	Levenstein	Orden	Parcial
Estandar	23.529411764705888	37.5	47.82608695652174
Estandar_normalizada	24.444444444444446	37.5	50.0
Dialectal	23.529411764705888	37.5	47.82608695652174
Dialectal_normalizada	24.444444444444446	37.5	50.0