Transcripcion	Levenstein	Orden	Parcial
Estandar	23.32155477031802	49.72067039106145	42.567567567567565
Estandar_normalizada	27.3109243697479	50.28248587570621	50.0
Dialectal	23.32155477031802	49.72067039106145	42.567567567567565
Dialectal_normalizada	27.3109243697479	50.28248587570621	50.0