Transcripcion	Levenstein	Orden	Parcial
Estandar	26.80151706700379	51.137397634212924	42.736842105263165
Estandar_normalizada	29.75679542203148	51.78408051235132	46.81318681318681
Dialectal	26.80151706700379	51.137397634212924	42.736842105263165
Dialectal_normalizada	29.75679542203148	51.78408051235132	46.81318681318681