Transcripcion	Levenstein	Orden	Parcial
Estandar	22.128851540616246	42.922374429223744	39.884393063583815
Estandar_normalizada	24.916943521594682	43.02059496567505	42.51497005988024
Dialectal	22.128851540616246	42.922374429223744	39.884393063583815
Dialectal_normalizada	24.916943521594682	43.02059496567505	42.51497005988024