Transcripcion	Levenstein	Orden	Parcial
Estandar	22.388059701492537	39.548022598870055	34.96503496503497
Estandar_normalizada	24.786324786324787	39.08045977011494	41.42857142857142
Dialectal	22.388059701492537	39.548022598870055	34.96503496503497
Dialectal_normalizada	24.786324786324787	39.08045977011494	41.42857142857142