Transcripcion	Levenstein	Orden	Parcial
Estandar	26.249999999999996	50.07132667617689	42.31464737793852
Estandar_normalizada	28.77358490566038	49.53471725125268	45.30477759472817
Dialectal	26.249999999999996	50.07132667617689	42.31464737793852
Dialectal_normalizada	28.77358490566038	49.53471725125268	45.30477759472817