Transcripcion	Levenstein	Orden	Parcial
Estandar	18.965517241379317	35.0	41.17647058823529
Estandar_normalizada	20.408163265306122	41.02564102564102	50.98039215686274
Dialectal	18.965517241379317	35.0	41.17647058823529
Dialectal_normalizada	20.408163265306122	41.02564102564102	50.98039215686274