Transcripcion	Levenstein	Orden	Parcial
Estandar	24.017467248908297	46.043165467625904	38.888888888888886
Estandar_normalizada	30.386740331491712	46.54545454545455	45.333333333333336
Dialectal	24.017467248908297	46.043165467625904	38.888888888888886
Dialectal_normalizada	30.386740331491712	46.54545454545455	45.333333333333336