Transcripcion	Levenstein	Orden	Parcial
Estandar	26.595744680851062	48.122866894197955	40.410958904109584
Estandar_normalizada	29.268292682926834	47.6027397260274	44.48398576512456
Dialectal	26.595744680851062	48.122866894197955	40.410958904109584
Dialectal_normalizada	29.268292682926834	47.6027397260274	44.48398576512456