Transcripcion	Levenstein	Orden	Parcial
Estandar	0.0	19.047619047619047	0.0
Estandar_normalizada	11.764705882352944	19.047619047619047	40.0
Dialectal	0.0	19.047619047619047	0.0
Dialectal_normalizada	11.764705882352944	19.047619047619047	40.0