Transcripcion	Levenstein	Orden	Parcial
Estandar	17.24137931034483	39.583333333333336	34.40860215053764
Estandar_normalizada	22.22222222222222	42.10526315789473	46.15384615384615
Dialectal	17.24137931034483	39.583333333333336	34.40860215053764
Dialectal_normalizada	22.22222222222222	42.10526315789473	46.15384615384615