Transcripcion	Levenstein	Orden	Parcial
Estandar	10.138248847926267	17.09401709401709	40.0
Estandar_normalizada	10.047846889952151	17.09401709401709	44.827586206896555
Dialectal	10.138248847926267	17.09401709401709	40.0
Dialectal_normalizada	10.047846889952151	17.09401709401709	44.827586206896555