Transcripcion	Levenstein	Orden	Parcial
Estandar	47.945205479452056	72.54901960784314	75.0
Estandar_normalizada	54.6875	73.26732673267327	81.81818181818181
Dialectal	47.945205479452056	72.54901960784314	75.0
Dialectal_normalizada	54.6875	73.26732673267327	81.81818181818181