Transcripcion	Levenstein	Orden	Parcial
Estandar	25.555555555555554	42.10526315789473	41.30434782608695
Estandar_normalizada	29.487179487179482	42.10526315789473	50.70422535211267
Dialectal	25.555555555555554	42.10526315789473	41.30434782608695
Dialectal_normalizada	29.487179487179482	42.10526315789473	50.70422535211267