Transcripcion	Levenstein	Orden	Parcial
Estandar	70.37037037037037	75.86206896551724	85.71428571428572
Estandar_normalizada	78.72340425531915	76.74418604651163	91.35802469135803
Dialectal	70.37037037037037	75.86206896551724	85.71428571428572
Dialectal_normalizada	78.72340425531915	76.74418604651163	91.35802469135803