Transcripcion	Levenstein	Orden	Parcial
Estandar	59.43396226415094	70.72463768115942	74.07407407407408
Estandar_normalizada	65.59139784946237	71.7201166180758	77.77777777777779
Dialectal	59.43396226415094	70.72463768115942	74.07407407407408
Dialectal_normalizada	65.59139784946237	71.7201166180758	77.77777777777779