Transcripcion	Levenstein	Orden	Parcial
Estandar	18.181818181818176	18.181818181818176	40.0
Estandar_normalizada	11.111111111111116	18.181818181818176	50.0
Dialectal	18.181818181818176	18.181818181818176	40.0
Dialectal_normalizada	11.111111111111116	18.181818181818176	50.0