Transcripcion	Levenstein	Orden	Parcial
Estandar	26.923076923076927	30.76923076923077	45.45454545454546
Estandar_normalizada	27.083333333333336	30.76923076923077	46.875
Dialectal	26.923076923076927	30.76923076923077	45.45454545454546
Dialectal_normalizada	27.083333333333336	30.76923076923077	46.875