Transcripcion	Levenstein	Orden	Parcial
Estandar	15.625	24.0	41.17647058823529
Estandar_normalizada	14.516129032258062	24.0	41.379310344827594
Dialectal	15.625	24.0	41.17647058823529
Dialectal_normalizada	14.516129032258062	24.0	41.379310344827594