Transcripcion	Levenstein	Orden	Parcial
Estandar	50.56603773584906	61.80048661800487	58.93719806763285
Estandar_normalizada	55.696202531645575	62.10268948655256	64.8936170212766
Dialectal	50.56603773584906	61.80048661800487	58.93719806763285
Dialectal_normalizada	55.696202531645575	62.10268948655256	64.8936170212766