Transcripcion	Levenstein	Orden	Parcial
Estandar	44.89795918367348	63.959390862944154	75.177304964539
Estandar_normalizada	49.62962962962963	64.61538461538461	78.57142857142857
Dialectal	44.89795918367348	63.959390862944154	75.177304964539
Dialectal_normalizada	49.62962962962963	64.61538461538461	78.57142857142857