Transcripcion	Levenstein	Orden	Parcial
Estandar	30.630630630630627	50.26737967914438	48.40764331210191
Estandar_normalizada	32.99999999999999	48.38709677419355	52.5
Dialectal	30.630630630630627	50.26737967914438	48.40764331210191
Dialectal_normalizada	32.99999999999999	48.38709677419355	52.5