Transcripcion	Levenstein	Orden	Parcial
Estandar	66.21621621621621	81.81818181818181	71.9298245614035
Estandar_normalizada	79.03225806451613	81.81818181818181	83.01886792452831
Dialectal	66.21621621621621	81.81818181818181	71.9298245614035
Dialectal_normalizada	79.03225806451613	81.81818181818181	83.01886792452831