Transcripcion	Levenstein	Orden	Parcial
Estandar	65.51724137931035	100.0	82.6086956521739
Estandar_normalizada	86.95652173913044	100.0	100.0
Dialectal	65.51724137931035	100.0	82.6086956521739
Dialectal_normalizada	86.95652173913044	100.0	100.0