Transcripcion	Levenstein	Orden	Parcial
Estandar	3.57142857142857	15.151515151515149	22.22222222222222
Estandar_normalizada	5.970149253731338	15.384615384615385	33.333333333333336
Dialectal	3.57142857142857	15.151515151515149	22.22222222222222
Dialectal_normalizada	5.970149253731338	15.384615384615385	33.333333333333336