Transcripcion	Levenstein	Orden	Parcial
Estandar	73.50427350427351	86.29441624365482	82.79569892473117
Estandar_normalizada	80.18867924528301	86.29441624365482	85.41666666666666
Dialectal	73.50427350427351	86.29441624365482	82.79569892473117
Dialectal_normalizada	80.18867924528301	86.29441624365482	85.41666666666666