Transcripcion	Levenstein	Orden	Parcial
Estandar	61.875	85.21739130434783	80.66298342541435
Estandar_normalizada	68.53146853146853	85.58951965065502	84.39306358381504
Dialectal	61.875	85.21739130434783	80.66298342541435
Dialectal_normalizada	68.53146853146853	85.58951965065502	84.39306358381504