Transcripcion	Levenstein	Orden	Parcial
Estandar	34.73684210526316	45.58823529411765	53.03030303030303
Estandar_normalizada	39.02439024390244	47.40740740740741	55.55555555555556
Dialectal	34.73684210526316	45.58823529411765	53.03030303030303
Dialectal_normalizada	39.02439024390244	47.40740740740741	55.55555555555556