Transcripcion	Levenstein	Orden	Parcial
Estandar	6.25	12.121212121212121	50.0
Estandar_normalizada	6.666666666666665	12.121212121212121	50.0
Dialectal	6.25	12.121212121212121	50.0
Dialectal_normalizada	6.666666666666665	12.121212121212121	50.0