Transcripcion	Levenstein	Orden	Parcial
Estandar	45.95959595959596	74.3801652892562	66.01941747572815
Estandar_normalizada	55.15151515151515	75.31380753138075	70.0
Dialectal	45.95959595959596	74.3801652892562	66.01941747572815
Dialectal_normalizada	55.15151515151515	75.31380753138075	70.0