Transcripcion	Levenstein	Orden	Parcial
Estandar	63.547486033519554	78.99159663865547	74.95798319327731
Estandar_normalizada	69.86089644513139	79.12457912457913	79.8951048951049
Dialectal	63.547486033519554	78.99159663865547	74.95798319327731
Dialectal_normalizada	69.86089644513139	79.12457912457913	79.8951048951049