Transcripcion	Levenstein	Orden	Parcial
Estandar	25.92592592592593	48.32214765100671	43.99999999999999
Estandar_normalizada	25.97402597402597	48.64864864864865	45.3125
Dialectal	25.92592592592593	48.32214765100671	43.99999999999999
Dialectal_normalizada	25.97402597402597	48.64864864864865	45.3125