Transcripcion	Levenstein	Orden	Parcial
Estandar	73.38345864661655	83.56643356643356	78.01047120418848
Estandar_normalizada	77.92207792207793	83.56643356643356	83.15217391304348
Dialectal	73.38345864661655	83.56643356643356	78.01047120418848
Dialectal_normalizada	77.92207792207793	83.56643356643356	83.15217391304348