Transcripcion	Levenstein	Orden	Parcial
Estandar	56.896551724137936	70.80745341614907	70.19867549668875
Estandar_normalizada	70.2127659574468	67.5	81.0126582278481
Dialectal	56.896551724137936	70.80745341614907	70.19867549668875
Dialectal_normalizada	70.2127659574468	67.5	81.0126582278481