Transcripcion	Levenstein	Orden	Parcial
Estandar	44.776119402985074	62.92834890965733	73.80952380952381
Estandar_normalizada	50.264550264550266	63.322884012539184	77.82426778242679
Dialectal	44.776119402985074	62.92834890965733	73.80952380952381
Dialectal_normalizada	50.264550264550266	63.322884012539184	77.82426778242679