Transcripcion	Levenstein	Orden	Parcial
Estandar	48.71794871794872	67.85714285714286	60.60606060606061
Estandar_normalizada	51.61290322580645	67.85714285714286	68.96551724137932
Dialectal	48.71794871794872	67.85714285714286	60.60606060606061
Dialectal_normalizada	51.61290322580645	67.85714285714286	68.96551724137932