Transcripcion	Levenstein	Orden	Parcial
Estandar	16.000000000000004	27.118644067796616	37.5
Estandar_normalizada	18.181818181818176	27.118644067796616	44.99999999999999
Dialectal	16.000000000000004	27.118644067796616	37.5
Dialectal_normalizada	18.181818181818176	27.118644067796616	44.99999999999999