Transcripcion	Levenstein	Orden	Parcial
Estandar	29.268292682926834	60.8	60.46511627906976
Estandar_normalizada	37.0	61.29032258064516	69.23076923076923
Dialectal	29.268292682926834	60.8	60.46511627906976
Dialectal_normalizada	37.0	61.29032258064516	69.23076923076923