Transcripcion	Levenstein	Orden	Parcial
Estandar	56.41025641025641	71.07438016528927	67.1875
Estandar_normalizada	60.60606060606061	71.07438016528927	75.0
Dialectal	56.41025641025641	71.07438016528927	67.1875
Dialectal_normalizada	60.60606060606061	71.07438016528927	75.0