Transcripcion	Levenstein	Orden	Parcial
Estandar	9.375	30.76923076923077	27.586206896551722
Estandar_normalizada	21.42857142857143	19.999999999999996	34.78260869565217
Dialectal	9.375	30.76923076923077	27.586206896551722
Dialectal_normalizada	21.42857142857143	19.999999999999996	34.78260869565217