Transcripcion	Levenstein	Orden	Parcial
Estandar	16.000000000000004	25.0	28.57142857142857
Estandar_normalizada	8.695652173913048	25.0	28.57142857142857
Dialectal	16.000000000000004	25.0	28.57142857142857
Dialectal_normalizada	8.695652173913048	25.0	28.57142857142857