Transcripcion	Levenstein	Orden	Parcial
Estandar	82.26120857699806	94.95896834701055	85.41666666666666
Estandar_normalizada	88.38709677419355	95.07042253521126	89.7713598074609
Dialectal	82.58317025440314	95.18213866039953	85.64814814814815
Dialectal_normalizada	88.76889848812095	95.29411764705881	90.14423076923077