Transcripcion	Levenstein	Orden	Parcial
Estandar	25.0	16.000000000000004	33.333333333333336
Estandar_normalizada	19.999999999999996	16.000000000000004	31.57894736842105
Dialectal	25.0	16.000000000000004	33.333333333333336
Dialectal_normalizada	19.999999999999996	16.000000000000004	31.57894736842105