Transcripcion	Levenstein	Orden	Parcial
Estandar	74.07407407407408	85.71428571428572	86.36363636363636
Estandar_normalizada	78.26086956521739	85.71428571428572	90.0
Dialectal	74.07407407407408	85.71428571428572	86.36363636363636
Dialectal_normalizada	78.26086956521739	85.71428571428572	90.0