Transcripcion	Levenstein	Orden	Parcial
Estandar	54.19354838709678	64.15094339622642	72.34042553191489
Estandar_normalizada	58.21917808219178	64.39393939393939	75.0
Dialectal	54.19354838709678	64.15094339622642	72.34042553191489
Dialectal_normalizada	58.21917808219178	64.39393939393939	75.0