Transcripcion	Levenstein	Orden	Parcial
Estandar	59.166666666666664	77.45664739884393	61.951219512195124
Estandar_normalizada	67.3015873015873	77.90697674418605	72.48908296943232
Dialectal	59.166666666666664	77.45664739884393	61.951219512195124
Dialectal_normalizada	67.3015873015873	77.90697674418605	72.48908296943232