Transcripcion	Levenstein	Orden	Parcial
Estandar	0.0	19.999999999999996	22.22222222222222
Estandar_normalizada	0.0	19.999999999999996	33.333333333333336
Dialectal	0.0	19.999999999999996	22.22222222222222
Dialectal_normalizada	0.0	19.999999999999996	33.333333333333336