Transcripcion	Levenstein	Orden	Parcial
Estandar	68.57142857142857	84.375	86.66666666666667
Estandar_normalizada	75.75757575757575	84.375	86.66666666666667
Dialectal	68.57142857142857	84.375	86.66666666666667
Dialectal_normalizada	75.75757575757575	84.375	86.66666666666667