Transcripcion	Levenstein	Orden	Parcial
Estandar	58.22784810126582	69.06474820143885	73.6462093862816
Estandar_normalizada	64.53900709219857	68.36363636363636	79.71014492753623
Dialectal	58.22784810126582	69.06474820143885	73.6462093862816
Dialectal_normalizada	64.53900709219857	68.36363636363636	79.71014492753623