Transcripcion	Levenstein	Orden	Parcial
Estandar	47.297297297297305	50.46728971962617	68.08510638297872
Estandar_normalizada	53.968253968253975	50.943396226415096	71.73913043478262
Dialectal	47.297297297297305	50.46728971962617	68.08510638297872
Dialectal_normalizada	53.968253968253975	50.943396226415096	71.73913043478262