Transcripcion	Levenstein	Orden	Parcial
Estandar	5.35714285714286	13.793103448275868	40.0
Estandar_normalizada	5.555555555555558	13.793103448275868	50.0
Dialectal	5.35714285714286	13.793103448275868	40.0
Dialectal_normalizada	5.555555555555558	13.793103448275868	50.0