Transcripcion	Levenstein	Orden	Parcial
Estandar	68.2648401826484	87.97564687975648	68.78980891719746
Estandar_normalizada	78.06788511749347	88.07339449541286	79.06976744186046
Dialectal	68.2648401826484	87.97564687975648	68.78980891719746
Dialectal_normalizada	78.06788511749347	88.07339449541286	79.06976744186046