Transcripcion	Levenstein	Orden	Parcial
Estandar	57.93650793650793	78.94736842105263	69.31818181818181
Estandar_normalizada	67.54385964912281	78.94736842105263	76.19047619047619
Dialectal	56.800000000000004	77.24867724867725	67.04545454545455
Dialectal_normalizada	66.3716814159292	77.24867724867725	75.0