Transcripcion	Levenstein	Orden	Parcial
Estandar	25.92592592592593	47.11316397228637	43.18181818181818
Estandar_normalizada	28.421052631578945	46.403712296983755	46.20253164556962
Dialectal	25.92592592592593	47.11316397228637	43.18181818181818
Dialectal_normalizada	28.421052631578945	46.403712296983755	46.20253164556962