Transcripcion	Levenstein	Orden	Parcial
Estandar	60.0	65.75342465753424	74.28571428571429
Estandar_normalizada	63.41463414634146	65.75342465753424	79.41176470588236
Dialectal	60.0	65.75342465753424	74.28571428571429
Dialectal_normalizada	63.41463414634146	65.75342465753424	79.41176470588236