Transcripcion	Levenstein	Orden	Parcial
Estandar	36.8231046931408	61.91446028513239	57.258064516129025
Estandar_normalizada	40.22140221402214	60.78028747433265	59.909909909909906
Dialectal	36.8231046931408	61.91446028513239	57.258064516129025
Dialectal_normalizada	40.22140221402214	60.78028747433265	59.909909909909906