Transcripcion	Levenstein	Orden	Parcial
Estandar	36.92307692307693	64.70588235294117	76.92307692307692
Estandar_normalizada	44.230769230769226	65.67164179104478	83.33333333333334
Dialectal	36.92307692307693	64.70588235294117	76.92307692307692
Dialectal_normalizada	44.230769230769226	65.67164179104478	83.33333333333334