Transcripcion	Levenstein	Orden	Parcial
Estandar	19.999999999999996	31.57894736842105	31.57894736842105
Estandar_normalizada	22.22222222222222	21.62162162162162	41.666666666666664
Dialectal	19.999999999999996	31.57894736842105	31.57894736842105
Dialectal_normalizada	22.22222222222222	21.62162162162162	41.666666666666664