Transcripcion	Levenstein	Orden	Parcial
Estandar	36.69724770642202	68.1564245810056	58.69565217391304
Estandar_normalizada	39.795918367346935	68.1564245810056	63.63636363636363
Dialectal	36.69724770642202	68.1564245810056	58.69565217391304
Dialectal_normalizada	39.795918367346935	68.1564245810056	63.63636363636363