Transcripcion	Levenstein	Orden	Parcial
Estandar	60.0	73.54838709677419	71.08433734939759
Estandar_normalizada	66.66666666666667	73.54838709677419	79.48717948717949
Dialectal	60.0	73.54838709677419	71.08433734939759
Dialectal_normalizada	66.66666666666667	73.54838709677419	79.48717948717949