Transcripcion	Levenstein	Orden	Parcial
Estandar	14.583333333333337	40.963855421686745	34.14634146341463
Estandar_normalizada	19.047619047619047	37.03703703703704	38.888888888888886
Dialectal	14.583333333333337	40.963855421686745	34.14634146341463
Dialectal_normalizada	19.047619047619047	37.03703703703704	38.888888888888886