Transcripcion	Levenstein	Orden	Parcial
Estandar	14.754098360655743	41.269841269841265	40.74074074074075
Estandar_normalizada	20.833333333333336	41.269841269841265	48.0
Dialectal	14.754098360655743	41.269841269841265	40.74074074074075
Dialectal_normalizada	20.833333333333336	41.269841269841265	48.0