Transcripcion	Levenstein	Orden	Parcial
Estandar	19.14893617021277	40.57971014492754	42.85714285714286
Estandar_normalizada	25.581395348837212	38.23529411764706	51.28205128205128
Dialectal	19.14893617021277	40.57971014492754	42.85714285714286
Dialectal_normalizada	25.581395348837212	38.23529411764706	51.28205128205128