Transcripcion	Levenstein	Orden	Parcial
Estandar	16.666666666666664	35.0	50.0
Estandar_normalizada	18.75	35.0	52.63157894736843
Dialectal	16.666666666666664	35.0	50.0
Dialectal_normalizada	18.75	35.0	52.63157894736843