Transcripcion	Levenstein	Orden	Parcial
Estandar	54.00696864111498	73.6842105263158	67.12962962962963
Estandar_normalizada	57.8544061302682	73.6842105263158	70.87378640776699
Dialectal	54.00696864111498	73.6842105263158	67.12962962962963
Dialectal_normalizada	57.8544061302682	73.6842105263158	70.87378640776699