Transcripcion	Levenstein	Orden	Parcial
Estandar	13.636363636363635	18.181818181818176	33.333333333333336
Estandar_normalizada	13.33333333333333	19.047619047619047	33.333333333333336
Dialectal	13.636363636363635	18.181818181818176	33.333333333333336
Dialectal_normalizada	13.33333333333333	19.047619047619047	33.333333333333336