Transcripcion	Levenstein	Orden	Parcial
Estandar	59.56043956043956	78.12971342383108	66.5615141955836
Estandar_normalizada	69.89795918367348	78.48484848484848	78.36065573770492
Dialectal	59.56043956043956	78.12971342383108	66.5615141955836
Dialectal_normalizada	69.89795918367348	78.48484848484848	78.36065573770492