Transcripcion	Levenstein	Orden	Parcial
Estandar	69.5266272189349	79.50530035335689	77.45454545454545
Estandar_normalizada	76.84887459807074	79.92895204262878	83.7037037037037
Dialectal	69.5266272189349	79.50530035335689	77.45454545454545
Dialectal_normalizada	76.84887459807074	79.92895204262878	83.7037037037037