Transcripcion	Levenstein	Orden	Parcial
Estandar	41.53846153846153	66.66666666666667	67.44186046511628
Estandar_normalizada	50.90909090909091	66.66666666666667	67.44186046511628
Dialectal	41.53846153846153	66.66666666666667	67.44186046511628
Dialectal_normalizada	50.90909090909091	66.66666666666667	67.44186046511628