Transcripcion	Levenstein	Orden	Parcial
Estandar	76.01246105919003	83.62989323843416	81.58844765342961
Estandar_normalizada	82.15488215488216	83.92857142857143	86.76470588235294
Dialectal	76.25	83.77896613190731	81.94945848375451
Dialectal_normalizada	82.43243243243244	84.07871198568873	86.76470588235294