Transcripcion	Levenstein	Orden	Parcial
Estandar	35.39823008849557	58.89570552147239	71.42857142857143
Estandar_normalizada	41.28440366972477	58.89570552147239	80.0
Dialectal	35.39823008849557	58.89570552147239	71.42857142857143
Dialectal_normalizada	41.28440366972477	58.89570552147239	80.0