Transcripcion	Levenstein	Orden	Parcial
Estandar	6.578947368421051	10.126582278481012	50.0
Estandar_normalizada	5.405405405405405	10.126582278481012	50.0
Dialectal	6.578947368421051	10.126582278481012	50.0
Dialectal_normalizada	5.405405405405405	10.126582278481012	50.0