Transcripcion	Levenstein	Orden	Parcial
Estandar	27.536231884057973	43.956043956043956	44.73684210526315
Estandar_normalizada	32.20338983050848	43.956043956043956	48.64864864864865
Dialectal	27.536231884057973	43.956043956043956	44.73684210526315
Dialectal_normalizada	32.20338983050848	43.956043956043956	48.64864864864865