Transcripcion	Levenstein	Orden	Parcial
Estandar	6.666666666666665	11.764705882352944	28.57142857142857
Estandar_normalizada	13.33333333333333	11.764705882352944	40.0
Dialectal	6.666666666666665	11.764705882352944	28.57142857142857
Dialectal_normalizada	13.33333333333333	11.764705882352944	40.0