Transcripcion	Levenstein	Orden	Parcial
Estandar	11.111111111111116	28.57142857142857	30.76923076923077
Estandar_normalizada	11.111111111111116	28.57142857142857	36.36363636363637
Dialectal	11.111111111111116	28.57142857142857	30.76923076923077
Dialectal_normalizada	11.111111111111116	28.57142857142857	36.36363636363637