Transcripcion	Levenstein	Orden	Parcial
Estandar	41.17647058823529	50.90909090909091	52.17391304347826
Estandar_normalizada	46.57534246575342	50.90909090909091	62.7906976744186
Dialectal	41.17647058823529	50.90909090909091	52.17391304347826
Dialectal_normalizada	46.57534246575342	50.90909090909091	62.7906976744186