Transcripcion	Levenstein	Orden	Parcial
Estandar	54.90196078431373	81.9672131147541	89.28571428571429
Estandar_normalizada	60.97560975609756	81.9672131147541	93.87755102040816
Dialectal	54.90196078431373	81.9672131147541	89.28571428571429
Dialectal_normalizada	60.97560975609756	81.9672131147541	93.87755102040816