Transcripcion	Levenstein	Orden	Parcial
Estandar	43.386243386243386	66.4179104477612	67.82608695652175
Estandar_normalizada	49.390243902439025	67.16981132075472	74.33628318584071
Dialectal	43.386243386243386	66.4179104477612	67.82608695652175
Dialectal_normalizada	49.390243902439025	67.16981132075472	74.33628318584071