Transcripcion	Levenstein	Orden	Parcial
Estandar	27.179487179487182	48.927038626609445	56.55172413793104
Estandar_normalizada	31.360946745562135	49.13793103448276	65.33333333333333
Dialectal	27.179487179487182	48.927038626609445	56.55172413793104
Dialectal_normalizada	31.360946745562135	49.13793103448276	65.33333333333333