Transcripcion	Levenstein	Orden	Parcial
Estandar	42.592592592592595	64.0	63.1578947368421
Estandar_normalizada	46.93877551020408	64.86486486486487	68.85245901639344
Dialectal	42.592592592592595	64.0	63.1578947368421
Dialectal_normalizada	46.93877551020408	64.86486486486487	68.85245901639344