Transcripcion	Levenstein	Orden	Parcial
Estandar	70.73170731707317	75.0	78.51239669421489
Estandar_normalizada	74.3801652892562	75.0	81.66666666666667
Dialectal	70.73170731707317	75.0	78.51239669421489
Dialectal_normalizada	74.3801652892562	75.0	81.66666666666667