Transcripcion	Levenstein	Orden	Parcial
Estandar	59.57446808510638	78.78787878787878	82.75862068965517
Estandar_normalizada	65.85365853658536	78.78787878787878	89.28571428571429
Dialectal	59.57446808510638	78.78787878787878	82.75862068965517
Dialectal_normalizada	65.85365853658536	78.78787878787878	89.28571428571429