Transcripcion	Levenstein	Orden	Parcial
Estandar	59.88023952095809	84.47653429602889	70.71428571428571
Estandar_normalizada	66.44295302013423	84.36363636363636	77.94117647058823
Dialectal	59.88023952095809	84.47653429602889	70.71428571428571
Dialectal_normalizada	66.44295302013423	84.36363636363636	77.94117647058823