Transcripcion	Levenstein	Orden	Parcial
Estandar	55.55555555555556	82.05128205128204	63.29113924050633
Estandar_normalizada	62.5	82.75862068965517	69.38775510204081
Dialectal	55.55555555555556	82.05128205128204	63.29113924050633
Dialectal_normalizada	62.5	82.75862068965517	69.38775510204081