Transcripcion	Levenstein	Orden	Parcial
Estandar	20.408163265306122	30.555555555555557	38.46153846153846
Estandar_normalizada	22.44897959183674	30.555555555555557	41.666666666666664
Dialectal	20.408163265306122	30.555555555555557	38.46153846153846
Dialectal_normalizada	22.44897959183674	30.555555555555557	41.666666666666664