Transcripcion	Levenstein	Orden	Parcial
Estandar	52.17391304347826	75.96899224806202	78.94736842105263
Estandar_normalizada	61.25000000000001	75.96899224806202	79.24528301886792
Dialectal	52.17391304347826	75.96899224806202	78.94736842105263
Dialectal_normalizada	61.25000000000001	75.96899224806202	79.24528301886792