Transcripcion	Levenstein	Orden	Parcial
Estandar	20.833333333333336	43.2	36.53846153846154
Estandar_normalizada	24.390243902439025	43.548387096774185	41.379310344827594
Dialectal	20.833333333333336	43.2	36.53846153846154
Dialectal_normalizada	24.390243902439025	43.548387096774185	41.379310344827594