Transcripcion	Levenstein	Orden	Parcial
Estandar	19.999999999999996	31.818181818181824	35.89743589743589
Estandar_normalizada	13.043478260869568	31.818181818181824	40.0
Dialectal	19.999999999999996	31.818181818181824	35.89743589743589
Dialectal_normalizada	13.043478260869568	31.818181818181824	40.0