Transcripcion	Levenstein	Orden	Parcial
Estandar	26.66666666666667	34.78260869565217	38.46153846153846
Estandar_normalizada	28.57142857142857	34.78260869565217	47.61904761904761
Dialectal	26.66666666666667	34.78260869565217	38.46153846153846
Dialectal_normalizada	28.57142857142857	34.78260869565217	47.61904761904761