Transcripcion	Levenstein	Orden	Parcial
Estandar	55.21739130434782	70.1657458563536	71.00591715976333
Estandar_normalizada	59.523809523809526	70.1657458563536	74.84662576687117
Dialectal	55.21739130434782	70.1657458563536	71.00591715976333
Dialectal_normalizada	59.523809523809526	70.1657458563536	74.84662576687117