Transcripcion	Levenstein	Orden	Parcial
Estandar	44.31818181818182	60.526315789473685	60.431654676258994
Estandar_normalizada	55.696202531645575	61.74496644295302	73.17073170731707
Dialectal	44.31818181818182	60.526315789473685	60.431654676258994
Dialectal_normalizada	55.696202531645575	61.74496644295302	73.17073170731707