Transcripcion	Levenstein	Orden	Parcial
Estandar	31.818181818181824	52.2875816993464	46.4
Estandar_normalizada	34.375	52.63157894736843	50.43478260869565
Dialectal	31.818181818181824	52.2875816993464	46.4
Dialectal_normalizada	34.375	52.63157894736843	50.43478260869565