Transcripcion	Levenstein	Orden	Parcial
Estandar	52.09580838323353	74.50980392156863	68.96551724137932
Estandar_normalizada	57.857142857142854	74.50980392156863	76.07843137254902
Dialectal	52.09580838323353	74.50980392156863	68.96551724137932
Dialectal_normalizada	57.857142857142854	74.50980392156863	76.07843137254902