Transcripcion	Levenstein	Orden	Parcial
Estandar	26.82926829268293	27.692307692307693	39.28571428571429
Estandar_normalizada	27.500000000000004	27.692307692307693	40.816326530612244
Dialectal	26.82926829268293	27.692307692307693	39.28571428571429
Dialectal_normalizada	27.500000000000004	27.692307692307693	40.816326530612244