Transcripcion	Levenstein	Orden	Parcial
Estandar	64.17910447761194	84.0	81.31868131868131
Estandar_normalizada	72.88135593220339	84.84848484848484	88.76404494382022
Dialectal	64.17910447761194	84.0	81.31868131868131
Dialectal_normalizada	72.88135593220339	84.84848484848484	88.76404494382022