Transcripcion	Levenstein	Orden	Parcial
Estandar	54.658385093167695	66.93227091633467	64.46280991735537
Estandar_normalizada	58.62068965517242	66.93227091633467	69.29824561403508
Dialectal	54.658385093167695	66.93227091633467	64.46280991735537
Dialectal_normalizada	58.62068965517242	66.93227091633467	69.29824561403508