Transcripcion	Levenstein	Orden	Parcial
Estandar	15.107913669064743	23.129251700680275	37.5
Estandar_normalizada	14.84375	23.129251700680275	46.15384615384615
Dialectal	15.107913669064743	23.129251700680275	37.5
Dialectal_normalizada	14.84375	23.129251700680275	46.15384615384615