Transcripcion	Levenstein	Orden	Parcial
Estandar	18.6046511627907	31.25	35.483870967741936
Estandar_normalizada	21.42857142857143	31.25	43.99999999999999
Dialectal	18.6046511627907	31.25	35.483870967741936
Dialectal_normalizada	21.42857142857143	31.25	43.99999999999999