Transcripcion	Levenstein	Orden	Parcial
Estandar	91.86046511627907	100.0	95.0
Estandar_normalizada	96.25	100.0	97.40259740259741
Dialectal	91.86046511627907	100.0	95.0
Dialectal_normalizada	96.25	100.0	97.40259740259741