Transcripcion	Levenstein	Orden	Parcial
Estandar	38.983050847457626	80.0	64.70588235294117
Estandar_normalizada	54.347826086956516	81.15942028985508	75.0
Dialectal	38.983050847457626	80.0	64.70588235294117
Dialectal_normalizada	54.347826086956516	81.15942028985508	75.0