Transcripcion	Levenstein	Orden	Parcial
Estandar	14.28571428571429	33.333333333333336	33.333333333333336
Estandar_normalizada	25.0	33.333333333333336	50.0
Dialectal	14.28571428571429	33.333333333333336	33.333333333333336
Dialectal_normalizada	25.0	33.333333333333336	50.0