Transcripcion	Levenstein	Orden	Parcial
Estandar	54.85137408861469	74.48944271374178	63.24284666177549
Estandar_normalizada	58.57664233576643	74.1946657429858	67.22306525037935
Dialectal	54.85137408861469	74.48944271374178	63.24284666177549
Dialectal_normalizada	58.57664233576643	74.1946657429858	67.22306525037935