Transcripcion	Levenstein	Orden	Parcial
Estandar	63.78600823045267	77.28983688833124	70.89947089947091
Estandar_normalizada	69.45701357466064	77.28983688833124	77.45358090185677
Dialectal	63.78600823045267	77.28983688833124	70.89947089947091
Dialectal_normalizada	69.45701357466064	77.28983688833124	77.45358090185677