Transcripcion	Levenstein	Orden	Parcial
Estandar	18.181818181818176	34.78260869565217	40.0
Estandar_normalizada	18.42105263157895	34.78260869565217	47.61904761904761
Dialectal	18.181818181818176	34.78260869565217	40.0
Dialectal_normalizada	18.42105263157895	34.78260869565217	47.61904761904761