Transcripcion	Levenstein	Orden	Parcial
Estandar	26.66666666666667	30.76923076923077	75.0
Estandar_normalizada	27.27272727272727	30.76923076923077	100.0
Dialectal	26.66666666666667	30.76923076923077	75.0
Dialectal_normalizada	27.27272727272727	30.76923076923077	100.0