Transcripcion	Levenstein	Orden	Parcial
Estandar	65.78947368421053	81.35593220338984	96.15384615384616
Estandar_normalizada	71.42857142857143	81.35593220338984	100.0
Dialectal	65.78947368421053	81.35593220338984	96.15384615384616
Dialectal_normalizada	71.42857142857143	81.35593220338984	100.0