Transcripcion	Levenstein	Orden	Parcial
Estandar	82.72727272727273	95.83333333333334	90.625
Estandar_normalizada	88.23529411764706	95.83333333333334	95.74468085106383
Dialectal	82.72727272727273	95.83333333333334	90.625
Dialectal_normalizada	88.23529411764706	95.83333333333334	95.74468085106383