Transcripcion	Levenstein	Orden	Parcial
Estandar	59.219088937093275	82.15384615384616	66.78082191780823
Estandar_normalizada	67.24565756823822	83.10077519379846	73.26388888888889
Dialectal	59.34782608695652	82.28043143297381	66.78082191780823
Dialectal_normalizada	67.41293532338308	83.22981366459628	73.26388888888889