Transcripcion	Levenstein	Orden	Parcial
Estandar	69.63226571767497	81.99737187910644	77.36572890025575
Estandar_normalizada	74.3979721166033	81.99737187910644	82.63157894736842
Dialectal	69.7841726618705	82.74950429610047	77.8772378516624
Dialectal_normalizada	74.61538461538461	82.74950429610047	83.42105263157895