Transcripcion	Levenstein	Orden	Parcial
Estandar	44.841269841269835	71.38810198300283	65.03067484662577
Estandar_normalizada	50.23255813953489	71.42857142857143	71.51898734177216
Dialectal	44.047619047619044	70.25495750708215	65.03067484662577
Dialectal_normalizada	49.302325581395344	70.28571428571428	70.88607594936708