Transcripcion	Levenstein	Orden	Parcial
Estandar	71.42857142857143	100.0	83.63636363636364
Estandar_normalizada	89.65517241379311	100.0	94.11764705882352
Dialectal	71.42857142857143	100.0	83.63636363636364
Dialectal_normalizada	89.65517241379311	100.0	94.11764705882352