Transcripcion	Levenstein	Orden	Parcial
Estandar	66.54411764705883	83.8407494145199	78.0952380952381
Estandar_normalizada	72.91666666666667	83.56807511737088	84.07960199004975
Dialectal	66.54411764705883	83.8407494145199	78.0952380952381
Dialectal_normalizada	72.91666666666667	83.56807511737088	84.07960199004975