Transcripcion	Levenstein	Orden	Parcial
Estandar	63.608562691131496	79.8507462686567	67.58349705304518
Estandar_normalizada	66.996699669967	79.8507462686567	72.6530612244898
Dialectal	63.80368098159509	79.25233644859813	67.71653543307087
Dialectal_normalizada	67.21854304635761	79.25233644859813	72.6530612244898