Transcripcion	Levenstein	Orden	Parcial
Estandar	86.8421052631579	92.95774647887323	91.66666666666666
Estandar_normalizada	88.88888888888889	92.95774647887323	92.95774647887323
Dialectal	86.8421052631579	92.95774647887323	91.66666666666666
Dialectal_normalizada	88.88888888888889	92.95774647887323	92.95774647887323