Transcripcion	Levenstein	Orden	Parcial
Estandar	67.41854636591479	83.57723577235772	71.95945945945945
Estandar_normalizada	75.14124293785311	83.98692810457517	77.77777777777779
Dialectal	67.41854636591479	83.57723577235772	71.95945945945945
Dialectal_normalizada	75.14124293785311	83.98692810457517	77.77777777777779