Transcripcion	Levenstein	Orden	Parcial
Estandar	22.22222222222222	49.411764705882355	43.90243902439024
Estandar_normalizada	25.0	50.0	50.63291139240506
Dialectal	22.22222222222222	49.411764705882355	43.90243902439024
Dialectal_normalizada	25.0	50.0	50.63291139240506