Transcripcion	Levenstein	Orden	Parcial
Estandar	26.785714285714292	43.333333333333336	61.904761904761905
Estandar_normalizada	34.78260869565217	44.067796610169495	70.0
Dialectal	26.785714285714292	43.333333333333336	61.904761904761905
Dialectal_normalizada	34.78260869565217	44.067796610169495	70.0