Transcripcion	Levenstein	Orden	Parcial
Estandar	46.25	56.52173913043479	61.42857142857143
Estandar_normalizada	50.0	56.52173913043479	65.71428571428571
Dialectal	46.25	56.52173913043479	61.42857142857143
Dialectal_normalizada	50.0	56.52173913043479	65.71428571428571