Transcripcion	Levenstein	Orden	Parcial
Estandar	76.47058823529412	95.23809523809523	81.3953488372093
Estandar_normalizada	88.88888888888889	95.23809523809523	90.47619047619048
Dialectal	76.47058823529412	95.23809523809523	81.3953488372093
Dialectal_normalizada	88.88888888888889	95.23809523809523	90.47619047619048