Transcripcion	Levenstein	Orden	Parcial
Estandar	18.3206106870229	50.0	37.86407766990292
Estandar_normalizada	27.966101694915256	47.80487804878049	45.614035087719294
Dialectal	18.3206106870229	50.0	37.86407766990292
Dialectal_normalizada	27.966101694915256	47.80487804878049	45.614035087719294