Transcripcion	Levenstein	Orden	Parcial
Estandar	53.179190751445084	75.0	70.64220183486239
Estandar_normalizada	57.961783439490446	74.50980392156863	76.41509433962264
Dialectal	53.179190751445084	75.0	70.64220183486239
Dialectal_normalizada	57.961783439490446	74.50980392156863	76.41509433962264