Transcripcion	Levenstein	Orden	Parcial
Estandar	26.724137931034488	44.859813084112155	46.948356807511736
Estandar_normalizada	27.27272727272727	44.859813084112155	49.76076555023924
Dialectal	26.724137931034488	44.859813084112155	46.948356807511736
Dialectal_normalizada	27.27272727272727	44.859813084112155	49.76076555023924