Transcripcion	Levenstein	Orden	Parcial
Estandar	13.33333333333333	37.03703703703704	37.5
Estandar_normalizada	16.666666666666664	37.03703703703704	40.816326530612244
Dialectal	13.33333333333333	37.03703703703704	37.5
Dialectal_normalizada	16.666666666666664	37.03703703703704	40.816326530612244