Transcripcion	Levenstein	Orden	Parcial
Estandar	86.66666666666667	97.43589743589743	90.0
Estandar_normalizada	92.6829268292683	97.43589743589743	94.87179487179486
Dialectal	86.66666666666667	97.43589743589743	90.0
Dialectal_normalizada	92.6829268292683	97.43589743589743	94.87179487179486