Transcripcion	Levenstein	Orden	Parcial
Estandar	23.25581395348837	52.87356321839081	50.0
Estandar_normalizada	32.35294117647059	53.48837209302326	60.0
Dialectal	23.25581395348837	52.87356321839081	50.0
Dialectal_normalizada	32.35294117647059	53.48837209302326	60.0