Transcripcion	Levenstein	Orden	Parcial
Estandar	61.42131979695431	85.61151079136691	65.60000000000001
Estandar_normalizada	68.20809248554913	86.23188405797102	72.95081967213115
Dialectal	61.42131979695431	85.61151079136691	65.60000000000001
Dialectal_normalizada	68.20809248554913	86.23188405797102	72.95081967213115