Transcripcion	Levenstein	Orden	Parcial
Estandar	46.28099173553719	63.65280289330922	55.91397849462365
Estandar_normalizada	51.12540192926045	62.909090909090914	64.17910447761194
Dialectal	46.28099173553719	63.65280289330922	55.91397849462365
Dialectal_normalizada	51.12540192926045	62.909090909090914	64.17910447761194