Transcripcion	Levenstein	Orden	Parcial
Estandar	70.12658227848101	79.64071856287424	78.33827893175074
Estandar_normalizada	74.93112947658402	79.16041979010495	82.6086956521739
Dialectal	71.06598984771574	80.0599700149925	79.52522255192879
Dialectal_normalizada	75.96685082872928	79.57957957957957	83.85093167701864