Transcripcion	Levenstein	Orden	Parcial
Estandar	50.98039215686274	93.75	55.88235294117647
Estandar_normalizada	76.92307692307692	93.75	77.41935483870968
Dialectal	50.98039215686274	93.75	55.88235294117647
Dialectal_normalizada	76.92307692307692	93.75	77.41935483870968