Transcripcion	Levenstein	Orden	Parcial
Estandar	26.82926829268293	61.53846153846154	64.51612903225806
Estandar_normalizada	37.5	63.1578947368421	81.4814814814815
Dialectal	26.82926829268293	61.53846153846154	64.51612903225806
Dialectal_normalizada	37.5	63.1578947368421	81.4814814814815