Transcripcion	Levenstein	Orden	Parcial
Estandar	39.39008894536214	65.03567787971458	64.92753623188405
Estandar_normalizada	44.81268011527377	65.23517382413088	73.21428571428572
Dialectal	39.10828025477707	64.55566905005108	64.92753623188405
Dialectal_normalizada	44.36416184971098	64.75409836065573	73.21428571428572