Transcripcion	Levenstein	Orden	Parcial
Estandar	42.553191489361694	45.945945945945944	65.71428571428571
Estandar_normalizada	47.72727272727273	45.945945945945944	73.01587301587303
Dialectal	42.553191489361694	45.945945945945944	65.71428571428571
Dialectal_normalizada	47.72727272727273	45.945945945945944	73.01587301587303