Transcripcion	Levenstein	Orden	Parcial
Estandar	31.53153153153153	51.94805194805194	58.18181818181818
Estandar_normalizada	39.62264150943396	52.2875816993464	73.33333333333334
Dialectal	31.53153153153153	51.94805194805194	58.18181818181818
Dialectal_normalizada	39.62264150943396	52.2875816993464	73.33333333333334