Transcripcion	Levenstein	Orden	Parcial
Estandar	61.76470588235294	83.45323741007195	68.57142857142857
Estandar_normalizada	76.82926829268293	83.45323741007195	80.59701492537313
Dialectal	61.76470588235294	83.45323741007195	68.57142857142857
Dialectal_normalizada	76.82926829268293	83.45323741007195	80.59701492537313