Transcripcion	Levenstein	Orden	Parcial
Estandar	78.26086956521739	73.17073170731707	85.0
Estandar_normalizada	80.95238095238095	73.17073170731707	87.17948717948718
Dialectal	78.26086956521739	73.17073170731707	85.0
Dialectal_normalizada	80.95238095238095	73.17073170731707	87.17948717948718