Transcripcion	Levenstein	Orden	Parcial
Estandar	4.929577464788737	12.8	41.666666666666664
Estandar_normalizada	6.399999999999995	12.903225806451612	47.05882352941176
Dialectal	4.929577464788737	12.8	41.666666666666664
Dialectal_normalizada	6.399999999999995	12.903225806451612	47.05882352941176