Transcripcion	Levenstein	Orden	Parcial
Estandar	62.31884057971014	78.02690582959642	76.57657657657657
Estandar_normalizada	69.04761904761905	78.02690582959642	81.55339805825243
Dialectal	62.31884057971014	78.02690582959642	76.57657657657657
Dialectal_normalizada	69.04761904761905	78.02690582959642	81.55339805825243