Transcripcion	Levenstein	Orden	Parcial
Estandar	53.669724770642205	68.58974358974359	61.15702479338842
Estandar_normalizada	59.375	69.03225806451613	65.67164179104478
Dialectal	53.669724770642205	68.58974358974359	61.15702479338842
Dialectal_normalizada	59.375	69.03225806451613	65.67164179104478