Transcripcion	Levenstein	Orden	Parcial
Estandar	55.325443786982255	77.05627705627705	58.65384615384615
Estandar_normalizada	63.48122866894198	77.89934354485777	67.67676767676767
Dialectal	55.325443786982255	77.05627705627705	58.65384615384615
Dialectal_normalizada	63.48122866894198	77.89934354485777	67.67676767676767