Transcripcion	Levenstein	Orden	Parcial
Estandar	64.0	72.5	74.13793103448276
Estandar_normalizada	69.85294117647058	72.5	80.18018018018019
Dialectal	64.0	72.5	74.13793103448276
Dialectal_normalizada	69.85294117647058	72.5	80.18018018018019