Transcripcion	Levenstein	Orden	Parcial
Estandar	19.999999999999996	51.61290322580645	40.0
Estandar_normalizada	31.999999999999996	51.61290322580645	62.5
Dialectal	19.999999999999996	51.61290322580645	40.0
Dialectal_normalizada	31.999999999999996	51.61290322580645	62.5