Transcripcion	Levenstein	Orden	Parcial
Estandar	48.75346260387812	56.75675675675676	54.43037974683544
Estandar_normalizada	55.91054313099042	57.47572815533981	63.519313304721024
Dialectal	47.486033519553075	56.310679611650485	54.43037974683544
Dialectal_normalizada	54.516129032258064	57.03125	63.519313304721024