Transcripcion	Levenstein	Orden	Parcial
Estandar	40.0	73.23943661971832	86.20689655172413
Estandar_normalizada	52.0	74.28571428571429	92.3076923076923
Dialectal	40.0	73.23943661971832	86.20689655172413
Dialectal_normalizada	52.0	74.28571428571429	92.3076923076923