Transcripcion	Levenstein	Orden	Parcial
Estandar	56.00000000000001	89.65517241379311	86.66666666666667
Estandar_normalizada	68.42105263157895	89.65517241379311	100.0
Dialectal	56.00000000000001	89.65517241379311	86.66666666666667
Dialectal_normalizada	68.42105263157895	89.65517241379311	100.0