Transcripcion	Levenstein	Orden	Parcial
Estandar	57.493188010899175	74.76979742173113	66.26506024096386
Estandar_normalizada	65.83850931677019	75.18518518518519	72.58064516129032
Dialectal	57.493188010899175	74.76979742173113	66.26506024096386
Dialectal_normalizada	65.83850931677019	75.18518518518519	72.58064516129032