Transcripcion	Levenstein	Orden	Parcial
Estandar	51.61290322580645	65.0	71.05263157894737
Estandar_normalizada	58.00000000000001	65.0	80.0
Dialectal	51.61290322580645	65.0	71.05263157894737
Dialectal_normalizada	58.00000000000001	65.0	80.0