Transcripcion	Levenstein	Orden	Parcial
Estandar	65.9919028340081	78.0	71.20418848167539
Estandar_normalizada	69.91150442477876	78.39195979899498	76.21621621621621
Dialectal	65.9919028340081	78.0	71.20418848167539
Dialectal_normalizada	69.91150442477876	78.39195979899498	76.21621621621621