Transcripcion	Levenstein	Orden	Parcial
Estandar	57.870370370370374	69.72972972972973	70.1657458563536
Estandar_normalizada	61.30653266331658	69.37669376693766	74.03314917127072
Dialectal	57.009345794392516	69.56521739130434	69.06077348066299
Dialectal_normalizada	60.913705583756354	69.20980926430518	74.03314917127072