Transcripcion	Levenstein	Orden	Parcial
Estandar	58.490566037735846	72.77829747427502	66.46825396825398
Estandar_normalizada	65.14657980456026	72.50470809792844	72.43460764587526
Dialectal	58.07860262008734	72.35238987816308	66.00397614314116
Dialectal_normalizada	64.70588235294117	72.07547169811322	71.9758064516129