Transcripcion	Levenstein	Orden	Parcial
Estandar	71.11111111111111	86.95652173913044	88.88888888888889
Estandar_normalizada	82.05128205128204	86.95652173913044	87.87878787878788
Dialectal	71.11111111111111	86.95652173913044	88.88888888888889
Dialectal_normalizada	82.05128205128204	86.95652173913044	87.87878787878788