Transcripcion	Levenstein	Orden	Parcial
Estandar	35.55555555555555	57.971014492753625	58.62068965517242
Estandar_normalizada	36.36363636363637	57.971014492753625	66.66666666666667
Dialectal	35.55555555555555	57.971014492753625	58.62068965517242
Dialectal_normalizada	36.36363636363637	57.971014492753625	66.66666666666667