Transcripcion	Levenstein	Orden	Parcial
Estandar	71.42857142857143	95.23809523809523	85.71428571428572
Estandar_normalizada	83.33333333333334	95.23809523809523	100.0
Dialectal	61.53846153846154	90.0	80.0
Dialectal_normalizada	72.72727272727273	90.0	94.73684210526316