Transcripcion	Levenstein	Orden	Parcial
Estandar	85.71428571428572	98.41269841269842	90.9090909090909
Estandar_normalizada	93.93939393939394	98.41269841269842	96.7741935483871
Dialectal	85.71428571428572	98.41269841269842	90.9090909090909
Dialectal_normalizada	93.93939393939394	98.41269841269842	96.7741935483871