Transcripcion	Levenstein	Orden	Parcial
Estandar	49.6124031007752	62.944162436548226	61.29032258064516
Estandar_normalizada	58.4070796460177	62.56410256410256	65.93406593406593
Dialectal	49.6124031007752	62.944162436548226	61.29032258064516
Dialectal_normalizada	58.4070796460177	62.56410256410256	65.93406593406593