Transcripcion	Levenstein	Orden	Parcial
Estandar	41.41414141414141	51.127819548872175	62.06896551724138
Estandar_normalizada	51.85185185185186	50.38167938931297	69.64285714285714
Dialectal	41.41414141414141	51.127819548872175	62.06896551724138
Dialectal_normalizada	51.85185185185186	50.38167938931297	69.64285714285714