Transcripcion	Levenstein	Orden	Parcial
Estandar	59.479553903345725	75.34883720930232	74.38423645320196
Estandar_normalizada	70.49180327868852	72.94117647058825	82.47978436657681
Dialectal	59.55056179775281	75.23364485981308	74.25742574257426
Dialectal_normalizada	70.66115702479338	72.81323877068557	82.38482384823848