Transcripcion	Levenstein	Orden	Parcial
Estandar	35.91549295774647	58.82352941176471	57.95454545454546
Estandar_normalizada	40.800000000000004	58.70646766169154	63.52941176470588
Dialectal	35.91549295774647	58.82352941176471	57.95454545454546
Dialectal_normalizada	40.800000000000004	58.70646766169154	63.52941176470588