Transcripcion	Levenstein	Orden	Parcial
Estandar	40.6015037593985	65.84867075664621	60.079051383399204
Estandar_normalizada	43.25396825396825	65.29774127310061	64.8068669527897
Dialectal	40.6015037593985	65.84867075664621	60.079051383399204
Dialectal_normalizada	43.25396825396825	65.29774127310061	64.8068669527897