Transcripcion	Levenstein	Orden	Parcial
Estandar	19.354838709677423	31.818181818181824	42.10526315789473
Estandar_normalizada	18.518518518518523	31.818181818181824	42.10526315789473
Dialectal	19.354838709677423	31.818181818181824	42.10526315789473
Dialectal_normalizada	18.518518518518523	31.818181818181824	42.10526315789473