Transcripcion	Levenstein	Orden	Parcial
Estandar	5.882352941176472	37.03703703703704	46.15384615384615
Estandar_normalizada	13.33333333333333	38.46153846153846	55.55555555555556
Dialectal	5.882352941176472	37.03703703703704	46.15384615384615
Dialectal_normalizada	13.33333333333333	38.46153846153846	55.55555555555556