Transcripcion	Levenstein	Orden	Parcial
Estandar	32.38636363636363	61.392405063291136	55.88235294117647
Estandar_normalizada	38.8235294117647	61.98083067092652	66.18705035971223
Dialectal	32.38636363636363	61.392405063291136	55.88235294117647
Dialectal_normalizada	38.8235294117647	61.98083067092652	66.18705035971223