Transcripcion	Levenstein	Orden	Parcial
Estandar	54.5045045045045	72.23065250379362	62.82051282051282
Estandar_normalizada	62.27390180878554	72.45053272450532	71.54742096505824
Dialectal	54.52488687782806	72.45053272450532	62.82051282051282
Dialectal_normalizada	62.33766233766234	72.67175572519085	71.54742096505824