Transcripcion	Levenstein	Orden	Parcial
Estandar	31.57894736842105	51.21951219512195	65.78947368421053
Estandar_normalizada	35.416666666666664	46.913580246913575	65.75342465753424
Dialectal	31.57894736842105	51.21951219512195	65.78947368421053
Dialectal_normalizada	35.416666666666664	46.913580246913575	65.75342465753424