Transcripcion	Levenstein	Orden	Parcial
Estandar	57.692307692307686	85.71428571428572	73.6842105263158
Estandar_normalizada	75.0	85.71428571428572	88.23529411764706
Dialectal	57.692307692307686	85.71428571428572	73.6842105263158
Dialectal_normalizada	75.0	85.71428571428572	88.23529411764706