Transcripcion	Levenstein	Orden	Parcial
Estandar	45.60906515580736	63.81461675579323	66.7924528301887
Estandar_normalizada	52.365930599369094	63.68515205724508	69.80392156862744
Dialectal	44.88636363636363	63.21428571428571	66.1625708884688
Dialectal_normalizada	51.58227848101266	63.08243727598566	69.15520628683693