Transcripcion	Levenstein	Orden	Parcial
Estandar	22.22222222222222	27.27272727272727	36.36363636363637
Estandar_normalizada	18.75	27.27272727272727	33.333333333333336
Dialectal	22.22222222222222	27.27272727272727	36.36363636363637
Dialectal_normalizada	18.75	27.27272727272727	33.333333333333336