Transcripcion	Levenstein	Orden	Parcial
Estandar	42.10526315789473	59.375	60.86956521739131
Estandar_normalizada	54.28571428571429	59.375	68.85245901639344
Dialectal	42.10526315789473	59.375	60.86956521739131
Dialectal_normalizada	54.28571428571429	59.375	68.85245901639344