Transcripcion	Levenstein	Orden	Parcial
Estandar	32.92682926829268	56.17977528089888	56.25
Estandar_normalizada	41.7910447761194	56.81818181818181	71.875
Dialectal	32.92682926829268	56.17977528089888	56.25
Dialectal_normalizada	41.7910447761194	56.81818181818181	71.875