Transcripcion	Levenstein	Orden	Parcial
Estandar	50.841750841750844	67.45098039215686	68.97810218978103
Estandar_normalizada	55.471698113207545	67.85009861932939	75.10373443983403
Dialectal	49.65986394557823	66.66666666666667	67.88321167883211
Dialectal_normalizada	54.71698113207547	67.06349206349206	74.32150313152401