Transcripcion	Levenstein	Orden	Parcial
Estandar	46.666666666666664	56.00000000000001	69.23076923076923
Estandar_normalizada	61.53846153846154	56.00000000000001	80.0
Dialectal	46.666666666666664	56.00000000000001	69.23076923076923
Dialectal_normalizada	61.53846153846154	56.00000000000001	80.0