Transcripcion	Levenstein	Orden	Parcial
Estandar	7.692307692307687	22.22222222222222	36.36363636363637
Estandar_normalizada	12.06896551724138	22.580645161290324	55.55555555555556
Dialectal	7.692307692307687	22.22222222222222	36.36363636363637
Dialectal_normalizada	12.06896551724138	22.580645161290324	55.55555555555556