Transcripcion	Levenstein	Orden	Parcial
Estandar	55.10204081632652	64.86486486486487	69.44444444444444
Estandar_normalizada	62.7906976744186	64.86486486486487	76.47058823529412
Dialectal	55.10204081632652	64.86486486486487	69.44444444444444
Dialectal_normalizada	62.7906976744186	64.86486486486487	76.47058823529412