Transcripcion	Levenstein	Orden	Parcial
Estandar	44.921875	64.92753623188405	70.67669172932331
Estandar_normalizada	49.56521739130435	64.92753623188405	73.2824427480916
Dialectal	44.921875	64.92753623188405	70.67669172932331
Dialectal_normalizada	49.56521739130435	64.92753623188405	73.2824427480916