Transcripcion	Levenstein	Orden	Parcial
Estandar	17.85714285714286	42.42424242424242	40.42553191489362
Estandar_normalizada	19.23076923076923	42.42424242424242	42.553191489361694
Dialectal	17.85714285714286	42.42424242424242	40.42553191489362
Dialectal_normalizada	19.23076923076923	42.42424242424242	42.553191489361694