Transcripcion	Levenstein	Orden	Parcial
Estandar	10.869565217391308	34.14634146341463	28.57142857142857
Estandar_normalizada	20.588235294117652	30.000000000000004	42.85714285714286
Dialectal	10.869565217391308	34.14634146341463	28.57142857142857
Dialectal_normalizada	20.588235294117652	30.000000000000004	42.85714285714286