Transcripcion	Levenstein	Orden	Parcial
Estandar	6.060606060606055	23.076923076923073	28.57142857142857
Estandar_normalizada	7.692307692307687	23.076923076923073	28.57142857142857
Dialectal	6.060606060606055	23.076923076923073	28.57142857142857
Dialectal_normalizada	7.692307692307687	23.076923076923073	28.57142857142857