Transcripcion	Levenstein	Orden	Parcial
Estandar	19.6078431372549	36.61971830985915	29.54545454545454
Estandar_normalizada	27.083333333333336	34.285714285714285	37.93103448275862
Dialectal	19.6078431372549	36.61971830985915	29.54545454545454
Dialectal_normalizada	27.083333333333336	34.285714285714285	37.93103448275862