Transcripcion	Levenstein	Orden	Parcial
Estandar	35.29411764705882	54.54545454545454	72.22222222222221
Estandar_normalizada	42.85714285714286	54.54545454545454	72.22222222222221
Dialectal	35.29411764705882	54.54545454545454	72.22222222222221
Dialectal_normalizada	42.85714285714286	54.54545454545454	72.22222222222221