Transcripcion	Levenstein	Orden	Parcial
Estandar	22.22222222222222	41.666666666666664	45.56962025316456
Estandar_normalizada	25.0	41.666666666666664	48.64864864864865
Dialectal	22.22222222222222	41.666666666666664	45.56962025316456
Dialectal_normalizada	25.0	41.666666666666664	48.64864864864865