Transcripcion	Levenstein	Orden	Parcial
Estandar	40.0	68.33333333333333	55.952380952380956
Estandar_normalizada	44.03669724770643	65.73816155988858	61.63522012578616
Dialectal	39.754098360655746	67.96657381615599	55.35714285714286
Dialectal_normalizada	43.77880184331797	65.36312849162012	61.0062893081761