Transcripcion	Levenstein	Orden	Parcial
Estandar	30.46875	49.717514124293785	51.94805194805194
Estandar_normalizada	37.272727272727266	50.28571428571429	58.992805755395686
Dialectal	29.92125984251969	48.86363636363637	49.006622516556284
Dialectal_normalizada	37.61467889908256	49.42528735632183	55.88235294117647