Transcripcion	Levenstein	Orden	Parcial
Estandar	13.953488372093027	32.87671232876712	52.17391304347826
Estandar_normalizada	18.181818181818176	33.80281690140845	63.1578947368421
Dialectal	13.953488372093027	32.87671232876712	52.17391304347826
Dialectal_normalizada	18.181818181818176	33.80281690140845	63.1578947368421