Transcripcion	Levenstein	Orden	Parcial
Estandar	55.494505494505496	61.58940397350994	82.26950354609929
Estandar_normalizada	58.62068965517242	61.58940397350994	86.0377358490566
Dialectal	55.494505494505496	61.58940397350994	82.26950354609929
Dialectal_normalizada	58.62068965517242	61.58940397350994	86.0377358490566