Transcripcion	Levenstein	Orden	Parcial
Estandar	44.99999999999999	46.875	64.51612903225806
Estandar_normalizada	52.77777777777778	46.875	66.66666666666667
Dialectal	44.99999999999999	46.875	64.51612903225806
Dialectal_normalizada	52.77777777777778	46.875	66.66666666666667