Transcripcion	Levenstein	Orden	Parcial
Estandar	26.82926829268293	34.48275862068966	43.47826086956522
Estandar_normalizada	29.729729729729726	34.48275862068966	43.47826086956522
Dialectal	26.82926829268293	34.48275862068966	43.47826086956522
Dialectal_normalizada	29.729729729729726	34.48275862068966	43.47826086956522