Transcripcion	Levenstein	Orden	Parcial
Estandar	15.94202898550725	24.561403508771928	44.99999999999999
Estandar_normalizada	19.23076923076923	25.0	50.0
Dialectal	15.94202898550725	24.561403508771928	44.99999999999999
Dialectal_normalizada	19.23076923076923	25.0	50.0