Transcripcion	Levenstein	Orden	Parcial
Estandar	54.336283185840706	65.71428571428571	66.75257731958763
Estandar_normalizada	60.7645875251509	66.03098927294397	70.74468085106382
Dialectal	54.72370766488414	66.26794258373205	66.75257731958763
Dialectal_normalizada	61.25760649087222	66.58682634730539	71.01063829787235