Transcripcion	Levenstein	Orden	Parcial
Estandar	40.42553191489362	70.4225352112676	81.9672131147541
Estandar_normalizada	52.17391304347826	70.4225352112676	96.2962962962963
Dialectal	40.42553191489362	70.4225352112676	81.9672131147541
Dialectal_normalizada	52.17391304347826	70.4225352112676	96.2962962962963