Transcripcion	Levenstein	Orden	Parcial
Estandar	30.15873015873016	52.17391304347826	51.685393258426956
Estandar_normalizada	29.09090909090909	52.17391304347826	60.526315789473685
Dialectal	30.15873015873016	52.17391304347826	51.685393258426956
Dialectal_normalizada	29.09090909090909	52.17391304347826	60.526315789473685