Transcripcion	Levenstein	Orden	Parcial
Estandar	62.97872340425532	74.82614742698192	81.12094395280236
Estandar_normalizada	70.78384798099762	75.03486750348675	85.58282208588956
Dialectal	63.113006396588474	74.93036211699165	81.41592920353982
Dialectal_normalizada	70.95238095238095	75.13966480446928	85.88957055214725