Transcripcion	Levenstein	Orden	Parcial
Estandar	17.391304347826086	34.78260869565217	40.0
Estandar_normalizada	23.529411764705888	34.78260869565217	50.0
Dialectal	17.391304347826086	34.78260869565217	40.0
Dialectal_normalizada	23.529411764705888	34.78260869565217	50.0