Transcripcion	Levenstein	Orden	Parcial
Estandar	48.20717131474104	71.31782945736434	63.711911357340725
Estandar_normalizada	51.991150442477874	71.50259067357513	68.94586894586894
Dialectal	46.35627530364373	70.23498694516972	62.32686980609419
Dialectal_normalizada	49.77477477477478	70.41884816753927	66.95156695156696