Transcripcion	Levenstein	Orden	Parcial
Estandar	77.02702702702703	74.4186046511628	85.07462686567165
Estandar_normalizada	79.41176470588236	74.4186046511628	89.0625
Dialectal	73.23943661971832	69.84126984126983	80.59701492537313
Dialectal_normalizada	73.84615384615385	69.84126984126983	84.55284552845528