Transcripcion	Levenstein	Orden	Parcial
Estandar	73.19711538461539	81.86046511627907	80.6970509383378
Estandar_normalizada	77.37041719342605	81.86046511627907	85.26603001364256
Dialectal	73.22074788902292	81.89081225033289	80.83109919571045
Dialectal_normalizada	77.41116751269035	81.89081225033289	85.26603001364256