Transcripcion	Levenstein	Orden	Parcial
Estandar	36.55913978494624	59.72222222222222	72.05882352941177
Estandar_normalizada	48.31460674157303	59.72222222222222	84.7457627118644
Dialectal	36.55913978494624	59.72222222222222	72.05882352941177
Dialectal_normalizada	48.31460674157303	59.72222222222222	84.7457627118644