Transcripcion	Levenstein	Orden	Parcial
Estandar	66.41949152542372	75.98197037990985	72.49022164276401
Estandar_normalizada	73.27887981330221	76.07994842037395	77.62803234501348
Dialectal	66.20762711864407	75.85318737926595	72.6205997392438
Dialectal_normalizada	73.04550758459743	75.95099935525468	77.49326145552561