Transcripcion	Levenstein	Orden	Parcial
Estandar	67.48051948051948	80.15028177833437	73.6380713838447
Estandar_normalizada	73.07692307692308	80.16295832027578	78.50033178500333
Dialectal	67.06555671175857	80.0376057662175	73.51283656856606
Dialectal_normalizada	72.69121813031161	80.05018820577165	78.30126078301261