Transcripcion	Levenstein	Orden	Parcial
Estandar	23.33333333333333	48.54368932038835	73.33333333333334
Estandar_normalizada	27.160493827160494	49.01960784313726	79.3103448275862
Dialectal	23.33333333333333	48.54368932038835	73.33333333333334
Dialectal_normalizada	27.160493827160494	49.01960784313726	79.3103448275862