Transcripcion	Levenstein	Orden	Parcial
Estandar	17.500000000000004	37.59398496240601	35.46099290780141
Estandar_normalizada	16.901408450704224	37.878787878787875	40.90909090909091
Dialectal	16.455696202531644	37.878787878787875	34.285714285714285
Dialectal_normalizada	17.14285714285714	38.167938931297705	39.69465648854962