Transcripcion	Levenstein	Orden	Parcial
Estandar	56.86274509803921	56.41025641025641	68.42105263157895
Estandar_normalizada	67.44186046511628	56.41025641025641	74.35897435897436
Dialectal	56.86274509803921	56.41025641025641	68.42105263157895
Dialectal_normalizada	67.44186046511628	56.41025641025641	74.35897435897436