Transcripcion	Levenstein	Orden	Parcial
Estandar	28.947368421052634	47.45762711864406	51.85185185185186
Estandar_normalizada	32.35294117647059	47.45762711864406	51.85185185185186
Dialectal	28.947368421052634	47.45762711864406	51.85185185185186
Dialectal_normalizada	32.35294117647059	47.45762711864406	51.85185185185186