Transcripcion	Levenstein	Orden	Parcial
Estandar	33.98058252427184	57.377049180327866	55.172413793103445
Estandar_normalizada	44.30379746835443	57.377049180327866	66.07142857142857
Dialectal	33.98058252427184	57.377049180327866	55.172413793103445
Dialectal_normalizada	44.30379746835443	57.377049180327866	66.07142857142857