Transcripcion	Levenstein	Orden	Parcial
Estandar	30.303030303030297	28.57142857142857	40.0
Estandar_normalizada	32.25806451612904	28.57142857142857	42.307692307692314
Dialectal	30.303030303030297	28.57142857142857	40.0
Dialectal_normalizada	32.25806451612904	28.57142857142857	42.307692307692314