Transcripcion	Levenstein	Orden	Parcial
Estandar	36.12903225806452	61.386138613861384	56.49717514124294
Estandar_normalizada	41.98473282442748	59.70149253731343	60.37735849056604
Dialectal	36.12903225806452	61.386138613861384	56.49717514124294
Dialectal_normalizada	41.98473282442748	59.70149253731343	60.37735849056604