Transcripcion	Levenstein	Orden	Parcial
Estandar	7.14285714285714	16.279069767441857	25.0
Estandar_normalizada	8.333333333333337	16.470588235294116	36.36363636363637
Dialectal	7.14285714285714	16.279069767441857	25.0
Dialectal_normalizada	8.333333333333337	16.470588235294116	36.36363636363637