Transcripcion	Levenstein	Orden	Parcial
Estandar	66.34615384615384	79.26605504587157	75.09025270758123
Estandar_normalizada	71.42857142857143	79.18968692449356	79.62264150943396
Dialectal	64.82084690553746	78.51851851851852	74.54545454545455
Dialectal_normalizada	69.8581560283688	78.43866171003717	78.88888888888889