Transcripcion	Levenstein	Orden	Parcial
Estandar	56.8215892053973	76.50273224043715	69.19104991394148
Estandar_normalizada	64.78632478632478	76.12076852698993	77.68595041322314
Dialectal	56.646525679758305	76.48673376029276	69.3631669535284
Dialectal_normalizada	64.65517241379311	75.91911764705883	77.61467889908256