Transcripcion	Levenstein	Orden	Parcial
Estandar	41.95804195804196	64.25339366515837	79.76878612716763
Estandar_normalizada	44.85294117647059	64.25339366515837	82.71604938271605
Dialectal	41.95804195804196	64.25339366515837	79.76878612716763
Dialectal_normalizada	44.85294117647059	64.25339366515837	82.71604938271605