Transcripcion	Levenstein	Orden	Parcial
Estandar	47.808764940239044	68.1592039800995	78.80597014925374
Estandar_normalizada	49.79423868312757	68.1592039800995	81.78913738019169
Dialectal	48.60557768924303	66.66666666666667	79.51807228915662
Dialectal_normalizada	50.617283950617285	66.66666666666667	82.58064516129032