Transcripcion	Levenstein	Orden	Parcial
Estandar	11.29326047358834	20.36363636363636	38.70967741935484
Estandar_normalizada	13.219616204690832	20.779220779220775	45.56962025316456
Dialectal	10.928961748633881	19.413919413919412	37.07865168539326
Dialectal_normalizada	13.006396588486135	19.813084112149536	45.333333333333336