Transcripcion	Levenstein	Orden	Parcial
Estandar	13.30275229357798	22.78481012658228	74.19354838709677
Estandar_normalizada	14.009661835748787	22.78481012658228	81.35593220338984
Dialectal	13.30275229357798	22.78481012658228	74.19354838709677
Dialectal_normalizada	14.009661835748787	22.78481012658228	81.35593220338984