Transcripcion	Levenstein	Orden	Parcial
Estandar	31.999999999999996	49.63503649635036	57.692307692307686
Estandar_normalizada	35.483870967741936	49.63503649635036	69.56521739130434
Dialectal	31.000000000000007	50.0	58.82352941176471
Dialectal_normalizada	34.40860215053764	50.0	68.88888888888889