Transcripcion	Levenstein	Orden	Parcial
Estandar	63.07086614173228	78.52348993288591	67.66169154228857
Estandar_normalizada	69.13155631986243	78.21497120921306	73.42945417095777
Dialectal	62.58879242304657	77.96447431589054	67.26457399103138
Dialectal_normalizada	68.62068965517241	77.65497357039884	73.02733367715317