Transcripcion	Levenstein	Orden	Parcial
Estandar	23.364485981308412	48.529411764705884	79.48717948717949
Estandar_normalizada	27.0	48.529411764705884	84.93150684931507
Dialectal	23.364485981308412	48.529411764705884	79.48717948717949
Dialectal_normalizada	27.0	48.529411764705884	84.93150684931507