Transcripcion	Levenstein	Orden	Parcial
Estandar	19.54022988505747	39.370078740157474	40.0
Estandar_normalizada	28.205128205128204	39.682539682539684	51.02040816326531
Dialectal	19.54022988505747	39.370078740157474	40.0
Dialectal_normalizada	28.205128205128204	39.682539682539684	51.02040816326531