Transcripcion	Levenstein	Orden	Parcial
Estandar	69.18429003021149	82.60305937256935	74.96103896103897
Estandar_normalizada	75.53750597228859	82.38651102464331	80.6951871657754
Dialectal	67.63157894736842	80.47120418848168	73.97402597402598
Dialectal_normalizada	73.92996108949417	80.25144054478784	80.16042780748663