Transcripcion	Levenstein	Orden	Parcial
Estandar	47.44525547445255	61.6	64.77732793522267
Estandar_normalizada	57.692307692307686	61.847389558232926	76.44444444444444
Dialectal	48.529411764705884	62.65060240963856	65.85365853658536
Dialectal_normalizada	59.23076923076923	62.903225806451616	77.67857142857143