Transcripcion	Levenstein	Orden	Parcial
Estandar	52.800000000000004	77.01149425287358	78.48101265822784
Estandar_normalizada	59.25925925925925	75.14450867052022	80.51948051948052
Dialectal	52.800000000000004	77.01149425287358	78.48101265822784
Dialectal_normalizada	59.25925925925925	75.14450867052022	80.51948051948052