Transcripcion	Levenstein	Orden	Parcial
Estandar	43.75	65.94885598923284	63.40852130325815
Estandar_normalizada	50.5050505050505	66.30727762803235	74.7800586510264
Dialectal	43.6144578313253	66.03773584905662	63.48808030112924
Dialectal_normalizada	50.75757575757576	66.39676113360325	74.8898678414097