Transcripcion	Levenstein	Orden	Parcial
Estandar	43.548387096774185	65.1685393258427	87.32394366197182
Estandar_normalizada	46.42857142857143	65.1685393258427	90.9090909090909
Dialectal	43.548387096774185	65.1685393258427	87.32394366197182
Dialectal_normalizada	46.42857142857143	65.1685393258427	90.9090909090909