Transcripcion	Levenstein	Orden	Parcial
Estandar	45.45454545454546	52.83018867924528	75.0
Estandar_normalizada	48.38709677419355	52.83018867924528	75.55555555555556
Dialectal	45.45454545454546	52.83018867924528	75.0
Dialectal_normalizada	48.38709677419355	52.83018867924528	75.55555555555556