Transcripcion	Levenstein	Orden	Parcial
Estandar	22.499999999999996	62.80193236714976	51.674641148325364
Estandar_normalizada	25.688073394495415	63.41463414634146	55.95854922279793
Dialectal	23.076923076923073	63.725490196078425	52.42718446601942
Dialectal_normalizada	26.415094339622648	64.35643564356435	56.84210526315789