Transcripcion	Levenstein	Orden	Parcial
Estandar	65.89147286821706	76.59574468085107	75.40983606557377
Estandar_normalizada	72.72727272727273	76.59574468085107	82.20338983050848
Dialectal	62.903225806451616	74.78260869565217	75.7201646090535
Dialectal_normalizada	70.33898305084746	74.78260869565217	80.17241379310344