Transcripcion	Levenstein	Orden	Parcial
Estandar	12.121212121212121	21.999999999999996	31.999999999999996
Estandar_normalizada	12.790697674418606	22.22222222222222	34.78260869565217
Dialectal	12.121212121212121	21.999999999999996	31.999999999999996
Dialectal_normalizada	12.790697674418606	22.22222222222222	34.78260869565217