Transcripcion	Levenstein	Orden	Parcial
Estandar	23.880597014925375	36.14457831325302	50.0
Estandar_normalizada	27.118644067796616	36.14457831325302	57.692307692307686
Dialectal	23.880597014925375	36.14457831325302	50.0
Dialectal_normalizada	27.118644067796616	36.14457831325302	57.692307692307686