Transcripcion	Levenstein	Orden	Parcial
Estandar	42.25352112676056	64.37246963562752	68.32298136645963
Estandar_normalizada	46.931407942238266	64.37246963562752	72.48322147651007
Dialectal	42.6056338028169	66.93548387096774	68.8659793814433
Dialectal_normalizada	47.65342960288809	66.93548387096774	73.05122494432071