Transcripcion	Levenstein	Orden	Parcial
Estandar	59.36018957345972	71.12038970076549	70.98515519568151
Estandar_normalizada	64.88250652741515	71.08013937282229	75.91549295774648
Dialectal	58.40386940749698	70.4225352112676	70.71524966261808
Dialectal_normalizada	64.21895861148197	70.52186177715092	76.47887323943662