Transcripcion	Levenstein	Orden	Parcial
Estandar	51.63043478260869	58.53658536585367	67.04545454545455
Estandar_normalizada	58.04597701149425	58.53658536585367	75.86206896551724
Dialectal	51.63043478260869	58.53658536585367	67.04545454545455
Dialectal_normalizada	58.04597701149425	58.53658536585367	75.86206896551724