Transcripcion	Levenstein	Orden	Parcial
Estandar	19.11764705882353	36.58536585365854	35.67567567567568
Estandar_normalizada	26.415094339622648	36.25000000000001	44.44444444444444
Dialectal	19.11764705882353	36.58536585365854	35.67567567567568
Dialectal_normalizada	26.415094339622648	36.25000000000001	44.44444444444444