Transcripcion	Levenstein	Orden	Parcial
Estandar	47.71929824561404	70.27285782671134	59.85090521831735
Estandar_normalizada	53.503184713375795	70.44690052859201	65.16483516483517
Dialectal	47.19659332860184	69.17510853835022	59.31842385516507
Dialectal_normalizada	53.064516129032256	69.34624697336562	64.61538461538461