Transcripcion	Levenstein	Orden	Parcial
Estandar	54.23728813559322	75.8364312267658	65.5045871559633
Estandar_normalizada	59.62199312714777	75.8364312267658	71.48288973384031
Dialectal	53.60501567398119	75.49295774647888	65.87155963302752
Dialectal_normalizada	58.844133099824866	75.49295774647888	71.10266159695817