Transcripcion	Levenstein	Orden	Parcial
Estandar	27.74193548387097	53.73134328358209	48.80952380952381
Estandar_normalizada	34.306569343065696	54.2713567839196	56.55172413793104
Dialectal	27.27272727272727	53.0	47.61904761904761
Dialectal_normalizada	33.82352941176471	53.535353535353536	55.55555555555556