Transcripcion	Levenstein	Orden	Parcial
Estandar	54.80132450331126	68.78198567041966	67.4089068825911
Estandar_normalizada	61.79775280898876	68.65364850976361	72.3044397463002
Dialectal	54.666666666666664	68.65364850976361	67.20647773279353
Dialectal_normalizada	61.50943396226415	68.73065015479875	72.3044397463002