Transcripcion	Levenstein	Orden	Parcial
Estandar	47.084233261339094	64.1350210970464	56.325301204819276
Estandar_normalizada	51.196172248803826	64.50704225352113	61.68224299065421
Dialectal	47.03296703296703	64.58036984352773	56.45645645645645
Dialectal_normalizada	51.21951219512195	64.95726495726495	62.30529595015577