Transcripcion	Levenstein	Orden	Parcial
Estandar	72.1311475409836	89.10891089108911	89.10891089108911
Estandar_normalizada	81.4814814814815	86.0	93.75
Dialectal	72.1311475409836	89.10891089108911	89.10891089108911
Dialectal_normalizada	81.4814814814815	86.0	93.75