Transcripcion	Levenstein	Orden	Parcial
Estandar	23.188405797101453	38.93805309734514	37.93103448275862
Estandar_normalizada	26.15384615384615	38.93805309734514	42.00000000000001
Dialectal	23.188405797101453	38.93805309734514	37.93103448275862
Dialectal_normalizada	26.15384615384615	38.93805309734514	42.00000000000001