Transcripcion	Levenstein	Orden	Parcial
Estandar	58.88441633122484	73.79603399433428	66.06334841628959
Estandar_normalizada	65.15151515151516	73.93465909090908	72.44274809160305
Dialectal	58.79602571595558	73.53361945636624	66.36500754147812
Dialectal_normalizada	65.03856041131105	73.8880918220947	73.12977099236642