Transcripcion	Levenstein	Orden	Parcial
Estandar	53.278688524590166	72.22222222222221	79.26829268292683
Estandar_normalizada	62.616822429906534	72.62569832402235	88.60759493670886
Dialectal	53.278688524590166	72.22222222222221	79.26829268292683
Dialectal_normalizada	62.616822429906534	72.62569832402235	88.60759493670886