Transcripcion	Levenstein	Orden	Parcial
Estandar	56.07287449392713	75.60975609756098	61.74496644295302
Estandar_normalizada	62.82245827010622	75.63237774030354	70.32484635645304
Dialectal	55.53292600135777	74.12410299704517	61.49328859060403
Dialectal_normalizada	62.18487394957983	74.05840033855269	70.1492537313433