Transcripcion	Levenstein	Orden	Parcial
Estandar	41.25	56.88073394495412	69.38775510204081
Estandar_normalizada	53.03030303030303	59.81308411214954	75.0
Dialectal	41.25	56.88073394495412	69.38775510204081
Dialectal_normalizada	53.03030303030303	59.81308411214954	75.0