Transcripcion	Levenstein	Orden	Parcial
Estandar	51.200564971751405	69.48640483383686	63.71760500446828
Estandar_normalizada	55.29953917050692	69.17423259835711	68.22867853795688
Dialectal	50.67712045616536	69.35763888888889	63.71760500446828
Dialectal_normalizada	54.771140418929406	69.1304347826087	68.13495782567948