Transcripcion	Levenstein	Orden	Parcial
Estandar	47.71300448430493	68.33013435700576	55.77211394302848
Estandar_normalizada	54.004106776180706	68.63753213367609	62.5
Dialectal	47.420814479638004	69.28525434642627	55.77211394302848
Dialectal_normalizada	53.52697095435685	69.59896507115135	62.957317073170735