Transcripcion	Levenstein	Orden	Parcial
Estandar	37.142857142857146	73.80952380952381	87.87878787878788
Estandar_normalizada	44.067796610169495	74.69879518072288	89.23076923076923
Dialectal	37.142857142857146	73.80952380952381	87.87878787878788
Dialectal_normalizada	44.067796610169495	74.69879518072288	89.23076923076923