Transcripcion	Levenstein	Orden	Parcial
Estandar	46.17117117117117	60.36161335187761	57.46478873239437
Estandar_normalizada	53.349875930521094	60.33519553072626	63.33333333333333
Dialectal	46.04966139954853	60.44568245125348	57.46478873239437
Dialectal_normalizada	53.233830845771145	60.41958041958042	63.63636363636363