Transcripcion	Levenstein	Orden	Parcial
Estandar	54.16666666666667	87.5	78.57142857142857
Estandar_normalizada	70.0	87.5	81.4814814814815
Dialectal	54.16666666666667	87.5	78.57142857142857
Dialectal_normalizada	70.0	87.5	81.4814814814815