Transcripcion	Levenstein	Orden	Parcial
Estandar	61.59479251423923	76.21776504297995	70.6963249516441
Estandar_normalizada	65.9330985915493	75.98086124401914	74.5
Dialectal	61.229508196721305	75.58752997601918	70.40618955512572
Dialectal_normalizada	65.39485359361136	75.34839019702066	74.3