Transcripcion	Levenstein	Orden	Parcial
Estandar	45.54455445544554	63.23529411764706	71.9298245614035
Estandar_normalizada	52.27272727272727	63.70370370370371	77.77777777777779
Dialectal	45.54455445544554	63.23529411764706	71.9298245614035
Dialectal_normalizada	52.27272727272727	63.70370370370371	77.77777777777779