Transcripcion	Levenstein	Orden	Parcial
Estandar	6.229508196721312	12.671232876712324	50.0
Estandar_normalizada	6.560283687943258	12.69296740994854	51.28205128205128
Dialectal	6.1564059900166335	12.8695652173913	50.0
Dialectal_normalizada	6.486486486486487	12.891986062717775	51.28205128205128