Transcripcion	Levenstein	Orden	Parcial
Estandar	15.503875968992254	24.65753424657534	42.42424242424242
Estandar_normalizada	15.966386554621847	24.65753424657534	45.90163934426229
Dialectal	15.625	24.827586206896555	42.42424242424242
Dialectal_normalizada	16.10169491525424	24.827586206896555	46.666666666666664