Transcripcion	Levenstein	Orden	Parcial
Estandar	6.976744186046513	17.021276595744684	37.5
Estandar_normalizada	7.14285714285714	17.021276595744684	50.0
Dialectal	6.976744186046513	17.021276595744684	37.5
Dialectal_normalizada	7.14285714285714	17.021276595744684	50.0