Transcripcion	Levenstein	Orden	Parcial
Estandar	35.89743589743589	57.08418891170432	55.90551181102362
Estandar_normalizada	38.24701195219124	56.611570247933884	58.8477366255144
Dialectal	35.89743589743589	57.08418891170432	55.90551181102362
Dialectal_normalizada	38.24701195219124	56.611570247933884	58.8477366255144