Transcripcion	Levenstein	Orden	Parcial
Estandar	18.346253229974163	34.72222222222222	42.85714285714286
Estandar_normalizada	20.82111436950147	34.72222222222222	48.24561403508771
Dialectal	18.134715025906733	34.80278422273781	42.85714285714286
Dialectal_normalizada	20.882352941176475	34.80278422273781	48.24561403508771