Transcripcion	Levenstein	Orden	Parcial
Estandar	19.999999999999996	29.032258064516125	40.816326530612244
Estandar_normalizada	25.0	26.66666666666667	42.553191489361694
Dialectal	19.999999999999996	29.508196721311474	41.666666666666664
Dialectal_normalizada	25.0	27.118644067796616	43.47826086956522