Transcripcion	Levenstein	Orden	Parcial
Estandar	30.582524271844658	50.306748466257666	49.044585987261144
Estandar_normalizada	32.64248704663213	50.306748466257666	52.4822695035461
Dialectal	31.06796116504854	50.93167701863355	49.673202614379086
Dialectal_normalizada	32.64248704663213	50.93167701863355	53.284671532846716