Transcripcion	Levenstein	Orden	Parcial
Estandar	14.814814814814813	33.333333333333336	35.29411764705882
Estandar_normalizada	30.434782608695656	33.333333333333336	43.75
Dialectal	14.814814814814813	33.333333333333336	35.29411764705882
Dialectal_normalizada	30.434782608695656	33.333333333333336	43.75