Transcripcion	Levenstein	Orden	Parcial
Estandar	12.5	14.925373134328357	41.666666666666664
Estandar_normalizada	12.06896551724138	14.925373134328357	50.0
Dialectal	12.5	14.925373134328357	41.666666666666664
Dialectal_normalizada	12.06896551724138	14.925373134328357	50.0