Transcripcion	Levenstein	Orden	Parcial
Estandar	27.350427350427353	51.764705882352935	60.504201680672274
Estandar_normalizada	28.44036697247706	51.764705882352935	64.86486486486487
Dialectal	26.956521739130434	52.38095238095239	59.32203389830508
Dialectal_normalizada	28.037383177570096	52.38095238095239	63.63636363636363