Transcripcion	Levenstein	Orden	Parcial
Estandar	21.53846153846154	42.592592592592595	38.18181818181819
Estandar_normalizada	24.590163934426236	42.990654205607484	40.816326530612244
Dialectal	23.076923076923073	42.592592592592595	38.18181818181819
Dialectal_normalizada	26.22950819672131	42.990654205607484	40.816326530612244