Transcripcion	Levenstein	Orden	Parcial
Estandar	9.677419354838712	16.129032258064512	30.000000000000004
Estandar_normalizada	8.92857142857143	16.129032258064512	33.333333333333336
Dialectal	9.677419354838712	16.129032258064512	30.000000000000004
Dialectal_normalizada	8.92857142857143	16.129032258064512	33.333333333333336