Transcripcion	Levenstein	Orden	Parcial
Estandar	35.61643835616438	68.24146981627297	61.49732620320856
Estandar_normalizada	41.6267942583732	67.37400530503979	68.6046511627907
Dialectal	35.61643835616438	68.24146981627297	61.49732620320856
Dialectal_normalizada	41.6267942583732	67.37400530503979	68.6046511627907