Transcripcion	Levenstein	Orden	Parcial
Estandar	29.659318637274545	49.37931034482759	52.952029520295206
Estandar_normalizada	30.824742268041238	49.23928077455049	56.400000000000006
Dialectal	29.559118236472948	49.064449064449065	53.45794392523364
Dialectal_normalizada	30.927835051546392	48.92286309937457	57.200811359026375