Transcripcion	Levenstein	Orden	Parcial
Estandar	26.76056338028169	40.74074074074075	51.35135135135135
Estandar_normalizada	29.5774647887324	40.74074074074075	58.82352941176471
Dialectal	26.76056338028169	40.74074074074075	51.35135135135135
Dialectal_normalizada	29.5774647887324	40.74074074074075	58.82352941176471