Transcripcion	Levenstein	Orden	Parcial
Estandar	25.373134328358205	44.75247524752475	43.644067796610166
Estandar_normalizada	26.24584717607974	45.418326693227094	46.36363636363636
Dialectal	25.075528700906347	43.912175648702586	42.3728813559322
Dialectal_normalizada	26.262626262626267	44.979919678714865	44.99999999999999