Transcripcion	Levenstein	Orden	Parcial
Estandar	21.259842519685034	38.036809815950924	43.24324324324324
Estandar_normalizada	25.233644859813086	38.036809815950924	50.46728971962617
Dialectal	21.259842519685034	37.03703703703704	43.75
Dialectal_normalizada	25.233644859813086	37.03703703703704	50.943396226415096