Transcripcion	Levenstein	Orden	Parcial
Estandar	25.0	44.44444444444444	47.887323943661976
Estandar_normalizada	27.500000000000004	43.75	49.51456310679612
Dialectal	25.806451612903224	45.73991031390135	47.39336492890995
Dialectal_normalizada	28.333333333333332	45.04504504504504	49.01960784313726