Transcripcion	Levenstein	Orden	Parcial
Estandar	21.505376344086024	36.89320388349514	37.142857142857146
Estandar_normalizada	22.78481012658228	37.254901960784316	42.42424242424242
Dialectal	21.739130434782606	37.254901960784316	40.0
Dialectal_normalizada	23.076923076923073	37.62376237623762	42.42424242424242