Transcripcion	Levenstein	Orden	Parcial
Estandar	40.800000000000004	59.710144927536234	58.611111111111114
Estandar_normalizada	44.19263456090652	59.710144927536234	62.62626262626263
Dialectal	39.8921832884097	59.7667638483965	57.49999999999999
Dialectal_normalizada	43.26647564469914	59.7667638483965	61.53846153846154