Transcripcion	Levenstein	Orden	Parcial
Estandar	11.32075471698113	13.793103448275868	28.57142857142857
Estandar_normalizada	13.207547169811317	13.793103448275868	50.0
Dialectal	11.32075471698113	13.793103448275868	28.57142857142857
Dialectal_normalizada	13.207547169811317	13.793103448275868	50.0