Transcripcion	Levenstein	Orden	Parcial
Estandar	0.0	6.5573770491803245	0.0
Estandar_normalizada	3.4782608695652195	6.666666666666665	60.0
Dialectal	0.0	6.5573770491803245	0.0
Dialectal_normalizada	3.4782608695652195	6.666666666666665	60.0