Transcripcion	Levenstein	Orden	Parcial
Estandar	31.472081218274116	56.437768240343345	48.36448598130841
Estandar_normalizada	32.53234750462107	55.6989247311828	51.26964933494559
Dialectal	31.11111111111111	56.587473002159825	48.36448598130841
Dialectal_normalizada	32.33644859813084	55.84415584415585	51.40073081607795