Transcripcion	Levenstein	Orden	Parcial
Estandar	17.500000000000004	31.57894736842105	30.434782608695656
Estandar_normalizada	22.22222222222222	31.57894736842105	35.55555555555555
Dialectal	17.500000000000004	31.57894736842105	30.434782608695656
Dialectal_normalizada	22.22222222222222	31.57894736842105	35.55555555555555