Transcripcion	Levenstein	Orden	Parcial
Estandar	20.588235294117652	29.21348314606742	38.70967741935484
Estandar_normalizada	22.580645161290324	29.21348314606742	40.0
Dialectal	20.588235294117652	29.21348314606742	38.70967741935484
Dialectal_normalizada	22.580645161290324	29.21348314606742	40.0