Transcripcion	Levenstein	Orden	Parcial
Estandar	20.359281437125752	35.68075117370893	39.189189189189186
Estandar_normalizada	22.818791946308725	36.79245283018868	42.25352112676056
Dialectal	20.359281437125752	35.68075117370893	39.189189189189186
Dialectal_normalizada	22.818791946308725	36.79245283018868	42.25352112676056