Transcripcion	Levenstein	Orden	Parcial
Estandar	18.36734693877551	29.629629629629626	34.04255319148937
Estandar_normalizada	25.71428571428571	29.629629629629626	36.36363636363637
Dialectal	18.36734693877551	29.629629629629626	34.04255319148937
Dialectal_normalizada	25.71428571428571	29.629629629629626	36.36363636363637