Transcripcion	Levenstein	Orden	Parcial
Estandar	2.430555555555558	5.622489959839361	37.5
Estandar_normalizada	2.3346303501945553	5.622489959839361	42.85714285714286
Dialectal	2.4561403508771895	5.691056910569103	37.5
Dialectal_normalizada	2.3622047244094446	5.691056910569103	42.85714285714286