Transcripcion	Levenstein	Orden	Parcial
Estandar	36.07594936708861	54.39330543933054	58.62068965517242
Estandar_normalizada	37.95620437956204	55.46218487394958	64.15094339622642
Dialectal	35.89743589743589	53.16455696202531	58.26086956521739
Dialectal_normalizada	37.03703703703704	54.23728813559322	63.8095238095238