Transcripcion	Levenstein	Orden	Parcial
Estandar	18.248175182481752	32.919254658385086	43.13725490196079
Estandar_normalizada	20.799999999999997	32.919254658385086	45.238095238095234
Dialectal	18.38235294117647	33.12500000000001	42.10526315789473
Dialectal_normalizada	20.967741935483875	33.12500000000001	45.238095238095234