Transcripcion	Levenstein	Orden	Parcial
Estandar	28.602620087336238	54.41595441595442	58.909090909090914
Estandar_normalizada	30.13392857142857	54.41595441595442	62.06896551724138
Dialectal	28.38427947598253	54.57142857142857	58.97435897435898
Dialectal_normalizada	29.910714285714292	54.57142857142857	62.16216216216216