Transcripcion	Levenstein	Orden	Parcial
Estandar	7.692307692307687	15.384615384615385	40.0
Estandar_normalizada	12.5	15.384615384615385	66.66666666666667
Dialectal	7.692307692307687	15.384615384615385	40.0
Dialectal_normalizada	12.5	15.384615384615385	66.66666666666667