Transcripcion	Levenstein	Orden	Parcial
Estandar	37.57961783439491	58.30258302583026	62.15139442231076
Estandar_normalizada	39.735099337748345	59.25925925925925	64.70588235294117
Dialectal	37.57961783439491	58.30258302583026	62.15139442231076
Dialectal_normalizada	39.735099337748345	59.25925925925925	64.70588235294117