Transcripcion	Levenstein	Orden	Parcial
Estandar	39.33649289099526	60.88992974238876	59.551569506726466
Estandar_normalizada	43.518518518518526	60.67240031274432	62.62626262626263
Dialectal	39.54599761051374	60.75353218210361	59.74729241877257
Dialectal_normalizada	43.7917222963952	60.534591194968556	62.84658040665434