Transcripcion	Levenstein	Orden	Parcial
Estandar	62.22222222222222	94.73684210526316	84.21052631578947
Estandar_normalizada	77.14285714285715	94.73684210526316	94.33962264150944
Dialectal	62.22222222222222	94.73684210526316	84.21052631578947
Dialectal_normalizada	77.14285714285715	94.73684210526316	94.33962264150944