Transcripcion	Levenstein	Orden	Parcial
Estandar	16.666666666666664	31.11111111111111	32.432432432432435
Estandar_normalizada	21.212121212121215	31.818181818181824	42.85714285714286
Dialectal	16.666666666666664	31.11111111111111	32.432432432432435
Dialectal_normalizada	21.212121212121215	31.818181818181824	42.85714285714286