Transcripcion	Levenstein	Orden	Parcial
Estandar	26.7379679144385	63.880597014925364	64.57680250783699
Estandar_normalizada	32.77777777777777	62.874251497005986	66.89419795221842
Dialectal	28.342245989304814	62.996941896024474	63.0225080385852
Dialectal_normalizada	33.333333333333336	61.963190184049076	65.26315789473685