Transcripcion	Levenstein	Orden	Parcial
Estandar	24.468085106382976	38.01652892561983	40.38461538461539
Estandar_normalizada	24.71910112359551	38.01652892561983	47.36842105263158
Dialectal	24.468085106382976	38.01652892561983	40.38461538461539
Dialectal_normalizada	24.71910112359551	38.01652892561983	47.36842105263158