Transcripcion	Levenstein	Orden	Parcial
Estandar	21.212121212121215	43.83561643835616	53.57142857142857
Estandar_normalizada	28.301886792452834	44.44444444444444	53.57142857142857
Dialectal	21.212121212121215	43.83561643835616	53.57142857142857
Dialectal_normalizada	28.301886792452834	44.44444444444444	53.57142857142857