Transcripcion	Levenstein	Orden	Parcial
Estandar	19.11764705882353	52.991452991452995	47.45762711864406
Estandar_normalizada	25.0	53.448275862068975	52.38095238095239
Dialectal	19.11764705882353	52.991452991452995	47.45762711864406
Dialectal_normalizada	25.0	53.448275862068975	52.38095238095239