Transcripcion	Levenstein	Orden	Parcial
Estandar	30.927835051546392	63.366336633663366	54.601226993865026
Estandar_normalizada	31.51515151515152	63.576158940397356	58.58585858585859
Dialectal	30.927835051546392	63.366336633663366	54.601226993865026
Dialectal_normalizada	31.51515151515152	63.576158940397356	58.58585858585859