Transcripcion	Levenstein	Orden	Parcial
Estandar	6.25	8.163265306122447	33.333333333333336
Estandar_normalizada	6.451612903225811	8.163265306122447	57.14285714285714
Dialectal	6.25	8.163265306122447	33.333333333333336
Dialectal_normalizada	6.451612903225811	8.163265306122447	57.14285714285714