Transcripcion	Levenstein	Orden	Parcial
Estandar	9.756097560975608	18.6046511627907	33.333333333333336
Estandar_normalizada	13.157894736842103	18.6046511627907	66.66666666666667
Dialectal	9.756097560975608	18.6046511627907	33.333333333333336
Dialectal_normalizada	13.157894736842103	18.6046511627907	66.66666666666667