Transcripcion	Levenstein	Orden	Parcial
Estandar	24.8	47.19101123595506	41.57303370786517
Estandar_normalizada	24.489795918367353	45.714285714285715	46.34146341463414
Dialectal	24.8	47.19101123595506	41.57303370786517
Dialectal_normalizada	24.489795918367353	45.714285714285715	46.34146341463414