Transcripcion	Levenstein	Orden	Parcial
Estandar	17.582417582417587	26.415094339622648	52.38095238095239
Estandar_normalizada	18.681318681318682	26.415094339622648	66.66666666666667
Dialectal	15.384615384615385	23.076923076923073	55.00000000000001
Dialectal_normalizada	16.483516483516482	23.076923076923073	75.0