Transcripcion	Levenstein	Orden	Parcial
Estandar	45.45454545454546	69.38775510204081	68.42105263157895
Estandar_normalizada	55.172413793103445	69.38775510204081	73.6842105263158
Dialectal	43.75	66.66666666666667	65.11627906976744
Dialectal_normalizada	53.57142857142857	66.66666666666667	70.27027027027026