Transcripcion	Levenstein	Orden	Parcial
Estandar	33.15290933694182	59.83606557377049	50.41888804265042
Estandar_normalizada	38.07339449541285	60.01648804616653	58.64793678665497
Dialectal	32.37311385459534	59.83471074380166	50.03837298541826
Dialectal_normalizada	38.07339449541285	60.016625103906904	58.281665190434005