Transcripcion	Levenstein	Orden	Parcial
Estandar	17.796610169491522	37.83783783783784	33.87096774193549
Estandar_normalizada	23.0	38.62068965517241	37.28813559322034
Dialectal	17.796610169491522	37.83783783783784	33.87096774193549
Dialectal_normalizada	23.0	38.62068965517241	37.28813559322034