Transcripcion	Levenstein	Orden	Parcial
Estandar	19.298245614035093	33.333333333333336	32.14285714285714
Estandar_normalizada	22.64150943396226	33.333333333333336	44.44444444444444
Dialectal	18.181818181818176	34.210526315789465	32.14285714285714
Dialectal_normalizada	21.568627450980394	34.210526315789465	44.44444444444444