Transcripcion	Levenstein	Orden	Parcial
Estandar	14.814814814814813	31.57894736842105	29.268292682926834
Estandar_normalizada	14.28571428571429	27.027027027027028	38.70967741935484
Dialectal	14.814814814814813	31.57894736842105	29.268292682926834
Dialectal_normalizada	14.28571428571429	27.027027027027028	38.70967741935484