Transcripcion	Levenstein	Orden	Parcial
Estandar	15.189873417721522	25.581395348837212	40.0
Estandar_normalizada	17.14285714285714	25.581395348837212	52.63157894736843
Dialectal	15.189873417721522	25.581395348837212	40.0
Dialectal_normalizada	17.14285714285714	25.581395348837212	52.63157894736843