Transcripcion	Levenstein	Orden	Parcial
Estandar	12.5	35.89743589743589	28.57142857142857
Estandar_normalizada	12.121212121212121	32.432432432432435	35.29411764705882
Dialectal	12.5	35.89743589743589	28.57142857142857
Dialectal_normalizada	12.121212121212121	32.432432432432435	35.29411764705882