Transcripcion	Levenstein	Orden	Parcial
Estandar	56.00000000000001	80.0	82.35294117647058
Estandar_normalizada	66.66666666666667	80.0	81.25
Dialectal	56.00000000000001	80.0	82.35294117647058
Dialectal_normalizada	66.66666666666667	80.0	81.25