Transcripcion	Levenstein	Orden	Parcial
Estandar	33.82352941176471	48.0	53.84615384615385
Estandar_normalizada	38.46153846153846	48.0	59.45945945945945
Dialectal	33.82352941176471	48.0	53.84615384615385
Dialectal_normalizada	38.46153846153846	48.0	59.45945945945945