Transcripcion	Levenstein	Orden	Parcial
Estandar	53.84615384615385	82.35294117647058	69.6969696969697
Estandar_normalizada	66.66666666666667	82.35294117647058	80.64516129032258
Dialectal	53.84615384615385	82.35294117647058	69.6969696969697
Dialectal_normalizada	66.66666666666667	82.35294117647058	80.64516129032258