Transcripcion	Levenstein	Orden	Parcial
Estandar	23.529411764705888	46.34146341463414	38.53211009174312
Estandar_normalizada	25.0	46.34146341463414	48.21428571428571
Dialectal	24.369747899159666	46.34146341463414	40.36697247706422
Dialectal_normalizada	25.86206896551724	46.34146341463414	50.0