Transcripcion	Levenstein	Orden	Parcial
Estandar	38.62068965517241	61.78010471204188	57.89473684210527
Estandar_normalizada	45.76271186440678	60.0	68.57142857142857
Dialectal	38.62068965517241	61.78010471204188	57.89473684210527
Dialectal_normalizada	45.76271186440678	60.0	68.57142857142857