Transcripcion	Levenstein	Orden	Parcial
Estandar	30.3921568627451	43.63636363636364	44.57142857142857
Estandar_normalizada	36.73469387755102	40.243902439024396	52.05479452054795
Dialectal	30.3921568627451	43.63636363636364	44.57142857142857
Dialectal_normalizada	36.73469387755102	40.243902439024396	52.05479452054795