Transcripcion	Levenstein	Orden	Parcial
Estandar	40.625	68.12227074235808	68.49315068493152
Estandar_normalizada	45.599999999999994	68.42105263157895	74.39613526570048
Dialectal	40.625	68.12227074235808	68.49315068493152
Dialectal_normalizada	45.599999999999994	68.42105263157895	74.39613526570048