Transcripcion	Levenstein	Orden	Parcial
Estandar	14.782608695652177	25.0	45.45454545454546
Estandar_normalizada	15.238095238095239	25.0	44.99999999999999
Dialectal	15.315315315315313	25.86206896551724	45.45454545454546
Dialectal_normalizada	15.841584158415845	25.86206896551724	44.99999999999999