Transcripcion	Levenstein	Orden	Parcial
Estandar	19.6078431372549	21.052631578947366	46.15384615384615
Estandar_normalizada	21.276595744680847	21.052631578947366	50.0
Dialectal	19.6078431372549	21.052631578947366	46.15384615384615
Dialectal_normalizada	21.276595744680847	21.052631578947366	50.0