Transcripcion	Levenstein	Orden	Parcial
Estandar	24.32432432432432	41.379310344827594	47.82608695652174
Estandar_normalizada	26.470588235294112	41.379310344827594	48.78048780487805
Dialectal	27.027027027027028	44.827586206896555	52.17391304347826
Dialectal_normalizada	29.411764705882348	44.827586206896555	53.65853658536586