Transcripcion	Levenstein	Orden	Parcial
Estandar	9.375	40.0	31.372549019607842
Estandar_normalizada	18.518518518518523	28.57142857142857	34.04255319148937
Dialectal	9.375	40.0	31.372549019607842
Dialectal_normalizada	18.518518518518523	28.57142857142857	34.04255319148937