Transcripcion	Levenstein	Orden	Parcial
Estandar	15.625	38.095238095238095	37.5
Estandar_normalizada	15.384615384615385	38.095238095238095	42.85714285714286
Dialectal	15.625	38.095238095238095	37.5
Dialectal_normalizada	15.384615384615385	38.095238095238095	42.85714285714286