Transcripcion	Levenstein	Orden	Parcial
Estandar	25.874125874125873	48.88888888888889	43.99999999999999
Estandar_normalizada	27.27272727272727	49.10714285714286	50.53763440860215
Dialectal	25.874125874125873	48.88888888888889	43.99999999999999
Dialectal_normalizada	27.27272727272727	49.10714285714286	50.53763440860215