Transcripcion	Levenstein	Orden	Parcial
Estandar	18.75	26.66666666666667	66.66666666666667
Estandar_normalizada	23.076923076923073	26.66666666666667	100.0
Dialectal	18.75	26.66666666666667	66.66666666666667
Dialectal_normalizada	23.076923076923073	26.66666666666667	100.0