Transcripcion	Levenstein	Orden	Parcial
Estandar	16.94915254237288	37.54266211604096	60.0
Estandar_normalizada	18.75	36.986301369863014	69.23076923076923
Dialectal	16.94915254237288	37.54266211604096	60.0
Dialectal_normalizada	18.75	36.986301369863014	69.23076923076923