Transcripcion	Levenstein	Orden	Parcial
Estandar	54.29447852760736	66.90777576853526	65.37102473498233
Estandar_normalizada	58.19397993311037	66.30434782608697	69.62962962962963
Dialectal	54.29447852760736	66.54611211573237	65.01766784452296
Dialectal_normalizada	58.19397993311037	65.94202898550725	69.25925925925927