Transcripcion	Levenstein	Orden	Parcial
Estandar	14.28571428571429	42.622950819672134	42.85714285714286
Estandar_normalizada	18.000000000000004	40.67796610169492	48.0
Dialectal	14.28571428571429	42.622950819672134	42.85714285714286
Dialectal_normalizada	18.000000000000004	40.67796610169492	48.0