Transcripcion	Levenstein	Orden	Parcial
Estandar	10.79136690647482	17.808219178082197	52.38095238095239
Estandar_normalizada	12.878787878787879	17.808219178082197	70.58823529411764
Dialectal	10.79136690647482	17.808219178082197	52.38095238095239
Dialectal_normalizada	12.878787878787879	17.808219178082197	70.58823529411764