Transcripcion	Levenstein	Orden	Parcial
Estandar	34.09090909090909	46.875	63.01369863013699
Estandar_normalizada	40.54054054054054	46.875	71.1864406779661
Dialectal	34.09090909090909	46.875	63.01369863013699
Dialectal_normalizada	40.54054054054054	46.875	71.1864406779661