Transcripcion	Levenstein	Orden	Parcial
Estandar	61.76470588235294	64.0	86.36363636363636
Estandar_normalizada	73.33333333333334	64.0	86.36363636363636
Dialectal	61.76470588235294	64.0	86.36363636363636
Dialectal_normalizada	73.33333333333334	64.0	86.36363636363636