Transcripcion	Levenstein	Orden	Parcial
Estandar	8.571428571428575	14.28571428571429	40.0
Estandar_normalizada	11.111111111111116	14.28571428571429	54.54545454545454
Dialectal	8.571428571428575	14.28571428571429	40.0
Dialectal_normalizada	11.111111111111116	14.28571428571429	54.54545454545454