Transcripcion	Levenstein	Orden	Parcial
Estandar	20.75471698113207	30.76923076923077	41.379310344827594
Estandar_normalizada	23.076923076923073	30.76923076923077	50.0
Dialectal	20.75471698113207	31.16883116883117	42.10526315789473
Dialectal_normalizada	23.076923076923073	31.16883116883117	50.98039215686274