Transcripcion	Levenstein	Orden	Parcial
Estandar	16.901408450704224	26.190476190476186	45.714285714285715
Estandar_normalizada	17.24137931034483	26.190476190476186	48.97959183673469
Dialectal	16.901408450704224	26.190476190476186	45.714285714285715
Dialectal_normalizada	17.24137931034483	26.190476190476186	48.97959183673469