Transcripcion	Levenstein	Orden	Parcial
Estandar	56.25	73.91304347826086	82.6086956521739
Estandar_normalizada	65.38461538461539	73.91304347826086	86.36363636363636
Dialectal	56.25	73.91304347826086	82.6086956521739
Dialectal_normalizada	65.38461538461539	73.91304347826086	86.36363636363636