Transcripcion	Levenstein	Orden	Parcial
Estandar	18.918918918918916	45.833333333333336	36.7816091954023
Estandar_normalizada	26.22950819672131	46.31578947368421	48.10126582278481
Dialectal	18.918918918918916	45.833333333333336	36.7816091954023
Dialectal_normalizada	26.22950819672131	46.31578947368421	48.10126582278481