Transcripcion	Levenstein	Orden	Parcial
Estandar	28.636363636363637	57.47126436781609	52.11726384364821
Estandar_normalizada	33.333333333333336	57.22543352601156	57.55395683453237
Dialectal	27.727272727272723	56.811594202898554	50.6578947368421
Dialectal_normalizada	32.38095238095238	56.559766763848394	57.04697986577181