Transcripcion	Levenstein	Orden	Parcial
Estandar	3.9215686274509776	3.8461538461538436	26.66666666666667
Estandar_normalizada	6.000000000000005	3.8461538461538436	75.0
Dialectal	3.9215686274509776	3.8461538461538436	26.66666666666667
Dialectal_normalizada	6.000000000000005	3.8461538461538436	75.0