Transcripcion	Levenstein	Orden	Parcial
Estandar	28.000000000000004	44.126074498567334	43.452380952380956
Estandar_normalizada	28.282828282828287	43.22766570605188	46.34146341463414
Dialectal	28.000000000000004	44.126074498567334	43.452380952380956
Dialectal_normalizada	28.282828282828287	43.22766570605188	46.34146341463414