Transcripcion	Levenstein	Orden	Parcial
Estandar	17.333333333333336	35.051546391752574	31.914893617021278
Estandar_normalizada	24.615384615384617	33.333333333333336	40.0
Dialectal	17.333333333333336	35.051546391752574	31.914893617021278
Dialectal_normalizada	24.615384615384617	33.333333333333336	40.0