Transcripcion	Levenstein	Orden	Parcial
Estandar	45.652173913043484	50.74626865671642	71.1864406779661
Estandar_normalizada	52.5	50.74626865671642	76.66666666666666
Dialectal	42.22222222222223	48.484848484848484	68.96551724137932
Dialectal_normalizada	48.71794871794872	48.484848484848484	73.33333333333334