Transcripcion	Levenstein	Orden	Parcial
Estandar	15.000000000000002	25.0	62.5
Estandar_normalizada	17.14285714285714	25.0	100.0
Dialectal	15.000000000000002	25.0	62.5
Dialectal_normalizada	17.14285714285714	25.0	100.0