Transcripcion	Levenstein	Orden	Parcial
Estandar	53.333333333333336	65.21739130434783	65.45454545454545
Estandar_normalizada	62.06896551724138	65.21739130434783	85.71428571428572
Dialectal	53.333333333333336	65.21739130434783	65.45454545454545
Dialectal_normalizada	62.06896551724138	65.21739130434783	85.71428571428572