Transcripcion	Levenstein	Orden	Parcial
Estandar	50.0	61.870503597122294	67.21311475409837
Estandar_normalizada	52.4390243902439	61.870503597122294	68.96551724137932
Dialectal	50.0	61.870503597122294	67.21311475409837
Dialectal_normalizada	52.4390243902439	61.870503597122294	68.96551724137932