Transcripcion	Levenstein	Orden	Parcial
Estandar	66.66666666666667	74.74747474747474	77.84810126582279
Estandar_normalizada	69.93464052287581	74.74747474747474	79.19463087248322
Dialectal	67.9245283018868	74.74747474747474	79.11392405063292
Dialectal_normalizada	71.24183006535948	74.74747474747474	80.53691275167785