Transcripcion	Levenstein	Orden	Parcial
Estandar	65.60000000000001	74.45887445887446	76.92307692307692
Estandar_normalizada	68.64406779661016	72.17391304347827	80.70175438596492
Dialectal	65.60000000000001	74.45887445887446	76.92307692307692
Dialectal_normalizada	68.64406779661016	72.17391304347827	80.70175438596492