Transcripcion	Levenstein	Orden	Parcial
Estandar	70.0	86.95652173913044	85.71428571428572
Estandar_normalizada	80.55555555555556	86.95652173913044	89.85507246376811
Dialectal	70.0	86.95652173913044	85.71428571428572
Dialectal_normalizada	80.55555555555556	86.95652173913044	89.85507246376811