Transcripcion	Levenstein	Orden	Parcial
Estandar	35.0	74.07407407407408	81.81818181818181
Estandar_normalizada	36.36363636363637	74.07407407407408	85.71428571428572
Dialectal	35.0	74.07407407407408	81.81818181818181
Dialectal_normalizada	36.36363636363637	74.07407407407408	85.71428571428572