Transcripcion	Levenstein	Orden	Parcial
Estandar	69.35483870967742	92.47311827956989	88.88888888888889
Estandar_normalizada	79.62962962962963	92.47311827956989	93.02325581395348
Dialectal	69.35483870967742	92.47311827956989	88.88888888888889
Dialectal_normalizada	79.62962962962963	92.47311827956989	93.02325581395348