Transcripcion	Levenstein	Orden	Parcial
Estandar	82.35294117647058	92.85714285714286	86.66666666666667
Estandar_normalizada	86.66666666666667	92.85714285714286	92.85714285714286
Dialectal	82.35294117647058	92.85714285714286	86.66666666666667
Dialectal_normalizada	86.66666666666667	92.85714285714286	92.85714285714286