Transcripcion	Levenstein	Orden	Parcial
Estandar	35.882352941176464	64.68401486988847	76.63551401869158
Estandar_normalizada	43.452380952380956	64.68401486988847	83.24873096446701
Dialectal	35.882352941176464	64.68401486988847	76.63551401869158
Dialectal_normalizada	43.452380952380956	64.68401486988847	83.24873096446701