Transcripcion	Levenstein	Orden	Parcial
Estandar	7.272727272727275	24.390243902439025	28.57142857142857
Estandar_normalizada	12.5	24.390243902439025	28.57142857142857
Dialectal	7.272727272727275	24.390243902439025	28.57142857142857
Dialectal_normalizada	12.5	24.390243902439025	28.57142857142857