Transcripcion	Levenstein	Orden	Parcial
Estandar	70.96774193548387	90.74074074074075	83.05084745762711
Estandar_normalizada	80.35714285714286	90.74074074074075	89.0909090909091
Dialectal	70.96774193548387	90.74074074074075	83.05084745762711
Dialectal_normalizada	80.35714285714286	90.74074074074075	89.0909090909091