Transcripcion	Levenstein	Orden	Parcial
Estandar	39.236111111111114	63.1578947368421	57.57575757575757
Estandar_normalizada	45.90163934426229	63.90532544378698	66.66666666666667
Dialectal	39.236111111111114	63.1578947368421	57.57575757575757
Dialectal_normalizada	45.90163934426229	63.90532544378698	66.66666666666667