Transcripcion	Levenstein	Orden	Parcial
Estandar	33.333333333333336	46.57534246575342	55.88235294117647
Estandar_normalizada	32.49999999999999	46.57534246575342	55.88235294117647
Dialectal	33.333333333333336	46.57534246575342	55.88235294117647
Dialectal_normalizada	32.49999999999999	46.57534246575342	55.88235294117647