Transcripcion	Levenstein	Orden	Parcial
Estandar	35.29411764705882	46.15384615384615	46.666666666666664
Estandar_normalizada	42.85714285714286	46.15384615384615	56.00000000000001
Dialectal	35.29411764705882	46.15384615384615	46.666666666666664
Dialectal_normalizada	42.85714285714286	46.15384615384615	56.00000000000001