Transcripcion	Levenstein	Orden	Parcial
Estandar	24.8062015503876	44.08602150537635	41.55844155844156
Estandar_normalizada	26.356589147286826	43.24324324324324	46.875
Dialectal	24.8062015503876	44.08602150537635	41.55844155844156
Dialectal_normalizada	26.356589147286826	43.24324324324324	46.875