Transcripcion	Levenstein	Orden	Parcial
Estandar	51.78571428571428	81.0126582278481	79.01234567901234
Estandar_normalizada	64.13043478260869	81.0126582278481	86.48648648648648
Dialectal	51.78571428571428	81.0126582278481	79.01234567901234
Dialectal_normalizada	64.13043478260869	81.0126582278481	86.48648648648648