Transcripcion	Levenstein	Orden	Parcial
Estandar	90.0	100.0	94.44444444444444
Estandar_normalizada	94.44444444444444	100.0	97.05882352941177
Dialectal	90.0	100.0	94.44444444444444
Dialectal_normalizada	94.44444444444444	100.0	97.05882352941177