Transcripcion	Levenstein	Orden	Parcial
Estandar	31.25	50.0	63.63636363636363
Estandar_normalizada	43.24324324324324	50.0	73.6842105263158
Dialectal	31.25	50.0	63.63636363636363
Dialectal_normalizada	43.24324324324324	50.0	73.6842105263158