Transcripcion	Levenstein	Orden	Parcial
Estandar	60.483870967741936	75.55555555555556	64.61538461538461
Estandar_normalizada	66.36363636363636	75.97765363128491	72.15189873417722
Dialectal	60.483870967741936	75.55555555555556	64.61538461538461
Dialectal_normalizada	66.36363636363636	75.97765363128491	72.15189873417722