Transcripcion	Levenstein	Orden	Parcial
Estandar	71.69811320754718	77.17391304347827	80.41237113402062
Estandar_normalizada	76.04166666666666	77.17391304347827	84.94623655913979
Dialectal	71.69811320754718	77.17391304347827	80.41237113402062
Dialectal_normalizada	76.04166666666666	77.17391304347827	84.94623655913979