Transcripcion	Levenstein	Orden	Parcial
Estandar	76.66666666666666	94.94949494949495	81.63265306122449
Estandar_normalizada	85.18518518518519	94.94949494949495	87.5
Dialectal	76.66666666666666	94.94949494949495	81.63265306122449
Dialectal_normalizada	85.18518518518519	94.94949494949495	87.5