Transcripcion	Levenstein	Orden	Parcial
Estandar	66.66666666666667	70.28985507246377	79.41176470588236
Estandar_normalizada	71.81208053691275	70.28985507246377	83.33333333333334
Dialectal	66.66666666666667	70.28985507246377	79.41176470588236
Dialectal_normalizada	71.81208053691275	70.28985507246377	83.33333333333334