Transcripcion	Levenstein	Orden	Parcial
Estandar	59.375	89.36170212765957	76.0
Estandar_normalizada	73.07692307692308	89.36170212765957	87.5
Dialectal	59.375	89.36170212765957	76.0
Dialectal_normalizada	73.07692307692308	89.36170212765957	87.5