Transcripcion	Levenstein	Orden	Parcial
Estandar	66.03773584905662	65.57377049180329	75.0
Estandar_normalizada	68.62745098039215	65.57377049180329	75.90361445783132
Dialectal	65.42056074766356	65.21739130434783	73.86363636363636
Dialectal_normalizada	67.96116504854368	65.21739130434783	75.90361445783132