Transcripcion	Levenstein	Orden	Parcial
Estandar	22.413793103448278	40.625	50.0
Estandar_normalizada	31.914893617021278	40.625	57.14285714285714
Dialectal	22.413793103448278	40.625	50.0
Dialectal_normalizada	31.914893617021278	40.625	57.14285714285714