Transcripcion	Levenstein	Orden	Parcial
Estandar	78.0	85.97014925373134	83.63636363636364
Estandar_normalizada	82.06521739130434	85.97014925373134	88.0503144654088
Dialectal	77.77777777777779	85.88588588588588	84.24242424242424
Dialectal_normalizada	81.86813186813187	85.88588588588588	88.32807570977918