Transcripcion	Levenstein	Orden	Parcial
Estandar	56.4516129032258	66.66666666666667	67.9245283018868
Estandar_normalizada	62.5	66.66666666666667	73.07692307692308
Dialectal	57.377049180327866	67.3076923076923	68.57142857142857
Dialectal_normalizada	63.63636363636363	67.3076923076923	75.0