Transcripcion	Levenstein	Orden	Parcial
Estandar	67.54716981132076	81.35593220338984	76.38190954773869
Estandar_normalizada	74.26160337552743	81.75182481751825	81.34715025906736
Dialectal	67.54716981132076	81.35593220338984	76.38190954773869
Dialectal_normalizada	74.26160337552743	81.75182481751825	81.34715025906736