Transcripcion	Levenstein	Orden	Parcial
Estandar	69.6969696969697	74.35897435897436	78.90625
Estandar_normalizada	74.79674796747969	74.35897435897436	85.1063829787234
Dialectal	69.6969696969697	74.35897435897436	78.90625
Dialectal_normalizada	74.79674796747969	74.35897435897436	85.1063829787234