Transcripcion	Levenstein	Orden	Parcial
Estandar	56.52173913043479	74.3801652892562	71.42857142857143
Estandar_normalizada	63.49206349206349	74.3801652892562	77.04918032786885
Dialectal	56.52173913043479	74.3801652892562	71.42857142857143
Dialectal_normalizada	63.49206349206349	74.3801652892562	77.04918032786885