Transcripcion	Levenstein	Orden	Parcial
Estandar	18.75	23.529411764705888	40.0
Estandar_normalizada	26.66666666666667	23.529411764705888	100.0
Dialectal	18.75	23.529411764705888	40.0
Dialectal_normalizada	26.66666666666667	23.529411764705888	100.0