Transcripcion	Levenstein	Orden	Parcial
Estandar	72.8395061728395	88.54961832061069	88.70967741935483
Estandar_normalizada	78.08219178082192	88.54961832061069	95.16129032258065
Dialectal	72.8395061728395	88.54961832061069	88.70967741935483
Dialectal_normalizada	78.08219178082192	88.54961832061069	95.16129032258065