Transcripcion	Levenstein	Orden	Parcial
Estandar	72.09302325581395	80.51948051948052	83.78378378378379
Estandar_normalizada	78.04878048780488	80.51948051948052	83.78378378378379
Dialectal	73.80952380952381	81.57894736842105	86.48648648648648
Dialectal_normalizada	80.0	81.57894736842105	86.48648648648648