Transcripcion	Levenstein	Orden	Parcial
Estandar	23.076923076923073	40.0	50.0
Estandar_normalizada	30.76923076923077	40.0	57.14285714285714
Dialectal	23.076923076923073	40.0	50.0
Dialectal_normalizada	30.76923076923077	40.0	57.14285714285714