Transcripcion	Levenstein	Orden	Parcial
Estandar	61.19402985074627	70.17543859649122	78.68852459016394
Estandar_normalizada	64.40677966101696	70.17543859649122	80.70175438596492
Dialectal	61.19402985074627	70.17543859649122	78.68852459016394
Dialectal_normalizada	64.40677966101696	70.17543859649122	80.70175438596492