Transcripcion	Levenstein	Orden	Parcial
Estandar	25.984251968503933	56.76855895196506	48.30508474576271
Estandar_normalizada	28.205128205128204	56.76855895196506	53.81165919282511
Dialectal	25.984251968503933	56.76855895196506	48.30508474576271
Dialectal_normalizada	28.205128205128204	56.76855895196506	53.81165919282511