Transcripcion	Levenstein	Orden	Parcial
Estandar	60.7843137254902	74.32432432432432	79.10447761194031
Estandar_normalizada	67.77777777777779	74.32432432432432	89.23076923076923
Dialectal	60.7843137254902	74.32432432432432	79.10447761194031
Dialectal_normalizada	67.77777777777779	74.32432432432432	89.23076923076923