Transcripcion	Levenstein	Orden	Parcial
Estandar	15.000000000000002	36.36363636363637	66.66666666666667
Estandar_normalizada	21.42857142857143	36.36363636363637	66.66666666666667
Dialectal	15.000000000000002	36.36363636363637	66.66666666666667
Dialectal_normalizada	21.42857142857143	36.36363636363637	66.66666666666667