Transcripcion	Levenstein	Orden	Parcial
Estandar	64.60176991150442	75.1219512195122	77.29468599033817
Estandar_normalizada	68.26923076923077	75.1219512195122	78.84615384615384
Dialectal	63.716814159292035	74.8768472906404	77.07317073170732
Dialectal_normalizada	67.3076923076923	74.8768472906404	83.7696335078534