Transcripcion	Levenstein	Orden	Parcial
Estandar	37.634408602150536	70.83333333333333	81.81818181818181
Estandar_normalizada	46.57534246575342	71.57894736842105	89.23076923076923
Dialectal	37.634408602150536	70.83333333333333	81.81818181818181
Dialectal_normalizada	46.57534246575342	71.57894736842105	89.23076923076923