Transcripcion	Levenstein	Orden	Parcial
Estandar	26.086956521739136	33.333333333333336	60.0
Estandar_normalizada	23.809523809523814	33.333333333333336	58.82352941176471
Dialectal	26.086956521739136	33.333333333333336	60.0
Dialectal_normalizada	23.809523809523814	33.333333333333336	58.82352941176471