Transcripcion	Levenstein	Orden	Parcial
Estandar	20.740740740740737	38.70967741935484	39.42307692307693
Estandar_normalizada	25.190839694656486	38.888888888888886	44.680851063829785
Dialectal	20.740740740740737	38.70967741935484	39.42307692307693
Dialectal_normalizada	25.190839694656486	38.888888888888886	44.680851063829785