Transcripcion	Levenstein	Orden	Parcial
Estandar	0.0	25.0	0.0
Estandar_normalizada	16.666666666666664	25.0	33.333333333333336
Dialectal	0.0	25.0	0.0
Dialectal_normalizada	16.666666666666664	25.0	33.333333333333336