Transcripcion	Levenstein	Orden	Parcial
Estandar	82.85714285714285	87.5	87.5
Estandar_normalizada	87.87878787878788	87.5	90.625
Dialectal	82.85714285714285	87.5	87.5
Dialectal_normalizada	87.87878787878788	87.5	90.625