Transcripcion	Levenstein	Orden	Parcial
Estandar	72.06896551724138	79.61904761904762	78.8
Estandar_normalizada	74.10071942446044	79.61904761904762	80.63241106719367
Dialectal	72.06896551724138	79.61904761904762	78.8
Dialectal_normalizada	74.10071942446044	79.61904761904762	80.63241106719367