Transcripcion	Levenstein	Orden	Parcial
Estandar	21.62162162162162	25.0	41.379310344827594
Estandar_normalizada	27.027027027027028	25.0	53.84615384615385
Dialectal	21.62162162162162	25.0	41.379310344827594
Dialectal_normalizada	27.027027027027028	25.0	53.84615384615385