Transcripcion	Levenstein	Orden	Parcial
Estandar	53.84615384615385	64.86486486486487	73.33333333333334
Estandar_normalizada	59.09090909090908	64.86486486486487	77.41935483870968
Dialectal	53.84615384615385	64.86486486486487	73.33333333333334
Dialectal_normalizada	59.09090909090908	64.86486486486487	77.41935483870968