Transcripcion	Levenstein	Orden	Parcial
Estandar	72.72727272727273	88.23529411764706	93.75
Estandar_normalizada	75.0	88.23529411764706	100.0
Dialectal	72.72727272727273	88.23529411764706	93.75
Dialectal_normalizada	75.0	88.23529411764706	100.0