Transcripcion	Levenstein	Orden	Parcial
Estandar	20.588235294117652	37.2093023255814	45.45454545454546
Estandar_normalizada	18.75	37.2093023255814	50.0
Dialectal	20.588235294117652	37.2093023255814	45.45454545454546
Dialectal_normalizada	18.75	37.2093023255814	50.0