Transcripcion	Levenstein	Orden	Parcial
Estandar	62.28373702422145	78.83495145631068	78.79924953095684
Estandar_normalizada	69.23076923076923	78.83495145631068	85.19269776876268
Dialectal	62.28373702422145	78.83495145631068	78.79924953095684
Dialectal_normalizada	69.23076923076923	78.83495145631068	85.19269776876268