Transcripcion	Levenstein	Orden	Parcial
Estandar	39.033457249070636	66.23093681917211	64.03508771929825
Estandar_normalizada	44.44444444444444	66.23093681917211	71.1217183770883
Dialectal	39.033457249070636	65.78947368421053	64.0176600441501
Dialectal_normalizada	44.855967078189295	65.78947368421053	71.15384615384616