Transcripcion	Levenstein	Orden	Parcial
Estandar	37.5	63.28125	78.0
Estandar_normalizada	41.52046783625731	63.28125	83.33333333333334
Dialectal	37.5	63.28125	78.0
Dialectal_normalizada	41.52046783625731	63.28125	83.33333333333334