Transcripcion	Levenstein	Orden	Parcial
Estandar	10.05586592178771	22.44897959183674	57.14285714285714
Estandar_normalizada	11.494252873563216	22.44897959183674	62.5
Dialectal	10.05586592178771	22.44897959183674	57.14285714285714
Dialectal_normalizada	11.494252873563216	22.44897959183674	62.5