Transcripcion	Levenstein	Orden	Parcial
Estandar	54.1033434650456	73.40425531914893	67.34006734006735
Estandar_normalizada	58.50340136054422	72.82415630550622	74.91289198606272
Dialectal	53.23076923076924	72.5	67.67676767676767
Dialectal_normalizada	57.931034482758626	71.91413237924866	74.3859649122807