Transcripcion	Levenstein	Orden	Parcial
Estandar	52.69607843137255	76.79083094555874	67.3913043478261
Estandar_normalizada	58.63013698630137	76.9010043041607	74.64788732394366
Dialectal	51.35802469135802	76.83453237410072	66.84782608695652
Dialectal_normalizada	57.4585635359116	76.94524495677233	73.83309759547383