Transcripcion	Levenstein	Orden	Parcial
Estandar	63.94849785407726	81.79834133566129	72.40484429065744
Estandar_normalizada	70.44374009508716	81.7824377457405	78.64963503649636
Dialectal	64.07487401007918	81.68273444347064	72.66435986159169
Dialectal_normalizada	70.71029529130088	81.75438596491227	79.01459854014598