Transcripcion	Levenstein	Orden	Parcial
Estandar	57.10059171597632	79.33579335793358	67.01388888888889
Estandar_normalizada	64.72602739726028	79.33579335793358	76.01476014760148
Dialectal	55.82089552238806	78.29313543599258	66.66666666666667
Dialectal_normalizada	63.32179930795847	78.29313543599258	75.27675276752768