Transcripcion	Levenstein	Orden	Parcial
Estandar	21.42857142857143	35.416666666666664	48.14814814814815
Estandar_normalizada	23.611111111111114	35.416666666666664	52.0
Dialectal	21.42857142857143	35.78947368421053	50.0
Dialectal_normalizada	23.611111111111114	35.78947368421053	54.16666666666667