Transcripcion	Levenstein	Orden	Parcial
Estandar	59.09090909090908	72.52747252747253	72.86135693215338
Estandar_normalizada	64.58333333333333	72.52747252747253	77.9874213836478
Dialectal	58.6894586894587	72.32704402515724	72.70114942528735
Dialectal_normalizada	64.58333333333333	72.32704402515724	77.602523659306