Transcripcion	Levenstein	Orden	Parcial
Estandar	15.789473684210531	33.89830508474576	37.5
Estandar_normalizada	23.529411764705888	33.89830508474576	40.90909090909091
Dialectal	15.789473684210531	33.89830508474576	37.5
Dialectal_normalizada	23.529411764705888	33.89830508474576	40.90909090909091