Transcripcion	Levenstein	Orden	Parcial
Estandar	7.116104868913853	12.878787878787879	65.11627906976744
Estandar_normalizada	7.692307692307687	12.878787878787879	81.08108108108108
Dialectal	7.116104868913853	12.878787878787879	65.11627906976744
Dialectal_normalizada	7.692307692307687	12.878787878787879	81.08108108108108