Transcripcion	Levenstein	Orden	Parcial
Estandar	56.53409090909092	77.16535433070865	71.8840579710145
Estandar_normalizada	61.329305135951664	77.16535433070865	80.65573770491802
Dialectal	55.714285714285715	75.82938388625593	71.51162790697674
Dialectal_normalizada	60.7250755287009	75.82938388625593	80.26315789473684