Transcripcion	Levenstein	Orden	Parcial
Estandar	42.10526315789473	69.3069306930693	65.26315789473685
Estandar_normalizada	46.7741935483871	69.3069306930693	71.60493827160495
Dialectal	43.24324324324324	66.66666666666667	62.365591397849464
Dialectal_normalizada	48.33333333333333	66.66666666666667	71.73913043478262