Transcripcion	Levenstein	Orden	Parcial
Estandar	48.727272727272734	73.93364928909952	64.62882096069869
Estandar_normalizada	59.307359307359306	72.55369928400954	75.29411764705883
Dialectal	48.727272727272734	73.93364928909952	64.62882096069869
Dialectal_normalizada	59.307359307359306	72.55369928400954	75.29411764705883