Transcripcion	Levenstein	Orden	Parcial
Estandar	21.212121212121215	40.38461538461539	40.0
Estandar_normalizada	27.27272727272727	40.38461538461539	45.56962025316456
Dialectal	21.212121212121215	40.38461538461539	40.0
Dialectal_normalizada	27.27272727272727	40.38461538461539	45.56962025316456