Transcripcion	Levenstein	Orden	Parcial
Estandar	39.53488372093024	63.47305389221557	63.23529411764706
Estandar_normalizada	42.85714285714286	63.85542168674698	64.61538461538461
Dialectal	39.0625	62.65060240963856	61.76470588235294
Dialectal_normalizada	43.24324324324324	63.03030303030304	63.07692307692307