Transcripcion	Levenstein	Orden	Parcial
Estandar	66.3265306122449	77.90697674418605	77.09497206703911
Estandar_normalizada	71.34831460674158	77.90697674418605	81.5028901734104
Dialectal	64.43298969072164	76.60818713450293	75.97765363128491
Dialectal_normalizada	69.31818181818181	76.60818713450293	80.23255813953489