Transcripcion	Levenstein	Orden	Parcial
Estandar	33.84615384615385	51.57232704402516	50.0
Estandar_normalizada	40.38461538461539	52.22929936305732	55.94405594405594
Dialectal	33.84615384615385	51.57232704402516	50.0
Dialectal_normalizada	40.38461538461539	52.22929936305732	55.94405594405594