Transcripcion	Levenstein	Orden	Parcial
Estandar	53.24675324675325	72.68673355629878	64.49511400651467
Estandar_normalizada	59.66386554621849	72.17877094972067	71.93763919821826
Dialectal	52.42537313432835	72.25950782997764	64.1350210970464
Dialectal_normalizada	58.7737843551797	71.74887892376682	71.71492204899776