Transcripcion	Levenstein	Orden	Parcial
Estandar	37.5	55.55555555555556	66.66666666666667
Estandar_normalizada	37.5	55.55555555555556	69.76744186046511
Dialectal	37.5	55.55555555555556	66.66666666666667
Dialectal_normalizada	37.5	55.55555555555556	69.76744186046511