Transcripcion	Levenstein	Orden	Parcial
Estandar	67.75862068965517	76.76969092721835	75.50200803212851
Estandar_normalizada	73.49624060150376	76.15230460921843	81.05906313645622
Dialectal	67.64705882352942	76.92307692307692	75.50200803212851
Dialectal_normalizada	73.39622641509433	76.30522088353413	81.26272912423626