Transcripcion	Levenstein	Orden	Parcial
Estandar	23.809523809523814	31.707317073170728	48.275862068965516
Estandar_normalizada	25.423728813559322	31.707317073170728	48.97959183673469
Dialectal	23.809523809523814	31.707317073170728	48.275862068965516
Dialectal_normalizada	25.423728813559322	31.707317073170728	48.97959183673469