Transcripcion	Levenstein	Orden	Parcial
Estandar	17.741935483870964	34.285714285714285	36.66666666666667
Estandar_normalizada	20.75471698113207	34.285714285714285	44.44444444444444
Dialectal	17.741935483870964	34.285714285714285	36.66666666666667
Dialectal_normalizada	20.75471698113207	34.285714285714285	44.44444444444444