Transcripcion	Levenstein	Orden	Parcial
Estandar	74.07407407407408	88.0	84.0
Estandar_normalizada	84.61538461538461	88.0	88.0
Dialectal	74.07407407407408	88.0	84.0
Dialectal_normalizada	84.61538461538461	88.0	88.0