Transcripcion	Levenstein	Orden	Parcial
Estandar	21.578947368421055	40.316205533596836	43.47826086956522
Estandar_normalizada	24.725274725274726	40.476190476190474	49.62406015037594
Dialectal	21.578947368421055	40.316205533596836	43.47826086956522
Dialectal_normalizada	24.725274725274726	40.476190476190474	49.62406015037594