Transcripcion	Levenstein	Orden	Parcial
Estandar	17.647058823529417	31.57894736842105	36.36363636363637
Estandar_normalizada	13.33333333333333	31.57894736842105	50.0
Dialectal	17.647058823529417	31.57894736842105	36.36363636363637
Dialectal_normalizada	13.33333333333333	31.57894736842105	50.0