Transcripcion	Levenstein	Orden	Parcial
Estandar	62.62295081967213	81.22605363984674	77.9467680608365
Estandar_normalizada	68.92857142857143	81.38195777351247	83.89662027833002
Dialectal	63.24503311258278	82.08092485549133	78.70722433460075
Dialectal_normalizada	69.67509025270758	82.23938223938224	84.23153692614771