Transcripcion	Levenstein	Orden	Parcial
Estandar	68.29268292682926	57.57575757575757	79.36507936507937
Estandar_normalizada	75.67567567567568	57.57575757575757	83.33333333333334
Dialectal	68.29268292682926	57.57575757575757	79.36507936507937
Dialectal_normalizada	75.67567567567568	57.57575757575757	83.33333333333334