Transcripcion	Levenstein	Orden	Parcial
Estandar	47.36842105263158	81.81818181818181	90.0
Estandar_normalizada	60.0	81.81818181818181	100.0
Dialectal	47.36842105263158	81.81818181818181	90.0
Dialectal_normalizada	60.0	81.81818181818181	100.0