Transcripcion	Levenstein	Orden	Parcial
Estandar	53.125	79.27927927927928	69.35483870967742
Estandar_normalizada	54.23728813559322	79.27927927927928	77.66990291262135
Dialectal	53.125	79.27927927927928	69.35483870967742
Dialectal_normalizada	54.23728813559322	79.27927927927928	77.66990291262135