Transcripcion	Levenstein	Orden	Parcial
Estandar	59.72222222222222	69.84126984126983	79.14893617021276
Estandar_normalizada	60.71428571428572	69.84126984126983	80.70175438596492
Dialectal	59.02777777777778	70.1195219123506	78.63247863247864
Dialectal_normalizada	60.0	70.1195219123506	80.53097345132744