Transcripcion	Levenstein	Orden	Parcial
Estandar	2.2935779816513735	6.593406593406592	66.66666666666667
Estandar_normalizada	3.1088082901554404	6.666666666666665	83.33333333333334
Dialectal	2.2935779816513735	6.593406593406592	66.66666666666667
Dialectal_normalizada	3.1088082901554404	6.666666666666665	83.33333333333334