Transcripcion	Levenstein	Orden	Parcial
Estandar	39.56043956043956	57.0754716981132	64.6900269541779
Estandar_normalizada	40.71146245059288	56.264775413711575	69.04761904761905
Dialectal	38.827838827838825	56.8075117370892	64.343163538874
Dialectal_normalizada	40.316205533596836	56.00000000000001	68.63905325443787