Transcripcion	Levenstein	Orden	Parcial
Estandar	19.11764705882353	38.70967741935484	31.914893617021278
Estandar_normalizada	22.033898305084744	35.55555555555555	38.46153846153846
Dialectal	19.11764705882353	38.70967741935484	31.914893617021278
Dialectal_normalizada	22.033898305084744	35.55555555555555	38.46153846153846