Transcripcion	Levenstein	Orden	Parcial
Estandar	81.81818181818181	94.17989417989419	84.1025641025641
Estandar_normalizada	88.77551020408163	94.17989417989419	92.78350515463917
Dialectal	81.81818181818181	94.17989417989419	84.1025641025641
Dialectal_normalizada	88.77551020408163	94.17989417989419	92.78350515463917