Transcripcion	Levenstein	Orden	Parcial
Estandar	68.75	93.33333333333333	72.97297297297297
Estandar_normalizada	80.95238095238095	93.33333333333333	83.33333333333334
Dialectal	68.75	93.33333333333333	72.97297297297297
Dialectal_normalizada	80.95238095238095	93.33333333333333	83.33333333333334