Transcripcion	Levenstein	Orden	Parcial
Estandar	67.54385964912281	82.02247191011236	75.36231884057972
Estandar_normalizada	71.69811320754718	82.02247191011236	80.3030303030303
Dialectal	67.54385964912281	82.02247191011236	75.36231884057972
Dialectal_normalizada	71.69811320754718	82.02247191011236	80.3030303030303