Transcripcion	Levenstein	Orden	Parcial
Estandar	63.80368098159509	80.10610079575598	78.55072463768116
Estandar_normalizada	70.13574660633483	80.2124833997344	84.61538461538461
Dialectal	64.5360824742268	80.80000000000001	80.0
Dialectal_normalizada	71.00456621004567	80.90787716955941	86.09467455621302