Transcripcion	Levenstein	Orden	Parcial
Estandar	62.82722513089005	67.0926517571885	70.46979865771812
Estandar_normalizada	68.36158192090396	67.0926517571885	75.52447552447552
Dialectal	62.96296296296296	66.88102893890675	70.46979865771812
Dialectal_normalizada	68.57142857142857	66.88102893890675	74.82517482517483