Transcripcion	Levenstein	Orden	Parcial
Estandar	33.333333333333336	62.857142857142854	49.504950495049506
Estandar_normalizada	34.78260869565217	62.20095693779905	55.20833333333333
Dialectal	33.333333333333336	62.857142857142854	49.504950495049506
Dialectal_normalizada	34.78260869565217	62.20095693779905	55.20833333333333