Transcripcion	Levenstein	Orden	Parcial
Estandar	12.903225806451612	31.57894736842105	35.29411764705882
Estandar_normalizada	14.814814814814813	31.57894736842105	42.10526315789473
Dialectal	12.903225806451612	31.57894736842105	35.29411764705882
Dialectal_normalizada	14.814814814814813	31.57894736842105	42.10526315789473