Transcripcion	Levenstein	Orden	Parcial
Estandar	64.6525679758308	77.92207792207793	73.78277153558052
Estandar_normalizada	71.81208053691275	77.92207792207793	78.82352941176471
Dialectal	64.13373860182371	77.46741154562383	73.03370786516854
Dialectal_normalizada	71.28378378378379	77.46741154562383	78.43137254901961