Transcripcion	Levenstein	Orden	Parcial
Estandar	38.46153846153846	69.24315619967794	60.79136690647482
Estandar_normalizada	42.090395480225986	69.35483870967742	64.27221172022684
Dialectal	37.76595744680851	68.06451612903226	60.18018018018019
Dialectal_normalizada	41.359773371104815	68.17447495961228	63.63636363636363