Transcripcion	Levenstein	Orden	Parcial
Estandar	31.147540983606557	58.82352941176471	79.06976744186046
Estandar_normalizada	33.9622641509434	59.70149253731343	80.0
Dialectal	31.147540983606557	58.82352941176471	79.06976744186046
Dialectal_normalizada	33.9622641509434	59.70149253731343	80.0