Transcripcion	Levenstein	Orden	Parcial
Estandar	25.384615384615383	43.67816091954023	47.16981132075472
Estandar_normalizada	26.15384615384615	43.67816091954023	51.06382978723405
Dialectal	25.384615384615383	43.67816091954023	47.16981132075472
Dialectal_normalizada	26.15384615384615	43.67816091954023	51.06382978723405