Transcripcion	Levenstein	Orden	Parcial
Estandar	38.617886178861795	59.943977591036415	76.01476014760148
Estandar_normalizada	41.63090128755365	59.943977591036415	83.00395256916995
Dialectal	38.617886178861795	59.943977591036415	76.01476014760148
Dialectal_normalizada	41.63090128755365	59.943977591036415	83.00395256916995