Transcripcion	Levenstein	Orden	Parcial
Estandar	28.57142857142857	44.44444444444444	46.666666666666664
Estandar_normalizada	40.90909090909091	44.44444444444444	57.14285714285714
Dialectal	28.57142857142857	44.44444444444444	46.666666666666664
Dialectal_normalizada	40.90909090909091	44.44444444444444	57.14285714285714