Transcripcion	Levenstein	Orden	Parcial
Estandar	44.375	65.02463054187191	72.72727272727273
Estandar_normalizada	49.29577464788733	65.34653465346535	73.33333333333334
Dialectal	43.0379746835443	64.67661691542288	72.72727272727273
Dialectal_normalizada	48.57142857142858	65.0	73.33333333333334