Transcripcion	Levenstein	Orden	Parcial
Estandar	14.28571428571429	34.78260869565217	34.78260869565217
Estandar_normalizada	8.333333333333337	34.78260869565217	34.78260869565217
Dialectal	14.28571428571429	34.78260869565217	34.78260869565217
Dialectal_normalizada	8.333333333333337	34.78260869565217	34.78260869565217