Transcripcion	Levenstein	Orden	Parcial
Estandar	57.407407407407405	81.69014084507043	90.32258064516128
Estandar_normalizada	63.04347826086957	81.69014084507043	93.10344827586206
Dialectal	57.407407407407405	81.69014084507043	90.32258064516128
Dialectal_normalizada	63.04347826086957	81.69014084507043	93.10344827586206