Transcripcion	Levenstein	Orden	Parcial
Estandar	41.666666666666664	60.60606060606061	62.5
Estandar_normalizada	50.0	60.60606060606061	68.96551724137932
Dialectal	41.666666666666664	60.60606060606061	62.5
Dialectal_normalizada	50.0	60.60606060606061	68.96551724137932