Transcripcion	Levenstein	Orden	Parcial
Estandar	9.375	31.25	31.57894736842105
Estandar_normalizada	11.538461538461542	31.25	53.333333333333336
Dialectal	9.375	31.25	31.57894736842105
Dialectal_normalizada	11.538461538461542	31.25	53.333333333333336