Transcripcion	Levenstein	Orden	Parcial
Estandar	4.1666666666666625	9.677419354838712	50.0
Estandar_normalizada	4.6875	9.677419354838712	57.14285714285714
Dialectal	4.1666666666666625	9.677419354838712	50.0
Dialectal_normalizada	4.6875	9.677419354838712	57.14285714285714