Transcripcion	Levenstein	Orden	Parcial
Estandar	79.76190476190477	94.8905109489051	89.85507246376811
Estandar_normalizada	89.1891891891892	94.8905109489051	94.73684210526316
Dialectal	79.76190476190477	94.8905109489051	89.85507246376811
Dialectal_normalizada	89.1891891891892	94.8905109489051	94.73684210526316