Transcripcion	Levenstein	Orden	Parcial
Estandar	66.66666666666667	74.28571428571429	77.77777777777779
Estandar_normalizada	73.6842105263158	74.28571428571429	87.5
Dialectal	66.66666666666667	74.28571428571429	77.77777777777779
Dialectal_normalizada	73.6842105263158	74.28571428571429	87.5