Transcripcion	Levenstein	Orden	Parcial
Estandar	8.695652173913048	28.57142857142857	33.333333333333336
Estandar_normalizada	11.764705882352944	28.57142857142857	50.0
Dialectal	8.695652173913048	28.57142857142857	33.333333333333336
Dialectal_normalizada	11.764705882352944	28.57142857142857	50.0