Transcripcion	Levenstein	Orden	Parcial
Estandar	70.05347593582889	79.51070336391437	80.12048192771084
Estandar_normalizada	74.56647398843931	79.51070336391437	84.472049689441
Dialectal	69.72972972972973	80.61538461538463	79.51807228915662
Dialectal_normalizada	74.26900584795322	80.61538461538463	83.85093167701864