Transcripcion	Levenstein	Orden	Parcial
Estandar	82.22222222222221	97.36842105263158	97.36842105263158
Estandar_normalizada	90.2439024390244	97.36842105263158	100.0
Dialectal	82.22222222222221	97.36842105263158	97.36842105263158
Dialectal_normalizada	90.2439024390244	97.36842105263158	100.0