Transcripcion	Levenstein	Orden	Parcial
Estandar	49.01960784313726	57.47126436781609	68.42105263157895
Estandar_normalizada	55.319148936170215	57.47126436781609	70.73170731707317
Dialectal	49.01960784313726	57.47126436781609	68.42105263157895
Dialectal_normalizada	55.319148936170215	57.47126436781609	70.73170731707317