Transcripcion	Levenstein	Orden	Parcial
Estandar	66.66666666666667	82.1256038647343	74.11167512690355
Estandar_normalizada	71.55172413793103	82.1256038647343	78.125
Dialectal	66.66666666666667	82.1256038647343	74.11167512690355
Dialectal_normalizada	71.55172413793103	82.1256038647343	78.125