Transcripcion	Levenstein	Orden	Parcial
Estandar	60.0	65.21739130434783	70.0
Estandar_normalizada	64.28571428571428	65.21739130434783	68.42105263157895
Dialectal	60.0	65.21739130434783	70.0
Dialectal_normalizada	64.28571428571428	65.21739130434783	68.42105263157895