Transcripcion	Levenstein	Orden	Parcial
Estandar	26.470588235294112	45.333333333333336	43.47826086956522
Estandar_normalizada	26.881720430107524	45.63758389261745	47.82608695652174
Dialectal	26.470588235294112	45.333333333333336	43.47826086956522
Dialectal_normalizada	26.881720430107524	45.63758389261745	47.82608695652174