Transcripcion	Levenstein	Orden	Parcial
Estandar	4.1666666666666625	19.047619047619047	15.384615384615385
Estandar_normalizada	11.764705882352944	19.999999999999996	25.0
Dialectal	4.1666666666666625	19.047619047619047	15.384615384615385
Dialectal_normalizada	11.764705882352944	19.999999999999996	25.0