Transcripcion	Levenstein	Orden	Parcial
Estandar	21.42857142857143	35.89743589743589	38.33333333333333
Estandar_normalizada	23.958333333333336	35.89743589743589	41.07142857142857
Dialectal	21.42857142857143	35.89743589743589	38.33333333333333
Dialectal_normalizada	23.958333333333336	35.89743589743589	41.07142857142857