Transcripcion	Levenstein	Orden	Parcial
Estandar	46.666666666666664	76.92307692307692	61.01694915254237
Estandar_normalizada	53.191489361702125	78.125	68.08510638297872
Dialectal	44.827586206896555	73.01587301587303	61.01694915254237
Dialectal_normalizada	51.11111111111111	74.19354838709677	68.08510638297872