Transcripcion	Levenstein	Orden	Parcial
Estandar	60.67415730337078	63.29113924050633	73.86363636363636
Estandar_normalizada	64.63414634146342	63.29113924050633	76.51006711409396
Dialectal	60.67415730337078	63.29113924050633	73.86363636363636
Dialectal_normalizada	64.63414634146342	63.29113924050633	76.51006711409396