Transcripcion	Levenstein	Orden	Parcial
Estandar	60.20278833967048	78.45303867403315	72.0
Estandar_normalizada	64.77115117891816	78.45303867403315	76.63230240549828
Dialectal	60.27918781725889	78.35703001579779	72.16666666666667
Dialectal_normalizada	64.86111111111111	78.35703001579779	76.63230240549828