Transcripcion	Levenstein	Orden	Parcial
Estandar	66.17647058823529	66.07929515418502	73.45132743362832
Estandar_normalizada	73.38709677419355	66.07929515418502	77.77777777777779
Dialectal	66.17647058823529	66.07929515418502	73.45132743362832
Dialectal_normalizada	73.38709677419355	66.07929515418502	77.77777777777779