Transcripcion	Levenstein	Orden	Parcial
Estandar	56.25	81.4814814814815	76.92307692307692
Estandar_normalizada	61.29032258064516	81.4814814814815	75.0
Dialectal	56.25	81.4814814814815	76.92307692307692
Dialectal_normalizada	61.29032258064516	81.4814814814815	75.0