Transcripcion	Levenstein	Orden	Parcial
Estandar	40.963855421686745	60.19417475728155	63.1578947368421
Estandar_normalizada	44.5945945945946	60.7843137254902	69.56521739130434
Dialectal	40.963855421686745	60.19417475728155	63.1578947368421
Dialectal_normalizada	44.5945945945946	60.7843137254902	69.56521739130434