Transcripcion	Levenstein	Orden	Parcial
Estandar	63.05084745762712	74.9003984063745	70.25948103792416
Estandar_normalizada	66.66666666666667	74.6506986027944	76.17107942973523
Dialectal	63.139931740614344	75.2	70.49808429118774
Dialectal_normalizada	66.7924528301887	74.94989979959921	76.32653061224491