Transcripcion	Levenstein	Orden	Parcial
Estandar	67.27272727272727	93.67088607594937	83.78378378378379
Estandar_normalizada	80.43478260869566	93.67088607594937	94.5945945945946
Dialectal	67.27272727272727	93.67088607594937	83.78378378378379
Dialectal_normalizada	80.43478260869566	93.67088607594937	94.5945945945946