Transcripcion	Levenstein	Orden	Parcial
Estandar	51.973684210526315	70.0	75.86206896551724
Estandar_normalizada	55.60859188544153	70.10309278350515	78.36879432624113
Dialectal	52.08791208791208	70.98674521354933	75.86206896551724
Dialectal_normalizada	55.98086124401913	71.0914454277286	78.72340425531915