Transcripcion	Levenstein	Orden	Parcial
Estandar	72.8395061728395	69.03225806451613	83.125
Estandar_normalizada	76.43312101910828	69.03225806451613	85.25641025641025
Dialectal	71.42857142857143	68.18181818181819	81.875
Dialectal_normalizada	75.79617834394905	68.18181818181819	83.76623376623377