Transcripcion	Levenstein	Orden	Parcial
Estandar	12.5	19.999999999999996	22.22222222222222
Estandar_normalizada	16.666666666666664	19.999999999999996	25.0
Dialectal	12.5	19.999999999999996	22.22222222222222
Dialectal_normalizada	16.666666666666664	19.999999999999996	25.0