Transcripcion	Levenstein	Orden	Parcial
Estandar	20.952380952380956	36.36363636363637	41.509433962264154
Estandar_normalizada	23.71134020618557	38.888888888888886	43.18181818181818
Dialectal	20.952380952380956	36.36363636363637	41.509433962264154
Dialectal_normalizada	23.71134020618557	38.888888888888886	43.18181818181818