Transcripcion	Levenstein	Orden	Parcial
Estandar	65.97222222222221	80.81264108352144	70.77625570776256
Estandar_normalizada	73.62204724409449	80.81264108352144	78.04878048780488
Dialectal	65.97222222222221	80.81264108352144	70.77625570776256
Dialectal_normalizada	73.62204724409449	80.81264108352144	78.04878048780488