Transcripcion	Levenstein	Orden	Parcial
Estandar	54.16666666666667	63.75321336760926	69.23076923076923
Estandar_normalizada	58.986175115207374	63.4020618556701	73.51351351351352
Dialectal	54.6218487394958	64.08268733850129	69.74358974358974
Dialectal_normalizada	59.53488372093023	63.730569948186535	74.05405405405405