Transcripcion	Levenstein	Orden	Parcial
Estandar	34.02061855670103	50.920245398773	48.4472049689441
Estandar_normalizada	35.79545454545454	50.920245398773	51.35135135135135
Dialectal	34.02061855670103	50.920245398773	48.4472049689441
Dialectal_normalizada	35.79545454545454	50.920245398773	51.35135135135135