Transcripcion	Levenstein	Orden	Parcial
Estandar	75.40500736377025	89.7887323943662	82.21830985915493
Estandar_normalizada	80.60897435897436	89.7887323943662	86.64192949907236
Dialectal	75.40500736377025	89.7887323943662	82.21830985915493
Dialectal_normalizada	80.60897435897436	89.7887323943662	86.64192949907236