Transcripcion	Levenstein	Orden	Parcial
Estandar	48.33333333333333	69.04761904761905	80.55555555555556
Estandar_normalizada	53.84615384615385	69.04761904761905	82.85714285714285
Dialectal	48.33333333333333	69.04761904761905	80.55555555555556
Dialectal_normalizada	53.84615384615385	69.04761904761905	82.85714285714285