Transcripcion	Levenstein	Orden	Parcial
Estandar	37.106918238993714	63.39622641509435	71.55172413793103
Estandar_normalizada	41.83006535947712	62.878787878787875	73.97260273972603
Dialectal	37.106918238993714	63.39622641509435	71.55172413793103
Dialectal_normalizada	41.83006535947712	62.878787878787875	73.97260273972603