Transcripcion	Levenstein	Orden	Parcial
Estandar	51.11111111111111	77.41935483870968	70.37037037037037
Estandar_normalizada	61.53846153846154	77.41935483870968	73.46938775510203
Dialectal	51.11111111111111	77.41935483870968	70.37037037037037
Dialectal_normalizada	61.53846153846154	77.41935483870968	73.46938775510203