Transcripcion	Levenstein	Orden	Parcial
Estandar	69.6969696969697	90.09009009009009	90.9090909090909
Estandar_normalizada	77.96610169491525	90.09009009009009	93.45794392523365
Dialectal	69.6969696969697	90.09009009009009	90.9090909090909
Dialectal_normalizada	77.96610169491525	90.09009009009009	93.45794392523365