Transcripcion	Levenstein	Orden	Parcial
Estandar	59.362549800796806	72.9064039408867	70.076726342711
Estandar_normalizada	64.19213973799127	72.59259259259258	74.52054794520548
Dialectal	59.362549800796806	72.9064039408867	70.076726342711
Dialectal_normalizada	64.19213973799127	72.59259259259258	74.52054794520548