Transcripcion	Levenstein	Orden	Parcial
Estandar	8.695652173913048	23.529411764705888	22.857142857142854
Estandar_normalizada	5.555555555555558	23.529411764705888	27.27272727272727
Dialectal	8.695652173913048	23.529411764705888	22.857142857142854
Dialectal_normalizada	5.555555555555558	23.529411764705888	27.27272727272727