Transcripcion	Levenstein	Orden	Parcial
Estandar	50.847457627118644	79.2207792207792	76.05633802816901
Estandar_normalizada	61.05263157894737	80.26315789473684	82.6086956521739
Dialectal	50.847457627118644	79.2207792207792	76.05633802816901
Dialectal_normalizada	61.05263157894737	80.26315789473684	82.6086956521739