Transcripcion	Levenstein	Orden	Parcial
Estandar	27.27272727272727	41.666666666666664	48.64864864864865
Estandar_normalizada	22.22222222222222	41.666666666666664	47.36842105263158
Dialectal	27.27272727272727	41.666666666666664	48.64864864864865
Dialectal_normalizada	22.22222222222222	41.666666666666664	47.36842105263158