Transcripcion	Levenstein	Orden	Parcial
Estandar	5.241935483870963	6.976744186046513	44.44444444444444
Estandar_normalizada	4.878048780487809	6.976744186046513	50.0
Dialectal	5.241935483870963	6.976744186046513	44.44444444444444
Dialectal_normalizada	4.878048780487809	6.976744186046513	50.0