Transcripcion	Levenstein	Orden	Parcial
Estandar	71.42857142857143	91.3907284768212	78.2051282051282
Estandar_normalizada	83.72093023255813	91.3907284768212	87.83783783783784
Dialectal	71.42857142857143	91.3907284768212	78.2051282051282
Dialectal_normalizada	83.72093023255813	91.3907284768212	87.83783783783784