Transcripcion	Levenstein	Orden	Parcial
Estandar	76.44376899696049	86.04240282685512	82.06896551724138
Estandar_normalizada	83.16666666666667	86.1184792219275	88.98756660746004
Dialectal	76.56012176560122	86.1184792219275	82.41379310344827
Dialectal_normalizada	83.30550918196995	86.19469026548673	89.34280639431617