Transcripcion	Levenstein	Orden	Parcial
Estandar	25.806451612903224	42.553191489361694	41.860465116279066
Estandar_normalizada	33.333333333333336	42.553191489361694	48.78048780487805
Dialectal	25.806451612903224	42.553191489361694	41.860465116279066
Dialectal_normalizada	33.333333333333336	42.553191489361694	48.78048780487805