Transcripcion	Levenstein	Orden	Parcial
Estandar	4.761904761904767	17.391304347826086	50.0
Estandar_normalizada	6.25	18.181818181818176	100.0
Dialectal	4.761904761904767	17.391304347826086	50.0
Dialectal_normalizada	6.25	18.181818181818176	100.0