Transcripcion	Levenstein	Orden	Parcial
Estandar	71.875	72.54901960784314	79.24528301886792
Estandar_normalizada	76.78571428571428	72.54901960784314	82.0
Dialectal	71.875	72.54901960784314	79.24528301886792
Dialectal_normalizada	76.78571428571428	72.54901960784314	82.0