Transcripcion	Levenstein	Orden	Parcial
Estandar	70.78651685393258	78.08219178082192	78.66666666666666
Estandar_normalizada	75.9493670886076	78.08219178082192	84.72222222222221
Dialectal	70.78651685393258	78.08219178082192	78.66666666666666
Dialectal_normalizada	75.9493670886076	78.08219178082192	84.72222222222221