Transcripcion	Levenstein	Orden	Parcial
Estandar	59.20770877944326	77.04697986577182	77.14285714285715
Estandar_normalizada	65.30849825378347	76.66442501681237	82.57016248153619
Dialectal	58.798283261802574	77.01612903225806	76.85714285714286
Dialectal_normalizada	64.87747957992998	76.63299663299664	82.24852071005917