Transcripcion	Levenstein	Orden	Parcial
Estandar	54.54545454545454	77.19298245614034	76.19047619047619
Estandar_normalizada	70.0	77.19298245614034	79.3103448275862
Dialectal	54.54545454545454	77.19298245614034	76.19047619047619
Dialectal_normalizada	70.0	77.19298245614034	79.3103448275862