Transcripcion	Levenstein	Orden	Parcial
Estandar	24.63768115942029	43.13725490196079	40.476190476190474
Estandar_normalizada	24.590163934426236	43.13725490196079	44.44444444444444
Dialectal	24.63768115942029	43.13725490196079	40.476190476190474
Dialectal_normalizada	24.590163934426236	43.13725490196079	44.44444444444444