Transcripcion	Levenstein	Orden	Parcial
Estandar	14.70588235294118	21.333333333333336	40.0
Estandar_normalizada	19.298245614035093	24.32432432432432	40.0
Dialectal	14.70588235294118	21.333333333333336	40.0
Dialectal_normalizada	19.298245614035093	24.32432432432432	40.0