Transcripcion	Levenstein	Orden	Parcial
Estandar	52.927400468384064	64.9624060150376	64.15094339622642
Estandar_normalizada	57.36842105263158	64.9624060150376	69.8051948051948
Dialectal	53.051643192488264	65.06024096385542	64.15094339622642
Dialectal_normalizada	57.519788918205805	65.06024096385542	69.8051948051948