Transcripcion	Levenstein	Orden	Parcial
Estandar	22.22222222222222	42.553191489361694	48.57142857142858
Estandar_normalizada	28.787878787878785	42.553191489361694	53.84615384615385
Dialectal	22.22222222222222	42.553191489361694	48.57142857142858
Dialectal_normalizada	28.787878787878785	42.553191489361694	53.84615384615385