Transcripcion	Levenstein	Orden	Parcial
Estandar	14.166666666666671	30.252100840336137	43.24324324324324
Estandar_normalizada	16.326530612244895	30.76923076923077	43.24324324324324
Dialectal	14.166666666666671	30.252100840336137	43.24324324324324
Dialectal_normalizada	16.326530612244895	30.76923076923077	43.24324324324324