Transcripcion	Levenstein	Orden	Parcial
Estandar	70.1923076923077	77.8409090909091	74.44444444444444
Estandar_normalizada	76.84210526315789	77.8409090909091	80.11695906432749
Dialectal	70.1923076923077	77.8409090909091	74.44444444444444
Dialectal_normalizada	76.84210526315789	77.8409090909091	80.11695906432749