Transcripcion	Levenstein	Orden	Parcial
Estandar	75.0	92.5	88.37209302325581
Estandar_normalizada	88.09523809523809	92.5	96.2962962962963
Dialectal	75.0	92.5	88.37209302325581
Dialectal_normalizada	88.09523809523809	92.5	96.2962962962963