Transcripcion	Levenstein	Orden	Parcial
Estandar	18.2648401826484	31.932773109243694	46.15384615384615
Estandar_normalizada	20.10309278350515	32.0675105485232	51.37614678899083
Dialectal	18.2648401826484	31.932773109243694	46.15384615384615
Dialectal_normalizada	20.10309278350515	32.0675105485232	51.37614678899083