Transcripcion	Levenstein	Orden	Parcial
Estandar	36.95652173913043	56.00000000000001	48.275862068965516
Estandar_normalizada	37.5	56.00000000000001	58.06451612903225
Dialectal	36.95652173913043	56.00000000000001	48.275862068965516
Dialectal_normalizada	37.5	56.00000000000001	58.06451612903225