Transcripcion	Levenstein	Orden	Parcial
Estandar	14.28571428571429	36.73469387755102	42.85714285714286
Estandar_normalizada	19.565217391304344	37.5	52.63157894736843
Dialectal	14.28571428571429	36.73469387755102	42.85714285714286
Dialectal_normalizada	19.565217391304344	37.5	52.63157894736843