Transcripcion	Levenstein	Orden	Parcial
Estandar	75.43859649122807	95.65217391304348	88.63636363636364
Estandar_normalizada	86.27450980392157	95.65217391304348	93.18181818181819
Dialectal	75.43859649122807	95.65217391304348	88.63636363636364
Dialectal_normalizada	86.27450980392157	95.65217391304348	93.18181818181819