Transcripcion	Levenstein	Orden	Parcial
Estandar	9.375	22.22222222222222	37.5
Estandar_normalizada	13.33333333333333	22.22222222222222	44.44444444444444
Dialectal	9.375	22.22222222222222	37.5
Dialectal_normalizada	13.33333333333333	22.22222222222222	44.44444444444444