Transcripcion	Levenstein	Orden	Parcial
Estandar	66.30525437864887	77.95431976166832	72.52208047105005
Estandar_normalizada	71.25912408759125	77.95431976166832	76.88338493292053
Dialectal	66.30525437864887	77.95431976166832	72.52208047105005
Dialectal_normalizada	71.25912408759125	77.95431976166832	76.88338493292053