Transcripcion	Levenstein	Orden	Parcial
Estandar	32.49999999999999	47.78761061946902	61.53846153846154
Estandar_normalizada	36.76470588235294	47.78761061946902	62.745098039215684
Dialectal	32.49999999999999	47.78761061946902	61.53846153846154
Dialectal_normalizada	36.76470588235294	47.78761061946902	62.745098039215684