Transcripcion	Levenstein	Orden	Parcial
Estandar	22.92993630573248	38.862559241706165	43.58974358974359
Estandar_normalizada	24.822695035460995	39.047619047619044	44.73684210526315
Dialectal	22.92993630573248	38.862559241706165	43.58974358974359
Dialectal_normalizada	24.822695035460995	39.047619047619044	44.73684210526315