Transcripcion	Levenstein	Orden	Parcial
Estandar	52.95774647887323	67.94871794871796	66.24605678233438
Estandar_normalizada	57.05521472392638	67.41573033707866	70.26143790849673
Dialectal	52.97450424929179	68.16720257234728	65.93059936908517
Dialectal_normalizada	56.48148148148149	67.6328502415459	69.83606557377048