Transcripcion	Levenstein	Orden	Parcial
Estandar	15.789473684210531	23.076923076923073	34.78260869565217
Estandar_normalizada	13.33333333333333	23.076923076923073	38.095238095238095
Dialectal	15.789473684210531	23.076923076923073	34.78260869565217
Dialectal_normalizada	13.33333333333333	23.076923076923073	38.095238095238095