Transcripcion	Levenstein	Orden	Parcial
Estandar	63.76811594202898	86.0	81.25
Estandar_normalizada	72.88135593220339	86.0	84.78260869565217
Dialectal	63.76811594202898	86.0	81.25
Dialectal_normalizada	72.88135593220339	86.0	84.78260869565217