Transcripcion	Levenstein	Orden	Parcial
Estandar	44.565217391304344	53.623188405797094	57.25190839694656
Estandar_normalizada	49.382716049382715	53.623188405797094	62.4
Dialectal	44.565217391304344	53.623188405797094	57.25190839694656
Dialectal_normalizada	49.382716049382715	53.623188405797094	62.4