Transcripcion	Levenstein	Orden	Parcial
Estandar	35.1145038167939	58.22784810126582	60.504201680672274
Estandar_normalizada	40.186915887850475	60.25641025641026	68.25396825396825
Dialectal	35.1145038167939	58.22784810126582	60.504201680672274
Dialectal_normalizada	40.186915887850475	60.25641025641026	68.25396825396825