Transcripcion	Levenstein	Orden	Parcial
Estandar	48.71794871794872	61.111111111111114	70.4225352112676
Estandar_normalizada	51.35135135135135	61.111111111111114	73.52941176470588
Dialectal	48.71794871794872	61.111111111111114	70.4225352112676
Dialectal_normalizada	51.35135135135135	61.111111111111114	73.52941176470588