Transcripcion	Levenstein	Orden	Parcial
Estandar	16.129032258064512	40.0	43.47826086956522
Estandar_normalizada	22.580645161290324	40.0	47.61904761904761
Dialectal	16.129032258064512	40.0	43.47826086956522
Dialectal_normalizada	22.580645161290324	40.0	47.61904761904761