Transcripcion	Levenstein	Orden	Parcial
Estandar	58.91238670694864	72.04502814258912	64.2023346303502
Estandar_normalizada	62.12624584717608	72.04502814258912	70.8502024291498
Dialectal	58.91238670694864	72.04502814258912	64.2023346303502
Dialectal_normalizada	62.12624584717608	72.04502814258912	70.8502024291498