Transcripcion	Levenstein	Orden	Parcial
Estandar	42.352941176470594	68.68686868686868	84.61538461538461
Estandar_normalizada	47.22222222222222	69.38775510204081	91.66666666666666
Dialectal	42.352941176470594	68.68686868686868	84.61538461538461
Dialectal_normalizada	47.22222222222222	69.38775510204081	91.66666666666666