Transcripcion	Levenstein	Orden	Parcial
Estandar	48.93617021276596	67.64705882352942	80.0
Estandar_normalizada	58.53658536585367	67.64705882352942	80.0
Dialectal	48.93617021276596	67.64705882352942	80.0
Dialectal_normalizada	58.53658536585367	67.64705882352942	80.0