Transcripcion	Levenstein	Orden	Parcial
Estandar	48.05194805194806	59.82905982905983	53.703703703703695
Estandar_normalizada	57.57575757575757	60.3448275862069	64.36781609195403
Dialectal	48.05194805194806	59.82905982905983	53.703703703703695
Dialectal_normalizada	57.57575757575757	60.3448275862069	64.36781609195403