Transcripcion	Levenstein	Orden	Parcial
Estandar	50.0	86.48648648648648	58.82352941176471
Estandar_normalizada	66.66666666666667	86.48648648648648	82.35294117647058
Dialectal	50.0	86.48648648648648	58.82352941176471
Dialectal_normalizada	66.66666666666667	86.48648648648648	82.35294117647058