Transcripcion	Levenstein	Orden	Parcial
Estandar	4.0000000000000036	11.111111111111116	25.0
Estandar_normalizada	5.882352941176472	11.111111111111116	25.0
Dialectal	4.0000000000000036	11.111111111111116	25.0
Dialectal_normalizada	5.882352941176472	11.111111111111116	25.0