Transcripcion	Levenstein	Orden	Parcial
Estandar	15.789473684210531	35.71428571428571	37.03703703703704
Estandar_normalizada	27.77777777777778	35.71428571428571	45.45454545454546
Dialectal	15.789473684210531	35.71428571428571	37.03703703703704
Dialectal_normalizada	27.77777777777778	35.71428571428571	45.45454545454546