Transcripcion	Levenstein	Orden	Parcial
Estandar	20.895522388059707	33.333333333333336	41.93548387096774
Estandar_normalizada	25.0	36.14457831325302	45.16129032258065
Dialectal	20.895522388059707	33.333333333333336	41.93548387096774
Dialectal_normalizada	25.0	36.14457831325302	45.16129032258065