Transcripcion	Levenstein	Orden	Parcial
Estandar	33.66336633663366	53.333333333333336	57.60000000000001
Estandar_normalizada	39.884393063583815	53.18352059925093	63.1578947368421
Dialectal	33.66336633663366	53.333333333333336	57.60000000000001
Dialectal_normalizada	39.884393063583815	53.18352059925093	63.1578947368421