Transcripcion	Levenstein	Orden	Parcial
Estandar	34.285714285714285	48.275862068965516	47.22222222222222
Estandar_normalizada	36.8421052631579	48.837209302325576	53.73134328358209
Dialectal	34.285714285714285	48.275862068965516	47.22222222222222
Dialectal_normalizada	36.8421052631579	48.837209302325576	53.73134328358209