Transcripcion	Levenstein	Orden	Parcial
Estandar	18.032786885245898	33.333333333333336	43.63636363636364
Estandar_normalizada	21.052631578947366	33.734939759036145	46.15384615384615
Dialectal	18.032786885245898	33.333333333333336	43.63636363636364
Dialectal_normalizada	21.052631578947366	33.734939759036145	46.15384615384615