Transcripcion	Levenstein	Orden	Parcial
Estandar	56.52173913043479	74.96339677891655	64.28571428571428
Estandar_normalizada	60.90133982947626	75.27512839325018	67.83333333333333
Dialectal	56.52173913043479	74.96339677891655	64.28571428571428
Dialectal_normalizada	60.90133982947626	75.27512839325018	67.83333333333333