Transcripcion	Levenstein	Orden	Parcial
Estandar	62.16216216216216	71.80722891566265	70.0
Estandar_normalizada	67.81115879828326	71.80722891566265	73.84615384615385
Dialectal	62.16216216216216	71.80722891566265	70.0
Dialectal_normalizada	67.81115879828326	71.80722891566265	73.84615384615385