Transcripcion	Levenstein	Orden	Parcial
Estandar	86.8421052631579	96.875	91.17647058823529
Estandar_normalizada	91.17647058823529	96.875	96.875
Dialectal	86.8421052631579	96.875	91.17647058823529
Dialectal_normalizada	91.17647058823529	96.875	96.875