Transcripcion	Levenstein	Orden	Parcial
Estandar	44.44444444444444	69.6969696969697	61.01694915254237
Estandar_normalizada	54.761904761904766	69.6969696969697	68.0
Dialectal	44.44444444444444	69.6969696969697	61.01694915254237
Dialectal_normalizada	54.761904761904766	69.6969696969697	68.0