Transcripcion	Levenstein	Orden	Parcial
Estandar	57.09342560553633	72.26890756302521	69.9588477366255
Estandar_normalizada	61.53846153846154	71.57894736842105	73.59307359307358
Dialectal	57.09342560553633	72.26890756302521	69.9588477366255
Dialectal_normalizada	61.53846153846154	71.57894736842105	73.59307359307358