Transcripcion	Levenstein	Orden	Parcial
Estandar	54.54545454545454	66.66666666666667	75.0
Estandar_normalizada	70.37037037037037	66.66666666666667	80.85106382978724
Dialectal	54.54545454545454	66.66666666666667	75.0
Dialectal_normalizada	70.37037037037037	66.66666666666667	80.85106382978724