Transcripcion	Levenstein	Orden	Parcial
Estandar	33.333333333333336	36.36363636363637	50.0
Estandar_normalizada	28.57142857142857	36.36363636363637	44.44444444444444
Dialectal	33.333333333333336	36.36363636363637	50.0
Dialectal_normalizada	28.57142857142857	36.36363636363637	44.44444444444444