Transcripcion	Levenstein	Orden	Parcial
Estandar	51.78236397748592	69.67418546365916	59.64467005076142
Estandar_normalizada	58.55263157894737	69.51066499372646	68.08510638297872
Dialectal	51.8796992481203	69.7616060225847	59.64467005076142
Dialectal_normalizada	58.681318681318686	69.59798994974875	68.35106382978724