Transcripcion	Levenstein	Orden	Parcial
Estandar	19.23076923076923	43.18181818181818	41.379310344827594
Estandar_normalizada	20.833333333333336	43.18181818181818	46.913580246913575
Dialectal	19.23076923076923	43.18181818181818	41.379310344827594
Dialectal_normalizada	20.833333333333336	43.18181818181818	46.913580246913575