Transcripcion	Levenstein	Orden	Parcial
Estandar	20.833333333333336	46.927374301675975	46.06741573033708
Estandar_normalizada	23.655913978494624	46.927374301675975	47.67441860465116
Dialectal	20.833333333333336	46.927374301675975	46.06741573033708
Dialectal_normalizada	23.655913978494624	46.927374301675975	47.67441860465116