Transcripcion	Levenstein	Orden	Parcial
Estandar	29.629629629629626	42.42424242424242	58.33333333333333
Estandar_normalizada	39.13043478260869	42.42424242424242	63.63636363636363
Dialectal	29.629629629629626	42.42424242424242	58.33333333333333
Dialectal_normalizada	39.13043478260869	42.42424242424242	63.63636363636363