Transcripcion	Levenstein	Orden	Parcial
Estandar	13.924050632911388	21.978021978021978	34.14634146341463
Estandar_normalizada	13.924050632911388	21.978021978021978	46.666666666666664
Dialectal	13.924050632911388	21.978021978021978	34.14634146341463
Dialectal_normalizada	13.924050632911388	21.978021978021978	46.666666666666664