Transcripcion	Levenstein	Orden	Parcial
Estandar	48.0	86.66666666666667	62.5
Estandar_normalizada	68.42105263157895	86.66666666666667	78.57142857142857
Dialectal	48.0	86.66666666666667	62.5
Dialectal_normalizada	68.42105263157895	86.66666666666667	78.57142857142857