Transcripcion	Levenstein	Orden	Parcial
Estandar	45.09803921568627	70.76923076923076	73.39449541284404
Estandar_normalizada	51.764705882352935	71.31782945736434	77.35849056603774
Dialectal	45.09803921568627	70.76923076923076	73.39449541284404
Dialectal_normalizada	51.764705882352935	71.31782945736434	77.35849056603774