Transcripcion	Levenstein	Orden	Parcial
Estandar	42.10526315789473	94.73684210526316	88.88888888888889
Estandar_normalizada	69.23076923076923	94.73684210526316	88.88888888888889
Dialectal	42.10526315789473	94.73684210526316	88.88888888888889
Dialectal_normalizada	69.23076923076923	94.73684210526316	88.88888888888889