Transcripcion	Levenstein	Orden	Parcial
Estandar	26.470588235294112	48.484848484848484	43.39622641509434
Estandar_normalizada	29.850746268656714	48.484848484848484	45.74468085106383
Dialectal	26.470588235294112	48.484848484848484	43.39622641509434
Dialectal_normalizada	29.850746268656714	48.484848484848484	45.74468085106383