Transcripcion	Levenstein	Orden	Parcial
Estandar	35.51401869158879	57.33333333333333	70.58823529411764
Estandar_normalizada	38.775510204081634	57.71812080536913	74.78260869565217
Dialectal	35.51401869158879	57.33333333333333	70.58823529411764
Dialectal_normalizada	38.775510204081634	57.71812080536913	74.78260869565217