Transcripcion	Levenstein	Orden	Parcial
Estandar	35.45454545454545	53.73134328358209	77.77777777777779
Estandar_normalizada	41.666666666666664	53.73134328358209	83.33333333333334
Dialectal	35.45454545454545	53.73134328358209	77.77777777777779
Dialectal_normalizada	41.666666666666664	53.73134328358209	83.33333333333334