Transcripcion	Levenstein	Orden	Parcial
Estandar	52.38095238095239	57.57575757575757	66.66666666666667
Estandar_normalizada	63.888888888888886	57.57575757575757	70.96774193548387
Dialectal	52.38095238095239	57.57575757575757	66.66666666666667
Dialectal_normalizada	63.888888888888886	57.57575757575757	70.96774193548387