Transcripcion	Levenstein	Orden	Parcial
Estandar	17.04545454545454	40.625	30.65693430656934
Estandar_normalizada	18.571428571428573	38.4	38.775510204081634
Dialectal	17.04545454545454	40.625	30.65693430656934
Dialectal_normalizada	18.571428571428573	38.4	38.775510204081634