Transcripcion	Levenstein	Orden	Parcial
Estandar	15.151515151515149	36.8421052631579	41.666666666666664
Estandar_normalizada	17.24137931034483	36.8421052631579	45.45454545454546
Dialectal	15.151515151515149	36.8421052631579	41.666666666666664
Dialectal_normalizada	17.24137931034483	36.8421052631579	45.45454545454546