Transcripcion	Levenstein	Orden	Parcial
Estandar	10.880829015544046	28.915662650602414	44.73684210526315
Estandar_normalizada	14.649681528662416	25.92592592592593	51.515151515151516
Dialectal	10.880829015544046	28.915662650602414	44.73684210526315
Dialectal_normalizada	14.649681528662416	25.92592592592593	51.515151515151516