Transcripcion	Levenstein	Orden	Parcial
Estandar	73.11475409836066	84.27184466019418	80.1526717557252
Estandar_normalizada	80.95238095238095	84.27184466019418	87.20930232558139
Dialectal	73.11475409836066	84.27184466019418	80.1526717557252
Dialectal_normalizada	80.95238095238095	84.27184466019418	87.20930232558139