Transcripcion	Levenstein	Orden	Parcial
Estandar	61.76470588235294	81.4814814814815	80.76923076923077
Estandar_normalizada	73.33333333333334	81.4814814814815	80.76923076923077
Dialectal	61.76470588235294	81.4814814814815	80.76923076923077
Dialectal_normalizada	73.33333333333334	81.4814814814815	80.76923076923077