Transcripcion	Levenstein	Orden	Parcial
Estandar	19.999999999999996	28.57142857142857	27.27272727272727
Estandar_normalizada	21.052631578947366	28.57142857142857	36.36363636363637
Dialectal	19.999999999999996	28.57142857142857	27.27272727272727
Dialectal_normalizada	21.052631578947366	28.57142857142857	36.36363636363637