Transcripcion	Levenstein	Orden	Parcial
Estandar	15.517241379310342	26.470588235294112	42.85714285714286
Estandar_normalizada	14.035087719298245	26.470588235294112	50.0
Dialectal	15.517241379310342	26.470588235294112	42.85714285714286
Dialectal_normalizada	14.035087719298245	26.470588235294112	50.0