Transcripcion	Levenstein	Orden	Parcial
Estandar	12.987012987012992	30.379746835443033	32.432432432432435
Estandar_normalizada	16.92307692307692	30.379746835443033	42.42424242424242
Dialectal	12.987012987012992	30.379746835443033	32.432432432432435
Dialectal_normalizada	16.92307692307692	30.379746835443033	42.42424242424242