Transcripcion	Levenstein	Orden	Parcial
Estandar	25.33333333333333	36.44859813084113	37.93103448275862
Estandar_normalizada	27.516778523489936	36.61971830985915	42.96296296296296
Dialectal	25.33333333333333	36.44859813084113	37.93103448275862
Dialectal_normalizada	27.516778523489936	36.61971830985915	42.96296296296296