Transcripcion	Levenstein	Orden	Parcial
Estandar	50.75593952483801	73.34360554699538	64.26116838487972
Estandar_normalizada	57.32009925558312	73.87944358578052	69.67509025270758
Dialectal	50.9719222462203	73.6517719568567	64.60481099656357
Dialectal_normalizada	57.5682382133995	74.1885625965997	70.03610108303249