Transcripcion	Levenstein	Orden	Parcial
Estandar	72.3053892215569	85.76814326107446	77.56286266924565
Estandar_normalizada	80.4054054054054	85.84905660377359	83.69781312127238
Dialectal	72.3053892215569	85.76814326107446	77.56286266924565
Dialectal_normalizada	80.4054054054054	85.84905660377359	83.69781312127238