Transcripcion	Levenstein	Orden	Parcial
Estandar	55.79078455790785	80.25830258302584	68.48484848484848
Estandar_normalizada	64.92537313432835	80.66914498141264	77.47368421052632
Dialectal	55.125	79.74098057354301	68.08080808080807
Dialectal_normalizada	64.16791604197901	80.14911463187325	76.84210526315789