Transcripcion	Levenstein	Orden	Parcial
Estandar	66.31944444444444	86.45690834473324	73.46014492753623
Estandar_normalizada	75.12038523274478	86.57534246575342	81.82683158896289
Dialectal	66.45789839944328	86.57534246575342	73.6413043478261
Dialectal_normalizada	75.3016894609815	86.69410150891632	82.01712654614653