Transcripcion	Levenstein	Orden	Parcial
Estandar	34.09090909090909	59.09090909090908	72.72727272727273
Estandar_normalizada	45.714285714285715	60.46511627906976	86.66666666666667
Dialectal	34.09090909090909	59.09090909090908	72.72727272727273
Dialectal_normalizada	45.714285714285715	60.46511627906976	86.66666666666667