Transcripcion	Levenstein	Orden	Parcial
Estandar	65.0	91.22807017543859	88.88888888888889
Estandar_normalizada	76.47058823529412	91.22807017543859	96.15384615384616
Dialectal	65.0	91.22807017543859	88.88888888888889
Dialectal_normalizada	76.47058823529412	91.22807017543859	96.15384615384616