Transcripcion	Levenstein	Orden	Parcial
Estandar	70.49180327868852	92.63157894736842	86.0
Estandar_normalizada	81.13207547169812	92.63157894736842	95.65217391304348
Dialectal	70.49180327868852	92.63157894736842	86.0
Dialectal_normalizada	81.13207547169812	92.63157894736842	95.65217391304348