Transcripcion	Levenstein	Orden	Parcial
Estandar	67.4364896073903	85.21739130434783	75.67567567567568
Estandar_normalizada	78.34224598930481	85.58951965065502	86.12716763005781
Dialectal	67.4364896073903	85.21739130434783	75.67567567567568
Dialectal_normalizada	78.34224598930481	85.58951965065502	86.12716763005781