Transcripcion	Levenstein	Orden	Parcial
Estandar	65.21739130434783	76.52173913043478	81.66666666666667
Estandar_normalizada	70.49180327868852	76.52173913043478	84.21052631578947
Dialectal	65.21739130434783	76.52173913043478	81.66666666666667
Dialectal_normalizada	70.49180327868852	76.52173913043478	84.21052631578947