Transcripcion	Levenstein	Orden	Parcial
Estandar	62.42038216560509	84.51327433628319	70.33492822966507
Estandar_normalizada	73.9463601532567	84.70066518847007	78.99543378995433
Dialectal	62.42038216560509	84.51327433628319	70.33492822966507
Dialectal_normalizada	73.9463601532567	84.70066518847007	78.99543378995433