Transcripcion	Levenstein	Orden	Parcial
Estandar	58.273381294964025	80.3921568627451	69.84924623115577
Estandar_normalizada	66.94560669456067	80.5896805896806	78.9189189189189
Dialectal	58.273381294964025	80.3921568627451	69.84924623115577
Dialectal_normalizada	66.94560669456067	80.5896805896806	78.9189189189189