Transcripcion	Levenstein	Orden	Parcial
Estandar	66.86567164179105	83.42857142857143	73.57723577235772
Estandar_normalizada	74.4186046511628	83.42857142857143	79.40552016985139
Dialectal	66.86567164179105	83.42857142857143	73.57723577235772
Dialectal_normalizada	74.4186046511628	83.42857142857143	79.40552016985139