Transcripcion	Levenstein	Orden	Parcial
Estandar	41.08527131782945	67.01846965699208	54.94505494505495
Estandar_normalizada	48.21428571428571	67.73333333333333	63.372093023255815
Dialectal	41.08527131782945	67.01846965699208	54.94505494505495
Dialectal_normalizada	48.21428571428571	67.73333333333333	63.372093023255815