Transcripcion	Levenstein	Orden	Parcial
Estandar	16.216216216216218	20.408163265306122	27.77777777777778
Estandar_normalizada	18.181818181818176	20.408163265306122	28.57142857142857
Dialectal	16.216216216216218	20.408163265306122	27.77777777777778
Dialectal_normalizada	18.181818181818176	20.408163265306122	28.57142857142857