Transcripcion	Levenstein	Orden	Parcial
Estandar	64.94845360824742	87.46928746928747	72.97297297297297
Estandar_normalizada	70.44534412955466	87.90123456790123	78.06267806267806
Dialectal	65.05190311418684	87.90123456790123	72.82608695652173
Dialectal_normalizada	70.61224489795919	88.33746898263027	77.93696275071633