Transcripcion	Levenstein	Orden	Parcial
Estandar	63.1578947368421	74.32432432432432	68.85245901639344
Estandar_normalizada	68.67469879518072	74.32432432432432	73.6
Dialectal	63.1578947368421	74.32432432432432	68.85245901639344
Dialectal_normalizada	68.67469879518072	74.32432432432432	73.6