Transcripcion	Levenstein	Orden	Parcial
Estandar	20.370370370370374	61.904761904761905	54.54545454545454
Estandar_normalizada	38.775510204081634	61.904761904761905	72.0
Dialectal	20.370370370370374	61.904761904761905	54.54545454545454
Dialectal_normalizada	38.775510204081634	61.904761904761905	72.0