Transcripcion	Levenstein	Orden	Parcial
Estandar	13.432835820895528	29.333333333333332	30.303030303030297
Estandar_normalizada	17.647058823529417	29.333333333333332	32.25806451612904
Dialectal	13.432835820895528	29.333333333333332	30.303030303030297
Dialectal_normalizada	17.647058823529417	29.333333333333332	32.25806451612904