Transcripcion	Levenstein	Orden	Parcial
Estandar	19.14893617021277	52.63157894736843	53.84615384615385
Estandar_normalizada	22.857142857142854	54.054054054054056	63.63636363636363
Dialectal	19.14893617021277	52.63157894736843	53.84615384615385
Dialectal_normalizada	22.857142857142854	54.054054054054056	63.63636363636363