Transcripcion	Levenstein	Orden	Parcial
Estandar	39.13043478260869	54.83870967741935	58.252427184466015
Estandar_normalizada	43.0379746835443	55.28455284552846	62.0
Dialectal	39.13043478260869	54.83870967741935	58.252427184466015
Dialectal_normalizada	43.0379746835443	55.28455284552846	62.0