Transcripcion	Levenstein	Orden	Parcial
Estandar	19.999999999999996	40.74074074074075	40.0
Estandar_normalizada	26.470588235294112	40.74074074074075	48.97959183673469
Dialectal	19.999999999999996	40.74074074074075	40.0
Dialectal_normalizada	26.470588235294112	40.74074074074075	48.97959183673469