Transcripcion	Levenstein	Orden	Parcial
Estandar	60.7843137254902	72.72727272727273	71.42857142857143
Estandar_normalizada	66.27906976744187	72.72727272727273	75.0
Dialectal	60.7843137254902	72.72727272727273	71.42857142857143
Dialectal_normalizada	66.27906976744187	72.72727272727273	75.0