Transcripcion	Levenstein	Orden	Parcial
Estandar	9.999999999999998	38.888888888888886	36.61971830985915
Estandar_normalizada	15.789473684210531	38.888888888888886	41.17647058823529
Dialectal	9.999999999999998	38.888888888888886	36.61971830985915
Dialectal_normalizada	15.789473684210531	38.888888888888886	41.17647058823529