Transcripcion	Levenstein	Orden	Parcial
Estandar	11.764705882352944	19.999999999999996	44.44444444444444
Estandar_normalizada	12.987012987012992	19.999999999999996	47.05882352941176
Dialectal	11.764705882352944	19.999999999999996	44.44444444444444
Dialectal_normalizada	12.987012987012992	19.999999999999996	47.05882352941176