Transcripcion	Levenstein	Orden	Parcial
Estandar	24.193548387096776	47.05882352941176	38.8235294117647
Estandar_normalizada	29.166666666666664	44.047619047619044	47.20496894409938
Dialectal	24.193548387096776	47.05882352941176	38.8235294117647
Dialectal_normalizada	29.166666666666664	44.047619047619044	47.20496894409938