Transcripcion	Levenstein	Orden	Parcial
Estandar	9.090909090909093	30.000000000000004	30.76923076923077
Estandar_normalizada	12.5	30.000000000000004	36.36363636363637
Dialectal	9.090909090909093	30.000000000000004	30.76923076923077
Dialectal_normalizada	12.5	30.000000000000004	36.36363636363637