Transcripcion	Levenstein	Orden	Parcial
Estandar	60.0	58.33333333333333	69.44444444444444
Estandar_normalizada	66.66666666666667	58.33333333333333	75.75757575757575
Dialectal	60.0	58.33333333333333	69.44444444444444
Dialectal_normalizada	66.66666666666667	58.33333333333333	75.75757575757575