Transcripcion	Levenstein	Orden	Parcial
Estandar	45.652173913043484	65.85365853658536	69.1358024691358
Estandar_normalizada	50.0	65.85365853658536	71.7948717948718
Dialectal	45.652173913043484	65.85365853658536	69.1358024691358
Dialectal_normalizada	50.0	65.85365853658536	71.7948717948718