Transcripcion	Levenstein	Orden	Parcial
Estandar	65.625	95.65217391304348	70.27027027027026
Estandar_normalizada	84.61538461538461	95.65217391304348	86.95652173913044
Dialectal	65.625	95.65217391304348	70.27027027027026
Dialectal_normalizada	84.61538461538461	95.65217391304348	86.95652173913044