Transcripcion	Levenstein	Orden	Parcial
Estandar	45.945945945945944	80.0	77.27272727272727
Estandar_normalizada	64.28571428571428	81.81818181818181	89.47368421052632
Dialectal	45.945945945945944	80.0	77.27272727272727
Dialectal_normalizada	64.28571428571428	81.81818181818181	89.47368421052632