Transcripcion	Levenstein	Orden	Parcial
Estandar	85.56701030927836	85.71428571428572	88.50574712643679
Estandar_normalizada	92.3076923076923	85.71428571428572	93.10344827586206
Dialectal	83.50515463917526	83.42857142857143	86.20689655172413
Dialectal_normalizada	90.10989010989012	83.42857142857143	90.80459770114942