Transcripcion	Levenstein	Orden	Parcial
Estandar	32.21476510067114	51.2	48.4375
Estandar_normalizada	33.333333333333336	51.2	54.077253218884124
Dialectal	32.21476510067114	51.2	48.4375
Dialectal_normalizada	33.333333333333336	51.2	54.077253218884124