Transcripcion	Levenstein	Orden	Parcial
Estandar	11.764705882352944	16.666666666666664	28.57142857142857
Estandar_normalizada	9.090909090909093	16.666666666666664	25.0
Dialectal	11.764705882352944	16.666666666666664	28.57142857142857
Dialectal_normalizada	9.090909090909093	16.666666666666664	25.0