Transcripcion	Levenstein	Orden	Parcial
Estandar	72.16312056737588	88.40736728060672	79.20353982300885
Estandar_normalizada	80.23715415019763	88.40736728060672	86.7713004484305
Dialectal	71.80851063829788	87.10725893824485	78.76106194690266
Dialectal_normalizada	79.84189723320159	87.10725893824485	86.32286995515695