Transcripcion	Levenstein	Orden	Parcial
Estandar	29.66101694915254	44.87179487179487	55.10204081632652
Estandar_normalizada	32.72727272727273	46.4516129032258	61.702127659574465
Dialectal	29.66101694915254	44.87179487179487	55.10204081632652
Dialectal_normalizada	32.72727272727273	46.4516129032258	61.702127659574465