Transcripcion	Levenstein	Orden	Parcial
Estandar	44.14893617021277	66.66666666666667	68.5483870967742
Estandar_normalizada	47.30538922155688	66.91449814126393	74.13793103448276
Dialectal	44.14893617021277	66.66666666666667	68.5483870967742
Dialectal_normalizada	47.30538922155688	66.91449814126393	74.13793103448276