Transcripcion	Levenstein	Orden	Parcial
Estandar	29.166666666666664	27.77777777777778	41.17647058823529
Estandar_normalizada	23.809523809523814	27.77777777777778	41.379310344827594
Dialectal	29.166666666666664	27.77777777777778	41.17647058823529
Dialectal_normalizada	23.809523809523814	27.77777777777778	41.379310344827594