Transcripcion	Levenstein	Orden	Parcial
Estandar	30.555555555555557	52.25225225225225	53.703703703703695
Estandar_normalizada	35.483870967741936	52.25225225225225	54.36893203883495
Dialectal	29.166666666666664	52.25225225225225	53.703703703703695
Dialectal_normalizada	35.483870967741936	52.25225225225225	54.36893203883495