Transcripcion	Levenstein	Orden	Parcial
Estandar	43.103448275862064	65.99999999999999	65.99999999999999
Estandar_normalizada	56.896551724137936	65.99999999999999	75.55555555555556
Dialectal	43.103448275862064	65.99999999999999	65.99999999999999
Dialectal_normalizada	56.896551724137936	65.99999999999999	75.55555555555556