Transcripcion	Levenstein	Orden	Parcial
Estandar	50.76923076923077	77.47747747747748	67.2811059907834
Estandar_normalizada	57.391304347826086	77.82805429864254	73.17073170731707
Dialectal	50.76923076923077	77.47747747747748	67.2811059907834
Dialectal_normalizada	57.391304347826086	77.82805429864254	73.17073170731707