Transcripcion	Levenstein	Orden	Parcial
Estandar	37.5	53.333333333333336	57.14285714285714
Estandar_normalizada	42.592592592592595	53.333333333333336	60.97560975609756
Dialectal	37.5	53.333333333333336	57.14285714285714
Dialectal_normalizada	42.592592592592595	53.333333333333336	60.97560975609756