Transcripcion	Levenstein	Orden	Parcial
Estandar	32.58064516129032	57.879656160458445	59.25925925925925
Estandar_normalizada	38.73517786561265	58.38150289017341	66.9291338582677
Dialectal	32.58064516129032	57.879656160458445	59.25925925925925
Dialectal_normalizada	38.73517786561265	58.38150289017341	66.9291338582677