Transcripcion	Levenstein	Orden	Parcial
Estandar	55.952380952380956	66.66666666666667	70.37037037037037
Estandar_normalizada	56.41025641025641	66.66666666666667	70.96774193548387
Dialectal	55.952380952380956	66.66666666666667	70.37037037037037
Dialectal_normalizada	56.41025641025641	66.66666666666667	70.96774193548387