Transcripcion	Levenstein	Orden	Parcial
Estandar	31.25	44.776119402985074	49.18032786885246
Estandar_normalizada	32.49999999999999	44.776119402985074	51.72413793103448
Dialectal	31.25	44.776119402985074	49.18032786885246
Dialectal_normalizada	32.49999999999999	44.776119402985074	51.72413793103448