Transcripcion	Levenstein	Orden	Parcial
Estandar	24.242424242424242	54.16666666666667	52.0
Estandar_normalizada	31.034482758620683	54.16666666666667	61.904761904761905
Dialectal	24.242424242424242	54.16666666666667	52.0
Dialectal_normalizada	31.034482758620683	54.16666666666667	61.904761904761905