Transcripcion	Levenstein	Orden	Parcial
Estandar	39.42307692307693	66.12903225806453	78.0
Estandar_normalizada	51.21951219512195	68.29268292682926	85.1063829787234
Dialectal	39.42307692307693	66.12903225806453	78.0
Dialectal_normalizada	51.21951219512195	68.29268292682926	85.1063829787234