Transcripcion	Levenstein	Orden	Parcial
Estandar	24.489795918367353	40.0	43.333333333333336
Estandar_normalizada	29.166666666666664	40.0	61.904761904761905
Dialectal	24.489795918367353	40.0	43.333333333333336
Dialectal_normalizada	29.166666666666664	40.0	61.904761904761905