Transcripcion	Levenstein	Orden	Parcial
Estandar	56.25	80.41237113402062	62.5
Estandar_normalizada	69.64285714285714	80.41237113402062	70.45454545454545
Dialectal	56.25	80.41237113402062	62.5
Dialectal_normalizada	69.64285714285714	80.41237113402062	70.45454545454545