Transcripcion	Levenstein	Orden	Parcial
Estandar	40.0	83.33333333333334	66.66666666666667
Estandar_normalizada	60.0	83.33333333333334	78.78787878787878
Dialectal	40.0	83.33333333333334	66.66666666666667
Dialectal_normalizada	60.0	83.33333333333334	78.78787878787878