Transcripcion	Levenstein	Orden	Parcial
Estandar	28.000000000000004	72.22222222222221	68.42105263157895
Estandar_normalizada	54.54545454545454	72.22222222222221	87.5
Dialectal	28.000000000000004	72.22222222222221	68.42105263157895
Dialectal_normalizada	54.54545454545454	72.22222222222221	87.5