Transcripcion	Levenstein	Orden	Parcial
Estandar	36.66666666666667	40.0	56.60377358490566
Estandar_normalizada	48.275862068965516	40.0	71.42857142857143
Dialectal	36.66666666666667	40.0	56.60377358490566
Dialectal_normalizada	48.275862068965516	40.0	71.42857142857143