Transcripcion	Levenstein	Orden	Parcial
Estandar	63.1578947368421	83.1353919239905	77.14285714285715
Estandar_normalizada	69.16666666666667	82.57756563245823	80.60453400503779
Dialectal	63.1578947368421	83.1353919239905	77.14285714285715
Dialectal_normalizada	69.16666666666667	82.57756563245823	80.60453400503779