Transcripcion	Levenstein	Orden	Parcial
Estandar	72.53928866832094	84.95742667928099	81.12701252236137
Estandar_normalizada	78.2051282051282	85.2132701421801	85.89981447124305
Dialectal	71.97664720600501	84.03041825095056	80.87971274685816
Dialectal_normalizada	77.44916820702403	84.38095238095238	85.80705009276438