Transcripcion	Levenstein	Orden	Parcial
Estandar	73.79310344827586	85.02024291497976	86.20689655172413
Estandar_normalizada	77.37226277372262	85.02024291497976	91.22807017543859
Dialectal	72.91666666666667	84.55284552845528	86.20689655172413
Dialectal_normalizada	76.47058823529412	84.55284552845528	90.35087719298247