Transcripcion	Levenstein	Orden	Parcial
Estandar	13.533834586466165	21.935483870967744	39.39393939393939
Estandar_normalizada	15.267175572519086	21.935483870967744	44.44444444444444
Dialectal	13.533834586466165	21.935483870967744	39.39393939393939
Dialectal_normalizada	15.267175572519086	21.935483870967744	44.44444444444444