Transcripcion	Levenstein	Orden	Parcial
Estandar	69.92481203007519	91.42857142857143	84.21052631578947
Estandar_normalizada	79.82456140350878	91.42857142857143	93.26923076923077
Dialectal	69.92481203007519	91.42857142857143	84.21052631578947
Dialectal_normalizada	79.82456140350878	91.42857142857143	93.26923076923077