Transcripcion	Levenstein	Orden	Parcial
Estandar	65.57377049180329	66.03773584905662	71.69811320754718
Estandar_normalizada	66.66666666666667	66.03773584905662	72.54901960784314
Dialectal	67.79661016949152	67.3076923076923	75.47169811320755
Dialectal_normalizada	69.0909090909091	67.3076923076923	76.47058823529412