Transcripcion	Levenstein	Orden	Parcial
Estandar	72.41379310344827	81.63265306122449	83.01886792452831
Estandar_normalizada	76.92307692307692	81.63265306122449	87.5
Dialectal	72.41379310344827	81.63265306122449	83.01886792452831
Dialectal_normalizada	76.92307692307692	81.63265306122449	87.5