Transcripcion	Levenstein	Orden	Parcial
Estandar	14.28571428571429	25.0	23.529411764705888
Estandar_normalizada	27.27272727272727	25.0	42.85714285714286
Dialectal	14.28571428571429	25.0	23.529411764705888
Dialectal_normalizada	27.27272727272727	25.0	42.85714285714286