Transcripcion	Levenstein	Orden	Parcial
Estandar	77.63157894736842	92.91338582677166	96.61016949152543
Estandar_normalizada	84.28571428571429	92.91338582677166	96.61016949152543
Dialectal	77.63157894736842	92.91338582677166	96.61016949152543
Dialectal_normalizada	84.28571428571429	92.91338582677166	96.61016949152543