Transcripcion	Levenstein	Orden	Parcial
Estandar	16.959064327485386	34.224598930481285	34.92063492063492
Estandar_normalizada	18.493150684931503	33.879781420765035	40.0
Dialectal	16.470588235294116	34.40860215053764	34.92063492063492
Dialectal_normalizada	18.620689655172416	34.065934065934066	40.0