Transcripcion	Levenstein	Orden	Parcial
Estandar	27.27272727272727	0.0	30.76923076923077
Estandar_normalizada	14.28571428571429	0.0	25.0
Dialectal	27.27272727272727	0.0	30.76923076923077
Dialectal_normalizada	14.28571428571429	0.0	25.0