Transcripcion	Levenstein	Orden	Parcial
Estandar	71.45390070921987	86.46864686468648	81.44104803493451
Estandar_normalizada	78.72763419483103	86.56387665198237	87.67123287671232
Dialectal	71.63120567375887	86.46864686468648	81.44104803493451
Dialectal_normalizada	78.92644135188867	86.56387665198237	87.67123287671232