Transcripcion	Levenstein	Orden	Parcial
Estandar	30.303030303030297	42.10526315789473	50.0
Estandar_normalizada	36.0	42.10526315789473	58.82352941176471
Dialectal	30.303030303030297	42.10526315789473	50.0
Dialectal_normalizada	36.0	42.10526315789473	58.82352941176471