Transcripcion	Levenstein	Orden	Parcial
Estandar	17.500000000000004	38.59649122807017	32.72727272727273
Estandar_normalizada	18.75	38.59649122807017	36.73469387755102
Dialectal	17.500000000000004	38.59649122807017	32.72727272727273
Dialectal_normalizada	18.75	38.59649122807017	36.73469387755102