Transcripcion	Levenstein	Orden	Parcial
Estandar	6.25	11.428571428571432	28.57142857142857
Estandar_normalizada	7.14285714285714	11.428571428571432	33.333333333333336
Dialectal	6.25	11.428571428571432	28.57142857142857
Dialectal_normalizada	7.14285714285714	11.428571428571432	33.333333333333336