Transcripcion	Levenstein	Orden	Parcial
Estandar	55.1094890510949	69.62962962962963	58.673469387755105
Estandar_normalizada	63.55932203389831	69.65174129353233	66.13756613756614
Dialectal	55.1094890510949	69.62962962962963	58.673469387755105
Dialectal_normalizada	63.55932203389831	69.65174129353233	66.13756613756614