Transcripcion	Levenstein	Orden	Parcial
Estandar	50.53763440860215	71.65217391304348	59.717314487632514
Estandar_normalizada	56.40243902439024	71.67832167832168	67.77777777777779
Dialectal	50.54054054054053	71.55322862129145	59.717314487632514
Dialectal_normalizada	56.74846625766872	71.57894736842105	67.77777777777779