Transcripcion	Levenstein	Orden	Parcial
Estandar	10.95890410958904	31.57894736842105	34.78260869565217
Estandar_normalizada	16.07142857142857	32.14285714285714	50.0
Dialectal	10.95890410958904	31.57894736842105	34.78260869565217
Dialectal_normalizada	16.07142857142857	32.14285714285714	50.0