Transcripcion	Levenstein	Orden	Parcial
Estandar	26.923076923076927	47.61904761904761	42.10526315789473
Estandar_normalizada	25.0	47.61904761904761	47.36842105263158
Dialectal	26.923076923076927	47.61904761904761	42.10526315789473
Dialectal_normalizada	25.0	47.61904761904761	47.36842105263158