Transcripcion	Levenstein	Orden	Parcial
Estandar	33.333333333333336	68.81720430107528	78.37837837837837
Estandar_normalizada	43.28358208955224	69.56521739130434	88.88888888888889
Dialectal	33.333333333333336	68.81720430107528	78.37837837837837
Dialectal_normalizada	43.28358208955224	69.56521739130434	88.88888888888889