Transcripcion	Levenstein	Orden	Parcial
Estandar	81.25	93.10344827586206	89.65517241379311
Estandar_normalizada	90.0	93.10344827586206	93.10344827586206
Dialectal	81.25	93.10344827586206	89.65517241379311
Dialectal_normalizada	90.0	93.10344827586206	93.10344827586206