Transcripcion	Levenstein	Orden	Parcial
Estandar	26.76056338028169	40.44943820224719	51.61290322580645
Estandar_normalizada	29.230769230769226	40.44943820224719	57.14285714285714
Dialectal	26.76056338028169	40.44943820224719	51.61290322580645
Dialectal_normalizada	29.230769230769226	40.44943820224719	57.14285714285714