Transcripcion	Levenstein	Orden	Parcial
Estandar	52.35109717868338	62.83367556468173	62.5
Estandar_normalizada	58.098591549295776	63.092783505154635	69.36936936936937
Dialectal	52.35109717868338	62.83367556468173	62.5
Dialectal_normalizada	58.098591549295776	63.092783505154635	69.36936936936937