Transcripcion	Levenstein	Orden	Parcial
Estandar	13.953488372093027	40.0	36.73469387755102
Estandar_normalizada	20.93023255813954	40.0	38.297872340425535
Dialectal	13.953488372093027	40.0	36.73469387755102
Dialectal_normalizada	20.93023255813954	40.0	38.297872340425535