Transcripcion	Levenstein	Orden	Parcial
Estandar	27.6595744680851	41.7910447761194	42.85714285714286
Estandar_normalizada	29.729729729729726	36.92307692307693	48.484848484848484
Dialectal	27.6595744680851	41.7910447761194	42.85714285714286
Dialectal_normalizada	29.729729729729726	36.92307692307693	48.484848484848484