Transcripcion	Levenstein	Orden	Parcial
Estandar	22.22222222222222	41.860465116279066	41.17647058823529
Estandar_normalizada	28.865979381443296	42.10526315789473	46.753246753246756
Dialectal	22.22222222222222	41.860465116279066	41.17647058823529
Dialectal_normalizada	28.865979381443296	42.10526315789473	46.753246753246756