Transcripcion	Levenstein	Orden	Parcial
Estandar	18.88888888888889	41.70616113744076	44.44444444444444
Estandar_normalizada	21.568627450980394	40.57971014492754	46.01769911504425
Dialectal	18.88888888888889	41.70616113744076	44.44444444444444
Dialectal_normalizada	21.568627450980394	40.57971014492754	46.01769911504425