Transcripcion	Levenstein	Orden	Parcial
Estandar	22.499999999999996	43.13725490196079	40.0
Estandar_normalizada	28.125	40.0	41.666666666666664
Dialectal	22.499999999999996	43.13725490196079	40.0
Dialectal_normalizada	28.125	40.0	41.666666666666664