Transcripcion	Levenstein	Orden	Parcial
Estandar	49.25373134328358	62.92134831460674	65.0
Estandar_normalizada	61.81818181818181	62.92134831460674	75.0
Dialectal	49.25373134328358	62.92134831460674	65.0
Dialectal_normalizada	61.81818181818181	62.92134831460674	75.0