Transcripcion	Levenstein	Orden	Parcial
Estandar	26.315789473684216	53.623188405797094	50.0
Estandar_normalizada	28.205128205128204	54.01459854014598	56.666666666666664
Dialectal	26.315789473684216	53.623188405797094	50.0
Dialectal_normalizada	28.205128205128204	54.01459854014598	56.666666666666664