Transcripcion	Levenstein	Orden	Parcial
Estandar	9.375	37.03703703703704	27.27272727272727
Estandar_normalizada	17.391304347826086	38.46153846153846	31.57894736842105
Dialectal	9.375	37.03703703703704	27.27272727272727
Dialectal_normalizada	17.391304347826086	38.46153846153846	31.57894736842105