Transcripcion	Levenstein	Orden	Parcial
Estandar	40.90909090909091	38.46153846153846	52.94117647058824
Estandar_normalizada	41.379310344827594	38.46153846153846	60.0
Dialectal	40.90909090909091	38.46153846153846	52.94117647058824
Dialectal_normalizada	41.379310344827594	38.46153846153846	60.0