Transcripcion	Levenstein	Orden	Parcial
Estandar	37.5	67.15328467153286	65.3061224489796
Estandar_normalizada	44.9438202247191	69.62962962962963	71.42857142857143
Dialectal	37.5	67.15328467153286	65.3061224489796
Dialectal_normalizada	44.9438202247191	69.62962962962963	71.42857142857143