Transcripcion	Levenstein	Orden	Parcial
Estandar	42.1602787456446	64.11483253588517	56.18556701030928
Estandar_normalizada	47.808764940239044	61.98547215496368	63.561643835616444
Dialectal	42.1602787456446	64.11483253588517	56.18556701030928
Dialectal_normalizada	47.808764940239044	61.98547215496368	63.561643835616444