Transcripcion	Levenstein	Orden	Parcial
Estandar	45.833333333333336	56.75675675675676	65.75342465753424
Estandar_normalizada	56.09756097560976	56.75675675675676	71.42857142857143
Dialectal	45.833333333333336	56.75675675675676	65.75342465753424
Dialectal_normalizada	56.09756097560976	56.75675675675676	71.42857142857143