Transcripcion	Levenstein	Orden	Parcial
Estandar	42.201834862385326	59.80066445182723	57.2463768115942
Estandar_normalizada	48.14814814814815	60.40268456375839	63.1578947368421
Dialectal	42.201834862385326	59.80066445182723	57.2463768115942
Dialectal_normalizada	48.14814814814815	60.40268456375839	63.1578947368421