Transcripcion	Levenstein	Orden	Parcial
Estandar	10.81081081081081	17.07317073170732	50.0
Estandar_normalizada	12.676056338028175	17.500000000000004	60.0
Dialectal	10.81081081081081	17.07317073170732	50.0
Dialectal_normalizada	12.676056338028175	17.500000000000004	60.0