Transcripcion	Levenstein	Orden	Parcial
Estandar	57.831325301204814	80.32786885245902	75.0
Estandar_normalizada	64.38356164383562	80.32786885245902	81.13207547169812
Dialectal	57.831325301204814	80.32786885245902	75.0
Dialectal_normalizada	64.38356164383562	80.32786885245902	81.13207547169812