Transcripcion	Levenstein	Orden	Parcial
Estandar	62.925851703406806	77.50952986022872	69.68085106382979
Estandar_normalizada	68.95787139689578	78.06122448979592	75.74931880108991
Dialectal	62.925851703406806	77.50952986022872	69.68085106382979
Dialectal_normalizada	68.95787139689578	78.06122448979592	75.74931880108991