Transcripcion	Levenstein	Orden	Parcial
Estandar	18.181818181818176	24.489795918367353	35.0
Estandar_normalizada	17.85714285714286	25.0	36.8421052631579
Dialectal	18.181818181818176	24.489795918367353	35.0
Dialectal_normalizada	17.85714285714286	25.0	36.8421052631579