Transcripcion	Levenstein	Orden	Parcial
Estandar	17.647058823529417	34.95145631067961	37.83783783783784
Estandar_normalizada	19.444444444444443	35.64356435643564	43.83561643835616
Dialectal	17.647058823529417	34.95145631067961	37.83783783783784
Dialectal_normalizada	19.444444444444443	35.64356435643564	43.83561643835616