Transcripcion	Levenstein	Orden	Parcial
Estandar	16.603773584905657	34.456928838951306	44.5945945945946
Estandar_normalizada	20.90909090909091	35.74144486692015	46.57534246575342
Dialectal	16.603773584905657	34.456928838951306	44.5945945945946
Dialectal_normalizada	20.90909090909091	35.74144486692015	46.57534246575342