Transcripcion	Levenstein	Orden	Parcial
Estandar	38.70967741935484	68.75	61.53846153846154
Estandar_normalizada	43.99999999999999	70.96774193548387	66.66666666666667
Dialectal	38.70967741935484	68.75	61.53846153846154
Dialectal_normalizada	43.99999999999999	70.96774193548387	66.66666666666667