Transcripcion	Levenstein	Orden	Parcial
Estandar	76.85185185185185	87.35632183908046	82.02247191011236
Estandar_normalizada	87.5	87.35632183908046	89.28571428571429
Dialectal	76.85185185185185	87.35632183908046	82.02247191011236
Dialectal_normalizada	87.5	87.35632183908046	89.28571428571429