Transcripcion	Levenstein	Orden	Parcial
Estandar	45.714285714285715	67.56756756756756	61.29032258064516
Estandar_normalizada	56.97674418604651	68.96551724137932	70.0
Dialectal	45.714285714285715	67.56756756756756	61.29032258064516
Dialectal_normalizada	56.97674418604651	68.96551724137932	70.0