Transcripcion	Levenstein	Orden	Parcial
Estandar	48.14814814814815	63.1578947368421	60.46511627906976
Estandar_normalizada	61.904761904761905	63.1578947368421	70.27027027027026
Dialectal	48.14814814814815	63.1578947368421	60.46511627906976
Dialectal_normalizada	61.904761904761905	63.1578947368421	70.27027027027026