Transcripcion	Levenstein	Orden	Parcial
Estandar	66.66666666666667	72.72727272727273	77.55102040816327
Estandar_normalizada	77.08333333333334	72.72727272727273	83.72093023255813
Dialectal	61.53846153846154	72.09302325581395	76.28865979381443
Dialectal_normalizada	71.73913043478262	72.09302325581395	83.72093023255813