Transcripcion	Levenstein	Orden	Parcial
Estandar	34.54545454545455	70.76923076923076	80.76923076923077
Estandar_normalizada	41.30434782608695	71.875	84.0
Dialectal	34.54545454545455	70.76923076923076	80.76923076923077
Dialectal_normalizada	41.30434782608695	71.875	84.0