Transcripcion	Levenstein	Orden	Parcial
Estandar	69.10569105691057	84.42211055276381	76.23762376237624
Estandar_normalizada	81.30841121495327	84.42211055276381	86.4321608040201
Dialectal	69.10569105691057	84.42211055276381	76.23762376237624
Dialectal_normalizada	81.30841121495327	84.42211055276381	86.4321608040201