Transcripcion	Levenstein	Orden	Parcial
Estandar	65.21739130434783	96.96969696969697	93.75
Estandar_normalizada	84.21052631578947	96.96969696969697	93.75
Dialectal	65.21739130434783	96.96969696969697	93.75
Dialectal_normalizada	84.21052631578947	96.96969696969697	93.75