Transcripcion	Levenstein	Orden	Parcial
Estandar	24.13793103448276	31.11111111111111	45.45454545454546
Estandar_normalizada	31.999999999999996	31.11111111111111	53.65853658536586
Dialectal	24.13793103448276	31.11111111111111	45.45454545454546
Dialectal_normalizada	31.999999999999996	31.11111111111111	53.65853658536586