Transcripcion	Levenstein	Orden	Parcial
Estandar	44.21052631578948	67.85714285714286	53.93258426966292
Estandar_normalizada	51.315789473684205	68.46846846846847	60.67415730337078
Dialectal	44.21052631578948	67.85714285714286	53.93258426966292
Dialectal_normalizada	51.315789473684205	68.46846846846847	60.67415730337078