Transcripcion	Levenstein	Orden	Parcial
Estandar	68.65671641791045	84.05797101449275	71.42857142857143
Estandar_normalizada	75.63025210084034	84.46601941747574	76.28865979381443
Dialectal	68.65671641791045	84.05797101449275	71.42857142857143
Dialectal_normalizada	75.63025210084034	84.46601941747574	76.28865979381443