Transcripcion	Levenstein	Orden	Parcial
Estandar	38.21138211382114	58.87850467289719	53.84615384615385
Estandar_normalizada	46.55172413793104	58.21596244131455	63.681592039801
Dialectal	38.21138211382114	58.87850467289719	53.84615384615385
Dialectal_normalizada	46.55172413793104	58.21596244131455	63.681592039801