Transcripcion	Levenstein	Orden	Parcial
Estandar	16.666666666666664	34.04255319148937	31.818181818181824
Estandar_normalizada	19.999999999999996	32.25806451612904	38.888888888888886
Dialectal	18.333333333333336	34.78260869565217	32.55813953488372
Dialectal_normalizada	19.999999999999996	35.16483516483516	38.23529411764706