Transcripcion	Levenstein	Orden	Parcial
Estandar	67.14285714285715	71.875	77.77777777777779
Estandar_normalizada	69.11764705882352	71.875	78.89908256880733
Dialectal	67.14285714285715	71.875	77.77777777777779
Dialectal_normalizada	69.11764705882352	71.875	78.89908256880733