Transcripcion	Levenstein	Orden	Parcial
Estandar	63.96396396396396	90.0	75.0
Estandar_normalizada	74.73684210526315	90.0	86.3013698630137
Dialectal	63.96396396396396	90.0	75.0
Dialectal_normalizada	74.73684210526315	90.0	86.3013698630137