Transcripcion	Levenstein	Orden	Parcial
Estandar	19.512195121951216	40.67796610169492	27.27272727272727
Estandar_normalizada	21.212121212121215	37.93103448275862	37.735849056603776
Dialectal	19.512195121951216	40.67796610169492	27.27272727272727
Dialectal_normalizada	21.212121212121215	37.93103448275862	37.735849056603776