Transcripcion	Levenstein	Orden	Parcial
Estandar	35.84905660377359	52.77777777777778	54.83870967741935
Estandar_normalizada	42.22222222222223	52.77777777777778	58.06451612903225
Dialectal	36.53846153846154	53.52112676056338	54.83870967741935
Dialectal_normalizada	43.18181818181818	53.52112676056338	58.06451612903225