Transcripcion	Levenstein	Orden	Parcial
Estandar	68.1081081081081	83.61204013377926	79.3103448275862
Estandar_normalizada	77.4390243902439	83.22147651006712	86.61971830985915
Dialectal	68.1081081081081	83.61204013377926	79.3103448275862
Dialectal_normalizada	77.4390243902439	83.22147651006712	86.61971830985915