Transcripcion	Levenstein	Orden	Parcial
Estandar	57.89473684210527	70.3125	69.23076923076923
Estandar_normalizada	62.68656716417911	69.29133858267717	73.01587301587303
Dialectal	57.89473684210527	70.3125	69.23076923076923
Dialectal_normalizada	62.68656716417911	69.29133858267717	73.01587301587303