Transcripcion	Levenstein	Orden	Parcial
Estandar	22.580645161290324	34.14634146341463	38.888888888888886
Estandar_normalizada	26.923076923076927	34.14634146341463	44.44444444444444
Dialectal	22.580645161290324	34.14634146341463	38.888888888888886
Dialectal_normalizada	26.923076923076927	34.14634146341463	44.44444444444444