Transcripcion	Levenstein	Orden	Parcial
Estandar	53.76344086021505	69.44444444444444	69.56521739130434
Estandar_normalizada	57.831325301204814	69.93006993006993	73.13432835820896
Dialectal	53.76344086021505	69.44444444444444	69.56521739130434
Dialectal_normalizada	57.831325301204814	69.93006993006993	73.13432835820896