Transcripcion	Levenstein	Orden	Parcial
Estandar	25.581395348837212	36.496350364963504	46.846846846846844
Estandar_normalizada	25.581395348837212	36.496350364963504	48.0
Dialectal	25.581395348837212	36.496350364963504	46.846846846846844
Dialectal_normalizada	25.581395348837212	36.496350364963504	48.0