Transcripcion	Levenstein	Orden	Parcial
Estandar	23.076923076923073	42.307692307692314	57.89473684210527
Estandar_normalizada	28.57142857142857	42.307692307692314	58.82352941176471
Dialectal	23.076923076923073	42.307692307692314	57.89473684210527
Dialectal_normalizada	28.57142857142857	42.307692307692314	58.82352941176471