Transcripcion	Levenstein	Orden	Parcial
Estandar	16.666666666666664	62.5	66.66666666666667
Estandar_normalizada	33.333333333333336	62.5	100.0
Dialectal	16.666666666666664	62.5	66.66666666666667
Dialectal_normalizada	33.333333333333336	62.5	100.0