Transcripcion	Levenstein	Orden	Parcial
Estandar	19.999999999999996	42.85714285714286	40.0
Estandar_normalizada	22.22222222222222	42.85714285714286	50.0
Dialectal	19.999999999999996	42.85714285714286	40.0
Dialectal_normalizada	22.22222222222222	42.85714285714286	50.0