Transcripcion	Levenstein	Orden	Parcial
Estandar	68.0	97.24770642201834	76.27118644067797
Estandar_normalizada	85.24590163934427	97.24770642201834	89.0909090909091
Dialectal	68.0	97.24770642201834	76.27118644067797
Dialectal_normalizada	85.24590163934427	97.24770642201834	89.0909090909091