Transcripcion	Levenstein	Orden	Parcial
Estandar	14.28571428571429	38.80597014925373	36.8421052631579
Estandar_normalizada	24.32432432432432	38.80597014925373	45.16129032258065
Dialectal	14.28571428571429	38.80597014925373	36.8421052631579
Dialectal_normalizada	24.32432432432432	38.80597014925373	45.16129032258065