Transcripcion	Levenstein	Orden	Parcial
Estandar	14.893617021276595	23.636363636363633	42.10526315789473
Estandar_normalizada	15.957446808510634	23.636363636363633	52.94117647058824
Dialectal	14.893617021276595	23.636363636363633	42.10526315789473
Dialectal_normalizada	15.957446808510634	23.636363636363633	52.94117647058824