Transcripcion	Levenstein	Orden	Parcial
Estandar	27.338129496402875	44.67005076142132	40.44943820224719
Estandar_normalizada	26.61290322580645	44.89795918367348	45.78313253012048
Dialectal	27.338129496402875	44.67005076142132	40.44943820224719
Dialectal_normalizada	26.61290322580645	44.89795918367348	45.78313253012048