Transcripcion	Levenstein	Orden	Parcial
Estandar	41.80522565320665	72.2466960352423	64.86486486486487
Estandar_normalizada	47.20670391061452	72.27138643067846	77.25752508361204
Dialectal	40.66985645933015	72.27138643067846	64.32432432432432
Dialectal_normalizada	46.36871508379888	72.2962962962963	76.63865546218487