Transcripcion	Levenstein	Orden	Parcial
Estandar	69.54887218045113	79.81859410430839	72.5219573400251
Estandar_normalizada	74.949083503055	80.09101251422071	76.23762376237624
Dialectal	69.54887218045113	79.81859410430839	72.5219573400251
Dialectal_normalizada	74.949083503055	80.09101251422071	76.23762376237624