Transcripcion	Levenstein	Orden	Parcial
Estandar	63.0272952853598	76.51403249630724	73.05389221556887
Estandar_normalizada	68.27956989247312	76.74074074074075	77.23076923076924
Dialectal	62.779156327543426	76.21861152141803	72.75449101796407
Dialectal_normalizada	68.01075268817205	76.44444444444444	76.92307692307692