Transcripcion	Levenstein	Orden	Parcial
Estandar	56.25	81.57894736842105	83.33333333333334
Estandar_normalizada	61.904761904761905	81.57894736842105	86.95652173913044
Dialectal	56.25	81.57894736842105	83.33333333333334
Dialectal_normalizada	61.904761904761905	81.57894736842105	86.95652173913044