Transcripcion	Levenstein	Orden	Parcial
Estandar	39.1941391941392	68.71165644171779	61.53846153846154
Estandar_normalizada	47.136563876651984	69.78193146417446	72.09302325581395
Dialectal	39.1941391941392	68.71165644171779	61.53846153846154
Dialectal_normalizada	47.136563876651984	69.78193146417446	72.09302325581395