Transcripcion	Levenstein	Orden	Parcial
Estandar	39.02439024390244	45.614035087719294	58.62068965517242
Estandar_normalizada	45.45454545454546	45.614035087719294	61.81818181818181
Dialectal	39.02439024390244	45.614035087719294	58.62068965517242
Dialectal_normalizada	45.45454545454546	45.614035087719294	61.81818181818181