Transcripcion	Levenstein	Orden	Parcial
Estandar	61.4957264957265	82.54703328509406	67.1904462602137
Estandar_normalizada	68.68052199130015	83.02765647743814	73.17388493859083
Dialectal	61.61745827984595	82.90845886442642	67.25329981143935
Dialectal_normalizada	68.82865440464666	83.33333333333334	73.30316742081449