Transcripcion	Levenstein	Orden	Parcial
Estandar	86.5079365079365	99.0909090909091	89.0909090909091
Estandar_normalizada	93.96551724137932	99.0909090909091	95.41284403669725
Dialectal	86.5079365079365	99.0909090909091	89.0909090909091
Dialectal_normalizada	93.96551724137932	99.0909090909091	95.41284403669725