Transcripcion	Levenstein	Orden	Parcial
Estandar	76.81159420289855	91.80327868852459	85.24590163934427
Estandar_normalizada	83.07692307692307	91.80327868852459	88.13559322033898
Dialectal	76.81159420289855	91.80327868852459	85.24590163934427
Dialectal_normalizada	83.07692307692307	91.80327868852459	88.13559322033898