Transcripcion	Levenstein	Orden	Parcial
Estandar	25.92592592592593	59.25925925925925	66.66666666666667
Estandar_normalizada	33.333333333333336	59.25925925925925	78.26086956521739
Dialectal	25.92592592592593	59.25925925925925	66.66666666666667
Dialectal_normalizada	33.333333333333336	59.25925925925925	78.26086956521739