Transcripcion	Levenstein	Orden	Parcial
Estandar	46.784922394678496	71.69811320754718	67.19999999999999
Estandar_normalizada	55.154639175257735	72.19343696027633	73.30508474576271
Dialectal	46.784922394678496	71.69811320754718	67.19999999999999
Dialectal_normalizada	55.154639175257735	72.19343696027633	73.30508474576271