Transcripcion	Levenstein	Orden	Parcial
Estandar	11.111111111111116	31.818181818181824	31.57894736842105
Estandar_normalizada	11.538461538461542	32.55813953488372	35.29411764705882
Dialectal	11.111111111111116	31.818181818181824	31.57894736842105
Dialectal_normalizada	11.538461538461542	32.55813953488372	35.29411764705882