Transcripcion	Levenstein	Orden	Parcial
Estandar	18.518518518518523	51.28205128205128	32.432432432432435
Estandar_normalizada	27.27272727272727	51.28205128205128	43.75
Dialectal	19.23076923076923	52.63157894736843	32.432432432432435
Dialectal_normalizada	22.72727272727273	52.63157894736843	45.16129032258065