Transcripcion	Levenstein	Orden	Parcial
Estandar	31.944444444444443	40.0	50.0
Estandar_normalizada	37.5	40.0	58.33333333333333
Dialectal	31.944444444444443	40.0	50.0
Dialectal_normalizada	37.5	40.0	58.33333333333333