Transcripcion	Levenstein	Orden	Parcial
Estandar	5.555555555555558	11.111111111111116	18.181818181818176
Estandar_normalizada	7.14285714285714	11.111111111111116	22.22222222222222
Dialectal	5.555555555555558	11.111111111111116	18.181818181818176
Dialectal_normalizada	7.14285714285714	11.111111111111116	22.22222222222222