Transcripcion	Levenstein	Orden	Parcial
Estandar	65.56473829201101	80.14059753954305	66.29001883239172
Estandar_normalizada	70.9090909090909	79.85865724381625	71.31782945736434
Dialectal	65.56473829201101	80.14059753954305	66.29001883239172
Dialectal_normalizada	70.9090909090909	79.85865724381625	71.31782945736434