Transcripcion	Levenstein	Orden	Parcial
Estandar	39.53488372093024	62.06896551724138	83.72093023255813
Estandar_normalizada	43.90243902439024	62.06896551724138	100.0
Dialectal	39.53488372093024	62.06896551724138	83.72093023255813
Dialectal_normalizada	43.90243902439024	62.06896551724138	100.0