Transcripcion	Levenstein	Orden	Parcial
Estandar	52.94117647058824	61.68224299065421	79.59183673469387
Estandar_normalizada	56.4516129032258	61.68224299065421	81.25
Dialectal	52.94117647058824	61.68224299065421	79.59183673469387
Dialectal_normalizada	56.4516129032258	61.68224299065421	81.25