Transcripcion	Levenstein	Orden	Parcial
Estandar	7.042253521126762	5.797101449275366	25.0
Estandar_normalizada	5.970149253731338	5.797101449275366	50.0
Dialectal	7.042253521126762	5.797101449275366	25.0
Dialectal_normalizada	5.970149253731338	5.797101449275366	50.0