Transcripcion	Levenstein	Orden	Parcial
Estandar	41.02564102564102	57.14285714285714	61.53846153846154
Estandar_normalizada	45.714285714285715	57.14285714285714	65.45454545454545
Dialectal	41.02564102564102	57.14285714285714	61.53846153846154
Dialectal_normalizada	45.714285714285715	57.14285714285714	65.45454545454545