Transcripcion	Levenstein	Orden	Parcial
Estandar	16.455696202531644	28.57142857142857	35.0
Estandar_normalizada	18.181818181818176	27.027027027027028	42.85714285714286
Dialectal	16.455696202531644	28.57142857142857	35.0
Dialectal_normalizada	18.181818181818176	27.027027027027028	42.85714285714286