Transcripcion	Levenstein	Orden	Parcial
Estandar	41.85110663983903	74.51456310679612	63.895486935866984
Estandar_normalizada	45.964125560538115	74.14634146341463	71.007371007371
Dialectal	41.85110663983903	74.51456310679612	63.895486935866984
Dialectal_normalizada	45.964125560538115	74.14634146341463	71.007371007371