Transcripcion	Levenstein	Orden	Parcial
Estandar	55.81395348837209	74.47698744769875	66.36363636363636
Estandar_normalizada	62.66666666666667	75.9493670886076	71.42857142857143
Dialectal	56.14035087719298	74.78991596638656	65.45454545454545
Dialectal_normalizada	63.08724832214765	76.27118644067797	71.42857142857143