Transcripcion	Levenstein	Orden	Parcial
Estandar	76.19047619047619	87.01298701298701	88.19875776397515
Estandar_normalizada	82.5	87.01298701298701	92.10526315789474
Dialectal	76.19047619047619	87.01298701298701	88.19875776397515
Dialectal_normalizada	82.5	87.01298701298701	92.10526315789474