Transcripcion	Levenstein	Orden	Parcial
Estandar	26.315789473684216	38.46153846153846	41.666666666666664
Estandar_normalizada	30.000000000000004	38.46153846153846	46.808510638297875
Dialectal	26.315789473684216	38.46153846153846	41.666666666666664
Dialectal_normalizada	30.000000000000004	38.46153846153846	46.808510638297875