Transcripcion	Levenstein	Orden	Parcial
Estandar	15.625	38.888888888888886	36.36363636363637
Estandar_normalizada	20.833333333333336	38.888888888888886	41.666666666666664
Dialectal	15.625	38.888888888888886	36.36363636363637
Dialectal_normalizada	20.833333333333336	38.888888888888886	41.666666666666664