Transcripcion	Levenstein	Orden	Parcial
Estandar	61.36363636363637	91.80327868852459	70.0
Estandar_normalizada	77.77777777777779	91.80327868852459	82.75862068965517
Dialectal	61.36363636363637	91.80327868852459	70.0
Dialectal_normalizada	77.77777777777779	91.80327868852459	82.75862068965517