Transcripcion	Levenstein	Orden	Parcial
Estandar	50.0	63.01369863013699	66.66666666666667
Estandar_normalizada	55.263157894736835	63.01369863013699	69.6969696969697
Dialectal	50.0	63.01369863013699	66.66666666666667
Dialectal_normalizada	55.263157894736835	63.01369863013699	69.6969696969697