Transcripcion	Levenstein	Orden	Parcial
Estandar	30.952380952380953	61.33333333333333	58.33333333333333
Estandar_normalizada	38.46153846153846	61.33333333333333	65.625
Dialectal	30.952380952380953	61.33333333333333	58.33333333333333
Dialectal_normalizada	38.46153846153846	61.33333333333333	65.625