Transcripcion	Levenstein	Orden	Parcial
Estandar	19.047619047619047	48.275862068965516	45.45454545454546
Estandar_normalizada	21.052631578947366	48.275862068965516	55.55555555555556
Dialectal	19.047619047619047	48.275862068965516	45.45454545454546
Dialectal_normalizada	21.052631578947366	48.275862068965516	55.55555555555556