Transcripcion	Levenstein	Orden	Parcial
Estandar	39.21568627450981	49.28909952606635	50.0
Estandar_normalizada	45.80152671755725	49.76076555023924	57.14285714285714
Dialectal	39.21568627450981	49.28909952606635	50.0
Dialectal_normalizada	45.80152671755725	49.76076555023924	57.14285714285714