Transcripcion	Levenstein	Orden	Parcial
Estandar	37.362637362637365	62.5	59.53757225433526
Estandar_normalizada	40.35087719298246	62.68656716417911	61.86186186186187
Dialectal	37.362637362637365	62.5	59.53757225433526
Dialectal_normalizada	40.35087719298246	62.68656716417911	61.86186186186187