Transcripcion	Levenstein	Orden	Parcial
Estandar	21.875	29.166666666666664	33.333333333333336
Estandar_normalizada	19.999999999999996	29.166666666666664	31.57894736842105
Dialectal	21.875	29.166666666666664	33.333333333333336
Dialectal_normalizada	19.999999999999996	29.166666666666664	31.57894736842105