Transcripcion	Levenstein	Orden	Parcial
Estandar	67.24137931034483	95.34883720930233	78.16091954022988
Estandar_normalizada	85.41666666666666	95.34883720930233	88.37209302325581
Dialectal	67.24137931034483	95.34883720930233	78.16091954022988
Dialectal_normalizada	85.41666666666666	95.34883720930233	88.37209302325581