Transcripcion	Levenstein	Orden	Parcial
Estandar	56.553398058252434	68.07313642756681	66.39999999999999
Estandar_normalizada	63.806970509383376	67.32394366197182	72.93447293447292
Dialectal	56.553398058252434	68.07313642756681	66.39999999999999
Dialectal_normalizada	63.806970509383376	67.32394366197182	72.93447293447292