Transcripcion	Levenstein	Orden	Parcial
Estandar	21.052631578947366	42.307692307692314	40.0
Estandar_normalizada	27.86885245901639	41.584158415841586	46.913580246913575
Dialectal	21.052631578947366	42.307692307692314	40.0
Dialectal_normalizada	27.86885245901639	41.584158415841586	46.913580246913575