Transcripcion	Levenstein	Orden	Parcial
Estandar	40.22988505747126	43.97163120567376	51.5625
Estandar_normalizada	39.50617283950617	43.97163120567376	54.54545454545454
Dialectal	40.22988505747126	43.97163120567376	51.5625
Dialectal_normalizada	39.50617283950617	43.97163120567376	54.54545454545454