Transcripcion	Levenstein	Orden	Parcial
Estandar	7.9999999999999964	22.857142857142854	30.000000000000004
Estandar_normalizada	12.0	22.857142857142854	33.333333333333336
Dialectal	7.9999999999999964	22.857142857142854	30.000000000000004
Dialectal_normalizada	12.0	22.857142857142854	33.333333333333336