Transcripcion	Levenstein	Orden	Parcial
Estandar	70.51282051282051	91.80327868852459	81.03448275862068
Estandar_normalizada	82.35294117647058	91.80327868852459	89.65517241379311
Dialectal	70.51282051282051	91.80327868852459	81.03448275862068
Dialectal_normalizada	82.35294117647058	91.80327868852459	89.65517241379311