Transcripcion	Levenstein	Orden	Parcial
Estandar	45.925925925925924	58.128078817733986	62.27544910179641
Estandar_normalizada	52.542372881355924	57.425742574257434	68.71165644171779
Dialectal	45.925925925925924	58.128078817733986	62.27544910179641
Dialectal_normalizada	52.542372881355924	57.425742574257434	68.71165644171779