Transcripcion	Levenstein	Orden	Parcial
Estandar	66.81715575620768	77.41935483870968	77.56756756756756
Estandar_normalizada	71.63814180929096	77.35849056603774	80.9659090909091
Dialectal	66.81715575620768	77.41935483870968	77.56756756756756
Dialectal_normalizada	71.63814180929096	77.35849056603774	80.9659090909091