Transcripcion	Levenstein	Orden	Parcial
Estandar	44.5945945945946	68.23529411764706	70.27027027027026
Estandar_normalizada	60.71428571428572	68.23529411764706	78.37837837837837
Dialectal	44.5945945945946	68.23529411764706	70.27027027027026
Dialectal_normalizada	60.71428571428572	68.23529411764706	78.37837837837837