Transcripcion	Levenstein	Orden	Parcial
Estandar	15.789473684210531	37.142857142857146	37.03703703703704
Estandar_normalizada	21.739130434782606	37.68115942028986	40.74074074074075
Dialectal	15.789473684210531	37.142857142857146	37.03703703703704
Dialectal_normalizada	21.739130434782606	37.68115942028986	40.74074074074075