Transcripcion	Levenstein	Orden	Parcial
Estandar	25.531914893617024	35.0	37.9746835443038
Estandar_normalizada	30.434782608695656	35.44303797468354	46.37681159420289
Dialectal	25.531914893617024	35.0	37.9746835443038
Dialectal_normalizada	30.434782608695656	35.44303797468354	46.37681159420289