Transcripcion	Levenstein	Orden	Parcial
Estandar	62.76223776223776	83.06264501160092	73.29974811083125
Estandar_normalizada	70.66929133858268	84.14918414918415	78.9873417721519
Dialectal	62.76223776223776	83.06264501160092	73.29974811083125
Dialectal_normalizada	70.66929133858268	84.14918414918415	78.9873417721519