Transcripcion	Levenstein	Orden	Parcial
Estandar	63.85542168674698	76.03305785123968	81.81818181818181
Estandar_normalizada	71.62162162162163	76.66666666666666	86.79245283018868
Dialectal	63.85542168674698	76.03305785123968	81.81818181818181
Dialectal_normalizada	71.62162162162163	76.66666666666666	86.79245283018868