Transcripcion	Levenstein	Orden	Parcial
Estandar	63.1578947368421	82.75862068965517	85.71428571428572
Estandar_normalizada	70.58823529411764	82.75862068965517	92.3076923076923
Dialectal	63.1578947368421	82.75862068965517	85.71428571428572
Dialectal_normalizada	70.58823529411764	82.75862068965517	92.3076923076923