Transcripcion	Levenstein	Orden	Parcial
Estandar	26.627218934911244	48.582995951417004	50.0
Estandar_normalizada	32.88590604026845	47.96747967479674	53.703703703703695
Dialectal	26.627218934911244	48.582995951417004	50.0
Dialectal_normalizada	32.88590604026845	47.96747967479674	53.703703703703695