Transcripcion	Levenstein	Orden	Parcial
Estandar	44.44444444444444	65.21739130434783	65.3061224489796
Estandar_normalizada	52.0	65.21739130434783	76.92307692307692
Dialectal	44.44444444444444	65.21739130434783	65.3061224489796
Dialectal_normalizada	52.0	65.21739130434783	76.92307692307692