Transcripcion	Levenstein	Orden	Parcial
Estandar	59.13043478260869	75.15151515151514	61.71428571428572
Estandar_normalizada	71.73913043478262	75.60975609756098	77.30061349693251
Dialectal	59.13043478260869	75.15151515151514	61.71428571428572
Dialectal_normalizada	71.73913043478262	75.60975609756098	77.30061349693251