Transcripcion	Levenstein	Orden	Parcial
Estandar	57.14285714285714	68.08510638297872	68.96551724137932
Estandar_normalizada	66.66666666666667	68.08510638297872	76.59574468085107
Dialectal	57.14285714285714	68.08510638297872	68.96551724137932
Dialectal_normalizada	66.66666666666667	68.08510638297872	76.59574468085107