Transcripcion	Levenstein	Orden	Parcial
Estandar	47.82608695652174	64.07263294422827	73.16341829085458
Estandar_normalizada	54.072398190045256	63.97919375812744	78.96440129449837
Dialectal	47.82608695652174	64.07263294422827	73.16341829085458
Dialectal_normalizada	54.072398190045256	63.97919375812744	78.96440129449837