Transcripcion	Levenstein	Orden	Parcial
Estandar	22.64150943396226	34.210526315789465	38.80597014925373
Estandar_normalizada	22.72727272727273	34.210526315789465	44.11764705882353
Dialectal	22.64150943396226	34.210526315789465	38.80597014925373
Dialectal_normalizada	22.72727272727273	34.210526315789465	44.11764705882353