Transcripcion	Levenstein	Orden	Parcial
Estandar	56.67619436504696	79.25311203319502	65.1450053705693
Estandar_normalizada	63.93592677345538	78.87617065556711	72.8035814213766
Dialectal	56.658496732026144	79.22178988326849	65.1450053705693
Dialectal_normalizada	63.91941391941391	78.84465261514441	72.85954113038613