Transcripcion	Levenstein	Orden	Parcial
Estandar	11.764705882352944	30.76923076923077	50.0
Estandar_normalizada	18.181818181818176	30.76923076923077	57.14285714285714
Dialectal	11.764705882352944	30.76923076923077	50.0
Dialectal_normalizada	18.181818181818176	30.76923076923077	57.14285714285714