Transcripcion	Levenstein	Orden	Parcial
Estandar	29.09090909090909	51.72413793103448	81.08108108108108
Estandar_normalizada	35.55555555555555	52.63157894736843	81.08108108108108
Dialectal	29.09090909090909	51.72413793103448	81.08108108108108
Dialectal_normalizada	35.55555555555555	52.63157894736843	81.08108108108108