Transcripcion	Levenstein	Orden	Parcial
Estandar	0.0	14.28571428571429	22.22222222222222
Estandar_normalizada	0.0	14.28571428571429	28.57142857142857
Dialectal	0.0	14.28571428571429	22.22222222222222
Dialectal_normalizada	0.0	14.28571428571429	28.57142857142857