Transcripcion	Levenstein	Orden	Parcial
Estandar	62.32961586121437	82.83981448448091	75.6046993780235
Estandar_normalizada	67.462482946794	83.10110753840657	80.6657223796034
Dialectal	62.13531967721912	82.5	75.6308330452817
Dialectal_normalizada	67.25905673274094	82.76108726752504	80.6657223796034