Transcripcion	Levenstein	Orden	Parcial
Estandar	60.0	92.3076923076923	92.3076923076923
Estandar_normalizada	75.0	92.3076923076923	100.0
Dialectal	60.0	92.3076923076923	92.3076923076923
Dialectal_normalizada	75.0	92.3076923076923	100.0