Transcripcion	Levenstein	Orden	Parcial
Estandar	52.63157894736843	67.64705882352942	74.28571428571429
Estandar_normalizada	61.111111111111114	67.64705882352942	80.0
Dialectal	52.63157894736843	67.64705882352942	74.28571428571429
Dialectal_normalizada	61.111111111111114	67.64705882352942	80.0