Transcripcion	Levenstein	Orden	Parcial
Estandar	51.85185185185186	58.97435897435898	77.77777777777779
Estandar_normalizada	58.33333333333333	58.97435897435898	81.81818181818181
Dialectal	51.85185185185186	58.97435897435898	77.77777777777779
Dialectal_normalizada	58.33333333333333	58.97435897435898	81.81818181818181