Transcripcion	Levenstein	Orden	Parcial
Estandar	70.70707070707071	77.9874213836478	73.6842105263158
Estandar_normalizada	78.4090909090909	78.48101265822784	81.08108108108108
Dialectal	70.70707070707071	77.9874213836478	73.6842105263158
Dialectal_normalizada	78.4090909090909	78.48101265822784	81.08108108108108