Transcripcion	Levenstein	Orden	Parcial
Estandar	65.52901023890784	77.94432548179871	68.997668997669
Estandar_normalizada	70.9433962264151	77.8494623655914	75.0
Dialectal	65.52901023890784	77.94432548179871	68.997668997669
Dialectal_normalizada	70.9433962264151	77.8494623655914	75.0