Transcripcion	Levenstein	Orden	Parcial
Estandar	40.476190476190474	64.36781609195403	68.04123711340206
Estandar_normalizada	47.5177304964539	65.25096525096525	74.2081447963801
Dialectal	40.476190476190474	64.36781609195403	68.04123711340206
Dialectal_normalizada	47.5177304964539	65.25096525096525	74.2081447963801