Transcripcion	Levenstein	Orden	Parcial
Estandar	20.32520325203252	32.49999999999999	42.3728813559322
Estandar_normalizada	21.95121951219512	31.44654088050315	52.17391304347826
Dialectal	20.32520325203252	32.49999999999999	42.3728813559322
Dialectal_normalizada	21.95121951219512	31.44654088050315	52.17391304347826