Transcripcion	Levenstein	Orden	Parcial
Estandar	49.849043944984906	75.9608498448317	56.52400835073068
Estandar_normalizada	56.692307692307686	76.16084250837721	62.97731045932484
Dialectal	49.748406574974844	75.72212938648842	56.37966804979253
Dialectal_normalizada	56.57692307692308	75.92149353757779	62.83185840707964