Transcripcion	Levenstein	Orden	Parcial
Estandar	25.0	37.908496732026144	39.370078740157474
Estandar_normalizada	30.76923076923077	38.1578947368421	46.96969696969697
Dialectal	25.0	37.908496732026144	39.370078740157474
Dialectal_normalizada	30.76923076923077	38.1578947368421	46.96969696969697