Transcripcion	Levenstein	Orden	Parcial
Estandar	22.857142857142854	56.07476635514019	60.273972602739725
Estandar_normalizada	28.915662650602414	57.14285714285714	65.67164179104478
Dialectal	22.857142857142854	56.07476635514019	60.273972602739725
Dialectal_normalizada	28.915662650602414	57.14285714285714	65.67164179104478