Transcripcion	Levenstein	Orden	Parcial
Estandar	13.33333333333333	24.0	31.57894736842105
Estandar_normalizada	17.14285714285714	24.0	36.8421052631579
Dialectal	13.33333333333333	24.0	31.57894736842105
Dialectal_normalizada	17.14285714285714	24.0	36.8421052631579