Transcripcion	Levenstein	Orden	Parcial
Estandar	46.49776453055141	72.5108225108225	53.04347826086957
Estandar_normalizada	53.61899247249566	72.72727272727273	60.746887966804984
Dialectal	46.49776453055141	72.5108225108225	53.04347826086957
Dialectal_normalizada	53.61899247249566	72.72727272727273	60.746887966804984