Transcripcion	Levenstein	Orden	Parcial
Estandar	46.38783269961977	67.47519294377067	66.0332541567696
Estandar_normalizada	52.705410821643284	67.84530386740332	72.46376811594203
Dialectal	46.38783269961977	67.47519294377067	66.0332541567696
Dialectal_normalizada	52.705410821643284	67.84530386740332	72.46376811594203