Transcripcion	Levenstein	Orden	Parcial
Estandar	44.26229508196722	63.71100164203612	61.029411764705884
Estandar_normalizada	50.78534031413613	64.02640264026402	67.06349206349206
Dialectal	44.366197183098585	63.1578947368421	61.39705882352941
Dialectal_normalizada	50.91863517060368	63.471074380165284	67.46031746031747