Transcripcion	Levenstein	Orden	Parcial
Estandar	22.916666666666664	33.165829145728644	39.13043478260869
Estandar_normalizada	25.36231884057971	34.34343434343434	46.15384615384615
Dialectal	22.916666666666664	33.50253807106599	39.70588235294118
Dialectal_normalizada	25.36231884057971	34.693877551020414	47.540983606557376