Transcripcion	Levenstein	Orden	Parcial
Estandar	14.583333333333337	31.11111111111111	52.63157894736843
Estandar_normalizada	14.634146341463417	31.818181818181824	50.0
Dialectal	14.583333333333337	31.11111111111111	52.63157894736843
Dialectal_normalizada	14.634146341463417	31.818181818181824	50.0