Transcripcion	Levenstein	Orden	Parcial
Estandar	67.82608695652175	90.80459770114942	90.69767441860466
Estandar_normalizada	76.0	91.32947976878613	95.18072289156626
Dialectal	67.82608695652175	90.80459770114942	90.69767441860466
Dialectal_normalizada	76.0	91.32947976878613	95.18072289156626