Transcripcion	Levenstein	Orden	Parcial
Estandar	60.95890410958904	77.21518987341773	73.77777777777777
Estandar_normalizada	64.70588235294117	77.11864406779661	78.34101382488478
Dialectal	61.16838487972509	77.3784355179704	74.22222222222223
Dialectal_normalizada	64.94464944649447	77.2823779193206	78.80184331797236