Transcripcion	Levenstein	Orden	Parcial
Estandar	58.992805755395686	82.23350253807106	71.02272727272727
Estandar_normalizada	65.3061224489796	82.23350253807106	76.33136094674556
Dialectal	58.992805755395686	82.23350253807106	71.02272727272727
Dialectal_normalizada	65.3061224489796	82.23350253807106	76.33136094674556