Transcripcion	Levenstein	Orden	Parcial
Estandar	15.000000000000002	24.71910112359551	40.0
Estandar_normalizada	16.551724137931036	23.728813559322038	46.51162790697675
Dialectal	15.000000000000002	24.71910112359551	40.0
Dialectal_normalizada	16.551724137931036	23.728813559322038	46.51162790697675