Transcripcion	Levenstein	Orden	Parcial
Estandar	69.56521739130434	93.56725146198829	81.4814814814815
Estandar_normalizada	82.4742268041237	93.56725146198829	89.30817610062893
Dialectal	69.56521739130434	93.56725146198829	81.4814814814815
Dialectal_normalizada	82.4742268041237	93.56725146198829	89.30817610062893