Transcripcion	Levenstein	Orden	Parcial
Estandar	39.28571428571429	64.70588235294117	73.33333333333334
Estandar_normalizada	45.833333333333336	64.70588235294117	83.33333333333334
Dialectal	39.28571428571429	64.70588235294117	73.33333333333334
Dialectal_normalizada	45.833333333333336	64.70588235294117	83.33333333333334