Transcripcion	Levenstein	Orden	Parcial
Estandar	44.99999999999999	81.81818181818181	81.57894736842105
Estandar_normalizada	57.14285714285714	82.75862068965517	91.66666666666666
Dialectal	44.99999999999999	81.81818181818181	81.57894736842105
Dialectal_normalizada	57.14285714285714	82.75862068965517	91.66666666666666