Transcripcion	Levenstein	Orden	Parcial
Estandar	61.36363636363637	94.54545454545455	73.07692307692308
Estandar_normalizada	76.47058823529412	94.54545454545455	82.6086956521739
Dialectal	61.36363636363637	94.54545454545455	73.07692307692308
Dialectal_normalizada	76.47058823529412	94.54545454545455	82.6086956521739