Transcripcion	Levenstein	Orden	Parcial
Estandar	56.1792863359443	78.07772174428953	67.1994884910486
Estandar_normalizada	63.65877712031558	78.09806835066865	74.89986648865154
Dialectal	56.20374401393122	78.10089020771514	67.1994884910486
Dialectal_normalizada	63.69018253576715	78.12128418549347	74.96662216288385