Transcripcion	Levenstein	Orden	Parcial
Estandar	75.0	95.91836734693877	91.83673469387756
Estandar_normalizada	87.03703703703704	95.91836734693877	91.48936170212765
Dialectal	75.0	95.91836734693877	91.83673469387756
Dialectal_normalizada	87.03703703703704	95.91836734693877	91.48936170212765