Transcripcion	Levenstein	Orden	Parcial
Estandar	29.487179487179482	48.57142857142858	53.84615384615385
Estandar_normalizada	36.66666666666667	50.0	58.33333333333333
Dialectal	29.487179487179482	48.57142857142858	53.84615384615385
Dialectal_normalizada	36.66666666666667	50.0	58.33333333333333