Transcripcion	Levenstein	Orden	Parcial
Estandar	40.38461538461539	60.0	65.57377049180329
Estandar_normalizada	47.72727272727273	60.0	71.42857142857143
Dialectal	40.38461538461539	60.0	65.57377049180329
Dialectal_normalizada	47.72727272727273	60.0	71.42857142857143