Transcripcion	Levenstein	Orden	Parcial
Estandar	75.0	96.0	84.0
Estandar_normalizada	85.71428571428572	96.0	91.66666666666666
Dialectal	75.0	96.0	84.0
Dialectal_normalizada	85.71428571428572	96.0	91.66666666666666