Transcripcion	Levenstein	Orden	Parcial
Estandar	67.71653543307087	74.37641723356009	78.60262008733625
Estandar_normalizada	71.73913043478262	74.37641723356009	80.71748878923766
Dialectal	67.71653543307087	74.37641723356009	78.60262008733625
Dialectal_normalizada	71.73913043478262	74.37641723356009	80.71748878923766