Transcripcion	Levenstein	Orden	Parcial
Estandar	80.0	91.00719424460432	84.15492957746478
Estandar_normalizada	85.9106529209622	91.00719424460432	89.89169675090253
Dialectal	79.61783439490446	90.81081081081082	84.15492957746478
Dialectal_normalizada	85.51724137931033	90.81081081081082	89.89169675090253