Transcripcion	Levenstein	Orden	Parcial
Estandar	41.17647058823529	77.77777777777779	75.0
Estandar_normalizada	53.84615384615385	77.77777777777779	100.0
Dialectal	41.17647058823529	77.77777777777779	75.0
Dialectal_normalizada	53.84615384615385	77.77777777777779	100.0