Transcripcion	Levenstein	Orden	Parcial
Estandar	53.90625	66.77524429967427	65.05190311418684
Estandar_normalizada	57.42857142857143	66.99346405228759	68.58168761220827
Dialectal	53.90625	66.77524429967427	65.05190311418684
Dialectal_normalizada	57.42857142857143	66.99346405228759	68.58168761220827