Transcripcion	Levenstein	Orden	Parcial
Estandar	31.818181818181824	44.44444444444444	46.15384615384615
Estandar_normalizada	42.10526315789473	51.42857142857142	62.06896551724138
Dialectal	31.818181818181824	44.44444444444444	46.15384615384615
Dialectal_normalizada	42.10526315789473	51.42857142857142	62.06896551724138