Transcripcion	Levenstein	Orden	Parcial
Estandar	56.52173913043479	71.42857142857143	88.13559322033898
Estandar_normalizada	66.21621621621621	72.58064516129032	89.28571428571429
Dialectal	56.52173913043479	71.42857142857143	88.13559322033898
Dialectal_normalizada	66.21621621621621	72.58064516129032	89.28571428571429