Transcripcion	Levenstein	Orden	Parcial
Estandar	72.72727272727273	80.51948051948052	89.1891891891892
Estandar_normalizada	76.19047619047619	80.51948051948052	90.14084507042254
Dialectal	72.72727272727273	80.51948051948052	89.1891891891892
Dialectal_normalizada	76.19047619047619	80.51948051948052	90.14084507042254