Transcripcion	Levenstein	Orden	Parcial
Estandar	40.145985401459846	69.0721649484536	55.172413793103445
Estandar_normalizada	46.4	68.75	61.31386861313868
Dialectal	40.145985401459846	69.0721649484536	55.172413793103445
Dialectal_normalizada	46.4	68.75	61.31386861313868