Transcripcion	Levenstein	Orden	Parcial
Estandar	83.33333333333334	88.37209302325581	93.02325581395348
Estandar_normalizada	86.36363636363636	88.37209302325581	95.23809523809523
Dialectal	83.33333333333334	88.37209302325581	93.02325581395348
Dialectal_normalizada	86.36363636363636	88.37209302325581	95.23809523809523