Transcripcion	Levenstein	Orden	Parcial
Estandar	13.636363636363635	30.303030303030297	33.333333333333336
Estandar_normalizada	18.867924528301884	30.76923076923077	43.75
Dialectal	13.636363636363635	30.303030303030297	33.333333333333336
Dialectal_normalizada	18.867924528301884	30.76923076923077	43.75