Transcripcion	Levenstein	Orden	Parcial
Estandar	9.469696969696972	16.19718309859155	50.0
Estandar_normalizada	9.765625	16.254416961130747	53.57142857142857
Dialectal	9.469696969696972	16.19718309859155	50.0
Dialectal_normalizada	9.765625	16.254416961130747	53.57142857142857