Transcripcion	Levenstein	Orden	Parcial
Estandar	52.0	87.5	66.66666666666667
Estandar_normalizada	71.7948717948718	87.5	83.33333333333334
Dialectal	52.0	87.5	66.66666666666667
Dialectal_normalizada	71.7948717948718	87.5	83.33333333333334