Transcripcion	Levenstein	Orden	Parcial
Estandar	48.57142857142858	85.0	94.44444444444444
Estandar_normalizada	62.96296296296296	85.0	100.0
Dialectal	48.57142857142858	85.0	94.44444444444444
Dialectal_normalizada	62.96296296296296	85.0	100.0