Transcripcion	Levenstein	Orden	Parcial
Estandar	52.727272727272734	65.88235294117646	66.66666666666667
Estandar_normalizada	61.224489795918366	65.88235294117646	74.35897435897436
Dialectal	52.727272727272734	65.88235294117646	66.66666666666667
Dialectal_normalizada	61.224489795918366	65.88235294117646	74.35897435897436