Transcripcion	Levenstein	Orden	Parcial
Estandar	46.875	71.7948717948718	70.0
Estandar_normalizada	62.5	71.7948717948718	77.77777777777779
Dialectal	46.875	71.7948717948718	70.0
Dialectal_normalizada	62.5	71.7948717948718	77.77777777777779