Transcripcion	Levenstein	Orden	Parcial
Estandar	41.351351351351354	64.59854014598541	55.263157894736835
Estandar_normalizada	45.48286604361371	63.95563770794824	61.96078431372549
Dialectal	41.19241192411924	64.7166361974406	55.63909774436091
Dialectal_normalizada	45.3125	64.07407407407408	62.35294117647059