Transcripcion	Levenstein	Orden	Parcial
Estandar	49.29577464788733	64.65517241379311	65.15837104072398
Estandar_normalizada	52.38095238095239	64.65517241379311	69.3069306930693
Dialectal	49.29577464788733	64.65517241379311	65.15837104072398
Dialectal_normalizada	52.38095238095239	64.65517241379311	69.3069306930693