Transcripcion	Levenstein	Orden	Parcial
Estandar	64.28571428571428	72.72727272727273	78.26086956521739
Estandar_normalizada	79.16666666666666	72.72727272727273	86.36363636363636
Dialectal	64.28571428571428	72.72727272727273	78.26086956521739
Dialectal_normalizada	79.16666666666666	72.72727272727273	86.36363636363636