Transcripcion	Levenstein	Orden	Parcial
Estandar	17.647058823529417	40.86021505376344	51.162790697674424
Estandar_normalizada	19.14893617021277	41.30434782608695	47.72727272727273
Dialectal	17.647058823529417	40.86021505376344	51.162790697674424
Dialectal_normalizada	19.14893617021277	41.30434782608695	47.72727272727273