Transcripcion	Levenstein	Orden	Parcial
Estandar	67.41573033707866	75.34246575342466	83.78378378378379
Estandar_normalizada	72.15189873417722	75.34246575342466	86.11111111111111
Dialectal	67.41573033707866	75.34246575342466	83.78378378378379
Dialectal_normalizada	72.15189873417722	75.34246575342466	86.11111111111111