Transcripcion	Levenstein	Orden	Parcial
Estandar	62.01550387596899	82.6530612244898	73.33333333333334
Estandar_normalizada	68.69565217391305	82.6530612244898	80.0
Dialectal	62.01550387596899	82.6530612244898	73.33333333333334
Dialectal_normalizada	68.69565217391305	82.6530612244898	80.0