Transcripcion	Levenstein	Orden	Parcial
Estandar	64.62882096069869	84.8	79.88668555240793
Estandar_normalizada	71.63461538461539	85.02673796791444	83.67952522255193
Dialectal	64.62882096069869	84.8	79.88668555240793
Dialectal_normalizada	71.63461538461539	85.02673796791444	83.67952522255193