Transcripcion	Levenstein	Orden	Parcial
Estandar	54.054054054054056	52.83018867924528	80.0
Estandar_normalizada	61.29032258064516	52.83018867924528	83.33333333333334
Dialectal	54.054054054054056	52.83018867924528	80.0
Dialectal_normalizada	61.29032258064516	52.83018867924528	83.33333333333334