Transcripcion	Levenstein	Orden	Parcial
Estandar	3.57142857142857	37.83783783783784	21.62162162162162
Estandar_normalizada	16.000000000000004	27.77777777777778	33.333333333333336
Dialectal	3.57142857142857	37.83783783783784	21.62162162162162
Dialectal_normalizada	16.000000000000004	27.77777777777778	33.333333333333336