Transcripcion	Levenstein	Orden	Parcial
Estandar	16.92307692307692	36.36363636363637	50.0
Estandar_normalizada	21.42857142857143	36.92307692307693	52.94117647058824
Dialectal	16.92307692307692	36.36363636363637	50.0
Dialectal_normalizada	21.42857142857143	36.92307692307693	52.94117647058824