Transcripcion	Levenstein	Orden	Parcial
Estandar	44.166666666666664	57.49999999999999	57.33333333333333
Estandar_normalizada	54.0	59.493670886075954	66.66666666666667
Dialectal	44.166666666666664	57.49999999999999	57.33333333333333
Dialectal_normalizada	54.0	59.493670886075954	66.66666666666667