Transcripcion	Levenstein	Orden	Parcial
Estandar	65.85365853658536	96.55172413793103	74.19354838709677
Estandar_normalizada	84.84848484848484	96.55172413793103	89.65517241379311
Dialectal	65.85365853658536	96.55172413793103	74.19354838709677
Dialectal_normalizada	84.84848484848484	96.55172413793103	89.65517241379311