Transcripcion	Levenstein	Orden	Parcial
Estandar	13.043478260869568	37.5	40.0
Estandar_normalizada	15.789473684210531	37.5	46.15384615384615
Dialectal	13.043478260869568	37.5	40.0
Dialectal_normalizada	15.789473684210531	37.5	46.15384615384615