Transcripcion	Levenstein	Orden	Parcial
Estandar	22.22222222222222	38.888888888888886	43.333333333333336
Estandar_normalizada	27.906976744186053	38.888888888888886	45.16129032258065
Dialectal	22.22222222222222	38.888888888888886	43.333333333333336
Dialectal_normalizada	27.906976744186053	38.888888888888886	45.16129032258065