Transcripcion	Levenstein	Orden	Parcial
Estandar	36.79245283018868	67.05202312138728	57.95454545454546
Estandar_normalizada	48.453608247422686	67.05202312138728	76.62337662337663
Dialectal	36.79245283018868	67.05202312138728	57.95454545454546
Dialectal_normalizada	48.453608247422686	67.05202312138728	76.62337662337663