Transcripcion	Levenstein	Orden	Parcial
Estandar	23.404255319148938	40.67796610169492	40.0
Estandar_normalizada	23.456790123456795	41.02564102564102	45.16129032258065
Dialectal	23.404255319148938	40.67796610169492	40.0
Dialectal_normalizada	23.456790123456795	41.02564102564102	45.16129032258065