Transcripcion	Levenstein	Orden	Parcial
Estandar	24.07407407407407	41.860465116279066	40.50632911392405
Estandar_normalizada	24.52830188679245	41.860465116279066	46.37681159420289
Dialectal	24.07407407407407	41.860465116279066	40.50632911392405
Dialectal_normalizada	24.52830188679245	41.860465116279066	46.37681159420289