Transcripcion	Levenstein	Orden	Parcial
Estandar	69.76744186046511	79.48717948717949	83.22147651006712
Estandar_normalizada	73.17073170731707	79.48717948717949	84.35374149659864
Dialectal	69.76744186046511	79.48717948717949	83.22147651006712
Dialectal_normalizada	73.17073170731707	79.48717948717949	84.35374149659864