Transcripcion	Levenstein	Orden	Parcial
Estandar	53.623188405797094	81.31868131868131	62.5
Estandar_normalizada	64.91228070175438	81.31868131868131	74.35897435897436
Dialectal	53.623188405797094	81.31868131868131	62.5
Dialectal_normalizada	64.91228070175438	81.31868131868131	74.35897435897436