Transcripcion	Levenstein	Orden	Parcial
Estandar	15.384615384615385	35.0	35.29411764705882
Estandar_normalizada	17.391304347826086	35.0	45.16129032258065
Dialectal	15.384615384615385	35.0	35.29411764705882
Dialectal_normalizada	17.391304347826086	35.0	45.16129032258065