Transcripcion	Levenstein	Orden	Parcial
Estandar	57.14285714285714	82.75862068965517	62.5
Estandar_normalizada	70.58823529411764	82.75862068965517	71.42857142857143
Dialectal	57.14285714285714	82.75862068965517	62.5
Dialectal_normalizada	70.58823529411764	82.75862068965517	71.42857142857143