Transcripcion	Levenstein	Orden	Parcial
Estandar	87.5	93.33333333333333	96.0
Estandar_normalizada	92.10526315789474	93.33333333333333	96.0
Dialectal	87.5	93.33333333333333	96.0
Dialectal_normalizada	92.10526315789474	93.33333333333333	96.0