Transcripcion	Levenstein	Orden	Parcial
Estandar	54.0948275862069	74.09551374819104	70.27863777089783
Estandar_normalizada	62.19512195121951	74.63556851311954	77.77777777777779
Dialectal	54.4468546637744	75.87209302325581	71.20743034055728
Dialectal_normalizada	62.65356265356266	76.13469985358712	78.41269841269842