Transcripcion	Levenstein	Orden	Parcial
Estandar	42.85714285714286	60.9271523178808	61.8421052631579
Estandar_normalizada	48.19277108433735	60.9271523178808	65.27777777777779
Dialectal	42.85714285714286	60.9271523178808	61.8421052631579
Dialectal_normalizada	48.19277108433735	60.9271523178808	65.27777777777779