Transcripcion	Levenstein	Orden	Parcial
Estandar	46.333333333333336	66.33906633906635	56.56565656565656
Estandar_normalizada	52.208835341365464	66.66666666666667	64.28571428571428
Dialectal	46.333333333333336	66.33906633906635	56.56565656565656
Dialectal_normalizada	52.208835341365464	66.66666666666667	64.28571428571428