Transcripcion	Levenstein	Orden	Parcial
Estandar	20.97560975609756	36.434108527131784	49.20634920634921
Estandar_normalizada	21.890547263681594	36.434108527131784	50.847457627118644
Dialectal	20.97560975609756	36.434108527131784	49.20634920634921
Dialectal_normalizada	21.890547263681594	36.434108527131784	50.847457627118644