Transcripcion	Levenstein	Orden	Parcial
Estandar	20.833333333333336	36.8421052631579	45.714285714285715
Estandar_normalizada	15.000000000000002	36.8421052631579	48.484848484848484
Dialectal	20.833333333333336	36.8421052631579	45.714285714285715
Dialectal_normalizada	15.000000000000002	36.8421052631579	48.484848484848484