Transcripcion	Levenstein	Orden	Parcial
Estandar	50.753768844221106	74.45255474452554	61.78861788617886
Estandar_normalizada	58.82352941176471	73.26007326007327	67.76859504132231
Dialectal	50.753768844221106	74.45255474452554	61.78861788617886
Dialectal_normalizada	58.82352941176471	73.26007326007327	67.76859504132231