Transcripcion	Levenstein	Orden	Parcial
Estandar	68.57142857142857	86.06060606060606	76.51006711409396
Estandar_normalizada	74.73684210526315	86.06060606060606	83.22147651006712
Dialectal	68.57142857142857	86.06060606060606	76.51006711409396
Dialectal_normalizada	74.73684210526315	86.06060606060606	83.22147651006712