Transcripcion	Levenstein	Orden	Parcial
Estandar	40.74074074074075	61.904761904761905	62.857142857142854
Estandar_normalizada	42.307692307692314	61.904761904761905	66.66666666666667
Dialectal	40.74074074074075	61.904761904761905	62.857142857142854
Dialectal_normalizada	42.307692307692314	61.904761904761905	66.66666666666667