Transcripcion	Levenstein	Orden	Parcial
Estandar	57.63440860215054	76.57657657657657	71.42857142857143
Estandar_normalizada	67.32186732186733	76.80722891566265	78.49829351535837
Dialectal	57.63440860215054	76.57657657657657	71.42857142857143
Dialectal_normalizada	67.32186732186733	76.80722891566265	78.49829351535837