Transcripcion	Levenstein	Orden	Parcial
Estandar	13.48314606741573	33.70786516853933	31.25
Estandar_normalizada	18.181818181818176	34.09090909090909	42.307692307692314
Dialectal	13.636363636363635	34.09090909090909	34.375
Dialectal_normalizada	18.42105263157895	34.48275862068966	42.307692307692314