Transcripcion	Levenstein	Orden	Parcial
Estandar	60.75949367088608	49.25373134328358	75.38461538461539
Estandar_normalizada	66.66666666666667	49.62406015037594	77.77777777777779
Dialectal	60.75949367088608	49.25373134328358	75.38461538461539
Dialectal_normalizada	66.66666666666667	49.62406015037594	77.77777777777779