Transcripcion	Levenstein	Orden	Parcial
Estandar	25.0	36.66666666666667	52.38095238095239
Estandar_normalizada	26.82926829268293	36.66666666666667	55.00000000000001
Dialectal	25.0	36.66666666666667	52.38095238095239
Dialectal_normalizada	26.82926829268293	36.66666666666667	55.00000000000001