Transcripcion	Levenstein	Orden	Parcial
Estandar	39.16666666666667	63.41463414634146	60.16949152542372
Estandar_normalizada	49.122807017543856	64.03940886699507	67.32673267326732
Dialectal	39.16666666666667	63.41463414634146	60.16949152542372
Dialectal_normalizada	49.122807017543856	64.03940886699507	67.32673267326732