Transcripcion	Levenstein	Orden	Parcial
Estandar	10.344827586206895	46.666666666666664	33.333333333333336
Estandar_normalizada	21.739130434782606	20.68965517241379	55.55555555555556
Dialectal	10.344827586206895	46.666666666666664	33.333333333333336
Dialectal_normalizada	21.739130434782606	20.68965517241379	55.55555555555556