Transcripcion	Levenstein	Orden	Parcial
Estandar	31.16883116883117	52.991452991452995	56.00000000000001
Estandar_normalizada	31.88405797101449	52.991452991452995	58.33333333333333
Dialectal	31.16883116883117	52.991452991452995	56.00000000000001
Dialectal_normalizada	31.88405797101449	52.991452991452995	58.33333333333333