Transcripcion	Levenstein	Orden	Parcial
Estandar	12.195121951219512	19.780219780219777	60.273972602739725
Estandar_normalizada	12.03319502074689	19.780219780219777	68.75
Dialectal	12.195121951219512	19.780219780219777	60.273972602739725
Dialectal_normalizada	12.03319502074689	19.780219780219777	68.75