Transcripcion	Levenstein	Orden	Parcial
Estandar	56.86274509803921	77.33333333333333	68.57142857142857
Estandar_normalizada	67.44186046511628	77.33333333333333	77.77777777777779
Dialectal	56.86274509803921	77.33333333333333	68.57142857142857
Dialectal_normalizada	67.44186046511628	77.33333333333333	77.77777777777779