Transcripcion	Levenstein	Orden	Parcial
Estandar	55.244755244755254	76.60550458715596	62.67281105990783
Estandar_normalizada	64.0	76.49769585253456	70.04830917874396
Dialectal	55.244755244755254	76.60550458715596	62.67281105990783
Dialectal_normalizada	64.0	76.49769585253456	70.04830917874396