Transcripcion	Levenstein	Orden	Parcial
Estandar	42.391304347826086	63.565891472868216	54.385964912280706
Estandar_normalizada	48.10126582278481	64.0625	60.7843137254902
Dialectal	42.391304347826086	63.565891472868216	54.385964912280706
Dialectal_normalizada	48.10126582278481	64.0625	60.7843137254902