Transcripcion	Levenstein	Orden	Parcial
Estandar	52.0	69.86301369863014	61.53846153846154
Estandar_normalizada	58.82352941176471	71.72413793103448	68.37606837606837
Dialectal	52.0	69.86301369863014	61.53846153846154
Dialectal_normalizada	58.82352941176471	71.72413793103448	68.37606837606837