Transcripcion	Levenstein	Orden	Parcial
Estandar	57.14285714285714	80.50314465408806	66.66666666666667
Estandar_normalizada	70.2127659574468	80.50314465408806	81.94444444444444
Dialectal	57.14285714285714	80.50314465408806	66.66666666666667
Dialectal_normalizada	70.2127659574468	80.50314465408806	81.94444444444444