Transcripcion	Levenstein	Orden	Parcial
Estandar	62.82165039929015	78.76359473382942	69.79542719614922
Estandar_normalizada	70.10923535253227	78.98966704936853	76.48159700561447
Dialectal	62.76076342654239	78.84340108789006	69.67509025270758
Dialectal_normalizada	70.04470938897168	79.06976744186046	76.41921397379913