Transcripcion	Levenstein	Orden	Parcial
Estandar	41.8848167539267	59.20000000000001	69.3069306930693
Estandar_normalizada	45.50898203592815	59.67741935483871	74.19354838709677
Dialectal	41.8848167539267	59.20000000000001	69.3069306930693
Dialectal_normalizada	45.50898203592815	59.67741935483871	74.19354838709677