Transcripcion	Levenstein	Orden	Parcial
Estandar	66.66666666666667	81.9672131147541	86.66666666666667
Estandar_normalizada	74.28571428571429	81.9672131147541	94.54545454545455
Dialectal	66.66666666666667	81.9672131147541	86.66666666666667
Dialectal_normalizada	74.28571428571429	81.9672131147541	94.54545454545455