Transcripcion	Levenstein	Orden	Parcial
Estandar	51.92307692307692	78.125	85.71428571428572
Estandar_normalizada	59.523809523809526	78.125	92.3076923076923
Dialectal	51.92307692307692	78.125	85.71428571428572
Dialectal_normalizada	59.523809523809526	78.125	92.3076923076923