Transcripcion	Levenstein	Orden	Parcial
Estandar	51.42857142857142	72.94117647058825	66.66666666666667
Estandar_normalizada	66.66666666666667	72.94117647058825	82.05128205128204
Dialectal	51.42857142857142	72.94117647058825	66.66666666666667
Dialectal_normalizada	66.66666666666667	72.94117647058825	82.05128205128204