Transcripcion	Levenstein	Orden	Parcial
Estandar	43.548387096774185	58.94736842105264	68.88888888888889
Estandar_normalizada	48.14814814814815	58.94736842105264	70.45454545454545
Dialectal	43.548387096774185	58.94736842105264	68.88888888888889
Dialectal_normalizada	48.14814814814815	58.94736842105264	70.45454545454545