Transcripcion	Levenstein	Orden	Parcial
Estandar	43.02325581395349	62.8099173553719	59.04761904761905
Estandar_normalizada	49.31506849315068	61.66666666666667	65.99999999999999
Dialectal	43.02325581395349	62.8099173553719	59.04761904761905
Dialectal_normalizada	49.31506849315068	61.66666666666667	65.99999999999999