Transcripcion	Levenstein	Orden	Parcial
Estandar	41.666666666666664	75.86206896551724	68.96551724137932
Estandar_normalizada	61.111111111111114	75.86206896551724	76.92307692307692
Dialectal	41.666666666666664	75.86206896551724	68.96551724137932
Dialectal_normalizada	61.111111111111114	75.86206896551724	76.92307692307692