Transcripcion	Levenstein	Orden	Parcial
Estandar	0.0	40.0	37.5
Estandar_normalizada	19.999999999999996	40.0	66.66666666666667
Dialectal	0.0	40.0	37.5
Dialectal_normalizada	19.999999999999996	40.0	66.66666666666667