Transcripcion	Levenstein	Orden	Parcial
Estandar	41.95804195804196	66.66666666666667	72.72727272727273
Estandar_normalizada	56.88073394495412	66.27906976744187	81.63265306122449
Dialectal	41.95804195804196	66.66666666666667	72.72727272727273
Dialectal_normalizada	56.88073394495412	66.27906976744187	81.63265306122449