Transcripcion	Levenstein	Orden	Parcial
Estandar	48.44192634560906	74.59402828706129	58.02752293577982
Estandar_normalizada	57.05980066445182	75.05285412262157	66.34615384615384
Dialectal	48.474095102909864	74.39664218258133	58.02752293577982
Dialectal_normalizada	57.11906744379684	74.85442032821598	66.10576923076923