Transcripcion	Levenstein	Orden	Parcial
Estandar	31.707317073170728	46.666666666666664	54.54545454545454
Estandar_normalizada	31.707317073170728	46.666666666666664	60.0
Dialectal	31.707317073170728	46.666666666666664	54.54545454545454
Dialectal_normalizada	31.707317073170728	46.666666666666664	60.0