Transcripcion	Levenstein	Orden	Parcial
Estandar	18.181818181818176	22.22222222222222	36.36363636363637
Estandar_normalizada	22.22222222222222	22.22222222222222	40.0
Dialectal	18.181818181818176	22.22222222222222	36.36363636363637
Dialectal_normalizada	22.22222222222222	22.22222222222222	40.0