Transcripcion	Levenstein	Orden	Parcial
Estandar	44.565217391304344	76.78571428571428	58.82352941176471
Estandar_normalizada	58.9041095890411	77.47747747747748	68.88888888888889
Dialectal	44.565217391304344	76.78571428571428	58.82352941176471
Dialectal_normalizada	58.9041095890411	77.47747747747748	68.88888888888889