Transcripcion	Levenstein	Orden	Parcial
Estandar	42.138364779874216	66.07929515418502	59.29203539823009
Estandar_normalizada	53.383458646616546	65.77777777777779	71.96261682242991
Dialectal	42.138364779874216	66.07929515418502	59.29203539823009
Dialectal_normalizada	53.383458646616546	65.77777777777779	71.96261682242991