Transcripcion	Levenstein	Orden	Parcial
Estandar	56.81818181818181	86.66666666666667	86.20689655172413
Estandar_normalizada	69.44444444444444	86.66666666666667	85.71428571428572
Dialectal	56.81818181818181	86.66666666666667	86.20689655172413
Dialectal_normalizada	69.44444444444444	86.66666666666667	85.71428571428572