Transcripcion	Levenstein	Orden	Parcial
Estandar	37.80487804878049	61.87845303867403	62.96296296296296
Estandar_normalizada	49.21875	62.56983240223464	69.33333333333334
Dialectal	37.80487804878049	61.87845303867403	62.96296296296296
Dialectal_normalizada	49.21875	62.56983240223464	69.33333333333334