Transcripcion	Levenstein	Orden	Parcial
Estandar	58.33333333333333	72.97297297297297	77.33333333333333
Estandar_normalizada	60.0	72.97297297297297	81.69014084507043
Dialectal	58.33333333333333	72.97297297297297	77.33333333333333
Dialectal_normalizada	60.0	72.97297297297297	81.69014084507043