Transcripcion	Levenstein	Orden	Parcial
Estandar	61.904761904761905	82.35294117647058	88.23529411764706
Estandar_normalizada	65.0	82.35294117647058	86.66666666666667
Dialectal	61.904761904761905	82.35294117647058	88.23529411764706
Dialectal_normalizada	65.0	82.35294117647058	86.66666666666667