Transcripcion	Levenstein	Orden	Parcial
Estandar	46.28099173553719	70.44025157232706	70.4225352112676
Estandar_normalizada	55.55555555555556	70.88607594936708	73.13432835820896
Dialectal	46.28099173553719	70.44025157232706	70.4225352112676
Dialectal_normalizada	55.55555555555556	70.88607594936708	73.13432835820896