Transcripcion	Levenstein	Orden	Parcial
Estandar	57.54716981132076	71.64556962025317	72.19101123595506
Estandar_normalizada	65.0963597430407	70.2290076335878	78.63247863247864
Dialectal	57.54716981132076	71.64556962025317	72.19101123595506
Dialectal_normalizada	65.0963597430407	70.2290076335878	78.63247863247864