Transcripcion	Levenstein	Orden	Parcial
Estandar	16.666666666666664	47.61904761904761	42.10526315789473
Estandar_normalizada	41.666666666666664	47.61904761904761	58.82352941176471
Dialectal	16.666666666666664	47.61904761904761	42.10526315789473
Dialectal_normalizada	41.666666666666664	47.61904761904761	58.82352941176471