Transcripcion	Levenstein	Orden	Parcial
Estandar	57.396449704142015	76.78883071553228	71.1864406779661
Estandar_normalizada	62.745098039215684	76.78883071553228	76.67844522968198
Dialectal	57.396449704142015	76.78883071553228	71.1864406779661
Dialectal_normalizada	62.745098039215684	76.78883071553228	76.67844522968198