Transcripcion	Levenstein	Orden	Parcial
Estandar	25.0	30.76923076923077	42.10526315789473
Estandar_normalizada	12.5	30.76923076923077	42.85714285714286
Dialectal	25.0	30.76923076923077	42.10526315789473
Dialectal_normalizada	12.5	30.76923076923077	42.85714285714286