Transcripcion	Levenstein	Orden	Parcial
Estandar	54.27974947807933	68.72586872586872	66.16541353383458
Estandar_normalizada	57.91962174940899	68.72586872586872	70.68062827225131
Dialectal	54.27974947807933	68.72586872586872	66.16541353383458
Dialectal_normalizada	57.91962174940899	68.72586872586872	70.68062827225131