Transcripcion	Levenstein	Orden	Parcial
Estandar	17.647058823529417	34.3859649122807	44.285714285714285
Estandar_normalizada	20.434782608695656	34.50704225352113	47.14285714285714
Dialectal	17.716535433070867	34.50704225352113	44.285714285714285
Dialectal_normalizada	20.52401746724891	34.62897526501767	47.14285714285714