Transcripcion	Levenstein	Orden	Parcial
Estandar	22.22222222222222	37.33333333333333	40.0
Estandar_normalizada	23.25581395348837	37.33333333333333	44.11764705882353
Dialectal	22.22222222222222	37.33333333333333	40.0
Dialectal_normalizada	23.25581395348837	37.33333333333333	44.11764705882353