Transcripcion	Levenstein	Orden	Parcial
Estandar	9.090909090909093	33.333333333333336	25.0
Estandar_normalizada	19.999999999999996	33.333333333333336	37.5
Dialectal	9.090909090909093	33.333333333333336	25.0
Dialectal_normalizada	19.999999999999996	33.333333333333336	37.5