Transcripcion	Levenstein	Orden	Parcial
Estandar	57.35294117647059	64.26426426426426	64.07185628742515
Estandar_normalizada	63.53591160220995	62.65060240963856	71.65109034267914
Dialectal	57.35294117647059	64.26426426426426	64.07185628742515
Dialectal_normalizada	63.53591160220995	62.65060240963856	71.65109034267914