Transcripcion	Levenstein	Orden	Parcial
Estandar	19.387755102040817	39.66942148760331	36.36363636363637
Estandar_normalizada	23.076923076923073	40.0	45.45454545454546
Dialectal	19.387755102040817	39.66942148760331	36.36363636363637
Dialectal_normalizada	23.076923076923073	40.0	45.45454545454546