Transcripcion	Levenstein	Orden	Parcial
Estandar	22.549019607843135	30.215827338129497	41.30434782608695
Estandar_normalizada	22.549019607843135	30.215827338129497	44.99999999999999
Dialectal	22.549019607843135	30.215827338129497	41.30434782608695
Dialectal_normalizada	22.549019607843135	30.215827338129497	44.99999999999999