Transcripcion	Levenstein	Orden	Parcial
Estandar	32.58426966292135	53.52112676056338	48.57142857142858
Estandar_normalizada	33.75	53.90070921985816	50.72463768115942
Dialectal	32.58426966292135	53.52112676056338	48.57142857142858
Dialectal_normalizada	33.75	53.90070921985816	50.72463768115942