Transcripcion	Levenstein	Orden	Parcial
Estandar	39.6551724137931	51.48514851485149	56.00000000000001
Estandar_normalizada	38.59649122807017	51.48514851485149	56.52173913043479
Dialectal	39.6551724137931	51.48514851485149	56.00000000000001
Dialectal_normalizada	38.59649122807017	51.48514851485149	56.52173913043479