Transcripcion	Levenstein	Orden	Parcial
Estandar	19.444444444444443	33.9622641509434	32.32323232323232
Estandar_normalizada	17.543859649122805	36.1904761904762	38.888888888888886
Dialectal	19.444444444444443	33.9622641509434	32.32323232323232
Dialectal_normalizada	17.543859649122805	36.1904761904762	38.888888888888886