Transcripcion	Levenstein	Orden	Parcial
Estandar	20.68965517241379	39.50617283950617	38.23529411764706
Estandar_normalizada	22.44897959183674	40.0	40.625
Dialectal	20.68965517241379	39.50617283950617	38.23529411764706
Dialectal_normalizada	22.44897959183674	40.0	40.625