Transcripcion	Levenstein	Orden	Parcial
Estandar	31.25	48.275862068965516	47.27272727272728
Estandar_normalizada	34.375	48.275862068965516	52.83018867924528
Dialectal	31.25	48.275862068965516	47.27272727272728
Dialectal_normalizada	34.375	48.275862068965516	52.83018867924528