Transcripcion	Levenstein	Orden	Parcial
Estandar	15.254237288135597	28.000000000000004	32.098765432098766
Estandar_normalizada	15.789473684210531	28.000000000000004	35.483870967741936
Dialectal	15.254237288135597	28.000000000000004	32.098765432098766
Dialectal_normalizada	15.789473684210531	28.000000000000004	35.483870967741936