Transcripcion	Levenstein	Orden	Parcial
Estandar	28.205128205128204	40.0	47.82608695652174
Estandar_normalizada	27.27272727272727	40.0	45.714285714285715
Dialectal	28.205128205128204	40.0	47.82608695652174
Dialectal_normalizada	27.27272727272727	40.0	45.714285714285715