Transcripcion	Levenstein	Orden	Parcial
Estandar	26.66666666666667	45.45454545454546	43.47826086956522
Estandar_normalizada	30.76923076923077	45.45454545454546	50.0
Dialectal	26.66666666666667	45.45454545454546	43.47826086956522
Dialectal_normalizada	30.76923076923077	45.45454545454546	50.0