Transcripcion	Levenstein	Orden	Parcial
Estandar	23.25581395348837	35.64356435643564	61.29032258064516
Estandar_normalizada	26.315789473684216	35.64356435643564	66.66666666666667
Dialectal	23.25581395348837	35.64356435643564	61.29032258064516
Dialectal_normalizada	26.315789473684216	35.64356435643564	66.66666666666667