Transcripcion	Levenstein	Orden	Parcial
Estandar	24.827586206896555	33.84615384615385	40.32258064516129
Estandar_normalizada	25.179856115107913	33.84615384615385	43.103448275862064
Dialectal	24.827586206896555	33.84615384615385	40.32258064516129
Dialectal_normalizada	25.179856115107913	33.84615384615385	43.103448275862064