Transcripcion	Levenstein	Orden	Parcial
Estandar	25.153374233128833	39.31623931623932	36.52173913043478
Estandar_normalizada	28.75816993464052	38.62660944206009	43.61702127659575
Dialectal	25.153374233128833	39.31623931623932	36.52173913043478
Dialectal_normalizada	28.75816993464052	38.62660944206009	43.61702127659575