Transcripcion	Levenstein	Orden	Parcial
Estandar	39.96937212863706	64.32748538011697	51.70603674540683
Estandar_normalizada	45.97495527728086	64.6298472385429	56.68604651162791
Dialectal	39.96937212863706	64.32748538011697	51.70603674540683
Dialectal_normalizada	45.97495527728086	64.6298472385429	56.68604651162791