Transcripcion	Levenstein	Orden	Parcial
Estandar	43.70290635091496	64.45743989603639	59.77011494252873
Estandar_normalizada	48.31325301204819	65.05867014341591	64.58766458766459
Dialectal	43.70290635091496	64.45743989603639	59.77011494252873
Dialectal_normalizada	48.31325301204819	65.05867014341591	64.58766458766459