Transcripcion	Levenstein	Orden	Parcial
Estandar	22.058823529411764	39.02439024390244	50.98039215686274
Estandar_normalizada	26.890756302521012	38.036809815950924	56.310679611650485
Dialectal	22.058823529411764	39.02439024390244	50.98039215686274
Dialectal_normalizada	26.890756302521012	38.036809815950924	56.310679611650485