Transcripcion	Levenstein	Orden	Parcial
Estandar	49.152542372881356	61.728395061728406	67.56756756756756
Estandar_normalizada	59.183673469387756	61.728395061728406	72.22222222222221
Dialectal	49.152542372881356	61.728395061728406	67.56756756756756
Dialectal_normalizada	59.183673469387756	61.728395061728406	72.22222222222221