Transcripcion	Levenstein	Orden	Parcial
Estandar	19.475655430711612	40.0	38.46153846153846
Estandar_normalizada	25.114155251141558	40.689655172413794	45.36082474226804
Dialectal	19.475655430711612	40.0	38.46153846153846
Dialectal_normalizada	25.114155251141558	40.689655172413794	45.36082474226804