Transcripcion	Levenstein	Orden	Parcial
Estandar	20.599250936329582	36.91460055096418	36.8421052631579
Estandar_normalizada	23.829787234042556	37.22222222222222	41.21621621621622
Dialectal	20.676691729323306	36.46408839779005	36.8421052631579
Dialectal_normalizada	23.931623931623935	36.768802228412255	41.21621621621622