Transcripcion	Levenstein	Orden	Parcial
Estandar	6.25	30.000000000000004	35.29411764705882
Estandar_normalizada	18.75	30.000000000000004	60.0
Dialectal	6.25	30.000000000000004	35.29411764705882
Dialectal_normalizada	18.75	30.000000000000004	60.0