Transcripcion	Levenstein	Orden	Parcial
Estandar	40.90909090909091	62.06896551724138	66.66666666666667
Estandar_normalizada	51.42857142857142	63.1578947368421	76.0
Dialectal	40.90909090909091	62.06896551724138	66.66666666666667
Dialectal_normalizada	51.42857142857142	63.1578947368421	76.0