Transcripcion	Levenstein	Orden	Parcial
Estandar	34.285714285714285	66.66666666666667	69.76744186046511
Estandar_normalizada	40.74074074074075	66.66666666666667	75.0
Dialectal	34.285714285714285	66.66666666666667	69.76744186046511
Dialectal_normalizada	40.74074074074075	66.66666666666667	75.0