Transcripcion	Levenstein	Orden	Parcial
Estandar	56.25	64.28571428571428	68.96551724137932
Estandar_normalizada	63.33333333333333	64.28571428571428	70.37037037037037
Dialectal	56.25	64.28571428571428	68.96551724137932
Dialectal_normalizada	63.33333333333333	64.28571428571428	70.37037037037037