Transcripcion	Levenstein	Orden	Parcial
Estandar	0.0	11.764705882352944	11.764705882352944
Estandar_normalizada	15.384615384615385	11.764705882352944	33.333333333333336
Dialectal	0.0	11.764705882352944	11.764705882352944
Dialectal_normalizada	15.384615384615385	11.764705882352944	33.333333333333336