Transcripcion	Levenstein	Orden	Parcial
Estandar	46.79802955665024	66.19217081850533	68.75
Estandar_normalizada	53.672316384180796	66.42857142857143	76.22950819672131
Dialectal	46.79802955665024	66.19217081850533	68.75
Dialectal_normalizada	53.672316384180796	66.42857142857143	76.22950819672131