Transcripcion	Levenstein	Orden	Parcial
Estandar	53.84615384615385	86.27450980392157	80.76923076923077
Estandar_normalizada	70.96774193548387	86.27450980392157	95.65217391304348
Dialectal	53.84615384615385	86.27450980392157	80.76923076923077
Dialectal_normalizada	70.96774193548387	86.27450980392157	95.65217391304348