Transcripcion	Levenstein	Orden	Parcial
Estandar	14.035087719298245	27.692307692307693	72.0
Estandar_normalizada	16.666666666666664	27.692307692307693	78.26086956521739
Dialectal	14.035087719298245	27.692307692307693	72.0
Dialectal_normalizada	16.666666666666664	27.692307692307693	78.26086956521739