Transcripcion	Levenstein	Orden	Parcial
Estandar	65.72052401746724	81.79271708683473	73.29545454545455
Estandar_normalizada	72.30392156862744	81.85654008438819	80.59701492537313
Dialectal	65.72052401746724	81.79271708683473	73.29545454545455
Dialectal_normalizada	72.30392156862744	81.85654008438819	80.59701492537313