Transcripcion	Levenstein	Orden	Parcial
Estandar	3.1746031746031744	3.2786885245901676	44.44444444444444
Estandar_normalizada	3.3898305084745783	3.2786885245901676	66.66666666666667
Dialectal	3.1746031746031744	3.2786885245901676	44.44444444444444
Dialectal_normalizada	3.3898305084745783	3.2786885245901676	66.66666666666667