Transcripcion	Levenstein	Orden	Parcial
Estandar	37.77777777777778	66.66666666666667	61.53846153846154
Estandar_normalizada	51.42857142857142	66.66666666666667	73.07692307692308
Dialectal	37.77777777777778	66.66666666666667	61.53846153846154
Dialectal_normalizada	51.42857142857142	66.66666666666667	73.07692307692308