Transcripcion	Levenstein	Orden	Parcial
Estandar	59.036144578313255	81.35593220338984	82.75862068965517
Estandar_normalizada	70.58823529411764	81.35593220338984	89.28571428571429
Dialectal	59.756097560975604	82.05128205128204	84.48275862068965
Dialectal_normalizada	71.64179104477613	82.05128205128204	91.07142857142857