Transcripcion	Levenstein	Orden	Parcial
Estandar	68.11594202898551	72.97297297297297	71.15384615384616
Estandar_normalizada	73.80952380952381	72.97297297297297	76.0
Dialectal	68.11594202898551	72.97297297297297	71.15384615384616
Dialectal_normalizada	73.80952380952381	72.97297297297297	76.0