Transcripcion	Levenstein	Orden	Parcial
Estandar	54.0	73.61111111111111	62.22222222222222
Estandar_normalizada	63.005780346820806	74.91166077738515	68.9922480620155
Dialectal	54.0	73.61111111111111	62.22222222222222
Dialectal_normalizada	63.005780346820806	74.91166077738515	68.9922480620155