Transcripcion	Levenstein	Orden	Parcial
Estandar	36.22047244094488	57.71812080536913	49.33333333333333
Estandar_normalizada	45.16129032258065	57.71812080536913	63.888888888888886
Dialectal	36.22047244094488	57.71812080536913	49.33333333333333
Dialectal_normalizada	45.16129032258065	57.71812080536913	63.888888888888886