Transcripcion	Levenstein	Orden	Parcial
Estandar	73.46938775510203	76.19047619047619	81.04575163398692
Estandar_normalizada	78.02197802197803	76.64670658682635	83.33333333333334
Dialectal	73.46938775510203	76.19047619047619	81.04575163398692
Dialectal_normalizada	78.02197802197803	76.64670658682635	83.33333333333334