Transcripcion	Levenstein	Orden	Parcial
Estandar	36.111111111111114	53.94736842105263	54.28571428571429
Estandar_normalizada	40.90909090909091	53.94736842105263	60.46511627906976
Dialectal	36.111111111111114	53.94736842105263	54.28571428571429
Dialectal_normalizada	40.90909090909091	53.94736842105263	60.46511627906976