Transcripcion	Levenstein	Orden	Parcial
Estandar	38.20754716981132	61.82965299684542	70.2290076335878
Estandar_normalizada	43.069306930693074	60.31746031746032	78.96995708154506
Dialectal	38.20754716981132	61.82965299684542	70.2290076335878
Dialectal_normalizada	43.069306930693074	60.31746031746032	78.96995708154506