Transcripcion	Levenstein	Orden	Parcial
Estandar	36.111111111111114	42.622950819672134	48.38709677419355
Estandar_normalizada	36.111111111111114	42.622950819672134	52.0
Dialectal	36.111111111111114	42.622950819672134	48.38709677419355
Dialectal_normalizada	36.111111111111114	42.622950819672134	52.0