Transcripcion	Levenstein	Orden	Parcial
Estandar	52.222222222222214	73.89558232931726	62.39316239316239
Estandar_normalizada	62.745098039215684	74.19354838709677	71.42857142857143
Dialectal	52.222222222222214	73.89558232931726	62.39316239316239
Dialectal_normalizada	62.745098039215684	74.19354838709677	71.42857142857143