Transcripcion	Levenstein	Orden	Parcial
Estandar	34.862385321100916	53.54330708661416	50.0
Estandar_normalizada	45.88235294117647	53.54330708661416	58.33333333333333
Dialectal	34.862385321100916	53.54330708661416	50.0
Dialectal_normalizada	45.88235294117647	53.54330708661416	58.33333333333333