Transcripcion	Levenstein	Orden	Parcial
Estandar	55.55555555555556	65.57377049180329	65.625
Estandar_normalizada	62.5	65.57377049180329	72.72727272727273
Dialectal	55.55555555555556	65.57377049180329	65.625
Dialectal_normalizada	62.5	65.57377049180329	72.72727272727273