Transcripcion	Levenstein	Orden	Parcial
Estandar	45.34883720930233	75.86206896551724	74.46808510638299
Estandar_normalizada	59.67741935483871	76.74418604651163	82.05128205128204
Dialectal	45.34883720930233	75.86206896551724	74.46808510638299
Dialectal_normalizada	59.67741935483871	76.74418604651163	82.05128205128204