Transcripcion	Levenstein	Orden	Parcial
Estandar	42.592592592592595	65.0	70.0
Estandar_normalizada	51.11111111111111	65.0	76.31578947368422
Dialectal	42.592592592592595	65.0	70.0
Dialectal_normalizada	51.11111111111111	65.0	76.31578947368422