Transcripcion	Levenstein	Orden	Parcial
Estandar	6.896551724137934	26.086956521739136	66.66666666666667
Estandar_normalizada	13.043478260869568	26.086956521739136	100.0
Dialectal	6.896551724137934	26.086956521739136	66.66666666666667
Dialectal_normalizada	13.043478260869568	26.086956521739136	100.0