Transcripcion	Levenstein	Orden	Parcial
Estandar	34.54545454545455	57.14285714285714	50.0
Estandar_normalizada	40.90909090909091	57.971014492753625	52.94117647058824
Dialectal	34.54545454545455	57.14285714285714	50.0
Dialectal_normalizada	40.90909090909091	57.971014492753625	52.94117647058824