Transcripcion	Levenstein	Orden	Parcial
Estandar	34.693877551020414	72.0	69.56521739130434
Estandar_normalizada	48.64864864864865	72.0	77.27272727272727
Dialectal	34.693877551020414	72.0	69.56521739130434
Dialectal_normalizada	48.64864864864865	72.0	77.27272727272727