Transcripcion	Levenstein	Orden	Parcial
Estandar	16.36363636363637	34.862385321100916	50.0
Estandar_normalizada	25.0	35.51401869158879	57.14285714285714
Dialectal	16.36363636363637	34.862385321100916	50.0
Dialectal_normalizada	25.0	35.51401869158879	57.14285714285714