Transcripcion	Levenstein	Orden	Parcial
Estandar	64.12776412776412	85.52845528455283	72.14765100671141
Estandar_normalizada	72.75280898876404	85.94771241830065	80.76923076923077
Dialectal	64.12776412776412	85.52845528455283	72.14765100671141
Dialectal_normalizada	72.75280898876404	85.94771241830065	80.76923076923077