Transcripcion	Levenstein	Orden	Parcial
Estandar	21.052631578947366	33.333333333333336	52.63157894736843
Estandar_normalizada	31.25	33.333333333333336	55.55555555555556
Dialectal	21.052631578947366	33.333333333333336	52.63157894736843
Dialectal_normalizada	31.25	33.333333333333336	55.55555555555556