Transcripcion	Levenstein	Orden	Parcial
Estandar	52.459016393442624	68.5185185185185	73.50427350427351
Estandar_normalizada	63.1578947368421	68.5185185185185	77.66990291262135
Dialectal	52.459016393442624	68.5185185185185	73.50427350427351
Dialectal_normalizada	63.1578947368421	68.5185185185185	77.66990291262135