Transcripcion	Levenstein	Orden	Parcial
Estandar	56.32183908045977	75.0	69.81132075471699
Estandar_normalizada	64.0	75.0	76.59574468085107
Dialectal	56.32183908045977	75.0	69.81132075471699
Dialectal_normalizada	64.0	75.0	76.59574468085107