Transcripcion	Levenstein	Orden	Parcial
Estandar	66.33906633906635	81.47058823529412	76.66151468315302
Estandar_normalizada	72.65415549597856	81.71091445427729	81.4814814814815
Dialectal	66.33906633906635	81.47058823529412	76.66151468315302
Dialectal_normalizada	72.65415549597856	81.71091445427729	81.4814814814815