Transcripcion	Levenstein	Orden	Parcial
Estandar	44.99999999999999	67.6056338028169	69.23076923076923
Estandar_normalizada	53.012048192771076	68.57142857142857	77.58620689655173
Dialectal	44.99999999999999	67.6056338028169	69.23076923076923
Dialectal_normalizada	53.012048192771076	68.57142857142857	77.58620689655173