Transcripcion	Levenstein	Orden	Parcial
Estandar	13.297872340425531	22.935779816513758	26.277372262773724
Estandar_normalizada	15.000000000000002	19.811320754716977	35.416666666666664
Dialectal	13.297872340425531	22.935779816513758	26.277372262773724
Dialectal_normalizada	15.000000000000002	19.811320754716977	35.416666666666664