Transcripcion	Levenstein	Orden	Parcial
Estandar	44.88636363636363	68.04979253112033	73.1958762886598
Estandar_normalizada	50.0	67.78242677824268	75.78947368421053
Dialectal	43.67816091954023	68.6192468619247	71.1340206185567
Dialectal_normalizada	48.701298701298704	68.35443037974683	73.6842105263158