Transcripcion	Levenstein	Orden	Parcial
Estandar	44.44444444444444	61.224489795918366	63.888888888888886
Estandar_normalizada	50.0	61.224489795918366	71.01449275362319
Dialectal	44.44444444444444	61.224489795918366	63.888888888888886
Dialectal_normalizada	50.0	61.224489795918366	71.01449275362319