Transcripcion	Levenstein	Orden	Parcial
Estandar	67.44186046511628	96.7741935483871	77.41935483870968
Estandar_normalizada	85.71428571428572	96.7741935483871	90.32258064516128
Dialectal	67.44186046511628	96.7741935483871	77.41935483870968
Dialectal_normalizada	85.71428571428572	96.7741935483871	90.32258064516128