Transcripcion	Levenstein	Orden	Parcial
Estandar	51.85185185185186	64.33566433566433	61.141304347826086
Estandar_normalizada	60.099750623441395	64.69760900140646	69.5266272189349
Dialectal	51.85185185185186	64.33566433566433	61.141304347826086
Dialectal_normalizada	60.099750623441395	64.69760900140646	69.5266272189349