Transcripcion	Levenstein	Orden	Parcial
Estandar	39.53488372093024	61.81818181818181	70.83333333333333
Estandar_normalizada	51.42857142857142	61.81818181818181	70.83333333333333
Dialectal	39.53488372093024	61.81818181818181	70.83333333333333
Dialectal_normalizada	51.42857142857142	61.81818181818181	70.83333333333333