Transcripcion	Levenstein	Orden	Parcial
Estandar	6.666666666666665	27.27272727272727	17.391304347826086
Estandar_normalizada	21.42857142857143	28.57142857142857	28.57142857142857
Dialectal	6.666666666666665	27.27272727272727	17.391304347826086
Dialectal_normalizada	21.42857142857143	28.57142857142857	28.57142857142857