Transcripcion	Levenstein	Orden	Parcial
Estandar	27.472527472527474	44.24778761061947	65.0
Estandar_normalizada	31.645569620253166	45.04504504504504	67.5
Dialectal	27.472527472527474	44.24778761061947	65.0
Dialectal_normalizada	31.645569620253166	45.04504504504504	67.5