Transcripcion	Levenstein	Orden	Parcial
Estandar	15.384615384615385	32.432432432432435	45.45454545454546
Estandar_normalizada	16.666666666666664	32.432432432432435	54.54545454545454
Dialectal	15.384615384615385	32.432432432432435	45.45454545454546
Dialectal_normalizada	16.666666666666664	32.432432432432435	54.54545454545454