Transcripcion	Levenstein	Orden	Parcial
Estandar	70.9090909090909	67.32673267326732	77.35849056603774
Estandar_normalizada	73.07692307692308	67.32673267326732	76.47058823529412
Dialectal	70.9090909090909	67.32673267326732	77.35849056603774
Dialectal_normalizada	73.07692307692308	67.32673267326732	76.47058823529412