Transcripcion	Levenstein	Orden	Parcial
Estandar	24.857142857142854	41.52744630071599	51.369863013698634
Estandar_normalizada	29.2358803986711	41.52744630071599	55.319148936170215
Dialectal	24.857142857142854	41.52744630071599	51.369863013698634
Dialectal_normalizada	29.2358803986711	41.52744630071599	55.319148936170215