Transcripcion	Levenstein	Orden	Parcial
Estandar	15.384615384615385	31.372549019607842	30.76923076923077
Estandar_normalizada	21.875	31.372549019607842	34.04255319148937
Dialectal	15.384615384615385	31.372549019607842	30.76923076923077
Dialectal_normalizada	21.875	31.372549019607842	34.04255319148937