Transcripcion	Levenstein	Orden	Parcial
Estandar	24.369747899159666	42.94478527607362	50.98039215686274
Estandar_normalizada	25.217391304347824	42.94478527607362	53.76344086021505
Dialectal	24.369747899159666	42.94478527607362	50.98039215686274
Dialectal_normalizada	25.217391304347824	42.94478527607362	53.76344086021505