Transcripcion	Levenstein	Orden	Parcial
Estandar	48.03149606299213	62.5	63.85542168674698
Estandar_normalizada	54.629629629629626	64.36781609195403	67.90123456790124
Dialectal	48.03149606299213	62.5	63.85542168674698
Dialectal_normalizada	54.629629629629626	64.36781609195403	67.90123456790124