Transcripcion	Levenstein	Orden	Parcial
Estandar	56.104651162790695	74.11067193675889	66.73913043478261
Estandar_normalizada	62.7906976744186	73.6842105263158	73.42342342342343
Dialectal	56.104651162790695	74.11067193675889	66.73913043478261
Dialectal_normalizada	62.7906976744186	73.6842105263158	73.42342342342343