Transcripcion	Levenstein	Orden	Parcial
Estandar	63.33333333333333	68.08510638297872	80.0
Estandar_normalizada	69.23076923076923	68.08510638297872	86.95652173913044
Dialectal	63.33333333333333	68.08510638297872	80.0
Dialectal_normalizada	69.23076923076923	68.08510638297872	86.95652173913044