Transcripcion	Levenstein	Orden	Parcial
Estandar	7.287449392712553	13.157894736842103	57.14285714285714
Estandar_normalizada	8.558558558558559	13.215859030837008	68.57142857142857
Dialectal	7.287449392712553	13.157894736842103	57.14285714285714
Dialectal_normalizada	8.558558558558559	13.215859030837008	68.57142857142857