Transcripcion	Levenstein	Orden	Parcial
Estandar	18.918918918918916	30.000000000000004	37.93103448275862
Estandar_normalizada	21.62162162162162	30.000000000000004	40.0
Dialectal	18.918918918918916	30.000000000000004	37.93103448275862
Dialectal_normalizada	21.62162162162162	30.000000000000004	40.0