Transcripcion	Levenstein	Orden	Parcial
Estandar	54.43349753694582	70.0	68.21428571428572
Estandar_normalizada	59.239130434782616	70.22653721682848	71.95571955719558
Dialectal	54.43349753694582	70.0	68.21428571428572
Dialectal_normalizada	59.239130434782616	70.22653721682848	71.95571955719558