Transcripcion	Levenstein	Orden	Parcial
Estandar	29.411764705882348	44.89795918367348	50.0
Estandar_normalizada	34.375	44.89795918367348	54.54545454545454
Dialectal	29.411764705882348	44.89795918367348	50.0
Dialectal_normalizada	34.375	44.89795918367348	54.54545454545454