Transcripcion	Levenstein	Orden	Parcial
Estandar	0.0	17.391304347826086	15.384615384615385
Estandar_normalizada	0.0	17.391304347826086	28.57142857142857
Dialectal	0.0	17.391304347826086	15.384615384615385
Dialectal_normalizada	0.0	17.391304347826086	28.57142857142857