Transcripcion	Levenstein	Orden	Parcial
Estandar	40.98360655737705	55.172413793103445	59.42028985507246
Estandar_normalizada	53.191489361702125	55.172413793103445	70.3125
Dialectal	40.98360655737705	55.172413793103445	59.42028985507246
Dialectal_normalizada	53.191489361702125	55.172413793103445	70.3125