Transcripcion	Levenstein	Orden	Parcial
Estandar	34.32835820895522	50.24154589371981	58.20105820105821
Estandar_normalizada	36.283185840707965	50.48543689320388	61.27167630057804
Dialectal	34.32835820895522	50.24154589371981	58.20105820105821
Dialectal_normalizada	36.283185840707965	50.48543689320388	61.27167630057804