Transcripcion	Levenstein	Orden	Parcial
Estandar	44.64882943143813	65.05494505494505	54.524361948955914
Estandar_normalizada	49.52561669829222	65.41436464088397	60.620525059665866
Dialectal	44.64882943143813	65.05494505494505	54.524361948955914
Dialectal_normalizada	49.52561669829222	65.41436464088397	60.620525059665866