Transcripcion	Levenstein	Orden	Parcial
Estandar	58.79396984924623	78.15384615384615	64.13373860182371
Estandar_normalizada	65.36312849162012	77.65793528505392	71.656050955414
Dialectal	58.79396984924623	78.15384615384615	64.13373860182371
Dialectal_normalizada	65.36312849162012	77.65793528505392	71.656050955414