Transcripcion	Levenstein	Orden	Parcial
Estandar	0.0	11.764705882352944	0.0
Estandar_normalizada	5.882352941176472	11.764705882352944	28.57142857142857
Dialectal	0.0	11.764705882352944	0.0
Dialectal_normalizada	5.882352941176472	11.764705882352944	28.57142857142857