Transcripcion	Levenstein	Orden	Parcial
Estandar	23.728813559322038	44.11764705882353	46.42857142857143
Estandar_normalizada	27.6595744680851	44.11764705882353	51.85185185185186
Dialectal	23.728813559322038	44.11764705882353	46.42857142857143
Dialectal_normalizada	27.6595744680851	44.11764705882353	51.85185185185186