Transcripcion	Levenstein	Orden	Parcial
Estandar	46.666666666666664	80.0	81.08108108108108
Estandar_normalizada	65.21739130434783	82.05128205128204	88.23529411764706
Dialectal	46.666666666666664	80.0	81.08108108108108
Dialectal_normalizada	65.21739130434783	82.05128205128204	88.23529411764706