Transcripcion	Levenstein	Orden	Parcial
Estandar	16.167664670658688	37.634408602150536	40.38461538461539
Estandar_normalizada	20.945945945945944	36.95652173913043	48.97959183673469
Dialectal	16.167664670658688	37.634408602150536	40.38461538461539
Dialectal_normalizada	20.945945945945944	36.95652173913043	48.97959183673469