Transcripcion	Levenstein	Orden	Parcial
Estandar	40.54054054054054	62.96296296296296	61.53846153846154
Estandar_normalizada	45.16129032258065	62.96296296296296	61.224489795918366
Dialectal	40.54054054054054	62.96296296296296	61.53846153846154
Dialectal_normalizada	45.16129032258065	62.96296296296296	61.224489795918366