Transcripcion	Levenstein	Orden	Parcial
Estandar	21.052631578947366	35.29411764705882	43.99999999999999
Estandar_normalizada	23.529411764705888	32.83582089552238	66.66666666666667
Dialectal	21.052631578947366	35.29411764705882	43.99999999999999
Dialectal_normalizada	23.529411764705888	32.83582089552238	66.66666666666667