Transcripcion	Levenstein	Orden	Parcial
Estandar	38.70967741935484	53.13653136531366	57.446808510638306
Estandar_normalizada	42.14285714285714	53.13653136531366	58.82352941176471
Dialectal	38.70967741935484	53.13653136531366	57.446808510638306
Dialectal_normalizada	42.14285714285714	53.13653136531366	58.82352941176471