Transcripcion	Levenstein	Orden	Parcial
Estandar	0.0	24.0	25.0
Estandar_normalizada	7.14285714285714	24.0	31.57894736842105
Dialectal	0.0	24.0	25.0
Dialectal_normalizada	7.14285714285714	24.0	31.57894736842105