Transcripcion	Levenstein	Orden	Parcial
Estandar	7.14285714285714	15.000000000000002	37.5
Estandar_normalizada	9.090909090909093	15.789473684210531	36.36363636363637
Dialectal	7.14285714285714	15.000000000000002	37.5
Dialectal_normalizada	9.090909090909093	15.789473684210531	36.36363636363637