Transcripcion	Levenstein	Orden	Parcial
Estandar	61.29032258064516	66.66666666666667	73.91304347826086
Estandar_normalizada	66.66666666666667	66.66666666666667	78.26086956521739
Dialectal	61.29032258064516	66.66666666666667	73.91304347826086
Dialectal_normalizada	66.66666666666667	66.66666666666667	78.26086956521739