Transcripcion	Levenstein	Orden	Parcial
Estandar	29.032258064516125	36.8421052631579	50.0
Estandar_normalizada	30.76923076923077	36.8421052631579	52.17391304347826
Dialectal	29.032258064516125	36.8421052631579	50.0
Dialectal_normalizada	30.76923076923077	36.8421052631579	52.17391304347826