Transcripcion	Levenstein	Orden	Parcial
Estandar	38.18181818181819	60.0	67.36842105263158
Estandar_normalizada	51.02040816326531	60.0	74.15730337078652
Dialectal	38.18181818181819	60.0	67.36842105263158
Dialectal_normalizada	51.02040816326531	60.0	74.15730337078652