Transcripcion	Levenstein	Orden	Parcial
Estandar	64.58333333333333	71.51515151515152	76.34069400630915
Estandar_normalizada	69.78021978021978	71.51515151515152	80.0
Dialectal	64.58333333333333	71.51515151515152	76.34069400630915
Dialectal_normalizada	69.78021978021978	71.51515151515152	80.0