Transcripcion	Levenstein	Orden	Parcial
Estandar	69.6969696969697	80.76923076923077	88.46153846153845
Estandar_normalizada	79.3103448275862	80.76923076923077	92.0
Dialectal	69.6969696969697	80.76923076923077	88.46153846153845
Dialectal_normalizada	79.3103448275862	80.76923076923077	92.0