Transcripcion	Levenstein	Orden	Parcial
Estandar	28.708133971291872	50.625	44.37869822485207
Estandar_normalizada	34.183673469387756	50.943396226415096	51.798561151079134
Dialectal	28.708133971291872	50.625	44.37869822485207
Dialectal_normalizada	34.183673469387756	50.943396226415096	51.798561151079134