Transcripcion	Levenstein	Orden	Parcial
Estandar	54.117647058823536	72.09302325581395	75.60975609756098
Estandar_normalizada	62.745098039215684	72.09302325581395	83.72093023255813
Dialectal	54.117647058823536	72.09302325581395	75.60975609756098
Dialectal_normalizada	62.745098039215684	72.09302325581395	83.72093023255813