Transcripcion	Levenstein	Orden	Parcial
Estandar	8.737864077669899	19.469026548672563	34.285714285714285
Estandar_normalizada	10.204081632653061	19.469026548672563	50.0
Dialectal	8.737864077669899	19.469026548672563	34.285714285714285
Dialectal_normalizada	10.204081632653061	19.469026548672563	50.0