Transcripcion	Levenstein	Orden	Parcial
Estandar	60.264900662251655	74.69879518072288	78.714859437751
Estandar_normalizada	66.66666666666667	74.59677419354838	82.84518828451883
Dialectal	60.264900662251655	74.69879518072288	78.714859437751
Dialectal_normalizada	66.66666666666667	74.59677419354838	82.84518828451883