Transcripcion	Levenstein	Orden	Parcial
Estandar	28.04878048780488	49.586776859504134	53.16455696202531
Estandar_normalizada	35.13513513513513	49.586776859504134	58.06451612903225
Dialectal	28.04878048780488	49.586776859504134	53.16455696202531
Dialectal_normalizada	35.13513513513513	49.586776859504134	58.06451612903225