Transcripcion	Levenstein	Orden	Parcial
Estandar	6.399999999999995	11.111111111111116	44.44444444444444
Estandar_normalizada	6.36363636363636	11.214953271028039	50.0
Dialectal	6.399999999999995	11.111111111111116	44.44444444444444
Dialectal_normalizada	6.36363636363636	11.214953271028039	50.0