Transcripcion	Levenstein	Orden	Parcial
Estandar	11.864406779661019	29.032258064516125	35.55555555555555
Estandar_normalizada	19.999999999999996	26.66666666666667	37.5
Dialectal	11.864406779661019	29.032258064516125	35.55555555555555
Dialectal_normalizada	19.999999999999996	26.66666666666667	37.5