Transcripcion	Levenstein	Orden	Parcial
Estandar	29.06976744186046	46.93877551020408	48.57142857142858
Estandar_normalizada	34.24657534246576	47.42268041237113	54.54545454545454
Dialectal	29.06976744186046	46.93877551020408	48.57142857142858
Dialectal_normalizada	34.24657534246576	47.42268041237113	54.54545454545454