Transcripcion	Levenstein	Orden	Parcial
Estandar	15.384615384615385	0.0	33.333333333333336
Estandar_normalizada	9.090909090909093	0.0	33.333333333333336
Dialectal	15.384615384615385	0.0	33.333333333333336
Dialectal_normalizada	9.090909090909093	0.0	33.333333333333336