Transcripcion	Levenstein	Orden	Parcial
Estandar	36.065573770491795	57.49999999999999	75.0
Estandar_normalizada	45.09803921568627	58.22784810126582	81.4814814814815
Dialectal	36.065573770491795	57.49999999999999	75.0
Dialectal_normalizada	45.09803921568627	58.22784810126582	81.4814814814815