Transcripcion	Levenstein	Orden	Parcial
Estandar	0.0	14.28571428571429	0.0
Estandar_normalizada	4.347826086956519	7.4074074074074066	33.333333333333336
Dialectal	0.0	14.28571428571429	0.0
Dialectal_normalizada	4.347826086956519	7.4074074074074066	33.333333333333336