Transcripcion	Levenstein	Orden	Parcial
Estandar	42.168674698795186	59.70149253731343	61.31386861313868
Estandar_normalizada	45.205479452054796	59.70149253731343	66.12903225806453
Dialectal	42.168674698795186	59.70149253731343	61.31386861313868
Dialectal_normalizada	45.205479452054796	59.70149253731343	66.12903225806453