Transcripcion	Levenstein	Orden	Parcial
Estandar	55.088495575221245	67.3521850899743	79.7768479776848
Estandar_normalizada	60.909090909090914	66.58064516129032	84.9478390461997
Dialectal	55.088495575221245	67.3521850899743	79.7768479776848
Dialectal_normalizada	60.909090909090914	66.58064516129032	84.9478390461997