Transcripcion	Levenstein	Orden	Parcial
Estandar	23.364485981308412	39.77272727272727	38.32335329341318
Estandar_normalizada	25.0	38.857142857142854	43.0379746835443
Dialectal	23.364485981308412	39.77272727272727	38.32335329341318
Dialectal_normalizada	25.0	38.857142857142854	43.0379746835443