Transcripcion	Levenstein	Orden	Parcial
Estandar	37.33333333333333	58.92857142857143	58.82352941176471
Estandar_normalizada	40.29850746268657	58.92857142857143	62.5
Dialectal	37.33333333333333	58.92857142857143	58.82352941176471
Dialectal_normalizada	40.29850746268657	58.92857142857143	62.5