Transcripcion	Levenstein	Orden	Parcial
Estandar	38.70967741935484	57.89473684210527	54.83870967741935
Estandar_normalizada	44.230769230769226	62.16216216216216	59.64912280701755
Dialectal	38.70967741935484	57.89473684210527	54.83870967741935
Dialectal_normalizada	44.230769230769226	62.16216216216216	59.64912280701755