Transcripcion	Levenstein	Orden	Parcial
Estandar	42.10526315789473	64.15094339622642	68.42105263157895
Estandar_normalizada	52.94117647058824	65.38461538461539	83.33333333333334
Dialectal	42.10526315789473	64.15094339622642	68.42105263157895
Dialectal_normalizada	52.94117647058824	65.38461538461539	83.33333333333334