Transcripcion	Levenstein	Orden	Parcial
Estandar	60.068259385665534	75.33632286995515	76.19047619047619
Estandar_normalizada	65.25096525096525	75.22522522522522	79.41176470588236
Dialectal	60.068259385665534	75.33632286995515	76.19047619047619
Dialectal_normalizada	65.25096525096525	75.22522522522522	79.41176470588236