Transcripcion	Levenstein	Orden	Parcial
Estandar	56.00000000000001	78.94736842105263	75.0
Estandar_normalizada	66.66666666666667	78.94736842105263	78.94736842105263
Dialectal	56.00000000000001	78.94736842105263	75.0
Dialectal_normalizada	66.66666666666667	78.94736842105263	78.94736842105263