Transcripcion	Levenstein	Orden	Parcial
Estandar	50.57471264367817	60.396039603960396	64.31924882629107
Estandar_normalizada	60.18099547511313	60.54590570719603	71.84466019417476
Dialectal	50.38167938931297	60.24691358024692	64.31924882629107
Dialectal_normalizada	59.909909909909906	60.396039603960396	71.84466019417476