Transcripcion	Levenstein	Orden	Parcial
Estandar	56.12903225806451	77.47747747747748	75.0
Estandar_normalizada	62.878787878787875	76.01809954751131	81.15942028985508
Dialectal	56.12903225806451	77.47747747747748	75.0
Dialectal_normalizada	62.878787878787875	76.01809954751131	81.15942028985508