Transcripcion	Levenstein	Orden	Parcial
Estandar	78.16901408450705	82.5278810408922	83.75451263537906
Estandar_normalizada	83.82352941176471	82.5278810408922	88.14814814814815
Dialectal	78.16901408450705	82.5278810408922	83.75451263537906
Dialectal_normalizada	83.82352941176471	82.5278810408922	88.14814814814815