Transcripcion	Levenstein	Orden	Parcial
Estandar	21.739130434782606	34.14634146341463	48.64864864864865
Estandar_normalizada	26.086956521739136	34.14634146341463	51.42857142857142
Dialectal	21.739130434782606	34.14634146341463	48.64864864864865
Dialectal_normalizada	26.086956521739136	34.14634146341463	51.42857142857142