Transcripcion	Levenstein	Orden	Parcial
Estandar	24.0506329113924	36.50793650793651	42.592592592592595
Estandar_normalizada	23.943661971830988	36.50793650793651	43.75
Dialectal	24.0506329113924	36.50793650793651	42.592592592592595
Dialectal_normalizada	23.943661971830988	36.50793650793651	43.75