Transcripcion	Levenstein	Orden	Parcial
Estandar	70.0	93.5483870967742	76.66666666666666
Estandar_normalizada	82.85714285714285	93.5483870967742	88.13559322033898
Dialectal	70.0	93.5483870967742	76.66666666666666
Dialectal_normalizada	82.85714285714285	93.5483870967742	88.13559322033898