Transcripcion	Levenstein	Orden	Parcial
Estandar	76.03305785123968	84.27095292766936	82.8125
Estandar_normalizada	82.36607142857143	84.27095292766936	88.56172140430351
Dialectal	76.03305785123968	84.27095292766936	82.8125
Dialectal_normalizada	82.36607142857143	84.27095292766936	88.56172140430351