Transcripcion	Levenstein	Orden	Parcial
Estandar	56.93069306930694	73.14285714285714	67.77777777777779
Estandar_normalizada	61.82795698924731	73.35243553008596	72.14076246334311
Dialectal	56.93069306930694	73.14285714285714	67.77777777777779
Dialectal_normalizada	61.82795698924731	73.35243553008596	72.14076246334311