Transcripcion	Levenstein	Orden	Parcial
Estandar	55.64853556485356	76.34660421545667	69.0744920993228
Estandar_normalizada	60.273972602739725	75.76470588235294	75.22935779816513
Dialectal	55.64853556485356	76.34660421545667	69.0744920993228
Dialectal_normalizada	60.273972602739725	75.76470588235294	75.22935779816513