Transcripcion	Levenstein	Orden	Parcial
Estandar	62.365591397849464	70.51282051282051	83.33333333333334
Estandar_normalizada	65.51724137931035	70.51282051282051	84.72222222222221
Dialectal	62.365591397849464	70.51282051282051	83.33333333333334
Dialectal_normalizada	65.51724137931035	70.51282051282051	84.72222222222221