Transcripcion	Levenstein	Orden	Parcial
Estandar	71.66666666666667	76.92307692307692	80.3921568627451
Estandar_normalizada	73.21428571428572	76.92307692307692	84.0
Dialectal	71.66666666666667	76.92307692307692	80.3921568627451
Dialectal_normalizada	73.21428571428572	76.92307692307692	84.0