Transcripcion	Levenstein	Orden	Parcial
Estandar	19.50207468879668	32.21476510067114	39.08045977011494
Estandar_normalizada	21.36752136752137	30.303030303030297	45.714285714285715
Dialectal	19.50207468879668	32.21476510067114	39.08045977011494
Dialectal_normalizada	21.36752136752137	30.303030303030297	45.714285714285715