Transcripcion	Levenstein	Orden	Parcial
Estandar	18.571428571428573	37.11340206185567	37.93103448275862
Estandar_normalizada	19.696969696969703	37.11340206185567	40.0
Dialectal	18.571428571428573	37.11340206185567	37.93103448275862
Dialectal_normalizada	19.696969696969703	37.11340206185567	40.0