Transcripcion	Levenstein	Orden	Parcial
Estandar	19.999999999999996	45.04504504504504	37.68115942028986
Estandar_normalizada	26.923076923076927	43.63636363636364	47.61904761904761
Dialectal	19.999999999999996	45.04504504504504	37.68115942028986
Dialectal_normalizada	26.923076923076927	43.63636363636364	47.61904761904761