Transcripcion	Levenstein	Orden	Parcial
Estandar	25.24271844660194	45.42372881355933	46.78899082568807
Estandar_normalizada	26.455026455026452	44.52054794520548	48.5981308411215
Dialectal	25.24271844660194	45.42372881355933	46.78899082568807
Dialectal_normalizada	26.455026455026452	44.52054794520548	48.5981308411215