Transcripcion	Levenstein	Orden	Parcial
Estandar	26.595744680851062	53.90070921985816	43.05555555555556
Estandar_normalizada	30.000000000000004	53.23741007194245	48.529411764705884
Dialectal	26.595744680851062	53.90070921985816	43.05555555555556
Dialectal_normalizada	30.000000000000004	53.23741007194245	48.529411764705884