Transcripcion	Levenstein	Orden	Parcial
Estandar	20.68965517241379	42.42424242424242	33.07086614173228
Estandar_normalizada	25.581395348837212	40.0	43.56435643564357
Dialectal	20.68965517241379	42.42424242424242	33.07086614173228
Dialectal_normalizada	25.581395348837212	40.0	43.56435643564357