Transcripcion	Levenstein	Orden	Parcial
Estandar	82.14285714285714	86.86868686868688	86.0
Estandar_normalizada	86.53846153846155	86.86868686868688	89.79591836734694
Dialectal	82.14285714285714	86.86868686868688	86.0
Dialectal_normalizada	86.53846153846155	86.86868686868688	89.79591836734694