Transcripcion	Levenstein	Orden	Parcial
Estandar	50.370370370370374	75.10548523206751	71.96652719665272
Estandar_normalizada	54.47154471544715	75.10548523206751	76.27118644067797
Dialectal	50.370370370370374	75.10548523206751	71.96652719665272
Dialectal_normalizada	54.47154471544715	75.10548523206751	76.27118644067797