Transcripcion	Levenstein	Orden	Parcial
Estandar	50.0	48.78048780487805	66.66666666666667
Estandar_normalizada	50.0	48.78048780487805	73.6842105263158
Dialectal	50.0	48.78048780487805	66.66666666666667
Dialectal_normalizada	50.0	48.78048780487805	73.6842105263158