Transcripcion	Levenstein	Orden	Parcial
Estandar	78.78787878787878	82.14285714285714	87.71929824561404
Estandar_normalizada	82.75862068965517	82.14285714285714	90.9090909090909
Dialectal	78.78787878787878	82.14285714285714	87.71929824561404
Dialectal_normalizada	82.75862068965517	82.14285714285714	90.9090909090909