Transcripcion	Levenstein	Orden	Parcial
Estandar	26.315789473684216	35.61643835616438	54.94505494505495
Estandar_normalizada	27.67857142857143	35.61643835616438	63.1578947368421
Dialectal	26.315789473684216	35.61643835616438	54.94505494505495
Dialectal_normalizada	27.67857142857143	35.61643835616438	63.1578947368421