Transcripcion	Levenstein	Orden	Parcial
Estandar	2.020202020202022	9.80392156862745	28.57142857142857
Estandar_normalizada	4.123711340206182	7.920792079207917	50.0
Dialectal	2.020202020202022	9.80392156862745	28.57142857142857
Dialectal_normalizada	4.123711340206182	7.920792079207917	50.0