Transcripcion	Levenstein	Orden	Parcial
Estandar	62.68656716417911	77.06013363028953	72.39819004524887
Estandar_normalizada	67.47967479674797	77.06013363028953	76.63551401869158
Dialectal	62.68656716417911	77.06013363028953	72.39819004524887
Dialectal_normalizada	67.47967479674797	77.06013363028953	76.63551401869158