Transcripcion	Levenstein	Orden	Parcial
Estandar	11.764705882352944	41.32231404958677	38.167938931297705
Estandar_normalizada	15.384615384615385	41.32231404958677	43.956043956043956
Dialectal	11.764705882352944	41.32231404958677	38.167938931297705
Dialectal_normalizada	15.384615384615385	41.32231404958677	43.956043956043956