Transcripcion	Levenstein	Orden	Parcial
Estandar	21.95121951219512	38.888888888888886	42.42424242424242
Estandar_normalizada	16.216216216216218	38.888888888888886	42.42424242424242
Dialectal	21.95121951219512	38.888888888888886	42.42424242424242
Dialectal_normalizada	16.216216216216218	38.888888888888886	42.42424242424242