Transcripcion	Levenstein	Orden	Parcial
Estandar	50.34364261168385	65.71699905033239	65.32846715328466
Estandar_normalizada	54.826958105646625	64.8236415633937	70.20648967551622
Dialectal	50.34364261168385	65.71699905033239	65.32846715328466
Dialectal_normalizada	54.826958105646625	64.8236415633937	70.20648967551622