Transcripcion	Levenstein	Orden	Parcial
Estandar	26.241134751773053	42.708333333333336	49.20634920634921
Estandar_normalizada	26.77165354330708	42.708333333333336	55.855855855855864
Dialectal	26.241134751773053	42.708333333333336	49.20634920634921
Dialectal_normalizada	26.77165354330708	42.708333333333336	55.855855855855864