Transcripcion	Levenstein	Orden	Parcial
Estandar	56.25	74.07407407407408	74.57627118644068
Estandar_normalizada	53.57142857142857	74.07407407407408	76.36363636363637
Dialectal	56.25	74.07407407407408	74.57627118644068
Dialectal_normalizada	53.57142857142857	74.07407407407408	76.36363636363637