Transcripcion	Levenstein	Orden	Parcial
Estandar	40.35087719298246	59.80392156862745	59.067357512953365
Estandar_normalizada	49.557522123893804	59.11330049261083	66.29213483146069
Dialectal	40.35087719298246	59.80392156862745	59.067357512953365
Dialectal_normalizada	49.557522123893804	59.11330049261083	66.29213483146069