Transcripcion	Levenstein	Orden	Parcial
Estandar	64.55696202531645	68.05555555555556	76.38888888888889
Estandar_normalizada	70.66666666666667	68.05555555555556	80.28169014084507
Dialectal	64.55696202531645	68.05555555555556	76.38888888888889
Dialectal_normalizada	70.66666666666667	68.05555555555556	80.28169014084507