Transcripcion	Levenstein	Orden	Parcial
Estandar	42.48704663212435	58.345021037868165	58.88738127544097
Estandar_normalizada	44.628099173553714	57.74647887323944	60.47819971870605
Dialectal	42.48704663212435	58.345021037868165	58.88738127544097
Dialectal_normalizada	44.628099173553714	57.74647887323944	60.47819971870605