Transcripcion	Levenstein	Orden	Parcial
Estandar	30.14354066985646	52.38095238095239	60.67415730337078
Estandar_normalizada	34.78260869565217	53.012048192771076	63.85542168674698
Dialectal	30.14354066985646	52.38095238095239	60.67415730337078
Dialectal_normalizada	34.78260869565217	53.012048192771076	63.85542168674698