Transcripcion	Levenstein	Orden	Parcial
Estandar	20.833333333333336	41.17647058823529	53.84615384615385
Estandar_normalizada	22.72727272727273	41.17647058823529	56.00000000000001
Dialectal	20.833333333333336	41.17647058823529	53.84615384615385
Dialectal_normalizada	22.72727272727273	41.17647058823529	56.00000000000001