Transcripcion	Levenstein	Orden	Parcial
Estandar	15.789473684210531	27.586206896551722	41.666666666666664
Estandar_normalizada	15.957446808510634	27.586206896551722	47.05882352941176
Dialectal	15.789473684210531	27.586206896551722	41.666666666666664
Dialectal_normalizada	15.957446808510634	27.586206896551722	47.05882352941176