Transcripcion	Levenstein	Orden	Parcial
Estandar	49.27536231884058	59.25925925925925	53.333333333333336
Estandar_normalizada	56.75675675675676	60.215053763440864	67.41573033707866
Dialectal	49.27536231884058	59.25925925925925	53.333333333333336
Dialectal_normalizada	56.75675675675676	60.215053763440864	67.41573033707866