Transcripcion	Levenstein	Orden	Parcial
Estandar	48.38709677419355	66.97674418604652	64.54545454545455
Estandar_normalizada	52.67857142857143	66.97674418604652	68.5185185185185
Dialectal	48.38709677419355	66.97674418604652	64.54545454545455
Dialectal_normalizada	52.67857142857143	66.97674418604652	68.5185185185185