Transcripcion	Levenstein	Orden	Parcial
Estandar	50.31712473572938	70.20408163265306	68.81405563689604
Estandar_normalizada	53.52112676056338	69.67213114754098	73.81316998468607
Dialectal	50.31712473572938	70.20408163265306	68.81405563689604
Dialectal_normalizada	53.52112676056338	69.67213114754098	73.81316998468607