Transcripcion	Levenstein	Orden	Parcial
Estandar	58.44155844155844	70.9090909090909	70.0
Estandar_normalizada	67.16417910447761	70.9090909090909	80.85106382978724
Dialectal	58.44155844155844	70.9090909090909	70.0
Dialectal_normalizada	67.16417910447761	70.9090909090909	80.85106382978724