Transcripcion	Levenstein	Orden	Parcial
Estandar	21.95121951219512	35.89743589743589	42.10526315789473
Estandar_normalizada	21.875	36.8421052631579	42.85714285714286
Dialectal	21.95121951219512	35.89743589743589	42.10526315789473
Dialectal_normalizada	21.875	36.8421052631579	42.85714285714286