Transcripcion	Levenstein	Orden	Parcial
Estandar	60.41666666666667	68.96551724137932	72.82608695652173
Estandar_normalizada	66.66666666666667	68.96551724137932	75.15151515151514
Dialectal	60.41666666666667	68.96551724137932	72.82608695652173
Dialectal_normalizada	66.66666666666667	68.96551724137932	75.15151515151514