Transcripcion	Levenstein	Orden	Parcial
Estandar	76.76767676767678	78.16091954022988	87.8048780487805
Estandar_normalizada	78.94736842105263	78.16091954022988	87.65432098765432
Dialectal	76.76767676767678	78.16091954022988	87.8048780487805
Dialectal_normalizada	78.94736842105263	78.16091954022988	87.65432098765432