Transcripcion	Levenstein	Orden	Parcial
Estandar	22.093023255813947	44.44444444444444	46.808510638297875
Estandar_normalizada	22.352941176470587	44.44444444444444	51.162790697674424
Dialectal	22.093023255813947	44.44444444444444	46.808510638297875
Dialectal_normalizada	22.352941176470587	44.44444444444444	51.162790697674424