Transcripcion	Levenstein	Orden	Parcial
Estandar	60.0	73.17073170731707	76.92307692307692
Estandar_normalizada	66.66666666666667	73.17073170731707	83.33333333333334
Dialectal	60.0	73.17073170731707	76.92307692307692
Dialectal_normalizada	66.66666666666667	73.17073170731707	83.33333333333334