Transcripcion	Levenstein	Orden	Parcial
Estandar	19.565217391304344	33.333333333333336	36.0
Estandar_normalizada	19.565217391304344	27.692307692307693	50.0
Dialectal	19.565217391304344	33.333333333333336	36.0
Dialectal_normalizada	19.565217391304344	27.692307692307693	50.0