Transcripcion	Levenstein	Orden	Parcial
Estandar	30.000000000000004	43.07692307692308	48.14814814814815
Estandar_normalizada	34.210526315789465	43.07692307692308	51.85185185185186
Dialectal	30.000000000000004	43.07692307692308	48.14814814814815
Dialectal_normalizada	34.210526315789465	43.07692307692308	51.85185185185186