Transcripcion	Levenstein	Orden	Parcial
Estandar	20.833333333333336	27.77777777777778	34.48275862068966
Estandar_normalizada	22.72727272727273	27.77777777777778	40.0
Dialectal	20.833333333333336	27.77777777777778	34.48275862068966
Dialectal_normalizada	22.72727272727273	27.77777777777778	40.0