Transcripcion	Levenstein	Orden	Parcial
Estandar	16.346153846153843	33.61344537815126	46.666666666666664
Estandar_normalizada	17.021276595744684	32.758620689655174	48.275862068965516
Dialectal	16.346153846153843	33.61344537815126	46.666666666666664
Dialectal_normalizada	17.021276595744684	32.758620689655174	48.275862068965516