Transcripcion	Levenstein	Orden	Parcial
Estandar	34.78260869565217	41.17647058823529	52.94117647058824
Estandar_normalizada	47.36842105263158	41.17647058823529	58.82352941176471
Dialectal	34.78260869565217	41.17647058823529	52.94117647058824
Dialectal_normalizada	47.36842105263158	41.17647058823529	58.82352941176471