Transcripcion	Levenstein	Orden	Parcial
Estandar	63.07277628032345	81.54362416107382	74.20494699646642
Estandar_normalizada	68.80466472303208	81.81818181818181	79.4007490636704
Dialectal	63.07277628032345	81.54362416107382	74.20494699646642
Dialectal_normalizada	68.80466472303208	81.81818181818181	79.4007490636704