Transcripcion	Levenstein	Orden	Parcial
Estandar	32.432432432432435	44.66019417475729	50.45045045045045
Estandar_normalizada	34.48275862068966	44.66019417475729	55.319148936170215
Dialectal	32.432432432432435	44.66019417475729	50.45045045045045
Dialectal_normalizada	34.48275862068966	44.66019417475729	55.319148936170215