Transcripcion	Levenstein	Orden	Parcial
Estandar	11.267605633802813	31.428571428571427	36.36363636363637
Estandar_normalizada	15.789473684210531	32.35294117647059	43.24324324324324
Dialectal	11.267605633802813	31.428571428571427	36.36363636363637
Dialectal_normalizada	15.789473684210531	32.35294117647059	43.24324324324324