Transcripcion	Levenstein	Orden	Parcial
Estandar	60.0	69.84126984126983	71.875
Estandar_normalizada	64.70588235294117	69.84126984126983	73.6842105263158
Dialectal	60.0	69.84126984126983	71.875
Dialectal_normalizada	64.70588235294117	69.84126984126983	73.6842105263158