Transcripcion	Levenstein	Orden	Parcial
Estandar	8.860759493670889	23.188405797101453	50.0
Estandar_normalizada	11.940298507462687	23.880597014925375	50.0
Dialectal	8.860759493670889	23.188405797101453	50.0
Dialectal_normalizada	11.940298507462687	23.880597014925375	50.0