Transcripcion	Levenstein	Orden	Parcial
Estandar	31.666666666666664	35.13513513513513	51.85185185185186
Estandar_normalizada	36.0	35.13513513513513	55.319148936170215
Dialectal	31.666666666666664	35.13513513513513	51.85185185185186
Dialectal_normalizada	36.0	35.13513513513513	55.319148936170215