Transcripcion	Levenstein	Orden	Parcial
Estandar	44.8051948051948	64.5418326693227	72.17391304347827
Estandar_normalizada	48.630136986301366	64.5418326693227	76.27906976744185
Dialectal	44.8051948051948	64.5418326693227	72.17391304347827
Dialectal_normalizada	48.630136986301366	64.5418326693227	76.27906976744185