Transcripcion	Levenstein	Orden	Parcial
Estandar	20.895522388059707	38.20224719101124	38.70967741935484
Estandar_normalizada	22.95081967213115	38.20224719101124	41.93548387096774
Dialectal	20.895522388059707	38.20224719101124	38.70967741935484
Dialectal_normalizada	22.95081967213115	38.20224719101124	41.93548387096774