Transcripcion	Levenstein	Orden	Parcial
Estandar	51.65562913907284	65.75342465753424	76.28865979381443
Estandar_normalizada	58.95522388059702	66.05504587155964	79.16666666666666
Dialectal	51.65562913907284	65.75342465753424	76.28865979381443
Dialectal_normalizada	58.95522388059702	66.05504587155964	79.16666666666666