Transcripcion	Levenstein	Orden	Parcial
Estandar	19.444444444444443	48.71794871794872	42.85714285714286
Estandar_normalizada	25.49019607843137	48.71794871794872	48.57142857142858
Dialectal	19.444444444444443	48.71794871794872	42.85714285714286
Dialectal_normalizada	25.49019607843137	48.71794871794872	48.57142857142858