Transcripcion	Levenstein	Orden	Parcial
Estandar	47.05882352941176	69.60352422907489	64.37768240343348
Estandar_normalizada	54.35684647302905	69.75717439293598	70.77625570776256
Dialectal	47.05882352941176	69.60352422907489	64.37768240343348
Dialectal_normalizada	54.35684647302905	69.75717439293598	70.77625570776256