Transcripcion	Levenstein	Orden	Parcial
Estandar	60.0	91.42857142857143	81.25
Estandar_normalizada	76.19047619047619	91.42857142857143	81.25
Dialectal	60.0	91.42857142857143	81.25
Dialectal_normalizada	76.19047619047619	91.42857142857143	81.25