Transcripcion	Levenstein	Orden	Parcial
Estandar	64.80938416422288	75.08417508417509	74.83443708609272
Estandar_normalizada	68.78980891719746	74.53625632377741	79.38144329896907
Dialectal	62.72727272727272	74.09948542024014	75.16556291390728
Dialectal_normalizada	66.33663366336633	73.53951890034365	78.69415807560138