Transcripcion	Levenstein	Orden	Parcial
Estandar	32.06106870229007	55.51601423487544	55.140186915887845
Estandar_normalizada	39.06976744186047	55.91397849462365	67.32673267326732
Dialectal	32.06106870229007	55.51601423487544	55.140186915887845
Dialectal_normalizada	39.06976744186047	55.91397849462365	67.32673267326732