Transcripcion	Levenstein	Orden	Parcial
Estandar	49.62406015037594	69.07894736842105	65.06276150627615
Estandar_normalizada	53.55648535564854	69.07894736842105	69.6528555431131
Dialectal	49.335863377609115	69.23925027563396	64.98422712933754
Dialectal_normalizada	53.276955602537	69.23925027563396	69.5945945945946