Transcripcion	Levenstein	Orden	Parcial
Estandar	60.86956521739131	56.17977528089888	77.5
Estandar_normalizada	67.3913043478261	56.17977528089888	77.64705882352942
Dialectal	60.86956521739131	56.17977528089888	77.5
Dialectal_normalizada	67.3913043478261	56.17977528089888	77.64705882352942