Transcripcion	Levenstein	Orden	Parcial
Estandar	56.346749226006196	75.43554006968641	70.26116259477675
Estandar_normalizada	60.98807495741057	74.4960560911481	76.16580310880829
Dialectal	56.19195046439629	75.08710801393728	70.2020202020202
Dialectal_normalizada	60.81771720613287	74.67134092900965	75.99309153713298