Transcripcion	Levenstein	Orden	Parcial
Estandar	55.00000000000001	92.3076923076923	91.66666666666666
Estandar_normalizada	75.0	92.3076923076923	100.0
Dialectal	55.00000000000001	92.3076923076923	91.66666666666666
Dialectal_normalizada	75.0	92.3076923076923	100.0