Transcripcion	Levenstein	Orden	Parcial
Estandar	59.01162790697674	77.58478081058726	73.18611987381703
Estandar_normalizada	63.84000000000001	77.64900662251655	78.04878048780488
Dialectal	58.62573099415205	77.17842323651453	72.87066246056783
Dialectal_normalizada	63.285024154589365	77.24252491694352	77.72357723577235