Transcripcion	Levenstein	Orden	Parcial
Estandar	57.91044776119403	73.56746765249538	67.76556776556777
Estandar_normalizada	63.0	73.33333333333334	72.83236994219652
Dialectal	57.65765765765766	73.46938775510203	67.3992673992674
Dialectal_normalizada	62.75167785234898	73.23420074349443	72.58687258687259