Transcripcion	Levenstein	Orden	Parcial
Estandar	24.22360248447205	38.49372384937239	38.095238095238095
Estandar_normalizada	28.846153846153843	37.81512605042017	44.680851063829785
Dialectal	24.22360248447205	38.49372384937239	38.095238095238095
Dialectal_normalizada	28.846153846153843	37.81512605042017	44.680851063829785