Transcripcion	Levenstein	Orden	Parcial
Estandar	18.181818181818176	31.372549019607842	35.0
Estandar_normalizada	19.736842105263154	31.372549019607842	42.42424242424242
Dialectal	18.181818181818176	31.372549019607842	35.0
Dialectal_normalizada	19.736842105263154	31.372549019607842	42.42424242424242