Transcripcion	Levenstein	Orden	Parcial
Estandar	61.78548490687219	78.13620071684588	71.14147909967845
Estandar_normalizada	67.9771265189421	78.34064619066613	77.116512992456
Dialectal	61.518661518661524	77.99043062200957	70.9807073954984
Dialectal_normalizada	67.69340974212035	78.19488817891373	77.03269069572507