Transcripcion	Levenstein	Orden	Parcial
Estandar	27.222222222222225	47.48201438848921	41.14832535885168
Estandar_normalizada	29.09090909090909	47.65342960288809	44.44444444444444
Dialectal	27.52808988764045	47.82608695652174	41.34615384615385
Dialectal_normalizada	28.834355828220858	48.0	44.44444444444444