Transcripcion	Levenstein	Orden	Parcial
Estandar	52.26480836236933	66.19385342789599	69.6078431372549
Estandar_normalizada	59.76095617529881	65.71428571428571	75.53191489361703
Dialectal	52.26480836236933	66.19385342789599	69.6078431372549
Dialectal_normalizada	59.76095617529881	65.71428571428571	75.53191489361703