Transcripcion	Levenstein	Orden	Parcial
Estandar	62.5	71.54471544715447	71.1297071129707
Estandar_normalizada	66.54275092936803	70.75664621676891	77.92207792207793
Dialectal	62.5	71.54471544715447	71.1297071129707
Dialectal_normalizada	66.54275092936803	70.75664621676891	77.92207792207793