Transcripcion	Levenstein	Orden	Parcial
Estandar	55.660377358490564	79.19463087248322	74.64788732394366
Estandar_normalizada	65.55555555555556	79.19463087248322	79.10447761194031
Dialectal	55.660377358490564	79.19463087248322	74.64788732394366
Dialectal_normalizada	65.55555555555556	79.19463087248322	79.10447761194031