Transcripcion	Levenstein	Orden	Parcial
Estandar	59.13978494623655	85.71428571428572	87.71929824561404
Estandar_normalizada	67.5	85.71428571428572	92.72727272727272
Dialectal	59.13978494623655	85.71428571428572	87.71929824561404
Dialectal_normalizada	67.5	85.71428571428572	92.72727272727272