Transcripcion	Levenstein	Orden	Parcial
Estandar	33.1096196868009	50.959860383944154	72.43243243243242
Estandar_normalizada	36.117936117936125	50.61511423550088	74.78753541076487
Dialectal	32.87981859410431	51.146384479717824	71.86629526462396
Dialectal_normalizada	35.91022443890274	50.79928952042629	74.35158501440921