Transcripcion	Levenstein	Orden	Parcial
Estandar	7.608695652173914	21.176470588235297	41.666666666666664
Estandar_normalizada	9.876543209876543	21.42857142857143	50.0
Dialectal	7.608695652173914	21.176470588235297	41.666666666666664
Dialectal_normalizada	9.876543209876543	21.42857142857143	50.0