Transcripcion	Levenstein	Orden	Parcial
Estandar	61.111111111111114	100.0	84.61538461538461
Estandar_normalizada	85.71428571428572	100.0	100.0
Dialectal	61.111111111111114	100.0	84.61538461538461
Dialectal_normalizada	85.71428571428572	100.0	100.0