Transcripcion	Levenstein	Orden	Parcial
Estandar	66.66666666666667	85.71428571428572	81.81818181818181
Estandar_normalizada	78.78787878787878	85.71428571428572	84.375
Dialectal	66.66666666666667	85.71428571428572	81.81818181818181
Dialectal_normalizada	78.78787878787878	85.71428571428572	84.375