Transcripcion	Levenstein	Orden	Parcial
Estandar	23.42342342342343	38.372093023255815	38.74999999999999
Estandar_normalizada	24.761904761904763	38.8235294117647	41.379310344827594
Dialectal	23.42342342342343	38.372093023255815	38.74999999999999
Dialectal_normalizada	24.761904761904763	38.8235294117647	41.379310344827594