Transcripcion	Levenstein	Orden	Parcial
Estandar	45.91078066914498	62.46122026887279	61.00307062436028
Estandar_normalizada	48.818897637795274	62.59067357512953	66.05080831408776
Dialectal	45.86466165413534	63.47554630593133	61.79196704428425
Dialectal_normalizada	49.60629921259843	63.60792492179353	66.97674418604652