Transcripcion	Levenstein	Orden	Parcial
Estandar	21.333333333333336	46.93877551020408	48.64864864864865
Estandar_normalizada	26.15384615384615	46.93877551020408	52.3076923076923
Dialectal	21.333333333333336	46.93877551020408	45.945945945945944
Dialectal_normalizada	26.15384615384615	46.93877551020408	52.3076923076923