Transcripcion	Levenstein	Orden	Parcial
Estandar	67.0487106017192	78.27586206896552	77.30263157894737
Estandar_normalizada	71.61290322580645	78.41105354058722	80.56537102473497
Dialectal	67.0487106017192	78.27586206896552	77.30263157894737
Dialectal_normalizada	71.61290322580645	78.41105354058722	80.56537102473497