Transcripcion	Levenstein	Orden	Parcial
Estandar	63.97849462365591	83.94160583941606	79.23076923076923
Estandar_normalizada	73.00613496932516	84.98168498168498	85.48387096774194
Dialectal	63.97849462365591	83.94160583941606	79.23076923076923
Dialectal_normalizada	73.00613496932516	84.98168498168498	85.48387096774194