Transcripcion	Levenstein	Orden	Parcial
Estandar	12.16216216216216	24.390243902439025	46.666666666666664
Estandar_normalizada	11.428571428571432	24.390243902439025	48.0
Dialectal	12.16216216216216	24.390243902439025	46.666666666666664
Dialectal_normalizada	11.428571428571432	24.390243902439025	48.0