Transcripcion	Levenstein	Orden	Parcial
Estandar	44.18604651162791	75.47169811320755	64.86486486486487
Estandar_normalizada	58.82352941176471	76.92307692307692	80.0
Dialectal	44.18604651162791	75.47169811320755	64.86486486486487
Dialectal_normalizada	58.82352941176471	76.92307692307692	80.0