Transcripcion	Levenstein	Orden	Parcial
Estandar	52.0	85.71428571428572	70.27027027027026
Estandar_normalizada	59.523809523809526	85.71428571428572	77.14285714285715
Dialectal	52.0	85.71428571428572	70.27027027027026
Dialectal_normalizada	59.523809523809526	85.71428571428572	77.14285714285715