Transcripcion	Levenstein	Orden	Parcial
Estandar	66.32124352331607	79.60526315789474	72.90322580645162
Estandar_normalizada	71.9298245614035	79.60526315789474	78.76712328767124
Dialectal	66.32124352331607	79.60526315789474	72.90322580645162
Dialectal_normalizada	71.9298245614035	79.60526315789474	78.76712328767124