Transcripcion	Levenstein	Orden	Parcial
Estandar	69.87951807228916	86.36363636363636	84.28571428571429
Estandar_normalizada	83.09859154929578	86.36363636363636	91.04477611940298
Dialectal	69.87951807228916	86.36363636363636	84.28571428571429
Dialectal_normalizada	83.09859154929578	86.36363636363636	91.04477611940298