Transcripcion	Levenstein	Orden	Parcial
Estandar	53.623188405797094	67.52136752136752	87.12871287128714
Estandar_normalizada	57.03703703703704	67.52136752136752	90.15544041450777
Dialectal	53.623188405797094	67.52136752136752	87.12871287128714
Dialectal_normalizada	57.03703703703704	67.52136752136752	90.15544041450777