Transcripcion	Levenstein	Orden	Parcial
Estandar	67.84565916398714	85.21400778210116	77.41935483870968
Estandar_normalizada	77.22419928825623	87.05882352941177	83.47826086956522
Dialectal	67.84565916398714	85.21400778210116	77.41935483870968
Dialectal_normalizada	77.22419928825623	87.05882352941177	83.47826086956522