Transcripcion	Levenstein	Orden	Parcial
Estandar	20.588235294117652	31.32530120481928	42.307692307692314
Estandar_normalizada	22.22222222222222	31.32530120481928	50.0
Dialectal	20.588235294117652	31.32530120481928	42.307692307692314
Dialectal_normalizada	22.22222222222222	31.32530120481928	50.0