Transcripcion	Levenstein	Orden	Parcial
Estandar	67.77777777777779	82.35294117647058	75.38461538461539
Estandar_normalizada	73.41772151898735	82.96296296296296	80.0
Dialectal	67.77777777777779	82.35294117647058	75.38461538461539
Dialectal_normalizada	73.41772151898735	82.96296296296296	80.0