Transcripcion	Levenstein	Orden	Parcial
Estandar	21.62162162162162	37.735849056603776	41.666666666666664
Estandar_normalizada	18.181818181818176	37.735849056603776	42.85714285714286
Dialectal	21.62162162162162	37.735849056603776	41.666666666666664
Dialectal_normalizada	18.181818181818176	37.735849056603776	42.85714285714286