Transcripcion	Levenstein	Orden	Parcial
Estandar	18.309859154929576	52.77777777777778	54.16666666666667
Estandar_normalizada	24.561403508771928	51.42857142857142	63.63636363636363
Dialectal	18.309859154929576	52.77777777777778	54.16666666666667
Dialectal_normalizada	24.561403508771928	51.42857142857142	63.63636363636363