Transcripcion	Levenstein	Orden	Parcial
Estandar	66.06334841628959	86.21700879765396	81.32530120481928
Estandar_normalizada	76.41025641025641	86.47058823529412	90.0
Dialectal	66.06334841628959	86.21700879765396	81.32530120481928
Dialectal_normalizada	76.41025641025641	86.47058823529412	90.0