Transcripcion	Levenstein	Orden	Parcial
Estandar	30.188679245283023	45.56962025316456	51.42857142857142
Estandar_normalizada	31.914893617021278	45.56962025316456	51.42857142857142
Dialectal	30.188679245283023	45.56962025316456	51.42857142857142
Dialectal_normalizada	31.914893617021278	45.56962025316456	51.42857142857142