Transcripcion	Levenstein	Orden	Parcial
Estandar	73.17073170731707	83.80634390651085	76.45051194539249
Estandar_normalizada	79.84848484848484	84.01673640167364	82.0738137082601
Dialectal	73.17073170731707	83.80634390651085	76.45051194539249
Dialectal_normalizada	79.84848484848484	84.01673640167364	82.0738137082601