Transcripcion	Levenstein	Orden	Parcial
Estandar	78.78787878787878	100.0	92.85714285714286
Estandar_normalizada	93.10344827586206	100.0	100.0
Dialectal	78.78787878787878	100.0	92.85714285714286
Dialectal_normalizada	93.10344827586206	100.0	100.0