Transcripcion	Levenstein	Orden	Parcial
Estandar	61.73469387755102	86.54545454545455	71.7557251908397
Estandar_normalizada	71.95121951219512	87.59124087591242	77.04918032786885
Dialectal	61.73469387755102	86.54545454545455	71.7557251908397
Dialectal_normalizada	71.95121951219512	87.59124087591242	77.04918032786885