Transcripcion	Levenstein	Orden	Parcial
Estandar	55.6338028169014	78.36734693877551	68.65671641791045
Estandar_normalizada	57.692307692307686	77.8688524590164	78.9237668161435
Dialectal	55.6338028169014	78.36734693877551	68.65671641791045
Dialectal_normalizada	57.692307692307686	77.8688524590164	78.9237668161435