Transcripcion	Levenstein	Orden	Parcial
Estandar	85.29411764705883	100.0	86.20689655172413
Estandar_normalizada	93.33333333333333	100.0	94.64285714285714
Dialectal	85.29411764705883	100.0	86.20689655172413
Dialectal_normalizada	93.33333333333333	100.0	94.64285714285714