Transcripcion	Levenstein	Orden	Parcial
Estandar	61.40350877192983	80.4733727810651	75.90361445783132
Estandar_normalizada	69.79166666666667	77.84431137724552	81.81818181818181
Dialectal	61.40350877192983	80.4733727810651	75.90361445783132
Dialectal_normalizada	69.79166666666667	77.84431137724552	81.81818181818181