Transcripcion	Levenstein	Orden	Parcial
Estandar	71.26436781609196	86.81318681318682	84.49612403100775
Estandar_normalizada	76.7515923566879	86.81318681318682	89.95983935742971
Dialectal	71.26436781609196	86.81318681318682	84.49612403100775
Dialectal_normalizada	76.7515923566879	86.81318681318682	89.95983935742971