Transcripcion	Levenstein	Orden	Parcial
Estandar	56.62650602409638	75.2	94.33962264150944
Estandar_normalizada	58.97435897435898	75.2	97.95918367346938
Dialectal	56.62650602409638	75.2	94.33962264150944
Dialectal_normalizada	58.97435897435898	75.2	97.95918367346938