Transcripcion	Levenstein	Orden	Parcial
Estandar	31.25	41.666666666666664	38.095238095238095
Estandar_normalizada	28.57142857142857	41.666666666666664	42.85714285714286
Dialectal	31.25	41.666666666666664	38.095238095238095
Dialectal_normalizada	28.57142857142857	41.666666666666664	42.85714285714286