Transcripcion	Levenstein	Orden	Parcial
Estandar	62.96296296296296	68.18181818181819	80.85106382978724
Estandar_normalizada	69.56521739130434	68.18181818181819	86.36363636363636
Dialectal	62.96296296296296	68.18181818181819	80.85106382978724
Dialectal_normalizada	69.56521739130434	68.18181818181819	86.36363636363636