Transcripcion	Levenstein	Orden	Parcial
Estandar	72.64437689969606	87.33944954128441	75.75757575757575
Estandar_normalizada	81.75675675675676	87.29281767955801	84.16988416988417
Dialectal	72.64437689969606	87.33944954128441	75.75757575757575
Dialectal_normalizada	81.75675675675676	87.29281767955801	84.16988416988417