Transcripcion	Levenstein	Orden	Parcial
Estandar	86.66666666666667	92.45283018867924	90.74074074074075
Estandar_normalizada	91.07142857142857	92.45283018867924	92.3076923076923
Dialectal	86.66666666666667	92.45283018867924	90.74074074074075
Dialectal_normalizada	91.07142857142857	92.45283018867924	92.3076923076923