Transcripcion	Levenstein	Orden	Parcial
Estandar	5.932203389830503	6.349206349206349	27.27272727272727
Estandar_normalizada	6.8376068376068355	6.399999999999995	33.333333333333336
Dialectal	5.932203389830503	6.349206349206349	27.27272727272727
Dialectal_normalizada	6.8376068376068355	6.399999999999995	33.333333333333336