Transcripcion	Levenstein	Orden	Parcial
Estandar	66.33663366336633	85.51724137931033	74.45255474452554
Estandar_normalizada	76.19047619047619	86.11111111111111	81.88976377952756
Dialectal	66.33663366336633	85.51724137931033	74.45255474452554
Dialectal_normalizada	76.19047619047619	86.11111111111111	81.88976377952756