Transcripcion	Levenstein	Orden	Parcial
Estandar	50.5050505050505	65.69343065693431	67.21311475409837
Estandar_normalizada	58.33333333333333	64.70588235294117	74.13793103448276
Dialectal	50.5050505050505	65.69343065693431	67.21311475409837
Dialectal_normalizada	58.33333333333333	64.70588235294117	74.13793103448276