Transcripcion	Levenstein	Orden	Parcial
Estandar	43.75	66.66666666666667	61.53846153846154
Estandar_normalizada	41.666666666666664	66.66666666666667	75.0
Dialectal	43.75	66.66666666666667	61.53846153846154
Dialectal_normalizada	41.666666666666664	66.66666666666667	75.0