Transcripcion	Levenstein	Orden	Parcial
Estandar	41.04477611940298	76.05633802816901	55.172413793103445
Estandar_normalizada	50.0	76.59574468085107	67.85714285714286
Dialectal	41.04477611940298	76.05633802816901	55.172413793103445
Dialectal_normalizada	50.0	76.59574468085107	67.85714285714286