Transcripcion	Levenstein	Orden	Parcial
Estandar	21.62162162162162	36.66666666666667	38.834951456310684
Estandar_normalizada	21.212121212121215	36.66666666666667	44.21052631578948
Dialectal	21.62162162162162	36.66666666666667	38.834951456310684
Dialectal_normalizada	21.212121212121215	36.66666666666667	44.21052631578948