Transcripcion	Levenstein	Orden	Parcial
Estandar	32.8125	48.484848484848484	61.53846153846154
Estandar_normalizada	40.0	50.0	69.56521739130434
Dialectal	32.8125	48.484848484848484	61.53846153846154
Dialectal_normalizada	40.0	50.0	69.56521739130434