Transcripcion	Levenstein	Orden	Parcial
Estandar	57.692307692307686	94.11764705882352	72.72727272727273
Estandar_normalizada	80.0	94.11764705882352	88.23529411764706
Dialectal	57.692307692307686	94.11764705882352	72.72727272727273
Dialectal_normalizada	80.0	94.11764705882352	88.23529411764706