Transcripcion	Levenstein	Orden	Parcial
Estandar	75.0	87.46518105849582	82.10526315789474
Estandar_normalizada	82.4468085106383	87.46518105849582	88.08864265927978
Dialectal	75.0	87.46518105849582	82.10526315789474
Dialectal_normalizada	82.4468085106383	87.46518105849582	88.08864265927978