Transcripcion	Levenstein	Orden	Parcial
Estandar	64.0	70.0	76.19047619047619
Estandar_normalizada	66.66666666666667	70.0	84.21052631578947
Dialectal	64.0	70.0	76.19047619047619
Dialectal_normalizada	66.66666666666667	70.0	84.21052631578947