Transcripcion	Levenstein	Orden	Parcial
Estandar	70.74829931972789	74.4186046511628	75.73529411764706
Estandar_normalizada	75.55555555555556	74.4186046511628	81.3953488372093
Dialectal	70.74829931972789	74.4186046511628	75.73529411764706
Dialectal_normalizada	75.55555555555556	74.4186046511628	81.3953488372093