Transcripcion	Levenstein	Orden	Parcial
Estandar	19.999999999999996	30.76923076923077	41.379310344827594
Estandar_normalizada	23.684210526315784	31.372549019607842	42.85714285714286
Dialectal	19.999999999999996	30.76923076923077	41.379310344827594
Dialectal_normalizada	23.684210526315784	31.372549019607842	42.85714285714286