Transcripcion	Levenstein	Orden	Parcial
Estandar	69.27710843373494	77.77777777777779	79.35483870967742
Estandar_normalizada	76.66666666666666	77.77777777777779	84.93150684931507
Dialectal	69.27710843373494	77.77777777777779	79.35483870967742
Dialectal_normalizada	76.66666666666666	77.77777777777779	84.93150684931507