Transcripcion	Levenstein	Orden	Parcial
Estandar	26.086956521739136	43.24324324324324	42.42424242424242
Estandar_normalizada	23.809523809523814	43.24324324324324	43.75
Dialectal	26.086956521739136	43.24324324324324	42.42424242424242
Dialectal_normalizada	23.809523809523814	43.24324324324324	43.75