Transcripcion	Levenstein	Orden	Parcial
Estandar	71.42857142857143	84.84848484848484	87.5
Estandar_normalizada	78.94736842105263	84.84848484848484	100.0
Dialectal	71.42857142857143	84.84848484848484	87.5
Dialectal_normalizada	78.94736842105263	84.84848484848484	100.0