Transcripcion	Levenstein	Orden	Parcial
Estandar	3.2258064516129004	7.692307692307687	19.999999999999996
Estandar_normalizada	4.1666666666666625	7.692307692307687	40.0
Dialectal	3.2258064516129004	7.692307692307687	19.999999999999996
Dialectal_normalizada	4.1666666666666625	7.692307692307687	40.0