Transcripcion	Levenstein	Orden	Parcial
Estandar	27.631578947368418	50.526315789473685	49.382716049382715
Estandar_normalizada	29.032258064516125	50.526315789473685	55.00000000000001
Dialectal	27.631578947368418	50.526315789473685	49.382716049382715
Dialectal_normalizada	29.032258064516125	50.526315789473685	55.00000000000001