Transcripcion	Levenstein	Orden	Parcial
Estandar	71.42857142857143	72.34042553191489	82.35294117647058
Estandar_normalizada	80.0	72.34042553191489	95.65217391304348
Dialectal	71.42857142857143	72.34042553191489	82.35294117647058
Dialectal_normalizada	80.0	72.34042553191489	95.65217391304348