Transcripcion	Levenstein	Orden	Parcial
Estandar	70.37037037037037	84.5360824742268	92.13483146067416
Estandar_normalizada	74.07407407407408	84.5360824742268	94.25287356321839
Dialectal	70.37037037037037	84.5360824742268	92.13483146067416
Dialectal_normalizada	74.07407407407408	84.5360824742268	94.25287356321839