Transcripcion	Levenstein	Orden	Parcial
Estandar	76.08695652173914	82.41469816272966	79.25531914893618
Estandar_normalizada	81.51658767772511	81.57894736842105	84.06593406593407
Dialectal	76.08695652173914	82.41469816272966	79.25531914893618
Dialectal_normalizada	81.51658767772511	81.57894736842105	84.06593406593407