Transcripcion	Levenstein	Orden	Parcial
Estandar	73.35907335907336	86.0576923076923	83.49514563106796
Estandar_normalizada	82.25108225108225	86.0576923076923	87.93969849246231
Dialectal	73.54085603112841	86.47342995169083	84.46601941747574
Dialectal_normalizada	82.53275109170306	86.47342995169083	88.94472361809045