Transcripcion	Levenstein	Orden	Parcial
Estandar	80.88235294117648	99.11504424778761	93.33333333333333
Estandar_normalizada	91.66666666666666	99.11504424778761	98.24561403508771
Dialectal	80.88235294117648	99.11504424778761	93.33333333333333
Dialectal_normalizada	91.66666666666666	99.11504424778761	98.24561403508771