Transcripcion	Levenstein	Orden	Parcial
Estandar	14.70588235294118	35.89743589743589	40.0
Estandar_normalizada	17.85714285714286	35.89743589743589	42.85714285714286
Dialectal	14.70588235294118	35.89743589743589	40.0
Dialectal_normalizada	17.85714285714286	35.89743589743589	42.85714285714286