Transcripcion	Levenstein	Orden	Parcial
Estandar	68.57142857142857	75.92592592592592	74.07407407407408
Estandar_normalizada	80.0	75.92592592592592	81.9047619047619
Dialectal	68.57142857142857	75.92592592592592	74.07407407407408
Dialectal_normalizada	80.0	75.92592592592592	81.9047619047619