Transcripcion	Levenstein	Orden	Parcial
Estandar	83.33333333333334	100.0	88.0
Estandar_normalizada	92.3076923076923	100.0	95.83333333333334
Dialectal	83.33333333333334	100.0	88.0
Dialectal_normalizada	92.3076923076923	100.0	95.83333333333334