Transcripcion	Levenstein	Orden	Parcial
Estandar	90.990990990991	100.0	94.28571428571428
Estandar_normalizada	97.14285714285714	100.0	98.0392156862745
Dialectal	90.990990990991	100.0	94.28571428571428
Dialectal_normalizada	97.14285714285714	100.0	98.0392156862745