Transcripcion	Levenstein	Orden	Parcial
Estandar	62.43781094527363	76.6773162939297	76.45161290322581
Estandar_normalizada	69.25207756232687	76.8	81.94444444444444
Dialectal	62.43781094527363	76.6773162939297	76.45161290322581
Dialectal_normalizada	69.25207756232687	76.8	81.94444444444444