Transcripcion	Levenstein	Orden	Parcial
Estandar	83.87096774193549	96.2962962962963	92.5925925925926
Estandar_normalizada	89.65517241379311	96.2962962962963	96.15384615384616
Dialectal	83.87096774193549	96.2962962962963	92.5925925925926
Dialectal_normalizada	89.65517241379311	96.2962962962963	96.15384615384616