Transcripcion	Levenstein	Orden	Parcial
Estandar	76.19047619047619	93.573264781491	79.7979797979798
Estandar_normalizada	85.71428571428572	93.81443298969072	88.23529411764706
Dialectal	75.69721115537848	93.29896907216495	79.7979797979798
Dialectal_normalizada	85.18518518518519	93.54005167958657	88.23529411764706