Transcripcion	Levenstein	Orden	Parcial
Estandar	42.10526315789473	66.94915254237289	60.57692307692308
Estandar_normalizada	49.33333333333333	67.52136752136752	67.32673267326732
Dialectal	42.352941176470594	67.2340425531915	60.57692307692308
Dialectal_normalizada	49.66442953020134	67.81115879828326	67.32673267326732