Transcripcion	Levenstein	Orden	Parcial
Estandar	45.614035087719294	68.57142857142857	60.75949367088608
Estandar_normalizada	62.7906976744186	68.57142857142857	72.46376811594203
Dialectal	45.614035087719294	68.57142857142857	60.75949367088608
Dialectal_normalizada	62.7906976744186	68.57142857142857	72.46376811594203