Transcripcion	Levenstein	Orden	Parcial
Estandar	72.72727272727273	78.26086956521739	77.14285714285715
Estandar_normalizada	84.21052631578947	78.26086956521739	85.29411764705883
Dialectal	72.72727272727273	78.26086956521739	77.14285714285715
Dialectal_normalizada	84.21052631578947	78.26086956521739	85.29411764705883