Transcripcion	Levenstein	Orden	Parcial
Estandar	57.83475783475783	84.30656934306569	65.61085972850678
Estandar_normalizada	63.37579617834395	84.03669724770641	69.52789699570816
Dialectal	57.714285714285715	84.46069469835467	65.75963718820861
Dialectal_normalizada	63.25878594249201	84.19117647058823	69.6774193548387