Transcripcion	Levenstein	Orden	Parcial
Estandar	43.90243902439024	72.1311475409836	66.66666666666667
Estandar_normalizada	62.857142857142854	72.1311475409836	79.3103448275862
Dialectal	43.90243902439024	72.1311475409836	66.66666666666667
Dialectal_normalizada	62.857142857142854	72.1311475409836	79.3103448275862