Transcripcion	Levenstein	Orden	Parcial
Estandar	66.66666666666667	92.3076923076923	69.31818181818181
Estandar_normalizada	78.30188679245282	92.81767955801105	78.52760736196319
Dialectal	64.46280991735537	91.11111111111111	67.04545454545455
Dialectal_normalizada	75.96153846153845	91.62011173184358	78.16091954022988