Transcripcion	Levenstein	Orden	Parcial
Estandar	42.85714285714286	100.0	54.54545454545454
Estandar_normalizada	80.0	100.0	100.0
Dialectal	42.85714285714286	100.0	54.54545454545454
Dialectal_normalizada	80.0	100.0	100.0