Transcripcion	Levenstein	Orden	Parcial
Estandar	15.625	28.57142857142857	33.333333333333336
Estandar_normalizada	21.739130434782606	29.411764705882348	42.10526315789473
Dialectal	15.625	28.57142857142857	33.333333333333336
Dialectal_normalizada	21.739130434782606	29.411764705882348	42.10526315789473