Transcripcion	Levenstein	Orden	Parcial
Estandar	22.72727272727273	31.25	46.51162790697675
Estandar_normalizada	22.72727272727273	31.25	51.28205128205128
Dialectal	22.72727272727273	31.25	46.51162790697675
Dialectal_normalizada	22.72727272727273	31.25	51.28205128205128