Transcripcion	Levenstein	Orden	Parcial
Estandar	74.54545454545455	89.13385826771653	76.8025078369906
Estandar_normalizada	84.21052631578947	89.27444794952682	86.85897435897436
Dialectal	74.21875	88.95899053627761	76.60910518053376
Dialectal_normalizada	83.87096774193549	89.0995260663507	86.85897435897436