Transcripcion	Levenstein	Orden	Parcial
Estandar	67.64705882352942	93.75	85.71428571428572
Estandar_normalizada	80.35714285714286	93.75	93.33333333333333
Dialectal	67.64705882352942	93.75	85.71428571428572
Dialectal_normalizada	80.35714285714286	93.75	93.33333333333333