Transcripcion	Levenstein	Orden	Parcial
Estandar	48.46153846153847	72.62247838616716	58.94039735099338
Estandar_normalizada	56.00000000000001	73.83720930232558	67.13286713286713
Dialectal	48.46153846153847	72.62247838616716	58.94039735099338
Dialectal_normalizada	56.00000000000001	73.83720930232558	67.13286713286713