Transcripcion	Levenstein	Orden	Parcial
Estandar	10.71428571428571	41.666666666666664	40.0
Estandar_normalizada	22.22222222222222	42.553191489361694	50.0
Dialectal	10.71428571428571	41.666666666666664	40.0
Dialectal_normalizada	22.22222222222222	42.553191489361694	50.0