Transcripcion	Levenstein	Orden	Parcial
Estandar	67.79661016949152	87.64044943820225	90.2439024390244
Estandar_normalizada	80.3921568627451	87.64044943820225	95.1219512195122
Dialectal	67.79661016949152	87.64044943820225	90.2439024390244
Dialectal_normalizada	80.3921568627451	87.64044943820225	95.1219512195122