Transcripcion	Levenstein	Orden	Parcial
Estandar	60.7843137254902	91.17647058823529	91.17647058823529
Estandar_normalizada	75.60975609756098	91.17647058823529	100.0
Dialectal	60.7843137254902	91.17647058823529	91.17647058823529
Dialectal_normalizada	75.60975609756098	91.17647058823529	100.0