Transcripcion	Levenstein	Orden	Parcial
Estandar	20.68965517241379	52.38095238095239	56.41025641025641
Estandar_normalizada	37.93103448275862	52.38095238095239	77.41935483870968
Dialectal	20.68965517241379	52.38095238095239	56.41025641025641
Dialectal_normalizada	37.93103448275862	52.38095238095239	77.41935483870968