Transcripcion	Levenstein	Orden	Parcial
Estandar	46.981627296587924	70.2355460385439	61.6580310880829
Estandar_normalizada	55.172413793103445	70.3862660944206	67.6056338028169
Dialectal	46.981627296587924	70.2355460385439	61.6580310880829
Dialectal_normalizada	55.172413793103445	70.3862660944206	67.6056338028169