Transcripcion	Levenstein	Orden	Parcial
Estandar	44.99999999999999	67.46987951807229	55.172413793103445
Estandar_normalizada	51.02040816326531	68.29268292682926	63.1578947368421
Dialectal	44.99999999999999	67.46987951807229	55.172413793103445
Dialectal_normalizada	51.02040816326531	68.29268292682926	63.1578947368421