Transcripcion	Levenstein	Orden	Parcial
Estandar	71.21212121212122	93.20388349514563	97.91666666666666
Estandar_normalizada	82.75862068965517	93.20388349514563	100.0
Dialectal	71.21212121212122	93.20388349514563	97.91666666666666
Dialectal_normalizada	82.75862068965517	93.20388349514563	100.0