Transcripcion	Levenstein	Orden	Parcial
Estandar	17.24137931034483	52.17391304347826	71.42857142857143
Estandar_normalizada	27.27272727272727	54.54545454545454	85.71428571428572
Dialectal	17.24137931034483	52.17391304347826	71.42857142857143
Dialectal_normalizada	27.27272727272727	54.54545454545454	85.71428571428572