Transcripcion	Levenstein	Orden	Parcial
Estandar	61.0	58.68263473053892	67.90123456790124
Estandar_normalizada	65.21739130434783	58.68263473053892	73.41772151898735
Dialectal	61.0	58.68263473053892	67.90123456790124
Dialectal_normalizada	65.21739130434783	58.68263473053892	73.41772151898735