Transcripcion	Levenstein	Orden	Parcial
Estandar	39.53488372093024	63.829787234042556	65.21739130434783
Estandar_normalizada	50.0	63.829787234042556	73.91304347826086
Dialectal	39.53488372093024	63.829787234042556	65.21739130434783
Dialectal_normalizada	50.0	63.829787234042556	73.91304347826086