Transcripcion	Levenstein	Orden	Parcial
Estandar	28.000000000000004	61.111111111111114	74.07407407407408
Estandar_normalizada	36.0	61.111111111111114	91.66666666666666
Dialectal	28.000000000000004	61.111111111111114	74.07407407407408
Dialectal_normalizada	36.0	61.111111111111114	91.66666666666666