Transcripcion	Levenstein	Orden	Parcial
Estandar	56.86274509803921	74.32432432432432	70.4225352112676
Estandar_normalizada	65.90909090909092	74.32432432432432	80.91603053435115
Dialectal	56.86274509803921	74.32432432432432	70.4225352112676
Dialectal_normalizada	65.90909090909092	74.32432432432432	80.91603053435115