Transcripcion	Levenstein	Orden	Parcial
Estandar	43.24324324324324	66.66666666666667	63.1578947368421
Estandar_normalizada	55.172413793103445	66.66666666666667	72.72727272727273
Dialectal	43.24324324324324	66.66666666666667	63.1578947368421
Dialectal_normalizada	55.172413793103445	66.66666666666667	72.72727272727273