Transcripcion	Levenstein	Orden	Parcial
Estandar	52.75229357798166	64.76190476190476	56.88622754491017
Estandar_normalizada	60.65573770491803	64.33121019108282	64.38356164383562
Dialectal	52.75229357798166	64.76190476190476	56.88622754491017
Dialectal_normalizada	60.65573770491803	64.33121019108282	64.38356164383562