Transcripcion	Levenstein	Orden	Parcial
Estandar	51.14709851551957	76.09302325581395	60.23391812865497
Estandar_normalizada	59.12636505460218	75.91377694470478	68.125
Dialectal	51.14709851551957	76.09302325581395	60.23391812865497
Dialectal_normalizada	59.12636505460218	75.91377694470478	68.125