Transcripcion	Levenstein	Orden	Parcial
Estandar	7.692307692307687	29.268292682926834	28.000000000000004
Estandar_normalizada	16.666666666666664	29.268292682926834	40.0
Dialectal	7.692307692307687	29.268292682926834	28.000000000000004
Dialectal_normalizada	16.666666666666664	29.268292682926834	40.0