Transcripcion	Levenstein	Orden	Parcial
Estandar	57.7922077922078	70.31963470319636	77.45098039215686
Estandar_normalizada	64.84375	70.37037037037037	78.125
Dialectal	57.7922077922078	70.31963470319636	77.45098039215686
Dialectal_normalizada	64.84375	70.37037037037037	78.125