Transcripcion	Levenstein	Orden	Parcial
Estandar	18.6046511627907	37.03703703703704	47.05882352941176
Estandar_normalizada	20.512820512820518	37.03703703703704	47.05882352941176
Dialectal	18.6046511627907	37.03703703703704	47.05882352941176
Dialectal_normalizada	20.512820512820518	37.03703703703704	47.05882352941176