Transcripcion	Levenstein	Orden	Parcial
Estandar	37.15596330275229	51.52542372881356	56.126482213438734
Estandar_normalizada	42.78074866310161	51.877133105802045	62.18487394957983
Dialectal	37.15596330275229	51.52542372881356	56.126482213438734
Dialectal_normalizada	42.78074866310161	51.877133105802045	62.18487394957983