Transcripcion	Levenstein	Orden	Parcial
Estandar	60.204081632653065	86.56716417910448	81.25
Estandar_normalizada	75.0	86.56716417910448	90.1639344262295
Dialectal	60.204081632653065	86.56716417910448	81.25
Dialectal_normalizada	75.0	86.56716417910448	90.1639344262295