Transcripcion	Levenstein	Orden	Parcial
Estandar	47.692307692307686	63.55140186915889	78.78787878787878
Estandar_normalizada	52.542372881355924	63.55140186915889	81.25
Dialectal	47.692307692307686	63.55140186915889	78.78787878787878
Dialectal_normalizada	52.542372881355924	63.55140186915889	81.25