Transcripcion	Levenstein	Orden	Parcial
Estandar	56.32911392405063	80.0	72.6027397260274
Estandar_normalizada	63.922518159806295	80.6015037593985	77.3851590106007
Dialectal	56.32911392405063	80.0	72.6027397260274
Dialectal_normalizada	63.922518159806295	80.6015037593985	77.3851590106007