Transcripcion	Levenstein	Orden	Parcial
Estandar	56.81818181818181	64.7887323943662	81.08108108108108
Estandar_normalizada	65.78947368421053	64.7887323943662	84.05797101449275
Dialectal	56.81818181818181	64.7887323943662	81.08108108108108
Dialectal_normalizada	65.78947368421053	64.7887323943662	84.05797101449275