Transcripcion	Levenstein	Orden	Parcial
Estandar	40.123456790123456	65.0	63.77952755905512
Estandar_normalizada	47.43589743589743	65.0	72.57383966244726
Dialectal	40.123456790123456	65.0	63.77952755905512
Dialectal_normalizada	47.43589743589743	65.0	72.57383966244726