Transcripcion	Levenstein	Orden	Parcial
Estandar	29.166666666666664	54.054054054054056	51.42857142857142
Estandar_normalizada	31.818181818181824	54.054054054054056	56.25
Dialectal	29.166666666666664	54.054054054054056	51.42857142857142
Dialectal_normalizada	31.818181818181824	54.054054054054056	56.25