Transcripcion	Levenstein	Orden	Parcial
Estandar	19.999999999999996	31.57894736842105	42.85714285714286
Estandar_normalizada	21.42857142857143	31.57894736842105	50.0
Dialectal	19.999999999999996	31.57894736842105	42.85714285714286
Dialectal_normalizada	21.42857142857143	31.57894736842105	50.0