Transcripcion	Levenstein	Orden	Parcial
Estandar	35.0	56.00000000000001	53.333333333333336
Estandar_normalizada	43.75	56.00000000000001	57.14285714285714
Dialectal	35.0	56.00000000000001	53.333333333333336
Dialectal_normalizada	43.75	56.00000000000001	57.14285714285714