Transcripcion	Levenstein	Orden	Parcial
Estandar	22.22222222222222	37.2093023255814	35.89743589743589
Estandar_normalizada	23.076923076923073	37.2093023255814	45.714285714285715
Dialectal	22.22222222222222	37.2093023255814	35.89743589743589
Dialectal_normalizada	23.076923076923073	37.2093023255814	45.714285714285715