Transcripcion	Levenstein	Orden	Parcial
Estandar	42.85714285714286	54.54545454545454	63.1578947368421
Estandar_normalizada	48.837209302325576	54.54545454545454	72.34042553191489
Dialectal	42.85714285714286	54.54545454545454	63.1578947368421
Dialectal_normalizada	48.837209302325576	54.54545454545454	72.34042553191489