Transcripcion	Levenstein	Orden	Parcial
Estandar	25.71428571428571	77.41935483870968	75.0
Estandar_normalizada	43.47826086956522	77.41935483870968	75.0
Dialectal	25.71428571428571	77.41935483870968	75.0
Dialectal_normalizada	43.47826086956522	77.41935483870968	75.0