Transcripcion	Levenstein	Orden	Parcial
Estandar	4.0000000000000036	10.526315789473683	16.666666666666664
Estandar_normalizada	5.882352941176472	10.526315789473683	18.181818181818176
Dialectal	4.0000000000000036	10.526315789473683	16.666666666666664
Dialectal_normalizada	5.882352941176472	10.526315789473683	18.181818181818176