Transcripcion	Levenstein	Orden	Parcial
Estandar	22.619047619047617	51.764705882352935	64.28571428571428
Estandar_normalizada	28.985507246376805	52.38095238095239	69.23076923076923
Dialectal	22.619047619047617	51.764705882352935	64.28571428571428
Dialectal_normalizada	28.985507246376805	52.38095238095239	69.23076923076923