Transcripcion	Levenstein	Orden	Parcial
Estandar	19.444444444444443	31.372549019607842	28.57142857142857
Estandar_normalizada	25.352112676056336	29.702970297029708	33.76623376623377
Dialectal	19.444444444444443	31.372549019607842	28.57142857142857
Dialectal_normalizada	25.352112676056336	29.702970297029708	33.76623376623377