Transcripcion	Levenstein	Orden	Parcial
Estandar	58.53658536585367	64.61538461538461	75.75757575757575
Estandar_normalizada	67.56756756756756	64.61538461538461	80.0
Dialectal	58.53658536585367	64.61538461538461	75.75757575757575
Dialectal_normalizada	67.56756756756756	64.61538461538461	80.0