Transcripcion	Levenstein	Orden	Parcial
Estandar	31.666666666666664	57.14285714285714	72.22222222222221
Estandar_normalizada	36.170212765957444	58.18181818181818	77.41935483870968
Dialectal	31.666666666666664	57.14285714285714	72.22222222222221
Dialectal_normalizada	36.170212765957444	58.18181818181818	77.41935483870968