Transcripcion	Levenstein	Orden	Parcial
Estandar	22.666666666666668	41.02564102564102	59.57446808510638
Estandar_normalizada	30.15873015873016	41.55844155844156	68.18181818181819
Dialectal	22.666666666666668	41.02564102564102	59.57446808510638
Dialectal_normalizada	30.15873015873016	41.55844155844156	68.18181818181819