Transcripcion	Levenstein	Orden	Parcial
Estandar	56.25	66.66666666666667	83.01886792452831
Estandar_normalizada	58.06451612903225	66.66666666666667	86.27450980392157
Dialectal	56.25	66.66666666666667	83.01886792452831
Dialectal_normalizada	58.06451612903225	66.66666666666667	86.27450980392157