Transcripcion	Levenstein	Orden	Parcial
Estandar	59.166666666666664	74.52054794520548	77.24550898203593
Estandar_normalizada	65.11627906976744	74.72527472527473	82.42424242424242
Dialectal	59.166666666666664	74.52054794520548	77.24550898203593
Dialectal_normalizada	65.11627906976744	74.72527472527473	82.42424242424242