Transcripcion	Levenstein	Orden	Parcial
Estandar	80.0	88.88888888888889	85.14851485148515
Estandar_normalizada	84.6938775510204	88.88888888888889	90.72164948453609
Dialectal	80.0	88.88888888888889	85.14851485148515
Dialectal_normalizada	84.6938775510204	88.88888888888889	90.72164948453609