Transcripcion	Levenstein	Orden	Parcial
Estandar	70.83333333333333	86.39308855291577	79.91071428571428
Estandar_normalizada	77.90697674418605	86.33405639913232	85.38812785388129
Dialectal	71.08013937282229	86.58008658008657	80.35714285714286
Dialectal_normalizada	78.21011673151752	86.52173913043478	85.84474885844749