Transcripcion	Levenstein	Orden	Parcial
Estandar	18.181818181818176	0.0	33.333333333333336
Estandar_normalizada	9.999999999999998	0.0	33.333333333333336
Dialectal	18.181818181818176	0.0	33.333333333333336
Dialectal_normalizada	9.999999999999998	0.0	33.333333333333336