Transcripcion	Levenstein	Orden	Parcial
Estandar	48.44444444444444	74.52229299363057	68.14814814814815
Estandar_normalizada	56.56565656565656	75.2411575562701	76.62835249042146
Dialectal	48.44444444444444	74.52229299363057	68.14814814814815
Dialectal_normalizada	56.56565656565656	75.2411575562701	76.62835249042146