Transcripcion	Levenstein	Orden	Parcial
Estandar	68.42105263157895	80.24691358024691	73.125
Estandar_normalizada	77.34806629834254	80.24691358024691	81.52866242038218
Dialectal	68.42105263157895	80.24691358024691	73.125
Dialectal_normalizada	77.34806629834254	80.24691358024691	81.52866242038218