Transcripcion	Levenstein	Orden	Parcial
Estandar	41.07142857142857	70.0	88.67924528301887
Estandar_normalizada	47.916666666666664	70.0	90.38461538461539
Dialectal	41.07142857142857	70.0	88.67924528301887
Dialectal_normalizada	47.916666666666664	70.0	90.38461538461539