Transcripcion	Levenstein	Orden	Parcial
Estandar	45.45454545454546	64.86486486486487	69.23076923076923
Estandar_normalizada	51.28205128205128	64.86486486486487	72.22222222222221
Dialectal	45.45454545454546	64.86486486486487	69.23076923076923
Dialectal_normalizada	51.28205128205128	64.86486486486487	72.22222222222221