Transcripcion	Levenstein	Orden	Parcial
Estandar	71.1864406779661	86.86868686868688	84.0
Estandar_normalizada	77.35849056603774	86.86868686868688	88.42105263157895
Dialectal	71.1864406779661	86.86868686868688	84.0
Dialectal_normalizada	77.35849056603774	86.86868686868688	88.42105263157895