Transcripcion	Levenstein	Orden	Parcial
Estandar	46.37681159420289	76.19047619047619	75.67567567567568
Estandar_normalizada	58.92857142857143	77.10843373493977	84.93150684931507
Dialectal	46.37681159420289	76.19047619047619	75.67567567567568
Dialectal_normalizada	58.92857142857143	77.10843373493977	84.93150684931507