Transcripcion	Levenstein	Orden	Parcial
Estandar	14.634146341463417	62.295081967213115	40.816326530612244
Estandar_normalizada	20.588235294117652	60.0	48.0
Dialectal	14.634146341463417	62.295081967213115	40.816326530612244
Dialectal_normalizada	20.588235294117652	60.0	48.0