Transcripcion	Levenstein	Orden	Parcial
Estandar	78.57142857142857	93.61702127659575	95.65217391304348
Estandar_normalizada	84.61538461538461	93.61702127659575	100.0
Dialectal	78.57142857142857	93.61702127659575	95.65217391304348
Dialectal_normalizada	84.61538461538461	93.61702127659575	100.0