Transcripcion	Levenstein	Orden	Parcial
Estandar	50.0	69.0909090909091	77.77777777777779
Estandar_normalizada	58.62068965517242	69.0909090909091	80.76923076923077
Dialectal	50.0	69.0909090909091	77.77777777777779
Dialectal_normalizada	58.62068965517242	69.0909090909091	80.76923076923077