Transcripcion	Levenstein	Orden	Parcial
Estandar	23.076923076923073	36.61971830985915	39.02439024390244
Estandar_normalizada	21.568627450980394	36.61971830985915	46.15384615384615
Dialectal	23.076923076923073	36.61971830985915	39.02439024390244
Dialectal_normalizada	21.568627450980394	36.61971830985915	46.15384615384615