Transcripcion	Levenstein	Orden	Parcial
Estandar	17.647058823529417	25.0	40.0
Estandar_normalizada	18.75	25.0	61.53846153846154
Dialectal	17.647058823529417	25.0	40.0
Dialectal_normalizada	18.75	25.0	61.53846153846154