Transcripcion	Levenstein	Orden	Parcial
Estandar	12.933753943217663	20.396600566572243	44.99999999999999
Estandar_normalizada	13.636363636363635	20.396600566572243	48.0
Dialectal	12.933753943217663	20.396600566572243	44.99999999999999
Dialectal_normalizada	13.636363636363635	20.396600566572243	48.0