Transcripcion	Levenstein	Orden	Parcial
Estandar	69.78233034571062	83.7772397094431	69.29530201342283
Estandar_normalizada	76.57142857142857	84.14239482200647	76.46048109965635
Dialectal	69.78233034571062	83.7772397094431	69.29530201342283
Dialectal_normalizada	76.57142857142857	84.14239482200647	76.46048109965635