Transcripcion	Levenstein	Orden	Parcial
Estandar	14.814814814814813	40.0	35.71428571428571
Estandar_normalizada	26.086956521739136	40.0	50.0
Dialectal	14.814814814814813	40.0	35.71428571428571
Dialectal_normalizada	26.086956521739136	40.0	50.0