Transcripcion	Levenstein	Orden	Parcial
Estandar	71.65932452276064	85.94741613780599	79.47269303201506
Estandar_normalizada	78.75816993464052	86.10354223433244	84.0751730959446
Dialectal	71.25925925925927	85.68824065633545	79.39508506616258
Dialectal_normalizada	78.38283828382838	85.84474885844749	84.1103710751665