Transcripcion	Levenstein	Orden	Parcial
Estandar	56.55737704918033	63.681592039801	73.73737373737373
Estandar_normalizada	57.14285714285714	63.681592039801	75.53191489361703
Dialectal	56.55737704918033	63.681592039801	73.73737373737373
Dialectal_normalizada	57.14285714285714	63.681592039801	75.53191489361703