Transcripcion	Levenstein	Orden	Parcial
Estandar	11.111111111111116	25.64102564102564	40.0
Estandar_normalizada	10.526315789473683	26.315789473684216	42.85714285714286
Dialectal	11.111111111111116	25.64102564102564	40.0
Dialectal_normalizada	10.526315789473683	26.315789473684216	42.85714285714286