Transcripcion	Levenstein	Orden	Parcial
Estandar	43.38235294117647	65.625	61.53846153846154
Estandar_normalizada	50.0	66.31578947368422	66.26506024096386
Dialectal	43.38235294117647	65.625	61.53846153846154
Dialectal_normalizada	50.0	66.31578947368422	66.26506024096386