Transcripcion	Levenstein	Orden	Parcial
Estandar	39.28571428571429	47.36842105263158	55.55555555555556
Estandar_normalizada	45.45454545454546	47.36842105263158	60.60606060606061
Dialectal	39.28571428571429	47.36842105263158	55.55555555555556
Dialectal_normalizada	45.45454545454546	47.36842105263158	60.60606060606061