Transcripcion	Levenstein	Orden	Parcial
Estandar	17.85714285714286	37.5	48.88888888888889
Estandar_normalizada	23.076923076923073	37.5	51.28205128205128
Dialectal	17.85714285714286	37.5	48.88888888888889
Dialectal_normalizada	23.076923076923073	37.5	51.28205128205128