Transcripcion	Levenstein	Orden	Parcial
Estandar	53.57142857142857	72.38095238095238	63.43283582089552
Estandar_normalizada	61.224489795918366	71.7557251908397	71.54150197628458
Dialectal	53.13432835820895	72.13740458015268	63.059701492537314
Dialectal_normalizada	60.750853242320815	71.51051625239006	71.54150197628458