Transcripcion	Levenstein	Orden	Parcial
Estandar	46.464646464646464	82.05128205128204	64.28571428571428
Estandar_normalizada	60.75949367088608	83.47826086956522	77.08333333333334
Dialectal	46.464646464646464	82.05128205128204	64.28571428571428
Dialectal_normalizada	60.75949367088608	83.47826086956522	77.08333333333334