Transcripcion	Levenstein	Orden	Parcial
Estandar	20.512820512820518	42.51968503937008	38.67924528301887
Estandar_normalizada	23.23943661971831	43.47826086956522	43.04932735426009
Dialectal	20.512820512820518	42.51968503937008	38.67924528301887
Dialectal_normalizada	23.23943661971831	43.47826086956522	43.04932735426009