Transcripcion	Levenstein	Orden	Parcial
Estandar	63.63636363636363	67.79661016949152	79.36507936507937
Estandar_normalizada	75.0	67.79661016949152	85.71428571428572
Dialectal	63.63636363636363	67.79661016949152	79.36507936507937
Dialectal_normalizada	75.0	67.79661016949152	85.71428571428572