Transcripcion	Levenstein	Orden	Parcial
Estandar	46.808510638297875	88.0	66.66666666666667
Estandar_normalizada	66.66666666666667	88.0	83.33333333333334
Dialectal	46.808510638297875	88.0	66.66666666666667
Dialectal_normalizada	66.66666666666667	88.0	83.33333333333334