Transcripcion	Levenstein	Orden	Parcial
Estandar	58.177570093457945	71.38643067846608	70.11834319526626
Estandar_normalizada	62.30366492146597	71.38643067846608	72.72727272727273
Dialectal	58.177570093457945	71.38643067846608	70.11834319526626
Dialectal_normalizada	62.30366492146597	71.38643067846608	72.72727272727273