Transcripcion	Levenstein	Orden	Parcial
Estandar	9.9009900990099	20.370370370370374	35.29411764705882
Estandar_normalizada	10.869565217391308	20.560747663551403	37.5
Dialectal	9.9009900990099	20.370370370370374	35.29411764705882
Dialectal_normalizada	10.869565217391308	20.560747663551403	37.5