Transcripcion	Levenstein	Orden	Parcial
Estandar	22.499999999999996	44.776119402985074	39.13043478260869
Estandar_normalizada	21.052631578947366	44.776119402985074	40.0
Dialectal	22.499999999999996	44.776119402985074	39.13043478260869
Dialectal_normalizada	21.052631578947366	44.776119402985074	40.0