Transcripcion	Levenstein	Orden	Parcial
Estandar	57.521186440677965	74.93606138107417	67.56756756756756
Estandar_normalizada	62.295081967213115	75.35301668806162	72.31788079470198
Dialectal	57.29499467518637	74.5349583066068	67.31016731016732
Dialectal_normalizada	62.073027090694936	74.95170637475853	72.05298013245034