Transcripcion	Levenstein	Orden	Parcial
Estandar	17.24137931034483	29.955947136563875	38.70967741935484
Estandar_normalizada	19.00826446280992	29.580573951434875	45.63106796116505
Dialectal	17.24137931034483	29.955947136563875	38.70967741935484
Dialectal_normalizada	19.00826446280992	29.580573951434875	45.63106796116505