Transcripcion	Levenstein	Orden	Parcial
Estandar	46.201074443591715	68.7624750499002	56.508577194752775
Estandar_normalizada	52.78969957081545	68.5370741482966	62.00440528634361
Dialectal	46.03541185527329	68.6	56.508577194752775
Dialectal_normalizada	52.62704565030146	68.37349397590361	62.114537444933916