Transcripcion	Levenstein	Orden	Parcial
Estandar	27.586206896551722	70.58823529411764	52.38095238095239
Estandar_normalizada	40.0	70.58823529411764	70.96774193548387
Dialectal	27.586206896551722	70.58823529411764	52.38095238095239
Dialectal_normalizada	40.0	70.58823529411764	70.96774193548387