Transcripcion	Levenstein	Orden	Parcial
Estandar	18.75	17.391304347826086	25.0
Estandar_normalizada	7.14285714285714	17.391304347826086	33.333333333333336
Dialectal	18.75	17.391304347826086	25.0
Dialectal_normalizada	7.14285714285714	17.391304347826086	33.333333333333336