Transcripcion	Levenstein	Orden	Parcial
Estandar	45.925925925925924	68.53932584269663	64.96815286624205
Estandar_normalizada	50.89285714285714	68.92655367231639	69.01408450704226
Dialectal	45.925925925925924	68.53932584269663	64.96815286624205
Dialectal_normalizada	50.89285714285714	68.92655367231639	69.01408450704226