Transcripcion	Levenstein	Orden	Parcial
Estandar	18.75	32.35294117647059	32.786885245901644
Estandar_normalizada	18.42105263157895	32.35294117647059	37.03703703703704
Dialectal	18.75	32.35294117647059	32.786885245901644
Dialectal_normalizada	18.42105263157895	32.35294117647059	37.03703703703704