Transcripcion	Levenstein	Orden	Parcial
Estandar	56.62650602409638	91.66666666666666	83.33333333333334
Estandar_normalizada	70.96774193548387	91.66666666666666	90.9090909090909
Dialectal	56.62650602409638	91.66666666666666	83.33333333333334
Dialectal_normalizada	70.96774193548387	91.66666666666666	90.9090909090909