Transcripcion	Levenstein	Orden	Parcial
Estandar	73.21428571428572	85.1063829787234	86.0
Estandar_normalizada	82.0	85.1063829787234	87.2340425531915
Dialectal	73.21428571428572	85.1063829787234	86.0
Dialectal_normalizada	82.0	85.1063829787234	87.2340425531915