Transcripcion	Levenstein	Orden	Parcial
Estandar	29.166666666666664	47.111111111111114	61.25000000000001
Estandar_normalizada	34.337349397590366	47.53363228699552	64.47368421052632
Dialectal	29.629629629629626	49.54954954954955	61.25000000000001
Dialectal_normalizada	34.355828220858896	50.0	64.47368421052632