Transcripcion	Levenstein	Orden	Parcial
Estandar	12.5	19.047619047619047	25.0
Estandar_normalizada	16.666666666666664	19.047619047619047	33.333333333333336
Dialectal	12.5	19.047619047619047	25.0
Dialectal_normalizada	16.666666666666664	19.047619047619047	33.333333333333336