Transcripcion	Levenstein	Orden	Parcial
Estandar	46.97986577181208	66.39999999999999	63.677130044843054
Estandar_normalizada	52.05479452054795	66.39999999999999	66.99029126213591
Dialectal	46.97986577181208	66.39999999999999	63.677130044843054
Dialectal_normalizada	52.05479452054795	66.39999999999999	66.99029126213591