Transcripcion	Levenstein	Orden	Parcial
Estandar	62.878787878787875	80.68459657701712	68.38235294117648
Estandar_normalizada	73.24561403508771	80.14705882352942	79.54545454545455
Dialectal	62.476190476190474	80.49079754601227	68.13725490196079
Dialectal_normalizada	72.84768211920529	79.95079950799509	79.7979797979798