Transcripcion	Levenstein	Orden	Parcial
Estandar	22.377622377622373	41.9753086419753	48.07692307692307
Estandar_normalizada	27.350427350427353	42.50000000000001	54.73684210526315
Dialectal	22.69503546099291	42.50000000000001	48.07692307692307
Dialectal_normalizada	27.826086956521735	43.0379746835443	54.73684210526315