Transcripcion	Levenstein	Orden	Parcial
Estandar	24.52830188679245	57.14285714285714	92.85714285714286
Estandar_normalizada	34.14634146341463	59.57446808510638	100.0
Dialectal	24.52830188679245	57.14285714285714	92.85714285714286
Dialectal_normalizada	34.14634146341463	59.57446808510638	100.0