Transcripcion	Levenstein	Orden	Parcial
Estandar	28.723404255319153	55.769230769230774	53.16455696202531
Estandar_normalizada	35.526315789473685	55.072463768115945	56.96202531645569
Dialectal	28.877005347593588	55.072463768115945	53.16455696202531
Dialectal_normalizada	35.76158940397352	54.36893203883495	56.96202531645569