Transcripcion	Levenstein	Orden	Parcial
Estandar	22.22222222222222	39.28571428571429	39.02439024390244
Estandar_normalizada	26.582278481012654	39.63963963963963	42.50000000000001
Dialectal	22.22222222222222	39.28571428571429	39.02439024390244
Dialectal_normalizada	26.582278481012654	39.63963963963963	42.50000000000001