Transcripcion	Levenstein	Orden	Parcial
Estandar	57.06126687435098	76.84979358526516	68.38046272493573
Estandar_normalizada	62.82420749279538	76.57945118059988	73.65627073656272
Dialectal	56.75534689619197	77.00636942675159	68.18766066838047
Dialectal_normalizada	62.45654692931634	76.544	73.65627073656272