Transcripcion	Levenstein	Orden	Parcial
Estandar	55.172413793103445	71.849234393404	65.54307116104869
Estandar_normalizada	59.361702127659576	72.35050325636472	70.32828282828282
Dialectal	54.88867376573088	72.31772377000593	65.41822721598002
Dialectal_normalizada	59.09580193756727	72.94398092967819	69.94949494949495