Transcripcion	Levenstein	Orden	Parcial
Estandar	41.843971631205676	63.934426229508205	66.66666666666667
Estandar_normalizada	49.63503649635036	64.46280991735537	75.1219512195122
Dialectal	41.843971631205676	63.934426229508205	66.66666666666667
Dialectal_normalizada	49.63503649635036	64.46280991735537	75.1219512195122