Transcripcion	Levenstein	Orden	Parcial
Estandar	14.28571428571429	37.254901960784316	48.0
Estandar_normalizada	20.68965517241379	36.0	48.0
Dialectal	14.414414414414411	37.62376237623762	48.0
Dialectal_normalizada	20.93023255813954	36.36363636363637	48.0