Transcripcion	Levenstein	Orden	Parcial
Estandar	27.55102040816326	54.28571428571429	61.261261261261254
Estandar_normalizada	31.46067415730337	54.28571428571429	71.42857142857143
Dialectal	27.55102040816326	54.28571428571429	61.261261261261254
Dialectal_normalizada	31.46067415730337	54.28571428571429	71.42857142857143