Transcripcion	Levenstein	Orden	Parcial
Estandar	72.19251336898395	89.58333333333334	80.85106382978724
Estandar_normalizada	83.125	89.58333333333334	89.28571428571429
Dialectal	72.19251336898395	89.58333333333334	80.85106382978724
Dialectal_normalizada	83.125	89.58333333333334	89.28571428571429