Transcripcion	Levenstein	Orden	Parcial
Estandar	60.21831412977563	77.7479892761394	67.7058353317346
Estandar_normalizada	65.43126684636118	77.85028790786947	73.16666666666667
Dialectal	60.59295861642989	77.56683456024797	68.02557953637091
Dialectal_normalizada	65.74965612104539	77.126213592233	73.91666666666667