Transcripcion	Levenstein	Orden	Parcial
Estandar	49.36708860759494	70.9090909090909	67.61904761904762
Estandar_normalizada	55.39568345323741	71.23287671232876	72.82608695652173
Dialectal	49.681528662420384	71.23287671232876	66.66666666666667
Dialectal_normalizada	55.79710144927537	71.55963302752293	72.82608695652173