Transcripcion	Levenstein	Orden	Parcial
Estandar	57.89473684210527	69.23076923076923	74.53416149068323
Estandar_normalizada	61.578947368421055	68.45238095238095	76.58227848101265
Dialectal	57.692307692307686	68.84272997032642	73.91304347826086
Dialectal_normalizada	61.37566137566137	68.0597014925373	75.9493670886076