Transcripcion	Levenstein	Orden	Parcial
Estandar	67.31875719217491	82.67997148966501	72.10982658959537
Estandar_normalizada	74.002574002574	82.79800142755175	78.05970149253731
Dialectal	67.169373549884	82.6647564469914	72.10982658959537
Dialectal_normalizada	73.76623376623377	82.78335724533716	78.35820895522389