Transcripcion	Levenstein	Orden	Parcial
Estandar	17.500000000000004	25.0	42.85714285714286
Estandar_normalizada	19.444444444444443	25.0	42.85714285714286
Dialectal	17.500000000000004	25.0	42.85714285714286
Dialectal_normalizada	19.444444444444443	25.0	42.85714285714286