Transcripcion	Levenstein	Orden	Parcial
Estandar	18.666666666666664	43.41085271317829	36.93693693693694
Estandar_normalizada	21.48148148148148	43.41085271317829	39.52569169960475
Dialectal	18.120805369127513	43.57976653696498	37.10407239819005
Dialectal_normalizada	21.48148148148148	43.57976653696498	39.682539682539684