Transcripcion	Levenstein	Orden	Parcial
Estandar	60.26272577996716	78.86710239651416	69.52595936794582
Estandar_normalizada	67.15867158671587	79.47598253275109	75.48076923076923
Dialectal	60.26272577996716	78.86710239651416	69.52595936794582
Dialectal_normalizada	67.15867158671587	79.47598253275109	75.48076923076923