Transcripcion	Levenstein	Orden	Parcial
Estandar	15.384615384615385	31.57894736842105	27.27272727272727
Estandar_normalizada	15.384615384615385	31.57894736842105	37.5
Dialectal	15.384615384615385	31.57894736842105	27.27272727272727
Dialectal_normalizada	15.384615384615385	31.57894736842105	37.5