Transcripcion	Levenstein	Orden	Parcial
Estandar	14.73684210526316	35.84905660377359	34.883720930232556
Estandar_normalizada	20.779220779220775	35.84905660377359	37.5
Dialectal	14.73684210526316	35.84905660377359	34.883720930232556
Dialectal_normalizada	20.779220779220775	35.84905660377359	37.5