Transcripcion	Levenstein	Orden	Parcial
Estandar	69.90291262135922	83.96094839609484	79.77839335180055
Estandar_normalizada	74.47916666666667	83.96094839609484	85.30259365994236
Dialectal	69.34306569343065	83.5195530726257	79.50138504155125
Dialectal_normalizada	73.89033942558747	83.5195530726257	85.01440922190201