Transcripcion	Levenstein	Orden	Parcial
Estandar	33.80952380952381	58.53658536585367	51.388888888888886
Estandar_normalizada	40.34090909090909	59.44055944055944	59.64912280701755
Dialectal	33.97129186602871	58.74125874125874	51.388888888888886
Dialectal_normalizada	40.57142857142857	59.64912280701755	59.91189427312775