Transcripcion	Levenstein	Orden	Parcial
Estandar	39.090909090909086	51.74825174825175	55.93220338983051
Estandar_normalizada	45.16129032258065	51.74825174825175	60.71428571428572
Dialectal	39.090909090909086	51.74825174825175	55.93220338983051
Dialectal_normalizada	45.16129032258065	51.74825174825175	60.71428571428572