Transcripcion	Levenstein	Orden	Parcial
Estandar	5.426356589147286	6.153846153846154	28.57142857142857
Estandar_normalizada	7.199999999999996	6.153846153846154	47.05882352941176
Dialectal	5.426356589147286	6.153846153846154	28.57142857142857
Dialectal_normalizada	7.199999999999996	6.153846153846154	47.05882352941176