Transcripcion	Levenstein	Orden	Parcial
Estandar	40.789473684210535	62.7831715210356	62.944162436548226
Estandar_normalizada	44.780219780219774	62.66233766233766	67.89667896678966
Dialectal	40.789473684210535	62.7831715210356	62.944162436548226
Dialectal_normalizada	44.780219780219774	62.66233766233766	67.89667896678966