Transcripcion	Levenstein	Orden	Parcial
Estandar	1.7513134851138368	3.2549728752260365	90.9090909090909
Estandar_normalizada	1.8382352941176516	3.2549728752260365	100.0
Dialectal	1.7513134851138368	3.2549728752260365	90.9090909090909
Dialectal_normalizada	1.8382352941176516	3.2549728752260365	100.0