Transcripcion	Levenstein	Orden	Parcial
Estandar	9.345794392523366	16.94915254237288	51.85185185185186
Estandar_normalizada	10.576923076923073	16.94915254237288	50.0
Dialectal	9.345794392523366	16.94915254237288	51.85185185185186
Dialectal_normalizada	10.576923076923073	16.94915254237288	50.0