Transcripcion	Levenstein	Orden	Parcial
Estandar	62.20614828209765	74.15485278080698	72.4288840262582
Estandar_normalizada	67.72908366533865	74.235807860262	77.60180995475113
Dialectal	62.31884057971014	74.235807860262	72.4288840262582
Dialectal_normalizada	67.86427145708582	74.31693989071037	77.60180995475113