Transcripcion	Levenstein	Orden	Parcial
Estandar	63.337713534822605	77.2184300341297	69.00790166812993
Estandar_normalizada	70.03690036900369	76.91648822269808	75.98896044158235
Dialectal	63.34214002642008	77.3972602739726	68.92010535557506
Dialectal_normalizada	70.08166295471419	77.09497206703911	76.17295308187673