Transcripcion	Levenstein	Orden	Parcial
Estandar	1.9157088122605415	3.891050583657585	40.0
Estandar_normalizada	2.3809523809523836	3.891050583657585	66.66666666666667
Dialectal	1.9157088122605415	3.891050583657585	40.0
Dialectal_normalizada	2.3809523809523836	3.891050583657585	66.66666666666667