Transcripcion	Levenstein	Orden	Parcial
Estandar	22.349570200573066	33.734939759036145	52.01793721973094
Estandar_normalizada	23.939393939393938	33.333333333333336	64.0
Dialectal	22.349570200573066	33.734939759036145	52.01793721973094
Dialectal_normalizada	23.939393939393938	33.333333333333336	64.0