Transcripcion	Levenstein	Orden	Parcial
Estandar	4.377431906614781	7.4074074074074066	80.85106382978724
Estandar_normalizada	4.453441295546556	7.4074074074074066	93.97590361445783
Dialectal	4.377431906614781	7.4074074074074066	80.85106382978724
Dialectal_normalizada	4.453441295546556	7.4074074074074066	93.97590361445783