Transcripcion	Levenstein	Orden	Parcial
Estandar	9.677419354838712	18.840579710144922	43.24324324324324
Estandar_normalizada	9.677419354838712	18.840579710144922	50.0
Dialectal	9.677419354838712	18.840579710144922	43.24324324324324
Dialectal_normalizada	9.677419354838712	18.840579710144922	50.0