Transcripcion	Levenstein	Orden	Parcial
Estandar	39.26380368098159	64.5418326693227	82.72251308900523
Estandar_normalizada	45.22292993630573	64.5418326693227	87.43169398907104
Dialectal	39.26380368098159	64.5418326693227	82.72251308900523
Dialectal_normalizada	45.22292993630573	64.5418326693227	87.43169398907104