Transcripcion	Levenstein	Orden	Parcial
Estandar	66.32124352331607	81.4569536423841	73.47826086956522
Estandar_normalizada	74.0079365079365	81.4569536423841	78.6697247706422
Dialectal	66.08996539792388	81.10497237569061	73.26086956521739
Dialectal_normalizada	73.75745526838966	81.10497237569061	78.44036697247707