Transcripcion	Levenstein	Orden	Parcial
Estandar	22.631578947368425	43.41637010676157	40.944881889763785
Estandar_normalizada	26.923076923076927	43.01075268817204	47.74774774774775
Dialectal	22.10526315789474	42.29390681003584	41.6
Dialectal_normalizada	26.923076923076927	42.599277978339344	48.62385321100917