Transcripcion	Levenstein	Orden	Parcial
Estandar	9.090909090909093	0.0	28.57142857142857
Estandar_normalizada	9.999999999999998	0.0	50.0
Dialectal	9.090909090909093	0.0	28.57142857142857
Dialectal_normalizada	9.999999999999998	0.0	50.0