Transcripcion	Levenstein	Orden	Parcial
Estandar	15.384615384615385	26.54867256637168	43.99999999999999
Estandar_normalizada	15.384615384615385	26.54867256637168	43.47826086956522
Dialectal	15.384615384615385	26.54867256637168	43.99999999999999
Dialectal_normalizada	15.384615384615385	26.54867256637168	43.47826086956522