Transcripcion	Levenstein	Orden	Parcial
Estandar	9.523809523809524	31.25	23.529411764705888
Estandar_normalizada	15.789473684210531	32.25806451612904	37.03703703703704
Dialectal	9.523809523809524	31.25	23.529411764705888
Dialectal_normalizada	15.789473684210531	32.25806451612904	37.03703703703704