Transcripcion	Levenstein	Orden	Parcial
Estandar	44.55696202531646	70.32321253672869	56.3169164882227
Estandar_normalizada	53.703703703703695	70.61143984220908	64.28571428571428
Dialectal	44.41591784338896	70.6930693069307	56.74518201284797
Dialectal_normalizada	53.68916797488226	70.98703888334995	64.0625