Transcripcion	Levenstein	Orden	Parcial
Estandar	7.826086956521738	20.618556701030933	50.0
Estandar_normalizada	9.375	21.276595744680847	50.0
Dialectal	7.8947368421052655	20.833333333333336	50.0
Dialectal_normalizada	9.473684210526311	21.505376344086024	50.0