Transcripcion	Levenstein	Orden	Parcial
Estandar	16.85393258426966	32.98969072164949	86.36363636363636
Estandar_normalizada	16.049382716049386	32.98969072164949	91.42857142857143
Dialectal	16.85393258426966	32.98969072164949	86.36363636363636
Dialectal_normalizada	16.049382716049386	32.98969072164949	91.42857142857143