Transcripcion	Levenstein	Orden	Parcial
Estandar	63.5042735042735	80.16657990629881	70.47368421052632
Estandar_normalizada	68.80604058518169	80.33429093758161	75.95837897042716
Dialectal	62.94526498696785	79.70557308096741	70.42105263157895
Dialectal_normalizada	68.42864007688611	79.76787127407017	76.39649507119385