Transcripcion	Levenstein	Orden	Parcial
Estandar	21.978021978021978	37.254901960784316	90.9090909090909
Estandar_normalizada	24.390243902439025	37.62376237623762	95.0
Dialectal	21.978021978021978	37.254901960784316	90.9090909090909
Dialectal_normalizada	24.390243902439025	37.62376237623762	95.0