Transcripcion	Levenstein	Orden	Parcial
Estandar	0.591715976331364	3.0120481927710885	25.0
Estandar_normalizada	1.5290519877675823	3.0120481927710885	60.0
Dialectal	0.591715976331364	3.0120481927710885	25.0
Dialectal_normalizada	1.5290519877675823	3.0120481927710885	60.0