Transcripcion	Levenstein	Orden	Parcial
Estandar	22.891566265060238	44.66019417475729	84.21052631578947
Estandar_normalizada	24.35897435897436	44.66019417475729	86.27450980392157
Dialectal	22.891566265060238	44.66019417475729	84.21052631578947
Dialectal_normalizada	24.35897435897436	44.66019417475729	86.27450980392157