Transcripcion	Levenstein	Orden	Parcial
Estandar	8.963585434173671	19.946091644204856	44.89795918367348
Estandar_normalizada	9.909909909909908	18.918918918918916	48.837209302325576
Dialectal	8.963585434173671	19.946091644204856	44.89795918367348
Dialectal_normalizada	9.909909909909908	18.918918918918916	48.837209302325576