Transcripcion	Levenstein	Orden	Parcial
Estandar	53.03030303030303	70.68607068607069	64.5021645021645
Estandar_normalizada	59.36395759717315	70.83333333333333	72.19730941704036
Dialectal	53.03030303030303	70.68607068607069	64.5021645021645
Dialectal_normalizada	59.36395759717315	70.83333333333333	72.19730941704036