Transcripcion	Levenstein	Orden	Parcial
Estandar	11.409395973154357	21.316614420062695	50.0
Estandar_normalizada	12.411347517730498	21.316614420062695	62.68656716417911
Dialectal	11.409395973154357	21.316614420062695	50.0
Dialectal_normalizada	12.411347517730498	21.316614420062695	62.68656716417911