Transcripcion	Levenstein	Orden	Parcial
Estandar	60.3448275862069	70.39106145251397	77.85234899328859
Estandar_normalizada	63.30275229357798	70.78651685393258	81.63265306122449
Dialectal	60.3448275862069	70.39106145251397	77.85234899328859
Dialectal_normalizada	63.30275229357798	70.78651685393258	81.63265306122449