Transcripcion	Levenstein	Orden	Parcial
Estandar	25.0	65.7718120805369	45.97701149425287
Estandar_normalizada	31.707317073170728	66.21621621621621	56.934306569343065
Dialectal	25.274725274725274	66.21621621621621	46.24277456647399
Dialectal_normalizada	31.707317073170728	66.66666666666667	57.35294117647059