Transcripcion	Levenstein	Orden	Parcial
Estandar	44.827586206896555	55.63909774436091	60.37735849056604
Estandar_normalizada	44.44444444444444	55.63909774436091	60.7843137254902
Dialectal	44.827586206896555	55.63909774436091	60.37735849056604
Dialectal_normalizada	44.44444444444444	55.63909774436091	60.7843137254902