Transcripcion	Levenstein	Orden	Parcial
Estandar	5.764966740576494	9.170305676855895	70.0
Estandar_normalizada	5.720823798627006	9.170305676855895	89.36170212765957
Dialectal	5.764966740576494	9.170305676855895	70.0
Dialectal_normalizada	5.720823798627006	9.170305676855895	89.36170212765957