Transcripcion	Levenstein	Orden	Parcial
Estandar	40.70796460176991	56.19047619047619	58.986175115207374
Estandar_normalizada	45.87155963302752	56.19047619047619	62.4390243902439
Dialectal	42.47787610619469	57.28155339805825	58.71559633027523
Dialectal_normalizada	46.666666666666664	57.28155339805825	63.681592039801