Transcripcion	Levenstein	Orden	Parcial
Estandar	52.394366197183096	77.23292469352015	64.21232876712328
Estandar_normalizada	59.624413145539904	77.95414462081129	72.69439421338156
Dialectal	51.69491525423729	76.84210526315789	63.869863013698634
Dialectal_normalizada	59.02668759811617	77.56183745583039	72.5135623869801