Transcripcion	Levenstein	Orden	Parcial
Estandar	24.193548387096776	50.0	43.18181818181818
Estandar_normalizada	25.86206896551724	50.0	44.73684210526315
Dialectal	24.193548387096776	50.0	43.18181818181818
Dialectal_normalizada	25.86206896551724	50.0	44.73684210526315