Transcripcion	Levenstein	Orden	Parcial
Estandar	43.377483443708606	65.89861751152073	60.204081632653065
Estandar_normalizada	50.18587360594795	66.35730858468678	66.31016042780749
Dialectal	42.80936454849499	63.57308584686775	60.71428571428572
Dialectal_normalizada	49.24812030075187	63.55140186915889	66.84491978609626