Transcripcion	Levenstein	Orden	Parcial
Estandar	25.423728813559322	43.13725490196079	44.44444444444444
Estandar_normalizada	30.508474576271183	43.13725490196079	46.808510638297875
Dialectal	25.423728813559322	43.13725490196079	44.44444444444444
Dialectal_normalizada	30.508474576271183	43.13725490196079	46.808510638297875