Transcripcion	Levenstein	Orden	Parcial
Estandar	67.14285714285715	93.20388349514563	89.79591836734694
Estandar_normalizada	80.0	93.20388349514563	93.75
Dialectal	67.14285714285715	93.20388349514563	89.79591836734694
Dialectal_normalizada	80.0	93.20388349514563	93.75