Transcripcion	Levenstein	Orden	Parcial
Estandar	41.269841269841265	58.18181818181818	59.6078431372549
Estandar_normalizada	47.59036144578314	55.67765567765568	63.55932203389831
Dialectal	41.269841269841265	58.18181818181818	59.6078431372549
Dialectal_normalizada	47.59036144578314	55.67765567765568	63.55932203389831