Transcripcion	Levenstein	Orden	Parcial
Estandar	22.522522522522525	39.92805755395683	42.22222222222223
Estandar_normalizada	25.814536340852136	39.78300180831826	45.76271186440678
Dialectal	22.425629290617856	40.43715846994536	42.22222222222223
Dialectal_normalizada	25.765306122448983	40.29304029304029	44.632768361581924