Transcripcion	Levenstein	Orden	Parcial
Estandar	61.36363636363637	68.75	81.25
Estandar_normalizada	71.05263157894737	68.75	82.75862068965517
Dialectal	61.36363636363637	68.75	81.25
Dialectal_normalizada	71.05263157894737	68.75	82.75862068965517