Transcripcion	Levenstein	Orden	Parcial
Estandar	57.89473684210527	65.1685393258427	83.14606741573034
Estandar_normalizada	65.3061224489796	65.1685393258427	84.70588235294117
Dialectal	57.89473684210527	65.1685393258427	83.14606741573034
Dialectal_normalizada	65.3061224489796	65.1685393258427	84.70588235294117