Transcripcion	Levenstein	Orden	Parcial
Estandar	64.1025641025641	77.61194029850746	74.28571428571429
Estandar_normalizada	74.28571428571429	77.61194029850746	79.41176470588236
Dialectal	64.1025641025641	77.61194029850746	74.28571428571429
Dialectal_normalizada	74.28571428571429	77.61194029850746	79.41176470588236