Transcripcion	Levenstein	Orden	Parcial
Estandar	73.50427350427351	80.0	81.16438356164383
Estandar_normalizada	77.40963855421687	80.0	83.68794326241135
Dialectal	72.04610951008645	78.53577371048253	80.13698630136986
Dialectal_normalizada	75.91463414634147	78.53577371048253	82.62411347517731