Transcripcion	Levenstein	Orden	Parcial
Estandar	58.53658536585367	72.88135593220339	78.18181818181819
Estandar_normalizada	67.14285714285715	72.88135593220339	83.01886792452831
Dialectal	58.53658536585367	72.88135593220339	78.18181818181819
Dialectal_normalizada	67.14285714285715	72.88135593220339	83.01886792452831