Transcripcion	Levenstein	Orden	Parcial
Estandar	51.388888888888886	75.25773195876289	70.44025157232706
Estandar_normalizada	58.53658536585367	76.43979057591623	76.31578947368422
Dialectal	51.388888888888886	75.25773195876289	70.44025157232706
Dialectal_normalizada	58.53658536585367	76.43979057591623	76.31578947368422