Transcripcion	Levenstein	Orden	Parcial
Estandar	10.344827586206895	19.999999999999996	50.0
Estandar_normalizada	12.5	19.999999999999996	57.14285714285714
Dialectal	10.344827586206895	19.999999999999996	50.0
Dialectal_normalizada	12.5	19.999999999999996	57.14285714285714