Transcripcion	Levenstein	Orden	Parcial
Estandar	44.827586206896555	46.808510638297875	57.692307692307686
Estandar_normalizada	52.0	46.808510638297875	59.57446808510638
Dialectal	44.827586206896555	46.808510638297875	57.692307692307686
Dialectal_normalizada	52.0	46.808510638297875	59.57446808510638