Transcripcion	Levenstein	Orden	Parcial
Estandar	70.73170731707317	96.7741935483871	90.0
Estandar_normalizada	85.71428571428572	96.7741935483871	96.66666666666667
Dialectal	70.73170731707317	96.7741935483871	90.0
Dialectal_normalizada	85.71428571428572	96.7741935483871	96.66666666666667