Transcripcion	Levenstein	Orden	Parcial
Estandar	24.742268041237114	40.896358543417364	47.82608695652174
Estandar_normalizada	27.54716981132076	41.12676056338028	48.35164835164834
Dialectal	24.041811846689896	40.79320113314447	47.82608695652174
Dialectal_normalizada	27.203065134099614	41.5954415954416	48.35164835164834