Transcripcion	Levenstein	Orden	Parcial
Estandar	46.666666666666664	55.4054054054054	58.730158730158735
Estandar_normalizada	48.71794871794872	53.42465753424658	64.7887323943662
Dialectal	46.666666666666664	55.4054054054054	58.730158730158735
Dialectal_normalizada	48.71794871794872	53.42465753424658	64.7887323943662