Transcripcion	Levenstein	Orden	Parcial
Estandar	19.999999999999996	33.333333333333336	40.0
Estandar_normalizada	28.57142857142857	33.333333333333336	54.54545454545454
Dialectal	19.999999999999996	33.333333333333336	40.0
Dialectal_normalizada	28.57142857142857	33.333333333333336	54.54545454545454