Transcripcion	Levenstein	Orden	Parcial
Estandar	62.96296296296296	89.25619834710744	75.43859649122807
Estandar_normalizada	74.28571428571429	89.25619834710744	82.14285714285714
Dialectal	62.96296296296296	89.25619834710744	75.43859649122807
Dialectal_normalizada	74.28571428571429	89.25619834710744	82.14285714285714