Transcripcion	Levenstein	Orden	Parcial
Estandar	57.759412304866856	72.06295671725688	63.53623188405797
Estandar_normalizada	64.96424923391216	71.8556119571348	70.54631828978623
Dialectal	57.4585635359116	71.84684684684684	63.24884792626728
Dialectal_normalizada	64.54918032786885	71.63841807909604	70.42755344418052