Transcripcion	Levenstein	Orden	Parcial
Estandar	43.42105263157895	62.18487394957983	71.66666666666667
Estandar_normalizada	54.54545454545454	62.18487394957983	75.0
Dialectal	43.42105263157895	62.18487394957983	71.66666666666667
Dialectal_normalizada	54.54545454545454	62.18487394957983	75.0