Transcripcion	Levenstein	Orden	Parcial
Estandar	12.903225806451612	27.586206896551722	100.0
Estandar_normalizada	14.814814814814813	27.586206896551722	100.0
Dialectal	12.903225806451612	27.586206896551722	100.0
Dialectal_normalizada	14.814814814814813	27.586206896551722	100.0