Transcripcion	Levenstein	Orden	Parcial
Estandar	32.08333333333333	65.57788944723619	55.69917743830788
Estandar_normalizada	36.556603773584904	65.90909090909092	61.53846153846154
Dialectal	31.171548117154813	65.74307304785893	55.12367491166077
Dialectal_normalizada	35.54502369668246	65.82278481012658	60.9254498714653