Transcripcion	Levenstein	Orden	Parcial
Estandar	65.90909090909092	80.59701492537313	74.57627118644068
Estandar_normalizada	73.6842105263158	80.59701492537313	80.0
Dialectal	65.90909090909092	80.59701492537313	74.57627118644068
Dialectal_normalizada	73.6842105263158	80.59701492537313	80.0