Transcripcion	Levenstein	Orden	Parcial
Estandar	67.85714285714286	78.19548872180451	75.0
Estandar_normalizada	72.36842105263158	78.19548872180451	78.68852459016394
Dialectal	67.85714285714286	78.19548872180451	75.0
Dialectal_normalizada	72.36842105263158	78.19548872180451	78.68852459016394