Transcripcion	Levenstein	Orden	Parcial
Estandar	6.25	14.54545454545455	42.85714285714286
Estandar_normalizada	7.272727272727275	14.814814814814813	42.85714285714286
Dialectal	6.25	14.54545454545455	42.85714285714286
Dialectal_normalizada	7.272727272727275	14.814814814814813	42.85714285714286