Transcripcion	Levenstein	Orden	Parcial
Estandar	5.600000000000005	11.111111111111116	40.0
Estandar_normalizada	5.607476635514019	11.32075471698113	33.333333333333336
Dialectal	5.600000000000005	11.111111111111116	40.0
Dialectal_normalizada	5.607476635514019	11.32075471698113	33.333333333333336