Transcripcion	Levenstein	Orden	Parcial
Estandar	42.85714285714286	70.83333333333333	64.0
Estandar_normalizada	62.06896551724138	70.83333333333333	74.4186046511628
Dialectal	42.85714285714286	70.83333333333333	64.0
Dialectal_normalizada	62.06896551724138	70.83333333333333	74.4186046511628