Transcripcion	Levenstein	Orden	Parcial
Estandar	5.555555555555558	26.086956521739136	36.36363636363637
Estandar_normalizada	5.555555555555558	26.086956521739136	44.44444444444444
Dialectal	5.555555555555558	26.086956521739136	36.36363636363637
Dialectal_normalizada	5.555555555555558	26.086956521739136	44.44444444444444