Transcripcion	Levenstein	Orden	Parcial
Estandar	68.42105263157895	78.39195979899498	80.18433179723502
Estandar_normalizada	72.22222222222221	78.39195979899498	85.56701030927836
Dialectal	63.1578947368421	73.84615384615385	74.28571428571429
Dialectal_normalizada	66.66666666666667	73.84615384615385	79.56989247311827