Transcripcion	Levenstein	Orden	Parcial
Estandar	22.72727272727273	45.599999999999994	39.682539682539684
Estandar_normalizada	22.72727272727273	46.7741935483871	44.72573839662447
Dialectal	22.72727272727273	45.599999999999994	39.682539682539684
Dialectal_normalizada	22.72727272727273	46.7741935483871	44.72573839662447