Transcripcion	Levenstein	Orden	Parcial
Estandar	65.91928251121077	75.67567567567568	75.18427518427518
Estandar_normalizada	69.76744186046511	75.67567567567568	78.77237851662404
Dialectal	65.31531531531532	74.8768472906404	74.38423645320196
Dialectal_normalizada	69.1588785046729	74.8768472906404	78.06122448979592