Transcripcion	Levenstein	Orden	Parcial
Estandar	37.31778425655977	64.61538461538461	56.613756613756614
Estandar_normalizada	43.58108108108109	65.34216335540839	65.0
Dialectal	37.24340175953079	64.90066225165563	56.613756613756614
Dialectal_normalizada	43.5374149659864	65.63192904656319	65.0