Transcripcion	Levenstein	Orden	Parcial
Estandar	73.80952380952381	86.11111111111111	86.11111111111111
Estandar_normalizada	81.57894736842105	86.11111111111111	88.57142857142857
Dialectal	73.80952380952381	86.11111111111111	86.11111111111111
Dialectal_normalizada	81.57894736842105	86.11111111111111	88.57142857142857