Transcripcion	Levenstein	Orden	Parcial
Estandar	49.16201117318436	68.91891891891892	62.5
Estandar_normalizada	54.268292682926834	69.15254237288136	68.30985915492957
Dialectal	49.16201117318436	68.91891891891892	62.5
Dialectal_normalizada	54.268292682926834	69.15254237288136	68.30985915492957