Transcripcion	Levenstein	Orden	Parcial
Estandar	11.111111111111116	41.379310344827594	40.0
Estandar_normalizada	23.529411764705888	41.379310344827594	46.15384615384615
Dialectal	11.111111111111116	41.379310344827594	40.0
Dialectal_normalizada	23.529411764705888	41.379310344827594	46.15384615384615