Transcripcion	Levenstein	Orden	Parcial
Estandar	42.24598930481284	61.77606177606177	64.34782608695653
Estandar_normalizada	47.239263803680984	62.01550387596899	68.18181818181819
Dialectal	41.08108108108108	61.478599221789885	63.47826086956522
Dialectal_normalizada	45.962732919254655	61.71875	68.18181818181819