Transcripcion	Levenstein	Orden	Parcial
Estandar	50.0	67.62589928057554	69.35483870967742
Estandar_normalizada	55.12820512820513	67.62589928057554	76.52173913043478
Dialectal	50.0	67.62589928057554	69.35483870967742
Dialectal_normalizada	55.12820512820513	67.62589928057554	76.52173913043478