Transcripcion	Levenstein	Orden	Parcial
Estandar	30.612244897959183	42.42424242424242	50.0
Estandar_normalizada	34.883720930232556	42.42424242424242	53.84615384615385
Dialectal	30.612244897959183	42.42424242424242	50.0
Dialectal_normalizada	34.883720930232556	42.42424242424242	53.84615384615385