Transcripcion	Levenstein	Orden	Parcial
Estandar	57.29729729729729	71.29909365558913	67.83625730994152
Estandar_normalizada	60.11560693641618	71.29909365558913	70.1219512195122
Dialectal	55.97826086956521	70.3030303030303	67.05202312138728
Dialectal_normalizada	58.72093023255813	70.3030303030303	69.51219512195121