Transcripcion	Levenstein	Orden	Parcial
Estandar	43.34975369458128	55.714285714285715	62.83185840707964
Estandar_normalizada	46.7032967032967	55.19713261648745	67.27272727272727
Dialectal	41.5	52.70758122743682	59.29203539823009
Dialectal_normalizada	44.6927374301676	52.17391304347826	63.63636363636363