Transcripcion	Levenstein	Orden	Parcial
Estandar	56.016597510373444	66.66666666666667	75.13227513227514
Estandar_normalizada	60.0	66.32911392405063	78.14207650273224
Dialectal	56.25	66.83544303797468	75.13227513227514
Dialectal_normalizada	60.273972602739725	66.49746192893402	78.14207650273224