Transcripcion	Levenstein	Orden	Parcial
Estandar	60.0	80.85106382978724	95.23809523809523
Estandar_normalizada	64.28571428571428	80.85106382978724	97.43589743589743
Dialectal	60.0	80.85106382978724	95.23809523809523
Dialectal_normalizada	64.28571428571428	80.85106382978724	97.43589743589743