Transcripcion	Levenstein	Orden	Parcial
Estandar	49.33333333333333	80.0	56.75675675675676
Estandar_normalizada	61.66666666666667	80.85106382978724	70.27027027027026
Dialectal	49.33333333333333	80.0	56.75675675675676
Dialectal_normalizada	61.66666666666667	80.85106382978724	70.27027027027026