Transcripcion	Levenstein	Orden	Parcial
Estandar	37.19512195121951	67.61565836298932	57.432432432432435
Estandar_normalizada	42.8082191780822	67.37967914438502	67.77163904235728
Dialectal	36.111111111111114	67.02508960573476	56.80272108843538
Dialectal_normalizada	42.465753424657535	66.78635547576302	67.16141001855287