Transcripcion	Levenstein	Orden	Parcial
Estandar	41.666666666666664	76.92307692307692	80.0
Estandar_normalizada	52.5	76.92307692307692	87.27272727272728
Dialectal	41.666666666666664	76.92307692307692	80.0
Dialectal_normalizada	52.5	76.92307692307692	87.27272727272728