Transcripcion	Levenstein	Orden	Parcial
Estandar	47.120418848167546	63.192182410423456	61.648745519713266
Estandar_normalizada	50.588235294117645	63.39869281045751	64.61538461538461
Dialectal	47.120418848167546	63.192182410423456	61.648745519713266
Dialectal_normalizada	50.588235294117645	63.39869281045751	64.61538461538461