Transcripcion	Levenstein	Orden	Parcial
Estandar	38.095238095238095	42.42424242424242	50.0
Estandar_normalizada	35.0	42.42424242424242	50.0
Dialectal	38.095238095238095	42.42424242424242	50.0
Dialectal_normalizada	35.0	42.42424242424242	50.0