Transcripcion	Levenstein	Orden	Parcial
Estandar	26.5625	49.079754601227	45.80152671755725
Estandar_normalizada	32.71028037383178	46.913580246913575	49.23076923076923
Dialectal	26.5625	49.079754601227	45.80152671755725
Dialectal_normalizada	32.71028037383178	46.913580246913575	49.23076923076923