Transcripcion	Levenstein	Orden	Parcial
Estandar	42.96577946768061	63.084112149532714	60.79295154185023
Estandar_normalizada	43.80530973451327	63.084112149532714	66.5137614678899
Dialectal	42.1455938697318	63.38028169014085	60.352422907488986
Dialectal_normalizada	42.85714285714286	63.38028169014085	66.05504587155964