Transcripcion	Levenstein	Orden	Parcial
Estandar	15.000000000000002	25.64102564102564	37.5
Estandar_normalizada	18.333333333333336	25.64102564102564	40.0
Dialectal	15.000000000000002	25.64102564102564	37.5
Dialectal_normalizada	18.333333333333336	25.64102564102564	40.0