Transcripcion	Levenstein	Orden	Parcial
Estandar	23.809523809523814	24.242424242424242	48.275862068965516
Estandar_normalizada	26.315789473684216	24.242424242424242	46.15384615384615
Dialectal	23.809523809523814	24.242424242424242	48.275862068965516
Dialectal_normalizada	26.315789473684216	24.242424242424242	46.15384615384615