Transcripcion	Levenstein	Orden	Parcial
Estandar	22.72727272727273	42.666666666666664	39.43661971830986
Estandar_normalizada	21.42857142857143	40.54054054054054	42.42424242424242
Dialectal	22.72727272727273	42.666666666666664	39.43661971830986
Dialectal_normalizada	21.42857142857143	40.54054054054054	42.42424242424242