Transcripcion	Levenstein	Orden	Parcial
Estandar	26.66666666666667	48.484848484848484	47.61904761904761
Estandar_normalizada	33.333333333333336	48.484848484848484	47.05882352941176
Dialectal	26.66666666666667	48.484848484848484	47.61904761904761
Dialectal_normalizada	33.333333333333336	48.484848484848484	47.05882352941176