Transcripcion	Levenstein	Orden	Parcial
Estandar	32.467532467532465	40.0	43.39622641509434
Estandar_normalizada	37.28813559322034	40.0	51.11111111111111
Dialectal	32.467532467532465	40.0	43.39622641509434
Dialectal_normalizada	37.28813559322034	40.0	51.11111111111111