Transcripcion	Levenstein	Orden	Parcial
Estandar	62.825278810408925	73.4966592427617	71.11111111111111
Estandar_normalizada	67.34693877551021	73.4966592427617	75.46296296296296
Dialectal	63.059701492537314	73.66071428571428	71.55555555555554
Dialectal_normalizada	67.62295081967213	73.66071428571428	75.92592592592592