Transcripcion	Levenstein	Orden	Parcial
Estandar	21.212121212121215	40.963855421686745	31.57894736842105
Estandar_normalizada	22.413793103448278	41.463414634146346	42.307692307692314
Dialectal	21.212121212121215	40.963855421686745	31.57894736842105
Dialectal_normalizada	22.413793103448278	41.463414634146346	42.307692307692314