Transcripcion	Levenstein	Orden	Parcial
Estandar	55.696202531645575	72.88135593220339	80.3921568627451
Estandar_normalizada	58.9041095890411	72.88135593220339	81.25
Dialectal	55.696202531645575	72.88135593220339	80.3921568627451
Dialectal_normalizada	58.9041095890411	72.88135593220339	81.25