Transcripcion	Levenstein	Orden	Parcial
Estandar	21.499999999999996	42.27129337539432	39.21568627450981
Estandar_normalizada	21.78770949720671	41.77215189873418	41.29554655870445
Dialectal	21.499999999999996	42.27129337539432	39.21568627450981
Dialectal_normalizada	21.78770949720671	41.77215189873418	41.29554655870445