Transcripcion	Levenstein	Orden	Parcial
Estandar	1.9607843137254943	0.0	18.181818181818176
Estandar_normalizada	2.3809523809523836	0.0	22.22222222222222
Dialectal	1.9607843137254943	0.0	18.181818181818176
Dialectal_normalizada	2.3809523809523836	0.0	22.22222222222222