Transcripcion	Levenstein	Orden	Parcial
Estandar	15.217391304347828	30.508474576271183	36.8421052631579
Estandar_normalizada	15.217391304347828	30.508474576271183	46.666666666666664
Dialectal	15.217391304347828	30.508474576271183	36.8421052631579
Dialectal_normalizada	15.217391304347828	30.508474576271183	46.666666666666664