Transcripcion	Levenstein	Orden	Parcial
Estandar	40.10989010989011	57.6158940397351	61.66666666666667
Estandar_normalizada	43.25842696629213	57.6158940397351	66.08695652173913
Dialectal	40.10989010989011	57.6158940397351	61.66666666666667
Dialectal_normalizada	43.25842696629213	57.6158940397351	66.08695652173913