Transcripcion	Levenstein	Orden	Parcial
Estandar	19.548872180451127	35.622317596566525	40.86021505376344
Estandar_normalizada	22.379603399433424	35.85313174946004	44.01544401544402
Dialectal	19.548872180451127	35.622317596566525	40.86021505376344
Dialectal_normalizada	22.379603399433424	35.85313174946004	44.01544401544402