Transcripcion	Levenstein	Orden	Parcial
Estandar	20.370370370370374	42.553191489361694	42.00000000000001
Estandar_normalizada	25.0	42.553191489361694	43.47826086956522
Dialectal	20.370370370370374	42.553191489361694	42.00000000000001
Dialectal_normalizada	25.0	42.553191489361694	43.47826086956522