Transcripcion	Levenstein	Orden	Parcial
Estandar	43.712574850299404	50.1628664495114	62.41610738255034
Estandar_normalizada	47.20496894409938	49.673202614379086	64.76868327402136
Dialectal	43.712574850299404	50.1628664495114	62.41610738255034
Dialectal_normalizada	47.20496894409938	49.673202614379086	64.76868327402136