Transcripcion	Levenstein	Orden	Parcial
Estandar	13.636363636363635	31.999999999999996	56.25
Estandar_normalizada	14.28571428571429	31.999999999999996	69.23076923076923
Dialectal	13.636363636363635	31.999999999999996	56.25
Dialectal_normalizada	14.28571428571429	31.999999999999996	69.23076923076923