Transcripcion	Levenstein	Orden	Parcial
Estandar	35.63218390804598	55.263157894736835	59.154929577464785
Estandar_normalizada	36.70886075949367	55.263157894736835	61.31386861313868
Dialectal	35.63218390804598	55.263157894736835	59.154929577464785
Dialectal_normalizada	36.70886075949367	55.263157894736835	61.31386861313868