Transcripcion	Levenstein	Orden	Parcial
Estandar	56.97674418604651	70.50359712230217	70.58823529411764
Estandar_normalizada	65.33333333333333	70.50359712230217	77.94117647058823
Dialectal	56.97674418604651	70.50359712230217	70.58823529411764
Dialectal_normalizada	65.33333333333333	70.50359712230217	77.94117647058823