Transcripcion	Levenstein	Orden	Parcial
Estandar	21.568627450980394	38.23529411764706	41.379310344827594
Estandar_normalizada	20.93023255813954	38.23529411764706	44.827586206896555
Dialectal	21.568627450980394	38.23529411764706	41.379310344827594
Dialectal_normalizada	20.93023255813954	38.23529411764706	44.827586206896555