Transcripcion	Levenstein	Orden	Parcial
Estandar	5.1724137931034475	10.71428571428571	42.85714285714286
Estandar_normalizada	5.769230769230771	10.71428571428571	42.85714285714286
Dialectal	5.1724137931034475	10.71428571428571	42.85714285714286
Dialectal_normalizada	5.769230769230771	10.71428571428571	42.85714285714286