Transcripcion	Levenstein	Orden	Parcial
Estandar	30.254041570438794	66.86046511627907	59.02668759811617
Estandar_normalizada	30.179028132992325	66.86046511627907	60.544217687074834
Dialectal	30.254041570438794	66.86046511627907	59.02668759811617
Dialectal_normalizada	30.179028132992325	66.86046511627907	60.544217687074834