Transcripcion	Levenstein	Orden	Parcial
Estandar	19.999999999999996	38.80597014925373	54.054054054054056
Estandar_normalizada	19.999999999999996	38.80597014925373	60.60606060606061
Dialectal	19.999999999999996	38.80597014925373	54.054054054054056
Dialectal_normalizada	19.999999999999996	38.80597014925373	60.60606060606061