Transcripcion	Levenstein	Orden	Parcial
Estandar	9.090909090909093	15.384615384615385	18.181818181818176
Estandar_normalizada	11.111111111111116	15.384615384615385	16.666666666666664
Dialectal	9.090909090909093	15.384615384615385	18.181818181818176
Dialectal_normalizada	11.111111111111116	15.384615384615385	16.666666666666664