Transcripcion	Levenstein	Orden	Parcial
Estandar	19.999999999999996	30.303030303030297	37.03703703703704
Estandar_normalizada	18.181818181818176	30.303030303030297	39.13043478260869
Dialectal	19.6078431372549	29.850746268656714	37.03703703703704
Dialectal_normalizada	17.777777777777782	29.850746268656714	39.13043478260869