Transcripcion	Levenstein	Orden	Parcial
Estandar	26.80851063829788	49.46808510638297	43.169398907103826
Estandar_normalizada	28.708133971291872	49.73262032085562	47.30538922155688
Dialectal	26.18025751072961	49.73262032085562	43.40659340659341
Dialectal_normalizada	28.985507246376805	50.0	47.59036144578314