Transcripcion	Levenstein	Orden	Parcial
Estandar	24.13793103448276	48.951048951048946	43.47826086956522
Estandar_normalizada	27.27272727272727	48.951048951048946	48.78048780487805
Dialectal	24.13793103448276	48.951048951048946	43.47826086956522
Dialectal_normalizada	27.27272727272727	48.951048951048946	48.78048780487805