Transcripcion	Levenstein	Orden	Parcial
Estandar	54.43037974683544	77.86259541984732	72.1311475409836
Estandar_normalizada	60.86956521739131	77.86259541984732	76.52173913043478
Dialectal	54.43037974683544	77.86259541984732	72.1311475409836
Dialectal_normalizada	60.86956521739131	77.86259541984732	76.52173913043478