Transcripcion	Levenstein	Orden	Parcial
Estandar	22.499999999999996	40.74074074074075	54.054054054054056
Estandar_normalizada	26.315789473684216	40.74074074074075	64.51612903225806
Dialectal	22.499999999999996	40.74074074074075	54.054054054054056
Dialectal_normalizada	26.315789473684216	40.74074074074075	64.51612903225806