Transcripcion	Levenstein	Orden	Parcial
Estandar	55.33980582524271	67.28395061728395	68.42105263157895
Estandar_normalizada	59.35828877005347	66.25386996904025	72.22222222222221
Dialectal	55.88235294117647	67.70186335403727	68.42105263157895
Dialectal_normalizada	60.0	66.66666666666667	72.22222222222221