Transcripcion	Levenstein	Orden	Parcial
Estandar	44.230769230769226	62.16216216216216	77.41935483870968
Estandar_normalizada	50.0	62.16216216216216	76.66666666666666
Dialectal	44.230769230769226	62.16216216216216	77.41935483870968
Dialectal_normalizada	50.0	62.16216216216216	76.66666666666666