Transcripcion	Levenstein	Orden	Parcial
Estandar	19.999999999999996	38.59649122807017	34.61538461538461
Estandar_normalizada	24.32432432432432	39.28571428571429	47.82608695652174
Dialectal	19.999999999999996	38.59649122807017	34.61538461538461
Dialectal_normalizada	24.32432432432432	39.28571428571429	47.82608695652174