Transcripcion	Levenstein	Orden	Parcial
Estandar	26.66666666666667	49.36708860759494	48.06201550387597
Estandar_normalizada	26.82926829268293	48.40764331210191	49.36708860759494
Dialectal	26.66666666666667	49.36708860759494	48.06201550387597
Dialectal_normalizada	26.82926829268293	48.40764331210191	49.36708860759494