Transcripcion	Levenstein	Orden	Parcial
Estandar	75.0	78.125	85.24590163934427
Estandar_normalizada	80.55555555555556	78.125	91.22807017543859
Dialectal	75.0	78.125	85.24590163934427
Dialectal_normalizada	80.55555555555556	78.125	91.22807017543859