Transcripcion	Levenstein	Orden	Parcial
Estandar	49.10714285714286	57.14285714285714	61.53846153846154
Estandar_normalizada	52.0	57.14285714285714	64.32748538011697
Dialectal	49.10714285714286	57.14285714285714	61.53846153846154
Dialectal_normalizada	52.0	57.14285714285714	64.32748538011697