Transcripcion	Levenstein	Orden	Parcial
Estandar	27.77777777777778	48.71794871794872	73.91304347826086
Estandar_normalizada	33.333333333333336	48.71794871794872	73.91304347826086
Dialectal	27.77777777777778	48.71794871794872	73.91304347826086
Dialectal_normalizada	33.333333333333336	48.71794871794872	73.91304347826086