Transcripcion	Levenstein	Orden	Parcial
Estandar	64.05228758169935	76.11336032388664	69.44444444444444
Estandar_normalizada	69.34306569343065	75.45638945233266	75.93360995850622
Dialectal	64.05228758169935	76.11336032388664	69.44444444444444
Dialectal_normalizada	69.34306569343065	75.45638945233266	75.93360995850622