Transcripcion	Levenstein	Orden	Parcial
Estandar	51.20481927710843	68.42105263157895	67.98418972332017
Estandar_normalizada	58.45070422535211	68.93939393939394	72.38805970149254
Dialectal	51.20481927710843	68.42105263157895	67.98418972332017
Dialectal_normalizada	58.45070422535211	68.93939393939394	72.38805970149254