Transcripcion	Levenstein	Orden	Parcial
Estandar	40.0	67.13286713286713	77.19298245614034
Estandar_normalizada	43.01075268817204	67.6056338028169	78.18181818181819
Dialectal	40.0	67.13286713286713	77.19298245614034
Dialectal_normalizada	43.01075268817204	67.6056338028169	78.18181818181819