Transcripcion	Levenstein	Orden	Parcial
Estandar	18.000000000000004	29.333333333333332	34.14634146341463
Estandar_normalizada	25.0	29.333333333333332	38.23529411764706
Dialectal	18.000000000000004	29.333333333333332	34.14634146341463
Dialectal_normalizada	25.0	29.333333333333332	38.23529411764706