Transcripcion	Levenstein	Orden	Parcial
Estandar	16.666666666666664	23.809523809523814	40.0
Estandar_normalizada	19.718309859154925	23.809523809523814	53.333333333333336
Dialectal	16.666666666666664	23.809523809523814	40.0
Dialectal_normalizada	19.718309859154925	23.809523809523814	53.333333333333336