Transcripcion	Levenstein	Orden	Parcial
Estandar	44.07582938388626	59.66101694915253	60.0
Estandar_normalizada	48.91304347826087	59.66101694915253	62.903225806451616
Dialectal	44.49760765550239	58.70307167235496	60.0
Dialectal_normalizada	49.45054945054945	58.70307167235496	63.70967741935484