Transcripcion	Levenstein	Orden	Parcial
Estandar	15.789473684210531	25.352112676056336	47.05882352941176
Estandar_normalizada	15.789473684210531	25.352112676056336	53.333333333333336
Dialectal	15.789473684210531	25.352112676056336	47.05882352941176
Dialectal_normalizada	15.789473684210531	25.352112676056336	53.333333333333336