Transcripcion	Levenstein	Orden	Parcial
Estandar	23.188405797101453	41.860465116279066	45.714285714285715
Estandar_normalizada	28.07017543859649	41.860465116279066	47.05882352941176
Dialectal	23.188405797101453	41.860465116279066	45.714285714285715
Dialectal_normalizada	28.07017543859649	41.860465116279066	47.05882352941176