Transcripcion	Levenstein	Orden	Parcial
Estandar	19.999999999999996	40.625	46.42857142857143
Estandar_normalizada	28.947368421052634	41.269841269841265	52.0
Dialectal	19.999999999999996	40.625	46.42857142857143
Dialectal_normalizada	28.947368421052634	41.269841269841265	52.0