Transcripcion	Levenstein	Orden	Parcial
Estandar	15.384615384615385	13.33333333333333	40.0
Estandar_normalizada	18.181818181818176	13.33333333333333	57.14285714285714
Dialectal	15.384615384615385	13.33333333333333	40.0
Dialectal_normalizada	18.181818181818176	13.33333333333333	57.14285714285714