Transcripcion	Levenstein	Orden	Parcial
Estandar	12.341772151898734	20.994475138121548	38.23529411764706
Estandar_normalizada	12.828947368421051	19.999999999999996	42.3728813559322
Dialectal	12.341772151898734	21.666666666666668	39.39393939393939
Dialectal_normalizada	12.828947368421051	20.67039106145251	43.85964912280702