Transcripcion	Levenstein	Orden	Parcial
Estandar	55.263157894736835	72.1311475409836	73.33333333333334
Estandar_normalizada	64.70588235294117	72.1311475409836	72.41379310344827
Dialectal	55.263157894736835	72.1311475409836	73.33333333333334
Dialectal_normalizada	64.70588235294117	72.1311475409836	72.41379310344827