Transcripcion	Levenstein	Orden	Parcial
Estandar	17.14285714285714	29.885057471264364	40.0
Estandar_normalizada	19.672131147540984	30.23255813953488	41.379310344827594
Dialectal	17.14285714285714	29.885057471264364	40.0
Dialectal_normalizada	19.672131147540984	30.23255813953488	41.379310344827594