Transcripcion	Levenstein	Orden	Parcial
Estandar	32.91139240506329	60.97560975609756	85.71428571428572
Estandar_normalizada	40.625	61.728395061728406	88.88888888888889
Dialectal	32.91139240506329	60.97560975609756	85.71428571428572
Dialectal_normalizada	40.625	61.728395061728406	88.88888888888889