Transcripcion	Levenstein	Orden	Parcial
Estandar	48.64864864864865	62.96296296296296	79.06976744186046
Estandar_normalizada	51.515151515151516	62.96296296296296	81.81818181818181
Dialectal	48.64864864864865	62.96296296296296	79.06976744186046
Dialectal_normalizada	51.515151515151516	62.96296296296296	81.81818181818181