Transcripcion	Levenstein	Orden	Parcial
Estandar	24.32432432432432	41.474654377880185	40.95238095238095
Estandar_normalizada	28.125	42.056074766355145	46.93877551020408
Dialectal	24.32432432432432	41.474654377880185	40.95238095238095
Dialectal_normalizada	28.125	42.056074766355145	46.93877551020408