Transcripcion	Levenstein	Orden	Parcial
Estandar	51.94805194805194	71.38728323699422	69.37172774869109
Estandar_normalizada	57.80821917808219	71.69811320754718	73.04347826086956
Dialectal	51.94805194805194	71.38728323699422	69.37172774869109
Dialectal_normalizada	57.80821917808219	71.69811320754718	73.04347826086956