Transcripcion	Levenstein	Orden	Parcial
Estandar	9.302325581395355	18.867924528301884	15.000000000000002
Estandar_normalizada	11.904761904761907	15.384615384615385	26.66666666666667
Dialectal	9.302325581395355	18.867924528301884	15.000000000000002
Dialectal_normalizada	11.904761904761907	15.384615384615385	26.66666666666667