Transcripcion	Levenstein	Orden	Parcial
Estandar	9.999999999999998	0.0	18.181818181818176
Estandar_normalizada	11.111111111111116	0.0	25.0
Dialectal	9.999999999999998	0.0	18.181818181818176
Dialectal_normalizada	11.111111111111116	0.0	25.0