Transcripcion	Levenstein	Orden	Parcial
Estandar	17.021276595744684	43.333333333333336	40.0
Estandar_normalizada	17.500000000000004	44.067796610169495	45.714285714285715
Dialectal	17.021276595744684	43.333333333333336	40.0
Dialectal_normalizada	17.500000000000004	44.067796610169495	45.714285714285715