Transcripcion	Levenstein	Orden	Parcial
Estandar	73.33333333333334	100.0	78.26086956521739
Estandar_normalizada	87.5	100.0	90.47619047619048
Dialectal	73.33333333333334	100.0	78.26086956521739
Dialectal_normalizada	87.5	100.0	90.47619047619048