Transcripcion	Levenstein	Orden	Parcial
Estandar	88.57142857142857	81.25	92.3076923076923
Estandar_normalizada	90.9090909090909	81.25	93.75
Dialectal	88.57142857142857	81.25	92.3076923076923
Dialectal_normalizada	90.9090909090909	81.25	93.75