Transcripcion	Levenstein	Orden	Parcial
Estandar	23.076923076923073	35.89743589743589	46.15384615384615
Estandar_normalizada	25.0	35.89743589743589	46.15384615384615
Dialectal	23.076923076923073	35.89743589743589	46.15384615384615
Dialectal_normalizada	25.0	35.89743589743589	46.15384615384615