Transcripcion	Levenstein	Orden	Parcial
Estandar	8.045977011494255	9.302325581395355	33.333333333333336
Estandar_normalizada	7.594936708860756	9.302325581395355	44.44444444444444
Dialectal	8.045977011494255	9.302325581395355	33.333333333333336
Dialectal_normalizada	7.594936708860756	9.302325581395355	44.44444444444444