Transcripcion	Levenstein	Orden	Parcial
Estandar	70.0	76.92307692307692	80.0
Estandar_normalizada	75.0	76.92307692307692	100.0
Dialectal	70.0	76.92307692307692	80.0
Dialectal_normalizada	75.0	76.92307692307692	100.0