Transcripcion	Levenstein	Orden	Parcial
Estandar	43.24324324324324	54.54545454545454	69.23076923076923
Estandar_normalizada	51.61290322580645	54.54545454545454	73.07692307692308
Dialectal	43.24324324324324	54.54545454545454	69.23076923076923
Dialectal_normalizada	51.61290322580645	54.54545454545454	73.07692307692308