Transcripcion	Levenstein	Orden	Parcial
Estandar	19.999999999999996	35.89743589743589	33.333333333333336
Estandar_normalizada	20.833333333333336	35.89743589743589	38.46153846153846
Dialectal	19.999999999999996	35.89743589743589	33.333333333333336
Dialectal_normalizada	20.833333333333336	35.89743589743589	38.46153846153846