Transcripcion	Levenstein	Orden	Parcial
Estandar	47.540983606557376	58.666666666666664	70.27027027027026
Estandar_normalizada	57.446808510638306	58.666666666666664	77.61194029850746
Dialectal	47.540983606557376	58.666666666666664	70.27027027027026
Dialectal_normalizada	57.446808510638306	58.666666666666664	77.61194029850746