Transcripcion	Levenstein	Orden	Parcial
Estandar	13.725490196078427	25.454545454545453	35.71428571428571
Estandar_normalizada	15.909090909090907	25.92592592592593	50.0
Dialectal	13.725490196078427	25.454545454545453	35.71428571428571
Dialectal_normalizada	15.909090909090907	25.92592592592593	50.0