Transcripcion	Levenstein	Orden	Parcial
Estandar	47.15447154471545	59.11330049261083	72.43243243243242
Estandar_normalizada	56.03448275862068	59.4059405940594	79.53216374269006
Dialectal	47.15447154471545	59.11330049261083	72.43243243243242
Dialectal_normalizada	56.03448275862068	59.4059405940594	79.53216374269006