Transcripcion	Levenstein	Orden	Parcial
Estandar	27.516778523489936	41.8848167539267	50.0
Estandar_normalizada	34.10852713178295	42.32804232804233	52.800000000000004
Dialectal	28.947368421052634	43.29896907216495	50.349650349650354
Dialectal_normalizada	34.09090909090909	43.75	53.333333333333336