Transcripcion	Levenstein	Orden	Parcial
Estandar	58.82352941176471	79.01234567901234	83.11688311688312
Estandar_normalizada	70.2127659574468	79.01234567901234	94.28571428571428
Dialectal	58.82352941176471	79.01234567901234	83.11688311688312
Dialectal_normalizada	70.2127659574468	79.01234567901234	94.28571428571428