Transcripcion	Levenstein	Orden	Parcial
Estandar	23.148148148148152	46.666666666666664	41.29032258064517
Estandar_normalizada	26.041666666666664	46.666666666666664	46.896551724137936
Dialectal	23.148148148148152	46.666666666666664	41.29032258064517
Dialectal_normalizada	26.041666666666664	46.666666666666664	46.896551724137936