Transcripcion	Levenstein	Orden	Parcial
Estandar	0.0	30.000000000000004	19.047619047619047
Estandar_normalizada	15.384615384615385	30.000000000000004	33.333333333333336
Dialectal	0.0	30.000000000000004	19.047619047619047
Dialectal_normalizada	15.384615384615385	30.000000000000004	33.333333333333336