Transcripcion	Levenstein	Orden	Parcial
Estandar	32.786885245901644	48.93617021276596	50.0
Estandar_normalizada	33.89830508474576	48.93617021276596	50.0
Dialectal	32.786885245901644	48.93617021276596	50.0
Dialectal_normalizada	33.89830508474576	48.93617021276596	50.0