Transcripcion	Levenstein	Orden	Parcial
Estandar	30.000000000000004	40.625	41.379310344827594
Estandar_normalizada	35.0	40.625	46.15384615384615
Dialectal	30.000000000000004	40.625	41.379310344827594
Dialectal_normalizada	35.0	40.625	46.15384615384615