Transcripcion	Levenstein	Orden	Parcial
Estandar	9.302325581395355	43.13725490196079	22.580645161290324
Estandar_normalizada	14.814814814814813	39.13043478260869	36.36363636363637
Dialectal	9.302325581395355	43.13725490196079	22.580645161290324
Dialectal_normalizada	14.814814814814813	39.13043478260869	36.36363636363637