Transcripcion	Levenstein	Orden	Parcial
Estandar	9.090909090909093	19.047619047619047	42.85714285714286
Estandar_normalizada	10.526315789473683	19.047619047619047	42.85714285714286
Dialectal	9.090909090909093	19.047619047619047	42.85714285714286
Dialectal_normalizada	10.526315789473683	19.047619047619047	42.85714285714286