Transcripcion	Levenstein	Orden	Parcial
Estandar	19.58762886597938	35.29411764705882	34.17721518987342
Estandar_normalizada	18.823529411764707	37.086092715231786	37.58389261744966
Dialectal	19.58762886597938	35.29411764705882	34.17721518987342
Dialectal_normalizada	18.823529411764707	37.086092715231786	37.58389261744966