Transcripcion	Levenstein	Orden	Parcial
Estandar	27.07423580786026	50.26178010471204	41.860465116279066
Estandar_normalizada	27.63819095477387	49.07651715039578	47.395833333333336
Dialectal	27.07423580786026	50.26178010471204	41.860465116279066
Dialectal_normalizada	27.63819095477387	49.07651715039578	47.395833333333336