Transcripcion	Levenstein	Orden	Parcial
Estandar	17.307692307692314	20.68965517241379	38.46153846153846
Estandar_normalizada	14.000000000000002	20.68965517241379	50.0
Dialectal	17.307692307692314	20.68965517241379	38.46153846153846
Dialectal_normalizada	14.000000000000002	20.68965517241379	50.0