Transcripcion	Levenstein	Orden	Parcial
Estandar	40.0	33.333333333333336	66.66666666666667
Estandar_normalizada	40.0	33.333333333333336	100.0
Dialectal	40.0	33.333333333333336	66.66666666666667
Dialectal_normalizada	40.0	33.333333333333336	100.0