Transcripcion	Levenstein	Orden	Parcial
Estandar	24.13793103448276	39.02439024390244	42.85714285714286
Estandar_normalizada	25.92592592592593	39.02439024390244	42.85714285714286
Dialectal	24.13793103448276	39.02439024390244	42.85714285714286
Dialectal_normalizada	25.92592592592593	39.02439024390244	42.85714285714286