Transcripcion	Levenstein	Orden	Parcial
Estandar	15.909090909090907	29.378531073446325	35.0
Estandar_normalizada	16.535433070866144	29.378531073446325	36.36363636363637
Dialectal	15.909090909090907	29.378531073446325	35.0
Dialectal_normalizada	16.535433070866144	29.378531073446325	36.36363636363637