Transcripcion	Levenstein	Orden	Parcial
Estandar	13.636363636363635	32.432432432432435	37.5
Estandar_normalizada	14.28571428571429	32.432432432432435	40.0
Dialectal	13.636363636363635	32.432432432432435	37.5
Dialectal_normalizada	14.28571428571429	32.432432432432435	40.0