Transcripcion	Levenstein	Orden	Parcial
Estandar	46.666666666666664	73.33333333333334	59.01639344262295
Estandar_normalizada	57.14285714285714	73.33333333333334	66.66666666666667
Dialectal	46.666666666666664	73.33333333333334	59.01639344262295
Dialectal_normalizada	57.14285714285714	73.33333333333334	66.66666666666667