Transcripcion	Levenstein	Orden	Parcial
Estandar	16.666666666666664	27.586206896551722	36.36363636363637
Estandar_normalizada	15.000000000000002	27.586206896551722	38.095238095238095
Dialectal	16.666666666666664	27.586206896551722	36.36363636363637
Dialectal_normalizada	15.000000000000002	27.586206896551722	38.095238095238095