Transcripcion	Levenstein	Orden	Parcial
Estandar	22.580645161290324	38.59649122807017	40.70796460176991
Estandar_normalizada	23.77049180327869	38.59649122807017	44.230769230769226
Dialectal	22.580645161290324	37.64705882352941	41.07142857142857
Dialectal_normalizada	23.77049180327869	37.64705882352941	45.09803921568627