Transcripcion	Levenstein	Orden	Parcial
Estandar	23.728813559322038	44.9438202247191	44.15584415584416
Estandar_normalizada	27.450980392156865	44.9438202247191	47.887323943661976
Dialectal	23.728813559322038	44.9438202247191	44.15584415584416
Dialectal_normalizada	27.450980392156865	44.9438202247191	47.887323943661976