Transcripcion	Levenstein	Orden	Parcial
Estandar	12.5	30.000000000000004	38.70967741935484
Estandar_normalizada	13.636363636363635	30.000000000000004	38.70967741935484
Dialectal	12.5	30.000000000000004	38.70967741935484
Dialectal_normalizada	13.636363636363635	30.000000000000004	38.70967741935484