Transcripcion	Levenstein	Orden	Parcial
Estandar	20.93023255813954	29.09090909090909	41.666666666666664
Estandar_normalizada	19.512195121951216	29.09090909090909	41.379310344827594
Dialectal	20.93023255813954	29.09090909090909	41.666666666666664
Dialectal_normalizada	19.512195121951216	29.09090909090909	41.379310344827594