Transcripcion	Levenstein	Orden	Parcial
Estandar	17.105263157894733	26.086956521739136	52.38095238095239
Estandar_normalizada	20.270270270270274	26.086956521739136	57.89473684210527
Dialectal	17.105263157894733	26.086956521739136	52.38095238095239
Dialectal_normalizada	20.270270270270274	26.086956521739136	57.89473684210527