Transcripcion	Levenstein	Orden	Parcial
Estandar	40.90909090909091	52.63157894736843	53.84615384615385
Estandar_normalizada	50.0	52.63157894736843	57.89473684210527
Dialectal	40.90909090909091	52.63157894736843	53.84615384615385
Dialectal_normalizada	50.0	52.63157894736843	57.89473684210527