Transcripcion	Levenstein	Orden	Parcial
Estandar	21.145374449339204	35.29411764705882	42.50000000000001
Estandar_normalizada	21.973094170403584	33.333333333333336	47.82608695652174
Dialectal	21.145374449339204	35.29411764705882	42.50000000000001
Dialectal_normalizada	21.973094170403584	33.333333333333336	47.82608695652174