Transcripcion	Levenstein	Orden	Parcial
Estandar	9.090909090909093	26.086956521739136	28.57142857142857
Estandar_normalizada	11.111111111111116	26.086956521739136	28.57142857142857
Dialectal	9.090909090909093	26.086956521739136	28.57142857142857
Dialectal_normalizada	11.111111111111116	26.086956521739136	28.57142857142857