Transcripcion	Levenstein	Orden	Parcial
Estandar	54.146341463414636	76.53668208856577	65.98639455782313
Estandar_normalizada	61.68539325842697	77.04590818363273	73.83040935672514
Dialectal	54.06464250734574	76.47448641484426	66.12244897959184
Dialectal_normalizada	61.62528216704288	76.98465643762509	73.9766081871345