Transcripcion	Levenstein	Orden	Parcial
Estandar	38.08353808353808	64.27546628407461	62.44204018547141
Estandar_normalizada	43.47826086956522	64.27546628407461	67.34006734006735
Dialectal	38.08353808353808	64.27546628407461	62.44204018547141
Dialectal_normalizada	43.47826086956522	64.27546628407461	67.34006734006735