Transcripcion	Levenstein	Orden	Parcial
Estandar	15.238095238095239	33.64485981308412	54.54545454545454
Estandar_normalizada	19.780219780219777	33.64485981308412	60.46511627906976
Dialectal	15.238095238095239	33.64485981308412	54.54545454545454
Dialectal_normalizada	19.780219780219777	33.64485981308412	60.46511627906976