Transcripcion	Levenstein	Orden	Parcial
Estandar	18.840579710144922	30.952380952380953	37.03703703703704
Estandar_normalizada	17.910447761194025	30.952380952380953	44.99999999999999
Dialectal	18.840579710144922	30.952380952380953	37.03703703703704
Dialectal_normalizada	17.910447761194025	30.952380952380953	44.99999999999999