Transcripcion	Levenstein	Orden	Parcial
Estandar	21.42857142857143	30.136986301369863	31.88405797101449
Estandar_normalizada	22.499999999999996	30.136986301369863	35.820895522388064
Dialectal	21.42857142857143	30.136986301369863	31.88405797101449
Dialectal_normalizada	22.499999999999996	30.136986301369863	35.820895522388064