Transcripcion	Levenstein	Orden	Parcial
Estandar	37.5	46.15384615384615	57.14285714285714
Estandar_normalizada	42.10526315789473	46.15384615384615	60.71428571428572
Dialectal	37.5	46.15384615384615	57.14285714285714
Dialectal_normalizada	42.10526315789473	46.15384615384615	60.71428571428572