Transcripcion	Levenstein	Orden	Parcial
Estandar	14.28571428571429	17.777777777777782	38.46153846153846
Estandar_normalizada	17.14285714285714	17.777777777777782	45.45454545454546
Dialectal	14.28571428571429	17.777777777777782	38.46153846153846
Dialectal_normalizada	17.14285714285714	17.777777777777782	45.45454545454546