Transcripcion	Levenstein	Orden	Parcial
Estandar	30.434782608695656	46.15384615384615	50.0
Estandar_normalizada	35.29411764705882	46.15384615384615	52.17391304347826
Dialectal	30.434782608695656	46.15384615384615	50.0
Dialectal_normalizada	35.29411764705882	46.15384615384615	52.17391304347826