Transcripcion	Levenstein	Orden	Parcial
Estandar	11.111111111111116	46.15384615384615	40.0
Estandar_normalizada	22.22222222222222	46.15384615384615	57.14285714285714
Dialectal	11.111111111111116	46.15384615384615	40.0
Dialectal_normalizada	22.22222222222222	46.15384615384615	57.14285714285714