Transcripcion	Levenstein	Orden	Parcial
Estandar	69.76744186046511	62.33766233766234	78.94736842105263
Estandar_normalizada	73.17073170731707	62.33766233766234	78.37837837837837
Dialectal	69.76744186046511	62.33766233766234	78.94736842105263
Dialectal_normalizada	73.17073170731707	62.33766233766234	78.37837837837837