Transcripcion	Levenstein	Orden	Parcial
Estandar	24.0	36.8421052631579	41.379310344827594
Estandar_normalizada	28.000000000000004	36.8421052631579	48.0
Dialectal	24.0	36.8421052631579	41.379310344827594
Dialectal_normalizada	28.000000000000004	36.8421052631579	48.0