Transcripcion	Levenstein	Orden	Parcial
Estandar	7.317073170731703	31.25	28.57142857142857
Estandar_normalizada	9.677419354838712	32.25806451612904	37.5
Dialectal	7.317073170731703	31.25	28.57142857142857
Dialectal_normalizada	9.677419354838712	32.25806451612904	37.5