Transcripcion	Levenstein	Orden	Parcial
Estandar	11.538461538461542	27.77777777777778	31.25
Estandar_normalizada	13.636363636363635	27.77777777777778	31.25
Dialectal	11.538461538461542	27.77777777777778	31.25
Dialectal_normalizada	13.636363636363635	27.77777777777778	31.25