Transcripcion	Levenstein	Orden	Parcial
Estandar	22.435897435897434	40.316205533596836	36.87943262411347
Estandar_normalizada	22.142857142857142	40.476190476190474	41.40625
Dialectal	22.435897435897434	40.316205533596836	36.87943262411347
Dialectal_normalizada	22.142857142857142	40.476190476190474	41.40625