Transcripcion	Levenstein	Orden	Parcial
Estandar	67.44186046511628	86.40776699029126	74.17840375586854
Estandar_normalizada	75.2212389380531	86.40776699029126	82.17821782178218
Dialectal	67.44186046511628	86.40776699029126	74.17840375586854
Dialectal_normalizada	75.2212389380531	86.40776699029126	82.17821782178218