Transcripcion	Levenstein	Orden	Parcial
Estandar	6.896551724137934	29.411764705882348	28.57142857142857
Estandar_normalizada	10.71428571428571	18.75	50.0
Dialectal	6.896551724137934	29.411764705882348	28.57142857142857
Dialectal_normalizada	10.71428571428571	18.75	50.0