Transcripcion	Levenstein	Orden	Parcial
Estandar	24.0	25.806451612903224	38.46153846153846
Estandar_normalizada	25.0	25.806451612903224	44.44444444444444
Dialectal	24.0	25.806451612903224	38.46153846153846
Dialectal_normalizada	25.0	25.806451612903224	44.44444444444444