Transcripcion	Levenstein	Orden	Parcial
Estandar	52.27882037533512	75.10460251046025	66.56686626746506
Estandar_normalizada	58.01603206412827	74.88201363398007	71.78947368421052
Dialectal	52.27882037533512	75.10460251046025	66.56686626746506
Dialectal_normalizada	58.01603206412827	74.88201363398007	71.78947368421052