Transcripcion	Levenstein	Orden	Parcial
Estandar	16.279069767441857	32.758620689655174	57.692307692307686
Estandar_normalizada	18.556701030927837	32.9004329004329	62.745098039215684
Dialectal	16.279069767441857	32.758620689655174	57.692307692307686
Dialectal_normalizada	18.556701030927837	32.9004329004329	62.745098039215684