Transcripcion	Levenstein	Orden	Parcial
Estandar	19.047619047619047	23.076923076923073	37.03703703703704
Estandar_normalizada	17.647058823529417	23.076923076923073	38.095238095238095
Dialectal	19.047619047619047	23.076923076923073	37.03703703703704
Dialectal_normalizada	17.647058823529417	23.076923076923073	38.095238095238095