Transcripcion	Levenstein	Orden	Parcial
Estandar	31.081081081081084	40.0	51.162790697674424
Estandar_normalizada	36.50793650793651	40.40404040404041	61.33333333333333
Dialectal	31.081081081081084	40.0	51.162790697674424
Dialectal_normalizada	36.50793650793651	40.40404040404041	61.33333333333333