Transcripcion	Levenstein	Orden	Parcial
Estandar	45.16129032258065	58.82352941176471	69.76744186046511
Estandar_normalizada	48.275862068965516	58.82352941176471	70.27027027027026
Dialectal	45.16129032258065	58.82352941176471	69.76744186046511
Dialectal_normalizada	48.275862068965516	58.82352941176471	70.27027027027026