Transcripcion	Levenstein	Orden	Parcial
Estandar	37.704918032786885	52.5	54.28571428571429
Estandar_normalizada	45.09803921568627	52.5	55.88235294117647
Dialectal	37.704918032786885	52.5	54.28571428571429
Dialectal_normalizada	45.09803921568627	52.5	55.88235294117647