Transcripcion	Levenstein	Orden	Parcial
Estandar	55.172413793103445	74.74402730375427	66.90647482014388
Estandar_normalizada	62.889518413597735	75.1286449399657	74.53183520599251
Dialectal	54.59057071960298	74.44253859348198	66.90647482014388
Dialectal_normalizada	62.28571428571428	74.82758620689656	73.78277153558052