Transcripcion	Levenstein	Orden	Parcial
Estandar	35.89743589743589	40.0	55.319148936170215
Estandar_normalizada	35.13513513513513	40.0	59.09090909090908
Dialectal	35.89743589743589	40.0	55.319148936170215
Dialectal_normalizada	35.13513513513513	40.0	59.09090909090908