Transcripcion	Levenstein	Orden	Parcial
Estandar	21.276595744680847	26.66666666666667	45.714285714285715
Estandar_normalizada	19.565217391304344	26.66666666666667	46.666666666666664
Dialectal	21.276595744680847	26.66666666666667	45.714285714285715
Dialectal_normalizada	19.565217391304344	26.66666666666667	46.666666666666664