Transcripcion	Levenstein	Orden	Parcial
Estandar	46.15384615384615	71.42857142857143	80.0
Estandar_normalizada	50.0	71.42857142857143	89.28571428571429
Dialectal	46.15384615384615	71.42857142857143	80.0
Dialectal_normalizada	50.0	71.42857142857143	89.28571428571429