Transcripcion	Levenstein	Orden	Parcial
Estandar	60.215053763440864	66.26506024096386	72.72727272727273
Estandar_normalizada	61.1764705882353	66.26506024096386	75.0
Dialectal	60.215053763440864	66.26506024096386	72.72727272727273
Dialectal_normalizada	61.1764705882353	66.26506024096386	75.0