Transcripcion	Levenstein	Orden	Parcial
Estandar	75.47169811320755	85.39325842696628	93.02325581395348
Estandar_normalizada	81.63265306122449	85.39325842696628	95.1219512195122
Dialectal	75.47169811320755	85.39325842696628	93.02325581395348
Dialectal_normalizada	81.63265306122449	85.39325842696628	95.1219512195122