Transcripcion	Levenstein	Orden	Parcial
Estandar	60.99585062240664	72.87234042553192	73.46938775510203
Estandar_normalizada	67.4641148325359	72.87234042553192	79.32960893854748
Dialectal	60.99585062240664	72.87234042553192	73.46938775510203
Dialectal_normalizada	67.4641148325359	72.87234042553192	79.32960893854748