Transcripcion	Levenstein	Orden	Parcial
Estandar	51.85185185185186	69.56521739130434	70.83333333333333
Estandar_normalizada	64.0	69.56521739130434	76.19047619047619
Dialectal	51.85185185185186	69.56521739130434	70.83333333333333
Dialectal_normalizada	64.0	69.56521739130434	76.19047619047619