Transcripcion	Levenstein	Orden	Parcial
Estandar	27.380952380952383	45.614035087719294	43.150684931506845
Estandar_normalizada	30.487804878048784	45.614035087719294	46.56488549618321
Dialectal	26.785714285714292	45.614035087719294	43.150684931506845
Dialectal_normalizada	30.487804878048784	45.614035087719294	46.56488549618321