Transcripcion	Levenstein	Orden	Parcial
Estandar	74.83443708609272	83.07692307692307	82.44274809160305
Estandar_normalizada	79.85611510791367	83.07692307692307	87.4015748031496
Dialectal	74.83443708609272	83.07692307692307	82.44274809160305
Dialectal_normalizada	79.85611510791367	83.07692307692307	87.4015748031496