Transcripcion	Levenstein	Orden	Parcial
Estandar	61.61616161616161	74.42922374429224	70.28301886792453
Estandar_normalizada	71.03174603174602	74.59954233409611	80.0
Dialectal	61.61616161616161	74.42922374429224	70.28301886792453
Dialectal_normalizada	71.03174603174602	74.59954233409611	80.0