Transcripcion	Levenstein	Orden	Parcial
Estandar	70.58823529411764	78.78787878787878	77.66990291262135
Estandar_normalizada	75.40983606557377	78.78787878787878	82.88590604026845
Dialectal	70.58823529411764	78.78787878787878	77.66990291262135
Dialectal_normalizada	75.40983606557377	78.78787878787878	82.88590604026845