Transcripcion	Levenstein	Orden	Parcial
Estandar	15.789473684210531	32.25806451612904	41.379310344827594
Estandar_normalizada	17.647058823529417	32.25806451612904	41.379310344827594
Dialectal	15.789473684210531	32.25806451612904	41.379310344827594
Dialectal_normalizada	17.647058823529417	32.25806451612904	41.379310344827594