Transcripcion	Levenstein	Orden	Parcial
Estandar	58.13953488372092	62.79863481228669	69.50354609929079
Estandar_normalizada	62.0253164556962	62.79863481228669	70.92198581560284
Dialectal	57.80346820809248	60.544217687074834	69.25795053003534
Dialectal_normalizada	61.63522012578616	60.544217687074834	70.63197026022306