Transcripcion	Levenstein	Orden	Parcial
Estandar	37.83783783783784	37.68115942028986	56.71641791044777
Estandar_normalizada	41.666666666666664	37.68115942028986	62.06896551724138
Dialectal	37.83783783783784	37.68115942028986	56.71641791044777
Dialectal_normalizada	41.666666666666664	37.68115942028986	62.06896551724138