Transcripcion	Levenstein	Orden	Parcial
Estandar	9.523809523809524	18.181818181818176	50.0
Estandar_normalizada	12.903225806451612	18.181818181818176	50.0
Dialectal	9.523809523809524	18.181818181818176	50.0
Dialectal_normalizada	12.903225806451612	18.181818181818176	50.0