Transcripcion	Levenstein	Orden	Parcial
Estandar	7.692307692307687	18.181818181818176	50.0
Estandar_normalizada	9.090909090909093	18.181818181818176	50.0
Dialectal	7.692307692307687	18.181818181818176	50.0
Dialectal_normalizada	9.090909090909093	18.181818181818176	50.0