Transcripcion	Levenstein	Orden	Parcial
Estandar	19.047619047619047	33.333333333333336	52.63157894736843
Estandar_normalizada	17.647058823529417	33.333333333333336	57.14285714285714
Dialectal	19.047619047619047	33.333333333333336	52.63157894736843
Dialectal_normalizada	17.647058823529417	33.333333333333336	57.14285714285714