Transcripcion	Levenstein	Orden	Parcial
Estandar	42.14285714285714	66.31016042780749	79.51807228915662
Estandar_normalizada	47.05882352941176	65.59139784946237	81.25
Dialectal	42.14285714285714	66.31016042780749	79.51807228915662
Dialectal_normalizada	47.05882352941176	65.59139784946237	81.25