Transcripcion	Levenstein	Orden	Parcial
Estandar	31.25	39.21568627450981	51.21951219512195
Estandar_normalizada	32.25806451612904	39.21568627450981	51.21951219512195
Dialectal	31.25	39.21568627450981	51.21951219512195
Dialectal_normalizada	32.25806451612904	39.21568627450981	51.21951219512195