Transcripcion	Levenstein	Orden	Parcial
Estandar	59.3984962406015	73.80410022779043	74.39613526570048
Estandar_normalizada	63.45381526104418	73.97260273972603	78.68020304568529
Dialectal	58.71212121212122	73.6842105263158	74.09200968523002
Dialectal_normalizada	62.75303643724697	73.85321100917432	78.06122448979592