Transcripcion	Levenstein	Orden	Parcial
Estandar	55.748373101952275	71.86147186147186	75.0788643533123
Estandar_normalizada	61.835748792270536	71.8840579710145	79.34426229508198
Dialectal	55.748373101952275	71.86147186147186	75.0788643533123
Dialectal_normalizada	61.835748792270536	71.8840579710145	79.34426229508198