Transcripcion	Levenstein	Orden	Parcial
Estandar	59.73333333333333	81.28544423440454	73.64016736401673
Estandar_normalizada	69.04024767801857	81.43939393939394	78.96995708154506
Dialectal	59.73333333333333	81.28544423440454	73.64016736401673
Dialectal_normalizada	69.04024767801857	81.43939393939394	78.96995708154506