Transcripcion	Levenstein	Orden	Parcial
Estandar	62.77372262773723	79.29515418502203	81.77339901477832
Estandar_normalizada	66.9291338582677	79.29515418502203	87.92270531400966
Dialectal	62.77372262773723	79.29515418502203	81.77339901477832
Dialectal_normalizada	66.9291338582677	79.29515418502203	87.92270531400966