Transcripcion	Levenstein	Orden	Parcial
Estandar	73.7864077669903	80.0	82.68156424581005
Estandar_normalizada	74.73684210526315	80.0	85.20710059171599
Dialectal	73.7864077669903	80.0	82.68156424581005
Dialectal_normalizada	74.73684210526315	80.0	85.20710059171599