Transcripcion	Levenstein	Orden	Parcial
Estandar	52.08333333333333	64.64646464646464	76.08695652173914
Estandar_normalizada	57.55813953488372	64.64646464646464	78.51851851851852
Dialectal	52.08333333333333	64.64646464646464	76.08695652173914
Dialectal_normalizada	57.55813953488372	64.64646464646464	78.51851851851852