Transcripcion	Levenstein	Orden	Parcial
Estandar	49.10554561717353	77.01421800947867	66.46266829865361
Estandar_normalizada	54.7112462006079	75.08939213349225	71.53945666235447
Dialectal	49.10554561717353	77.01421800947867	66.46266829865361
Dialectal_normalizada	54.7112462006079	75.08939213349225	71.53945666235447