Transcripcion	Levenstein	Orden	Parcial
Estandar	25.92592592592593	54.32098765432099	64.0
Estandar_normalizada	34.84848484848485	55.00000000000001	84.0
Dialectal	25.92592592592593	54.32098765432099	64.0
Dialectal_normalizada	34.84848484848485	55.00000000000001	84.0