Transcripcion	Levenstein	Orden	Parcial
Estandar	40.74074074074075	61.15702479338842	56.060606060606055
Estandar_normalizada	48.57142857142858	61.66666666666667	61.01694915254237
Dialectal	38.74999999999999	56.666666666666664	56.060606060606055
Dialectal_normalizada	46.37681159420289	57.14285714285714	61.01694915254237