Transcripcion	Levenstein	Orden	Parcial
Estandar	14.28571428571429	30.76923076923077	75.0
Estandar_normalizada	9.090909090909093	30.76923076923077	80.0
Dialectal	14.28571428571429	30.76923076923077	75.0
Dialectal_normalizada	9.090909090909093	30.76923076923077	80.0