Transcripcion	Levenstein	Orden	Parcial
Estandar	56.644295302013425	75.58239861949957	64.8936170212766
Estandar_normalizada	65.79754601226993	76.21527777777779	74.81617647058823
Dialectal	56.644295302013425	75.58239861949957	64.8936170212766
Dialectal_normalizada	65.79754601226993	76.21527777777779	74.81617647058823