Transcripcion	Levenstein	Orden	Parcial
Estandar	9.615384615384615	18.6046511627907	33.333333333333336
Estandar_normalizada	12.195121951219512	18.6046511627907	42.85714285714286
Dialectal	9.615384615384615	18.6046511627907	33.333333333333336
Dialectal_normalizada	12.195121951219512	18.6046511627907	42.85714285714286