Transcripcion	Levenstein	Orden	Parcial
Estandar	61.904761904761905	68.57142857142857	77.77777777777779
Estandar_normalizada	73.6842105263158	68.57142857142857	82.35294117647058
Dialectal	61.904761904761905	68.57142857142857	77.77777777777779
Dialectal_normalizada	73.6842105263158	68.57142857142857	82.35294117647058