Transcripcion	Levenstein	Orden	Parcial
Estandar	24.433656957928807	53.100775193798455	45.02164502164502
Estandar_normalizada	29.159212880143116	53.08521057786484	55.20082389289392
Dialectal	24.433656957928807	53.100775193798455	45.02164502164502
Dialectal_normalizada	29.159212880143116	53.08521057786484	55.20082389289392