Transcripcion	Levenstein	Orden	Parcial
Estandar	56.666666666666664	86.4	63.33333333333333
Estandar_normalizada	71.62162162162163	86.4	77.96610169491525
Dialectal	56.666666666666664	86.4	63.33333333333333
Dialectal_normalizada	71.62162162162163	86.4	77.96610169491525