Transcripcion	Levenstein	Orden	Parcial
Estandar	21.717171717171713	38.70967741935484	71.875
Estandar_normalizada	23.684210526315784	38.70967741935484	82.45614035087719
Dialectal	21.717171717171713	38.70967741935484	71.875
Dialectal_normalizada	23.684210526315784	38.70967741935484	82.45614035087719