Transcripcion	Levenstein	Orden	Parcial
Estandar	51.61479741632413	70.63281546040166	58.364038319823145
Estandar_normalizada	59.13688469318947	70.50743990843189	67.21439749608764
Dialectal	51.99764982373678	74.14708112206216	58.73249815770081
Dialectal_normalizada	59.581646423751685	73.89312977099236	67.6056338028169