Transcripcion	Levenstein	Orden	Parcial
Estandar	17.753623188405797	35.33123028391167	37.64705882352941
Estandar_normalizada	21.940928270042193	34.39490445859873	45.97701149425287
Dialectal	17.753623188405797	35.33123028391167	37.64705882352941
Dialectal_normalizada	21.940928270042193	34.39490445859873	45.97701149425287