Transcripcion	Levenstein	Orden	Parcial
Estandar	53.57142857142857	58.40220385674931	64.34782608695653
Estandar_normalizada	58.62068965517242	58.011049723756905	67.65578635014838
Dialectal	54.29864253393666	58.88888888888889	64.91228070175438
Dialectal_normalizada	59.5	58.495821727019504	68.26347305389223