Transcripcion	Levenstein	Orden	Parcial
Estandar	5.042016806722693	7.207207207207212	37.5
Estandar_normalizada	4.716981132075471	7.207207207207212	66.66666666666667
Dialectal	5.042016806722693	7.207207207207212	37.5
Dialectal_normalizada	4.716981132075471	7.207207207207212	66.66666666666667