Transcripcion	Levenstein	Orden	Parcial
Estandar	11.029411764705888	20.209059233449477	50.0
Estandar_normalizada	11.857707509881422	20.209059233449477	55.55555555555556
Dialectal	11.029411764705888	20.209059233449477	50.0
Dialectal_normalizada	11.857707509881422	20.209059233449477	55.55555555555556