Transcripcion	Levenstein	Orden	Parcial
Estandar	39.56639566395664	69.7459584295612	57.21153846153846
Estandar_normalizada	47.6027397260274	70.89201877934272	65.76086956521738
Dialectal	39.56639566395664	69.7459584295612	57.21153846153846
Dialectal_normalizada	47.6027397260274	70.89201877934272	65.76086956521738