Transcripcion	Levenstein	Orden	Parcial
Estandar	53.35235378031384	76.73469387755102	60.53811659192825
Estandar_normalizada	62.10350584307178	77.08119218910585	71.2984054669704
Dialectal	53.35235378031384	76.73469387755102	60.53811659192825
Dialectal_normalizada	62.10350584307178	77.08119218910585	71.2984054669704