Transcripcion	Levenstein	Orden	Parcial
Estandar	61.76470588235294	72.0	68.33333333333333
Estandar_normalizada	68.53932584269663	71.14093959731544	73.33333333333334
Dialectal	61.76470588235294	72.0	68.33333333333333
Dialectal_normalizada	68.53932584269663	71.14093959731544	73.33333333333334