Transcripcion	Levenstein	Orden	Parcial
Estandar	51.162790697674424	84.61538461538461	70.83333333333333
Estandar_normalizada	66.66666666666667	84.61538461538461	86.95652173913044
Dialectal	51.162790697674424	84.61538461538461	70.83333333333333
Dialectal_normalizada	66.66666666666667	84.61538461538461	86.95652173913044