Transcripcion	Levenstein	Orden	Parcial
Estandar	22.72727272727273	41.12149532710281	39.13043478260869
Estandar_normalizada	28.37837837837838	41.509433962264154	50.0
Dialectal	22.72727272727273	41.12149532710281	39.13043478260869
Dialectal_normalizada	28.37837837837838	41.509433962264154	50.0