Transcripcion	Levenstein	Orden	Parcial
Estandar	30.800000000000004	60.0	52.02702702702703
Estandar_normalizada	38.46153846153846	59.171597633136095	61.484098939929325
Dialectal	30.800000000000004	60.0	52.02702702702703
Dialectal_normalizada	38.46153846153846	59.171597633136095	61.484098939929325