Transcripcion	Levenstein	Orden	Parcial
Estandar	25.36231884057971	62.66666666666667	63.06306306306306
Estandar_normalizada	29.464285714285708	63.51351351351351	68.5185185185185
Dialectal	25.36231884057971	62.66666666666667	63.06306306306306
Dialectal_normalizada	29.464285714285708	63.51351351351351	68.5185185185185