Transcripcion	Levenstein	Orden	Parcial
Estandar	6.779661016949157	9.523809523809524	57.14285714285714
Estandar_normalizada	6.779661016949157	9.523809523809524	60.0
Dialectal	6.779661016949157	9.523809523809524	57.14285714285714
Dialectal_normalizada	6.779661016949157	9.523809523809524	60.0