Transcripcion	Levenstein	Orden	Parcial
Estandar	19.55307262569832	36.1904761904762	86.74698795180723
Estandar_normalizada	20.588235294117652	36.1904761904762	95.0
Dialectal	19.55307262569832	36.1904761904762	86.74698795180723
Dialectal_normalizada	20.588235294117652	36.1904761904762	95.0