Transcripcion	Levenstein	Orden	Parcial
Estandar	48.76543209876543	77.15736040609137	61.904761904761905
Estandar_normalizada	57.14285714285714	77.55102040816327	66.25
Dialectal	48.76543209876543	77.15736040609137	61.904761904761905
Dialectal_normalizada	57.14285714285714	77.55102040816327	66.25