Transcripcion	Levenstein	Orden	Parcial
Estandar	19.999999999999996	41.32231404958677	56.33802816901409
Estandar_normalizada	20.93023255813954	41.32231404958677	60.0
Dialectal	19.999999999999996	41.32231404958677	56.33802816901409
Dialectal_normalizada	20.93023255813954	41.32231404958677	60.0