Transcripcion	Levenstein	Orden	Parcial
Estandar	1.538461538461533	1.6393442622950838	25.0
Estandar_normalizada	2.500000000000002	1.6393442622950838	50.0
Dialectal	1.538461538461533	1.6393442622950838	25.0
Dialectal_normalizada	2.500000000000002	1.6393442622950838	50.0