Transcripcion	Levenstein	Orden	Parcial
Estandar	14.084507042253524	28.749999999999996	44.15584415584416
Estandar_normalizada	17.42424242424242	27.672955974842772	55.172413793103445
Dialectal	14.084507042253524	28.749999999999996	44.15584415584416
Dialectal_normalizada	17.42424242424242	27.672955974842772	55.172413793103445