Transcripcion	Levenstein	Orden	Parcial
Estandar	15.226337448559669	34.265734265734274	52.892561983471076
Estandar_normalizada	20.72072072072072	33.098591549295776	64.95726495726495
Dialectal	15.226337448559669	34.265734265734274	52.892561983471076
Dialectal_normalizada	20.72072072072072	33.098591549295776	64.95726495726495