Transcripcion	Levenstein	Orden	Parcial
Estandar	45.18388791593695	70.54631828978623	59.52941176470588
Estandar_normalizada	51.767151767151766	68.10551558752998	69.79038224414303
Dialectal	45.070422535211264	70.56019070321811	59.52941176470588
Dialectal_normalizada	51.67364016736402	67.14801444043322	69.80198019801979