Transcripcion	Levenstein	Orden	Parcial
Estandar	47.58364312267658	71.04895104895105	63.03030303030304
Estandar_normalizada	54.98891352549889	71.08603667136812	70.83333333333333
Dialectal	47.486033519553075	71.70868347338936	63.03030303030304
Dialectal_normalizada	54.888888888888886	71.75141242937852	70.83333333333333