Transcripcion	Levenstein	Orden	Parcial
Estandar	26.086956521739136	46.666666666666664	62.857142857142854
Estandar_normalizada	31.782945736434108	46.927374301675975	72.54901960784314
Dialectal	26.086956521739136	46.666666666666664	62.857142857142854
Dialectal_normalizada	31.782945736434108	46.927374301675975	72.54901960784314