Transcripcion	Levenstein	Orden	Parcial
Estandar	48.33333333333333	76.54320987654322	75.0
Estandar_normalizada	60.41666666666667	76.54320987654322	81.57894736842105
Dialectal	48.33333333333333	76.54320987654322	75.0
Dialectal_normalizada	60.41666666666667	76.54320987654322	81.57894736842105