Transcripcion	Levenstein	Orden	Parcial
Estandar	74.07407407407408	88.23529411764706	83.33333333333334
Estandar_normalizada	84.04255319148936	88.23529411764706	91.46341463414635
Dialectal	74.07407407407408	88.23529411764706	83.33333333333334
Dialectal_normalizada	84.04255319148936	88.23529411764706	91.46341463414635