Transcripcion	Levenstein	Orden	Parcial
Estandar	49.6	77.11340206185568	67.10526315789474
Estandar_normalizada	57.09677419354839	76.92307692307692	73.85321100917432
Dialectal	49.6	77.11340206185568	67.10526315789474
Dialectal_normalizada	57.09677419354839	76.92307692307692	73.85321100917432