Transcripcion	Levenstein	Orden	Parcial
Estandar	34.61538461538461	51.35135135135135	69.6969696969697
Estandar_normalizada	38.63636363636363	51.35135135135135	77.96610169491525
Dialectal	34.61538461538461	51.35135135135135	69.6969696969697
Dialectal_normalizada	38.63636363636363	51.35135135135135	77.96610169491525