Transcripcion	Levenstein	Orden	Parcial
Estandar	53.78151260504202	68.50828729281768	65.75342465753424
Estandar_normalizada	59.43396226415094	70.0	71.42857142857143
Dialectal	53.78151260504202	68.50828729281768	65.75342465753424
Dialectal_normalizada	59.43396226415094	70.0	71.42857142857143