Transcripcion	Levenstein	Orden	Parcial
Estandar	50.33333333333334	72.39583333333333	73.29545454545455
Estandar_normalizada	57.48031496062992	73.49081364829397	79.62962962962963
Dialectal	50.33333333333334	72.39583333333333	73.29545454545455
Dialectal_normalizada	57.48031496062992	73.49081364829397	79.62962962962963