Transcripcion	Levenstein	Orden	Parcial
Estandar	23.958333333333336	51.61290322580645	50.43478260869565
Estandar_normalizada	25.352112676056336	52.032520325203244	57.391304347826086
Dialectal	23.958333333333336	51.61290322580645	50.43478260869565
Dialectal_normalizada	25.352112676056336	52.032520325203244	57.391304347826086