Transcripcion	Levenstein	Orden	Parcial
Estandar	44.96124031007752	73.90300230946882	76.70588235294117
Estandar_normalizada	53.2258064516129	73.61111111111111	81.53846153846153
Dialectal	44.57364341085272	73.31786542923435	76.12293144208037
Dialectal_normalizada	52.41935483870967	73.02325581395348	80.9278350515464