Transcripcion	Levenstein	Orden	Parcial
Estandar	31.924882629107977	55.91397849462365	48.17518248175182
Estandar_normalizada	40.55555555555556	55.072463768115945	56.19834710743802
Dialectal	31.924882629107977	55.91397849462365	48.17518248175182
Dialectal_normalizada	40.55555555555556	55.072463768115945	56.19834710743802