Transcripcion	Levenstein	Orden	Parcial
Estandar	65.54621848739495	84.61538461538461	72.81921618204804
Estandar_normalizada	73.19648093841641	84.64251362616223	79.84137475214806
Dialectal	65.54621848739495	84.61538461538461	72.81921618204804
Dialectal_normalizada	73.19648093841641	84.64251362616223	79.84137475214806