Transcripcion	Levenstein	Orden	Parcial
Estandar	63.20754716981132	83.86234547276979	71.80500658761528
Estandar_normalizada	70.0956937799043	83.8407494145199	77.43732590529248
Dialectal	63.31236897274633	84.06281323087204	71.93675889328064
Dialectal_normalizada	70.21531100478468	84.04148544663768	77.57660167130919