Transcripcion	Levenstein	Orden	Parcial
Estandar	65.0	85.8044164037855	73.88535031847134
Estandar_normalizada	73.15789473684211	86.34920634920636	80.27210884353741
Dialectal	65.0	85.8044164037855	73.88535031847134
Dialectal_normalizada	73.15789473684211	86.34920634920636	80.27210884353741