Transcripcion	Levenstein	Orden	Parcial
Estandar	60.08146639511202	75.2659574468085	67.02412868632707
Estandar_normalizada	69.21241050119332	73.9946380697051	76.11111111111111
Dialectal	60.08146639511202	75.2659574468085	67.02412868632707
Dialectal_normalizada	69.21241050119332	73.9946380697051	76.11111111111111