Transcripcion	Levenstein	Orden	Parcial
Estandar	51.776649746192895	69.03914590747331	72.1311475409836
Estandar_normalizada	59.195402298850574	70.75812274368232	80.50847457627118
Dialectal	51.776649746192895	69.03914590747331	72.1311475409836
Dialectal_normalizada	59.195402298850574	70.75812274368232	80.50847457627118