Transcripcion	Levenstein	Orden	Parcial
Estandar	72.05882352941177	78.63247863247864	86.23853211009174
Estandar_normalizada	76.5625	78.63247863247864	90.56603773584906
Dialectal	72.05882352941177	78.63247863247864	86.23853211009174
Dialectal_normalizada	76.5625	78.63247863247864	90.56603773584906