Transcripcion	Levenstein	Orden	Parcial
Estandar	56.19834710743802	55.39906103286385	66.98113207547169
Estandar_normalizada	61.946902654867266	55.39906103286385	72.11538461538461
Dialectal	56.19834710743802	55.39906103286385	66.98113207547169
Dialectal_normalizada	61.946902654867266	55.39906103286385	72.11538461538461