Transcripcion	Levenstein	Orden	Parcial
Estandar	33.333333333333336	43.58974358974359	48.64864864864865
Estandar_normalizada	36.170212765957444	41.55844155844156	56.14035087719298
Dialectal	33.333333333333336	43.58974358974359	48.64864864864865
Dialectal_normalizada	36.170212765957444	41.55844155844156	56.14035087719298