Transcripcion	Levenstein	Orden	Parcial
Estandar	16.279069767441857	28.57142857142857	60.0
Estandar_normalizada	18.918918918918916	28.57142857142857	62.5
Dialectal	16.279069767441857	28.57142857142857	60.0
Dialectal_normalizada	18.918918918918916	28.57142857142857	62.5