Transcripcion	Levenstein	Orden	Parcial
Estandar	41.22807017543859	67.6056338028169	65.34653465346535
Estandar_normalizada	47.42268041237113	68.08510638297872	68.04123711340206
Dialectal	41.22807017543859	67.6056338028169	65.34653465346535
Dialectal_normalizada	47.42268041237113	68.08510638297872	68.04123711340206