Transcripcion	Levenstein	Orden	Parcial
Estandar	58.33333333333333	62.60869565217391	76.92307692307692
Estandar_normalizada	63.63636363636363	62.60869565217391	83.6734693877551
Dialectal	58.33333333333333	62.60869565217391	76.92307692307692
Dialectal_normalizada	63.63636363636363	62.60869565217391	83.6734693877551