Transcripcion	Levenstein	Orden	Parcial
Estandar	66.83168316831683	83.38368580060423	75.23510971786834
Estandar_normalizada	71.73913043478262	83.38368580060423	78.84615384615384
Dialectal	66.83168316831683	83.38368580060423	75.23510971786834
Dialectal_normalizada	71.73913043478262	83.38368580060423	78.84615384615384