Transcripcion	Levenstein	Orden	Parcial
Estandar	60.84568918176826	82.31046931407943	67.91232482932088
Estandar_normalizada	69.83169260082566	82.10793190872872	75.65415244596132
Dialectal	60.95551894563427	82.23826714801444	67.98418972332017
Dialectal_normalizada	69.95871705303271	82.03549438609198	75.76791808873719