Transcripcion	Levenstein	Orden	Parcial
Estandar	28.57142857142857	74.28571428571429	70.58823529411764
Estandar_normalizada	43.333333333333336	76.47058823529412	92.3076923076923
Dialectal	28.57142857142857	74.28571428571429	70.58823529411764
Dialectal_normalizada	43.333333333333336	76.47058823529412	92.3076923076923