Transcripcion	Levenstein	Orden	Parcial
Estandar	75.0	86.04651162790698	86.36363636363636
Estandar_normalizada	85.41666666666666	86.04651162790698	89.1566265060241
Dialectal	75.0	86.04651162790698	86.36363636363636
Dialectal_normalizada	85.41666666666666	86.04651162790698	89.1566265060241