Transcripcion	Levenstein	Orden	Parcial
Estandar	25.874125874125873	58.74125874125874	54.16666666666667
Estandar_normalizada	33.620689655172406	60.0	62.5
Dialectal	25.874125874125873	58.74125874125874	54.16666666666667
Dialectal_normalizada	33.620689655172406	60.0	62.5