Transcripcion	Levenstein	Orden	Parcial
Estandar	43.939393939393945	64.34782608695653	62.365591397849464
Estandar_normalizada	53.968253968253975	64.34782608695653	71.69811320754718
Dialectal	43.939393939393945	64.34782608695653	62.365591397849464
Dialectal_normalizada	53.968253968253975	64.34782608695653	71.69811320754718