Transcripcion	Levenstein	Orden	Parcial
Estandar	46.53061224489796	63.098591549295776	60.37735849056604
Estandar_normalizada	49.53703703703704	63.84180790960452	64.66666666666667
Dialectal	46.53061224489796	63.098591549295776	60.37735849056604
Dialectal_normalizada	49.53703703703704	63.84180790960452	64.66666666666667