Transcripcion	Levenstein	Orden	Parcial
Estandar	58.79488740109555	77.65915381573745	69.16192026037429
Estandar_normalizada	65.08591065292096	77.6984126984127	74.53310696095076
Dialectal	58.79488740109555	77.65915381573745	69.16192026037429
Dialectal_normalizada	65.08591065292096	77.6984126984127	74.53310696095076