Transcripcion	Levenstein	Orden	Parcial
Estandar	52.63157894736843	66.66666666666667	69.23076923076923
Estandar_normalizada	60.0	66.66666666666667	72.0
Dialectal	52.63157894736843	66.66666666666667	69.23076923076923
Dialectal_normalizada	60.0	66.66666666666667	72.0