Transcripcion	Levenstein	Orden	Parcial
Estandar	51.178451178451176	74.64788732394366	60.070052539404564
Estandar_normalizada	58.41968911917099	74.96062992125985	68.89279437609842
Dialectal	51.178451178451176	74.64788732394366	60.070052539404564
Dialectal_normalizada	58.41968911917099	74.96062992125985	68.89279437609842