Transcripcion	Levenstein	Orden	Parcial
Estandar	25.233644859813086	45.78313253012048	44.16403785488959
Estandar_normalizada	27.717391304347828	46.060606060606055	45.890410958904106
Dialectal	25.233644859813086	45.78313253012048	44.16403785488959
Dialectal_normalizada	27.717391304347828	46.060606060606055	45.890410958904106