Transcripcion	Levenstein	Orden	Parcial
Estandar	47.692307692307686	47.61904761904761	61.53846153846154
Estandar_normalizada	50.877192982456144	47.61904761904761	64.70588235294117
Dialectal	47.692307692307686	47.61904761904761	61.53846153846154
Dialectal_normalizada	50.877192982456144	47.61904761904761	64.70588235294117