Transcripcion	Levenstein	Orden	Parcial
Estandar	49.92101105845181	69.92399565689468	62.639821029082775
Estandar_normalizada	56.41952983725136	70.2290076335878	67.4641148325359
Dialectal	49.92101105845181	69.92399565689468	62.639821029082775
Dialectal_normalizada	56.41952983725136	70.2290076335878	67.4641148325359