Transcripcion	Levenstein	Orden	Parcial
Estandar	11.111111111111116	18.181818181818176	18.181818181818176
Estandar_normalizada	22.22222222222222	18.181818181818176	57.14285714285714
Dialectal	11.111111111111116	18.181818181818176	18.181818181818176
Dialectal_normalizada	22.22222222222222	18.181818181818176	57.14285714285714