Transcripcion	Levenstein	Orden	Parcial
Estandar	25.0	36.36363636363637	47.36842105263158
Estandar_normalizada	26.923076923076927	36.36363636363637	47.36842105263158
Dialectal	25.0	36.36363636363637	47.36842105263158
Dialectal_normalizada	26.923076923076927	36.36363636363637	47.36842105263158