Transcripcion	Levenstein	Orden	Parcial
Estandar	21.53846153846154	39.08045977011494	37.9746835443038
Estandar_normalizada	21.42857142857143	39.53488372093024	44.11764705882353
Dialectal	21.53846153846154	39.08045977011494	37.9746835443038
Dialectal_normalizada	21.42857142857143	39.53488372093024	44.11764705882353