Transcripcion	Levenstein	Orden	Parcial
Estandar	42.592592592592595	73.84615384615385	92.0
Estandar_normalizada	48.93617021276596	75.0	91.66666666666666
Dialectal	42.592592592592595	73.84615384615385	92.0
Dialectal_normalizada	48.93617021276596	75.0	91.66666666666666