Transcripcion	Levenstein	Orden	Parcial
Estandar	29.824561403508774	55.38461538461539	48.529411764705884
Estandar_normalizada	35.63218390804598	56.25	62.295081967213115
Dialectal	29.824561403508774	55.38461538461539	48.529411764705884
Dialectal_normalizada	35.63218390804598	56.25	62.295081967213115