Transcripcion	Levenstein	Orden	Parcial
Estandar	29.590017825311943	62.046908315565034	61.77884615384615
Estandar_normalizada	34.339622641509436	61.37339055793991	67.28476821192054
Dialectal	29.590017825311943	62.046908315565034	61.77884615384615
Dialectal_normalizada	34.339622641509436	61.37339055793991	67.28476821192054