Transcripcion	Levenstein	Orden	Parcial
Estandar	56.55487804878049	72.0408163265306	68.31896551724138
Estandar_normalizada	62.80276816608996	71.66324435318275	71.65178571428572
Dialectal	56.55487804878049	72.0408163265306	68.31896551724138
Dialectal_normalizada	62.80276816608996	71.66324435318275	71.65178571428572