Transcripcion	Levenstein	Orden	Parcial
Estandar	40.98360655737705	65.82278481012658	56.75675675675676
Estandar_normalizada	45.54455445544554	64.96815286624205	65.625
Dialectal	40.98360655737705	65.82278481012658	56.75675675675676
Dialectal_normalizada	45.54455445544554	64.96815286624205	65.625