Transcripcion	Levenstein	Orden	Parcial
Estandar	14.54545454545455	33.333333333333336	35.71428571428571
Estandar_normalizada	18.181818181818176	33.333333333333336	53.84615384615385
Dialectal	14.54545454545455	33.333333333333336	35.71428571428571
Dialectal_normalizada	18.181818181818176	33.333333333333336	53.84615384615385