Transcripcion	Levenstein	Orden	Parcial
Estandar	12.765957446808507	35.71428571428571	30.434782608695656
Estandar_normalizada	13.157894736842103	36.36363636363637	38.297872340425535
Dialectal	12.765957446808507	35.71428571428571	30.434782608695656
Dialectal_normalizada	13.157894736842103	36.36363636363637	38.297872340425535