Transcripcion	Levenstein	Orden	Parcial
Estandar	33.06451612903226	52.55474452554745	61.36363636363637
Estandar_normalizada	36.111111111111114	53.333333333333336	69.04761904761905
Dialectal	33.06451612903226	52.55474452554745	61.36363636363637
Dialectal_normalizada	36.111111111111114	53.333333333333336	69.04761904761905