Transcripcion	Levenstein	Orden	Parcial
Estandar	9.999999999999998	34.285714285714285	23.25581395348837
Estandar_normalizada	9.523809523809524	23.529411764705888	35.0
Dialectal	9.999999999999998	34.285714285714285	23.25581395348837
Dialectal_normalizada	9.523809523809524	23.529411764705888	35.0