Transcripcion	Levenstein	Orden	Parcial
Estandar	20.394736842105267	50.349650349650354	43.18181818181818
Estandar_normalizada	29.66101694915254	50.0	54.16666666666667
Dialectal	20.394736842105267	50.349650349650354	43.18181818181818
Dialectal_normalizada	29.66101694915254	50.0	54.16666666666667