Transcripcion	Levenstein	Orden	Parcial
Estandar	47.79411764705882	66.58536585365853	61.118335500650204
Estandar_normalizada	52.587991718426494	66.421568627451	65.54621848739495
Dialectal	47.882136279926335	66.66666666666667	61.118335500650204
Dialectal_normalizada	52.69709543568465	66.50306748466257	65.54621848739495