Transcripcion	Levenstein	Orden	Parcial
Estandar	38.1578947368421	65.26315789473685	79.48717948717949
Estandar_normalizada	46.03174603174603	65.95744680851064	84.93150684931507
Dialectal	38.1578947368421	65.26315789473685	79.48717948717949
Dialectal_normalizada	46.03174603174603	65.95744680851064	84.93150684931507