Transcripcion	Levenstein	Orden	Parcial
Estandar	7.9999999999999964	20.895522388059707	26.086956521739136
Estandar_normalizada	11.66666666666667	21.212121212121215	41.17647058823529
Dialectal	7.9999999999999964	20.895522388059707	26.086956521739136
Dialectal_normalizada	11.66666666666667	21.212121212121215	41.17647058823529