Transcripcion	Levenstein	Orden	Parcial
Estandar	52.459016393442624	75.24752475247524	73.58490566037736
Estandar_normalizada	53.703703703703695	75.24752475247524	76.0
Dialectal	52.459016393442624	75.24752475247524	73.58490566037736
Dialectal_normalizada	53.703703703703695	75.24752475247524	76.0