Transcripcion	Levenstein	Orden	Parcial
Estandar	23.529411764705888	36.36363636363637	38.46153846153846
Estandar_normalizada	26.66666666666667	36.92307692307693	38.46153846153846
Dialectal	23.529411764705888	36.36363636363637	38.46153846153846
Dialectal_normalizada	26.66666666666667	36.92307692307693	38.46153846153846