Transcripcion	Levenstein	Orden	Parcial
Estandar	49.09090909090909	71.60493827160495	68.88888888888889
Estandar_normalizada	55.55555555555556	71.60493827160495	75.60975609756098
Dialectal	49.09090909090909	71.60493827160495	68.88888888888889
Dialectal_normalizada	55.55555555555556	71.60493827160495	75.60975609756098