Transcripcion	Levenstein	Orden	Parcial
Estandar	27.184466019417474	56.48854961832062	46.96969696969697
Estandar_normalizada	29.761904761904766	57.8125	52.542372881355924
Dialectal	27.184466019417474	56.48854961832062	46.96969696969697
Dialectal_normalizada	29.761904761904766	57.8125	52.542372881355924