Transcripcion	Levenstein	Orden	Parcial
Estandar	45.37131230925737	66.34146341463413	57.49636098981077
Estandar_normalizada	50.991831971995325	66.71358198451794	63.7329286798179
Dialectal	45.37131230925737	66.34146341463413	57.49636098981077
Dialectal_normalizada	50.991831971995325	66.71358198451794	63.7329286798179