Transcripcion	Levenstein	Orden	Parcial
Estandar	23.404255319148938	36.92307692307693	36.66666666666667
Estandar_normalizada	23.076923076923073	36.92307692307693	40.0
Dialectal	23.404255319148938	36.92307692307693	36.66666666666667
Dialectal_normalizada	23.076923076923073	36.92307692307693	40.0