Transcripcion	Levenstein	Orden	Parcial
Estandar	20.274914089347075	40.866873065015476	45.87155963302752
Estandar_normalizada	26.93877551020408	40.37854889589906	52.79187817258884
Dialectal	20.274914089347075	40.866873065015476	45.87155963302752
Dialectal_normalizada	26.93877551020408	40.37854889589906	52.79187817258884