Transcripcion	Levenstein	Orden	Parcial
Estandar	45.945945945945944	55.601659751037346	68.22429906542055
Estandar_normalizada	48.201438848920866	55.833333333333336	69.23076923076923
Dialectal	45.945945945945944	55.601659751037346	68.22429906542055
Dialectal_normalizada	48.201438848920866	55.833333333333336	69.23076923076923