Transcripcion	Levenstein	Orden	Parcial
Estandar	20.143884892086326	38.59649122807017	35.9375
Estandar_normalizada	24.369747899159666	39.053254437869825	40.40404040404041
Dialectal	20.143884892086326	38.59649122807017	35.9375
Dialectal_normalizada	24.369747899159666	39.053254437869825	40.40404040404041