Transcripcion	Levenstein	Orden	Parcial
Estandar	27.222222222222225	63.76237623762376	39.795918367346935
Estandar_normalizada	28.767123287671236	61.07784431137724	45.41666666666667
Dialectal	26.890756302521012	62.54980079681275	39.29961089494164
Dialectal_normalizada	28.719723183391	59.83935742971887	45.41666666666667