Transcripcion	Levenstein	Orden	Parcial
Estandar	18.461538461538463	38.46153846153846	37.93103448275862
Estandar_normalizada	22.64150943396226	38.961038961038966	42.85714285714286
Dialectal	18.461538461538463	38.46153846153846	37.93103448275862
Dialectal_normalizada	22.64150943396226	38.961038961038966	42.85714285714286