Transcripcion	Levenstein	Orden	Parcial
Estandar	2.2727272727272707	0.0	30.76923076923077
Estandar_normalizada	2.409638554216864	0.0	50.0
Dialectal	2.2727272727272707	0.0	30.76923076923077
Dialectal_normalizada	2.409638554216864	0.0	50.0