Transcripcion	Levenstein	Orden	Parcial
Estandar	14.814814814814813	25.0	37.03703703703704
Estandar_normalizada	14.28571428571429	25.0	40.0
Dialectal	14.814814814814813	25.0	37.03703703703704
Dialectal_normalizada	14.28571428571429	25.0	40.0