Transcripcion	Levenstein	Orden	Parcial
Estandar	26.22377622377622	47.61904761904761	43.53312302839116
Estandar_normalizada	27.9835390946502	48.53333333333333	45.80645161290322
Dialectal	26.22377622377622	47.61904761904761	43.53312302839116
Dialectal_normalizada	27.9835390946502	48.53333333333333	45.80645161290322