Transcripcion	Levenstein	Orden	Parcial
Estandar	27.483124397299907	69.89528795811518	58.2089552238806
Estandar_normalizada	31.145717463848722	69.77660972404732	64.6268656716418
Dialectal	27.483124397299907	69.89528795811518	58.2089552238806
Dialectal_normalizada	31.145717463848722	69.77660972404732	64.6268656716418