Transcripcion	Levenstein	Orden	Parcial
Estandar	6.25	9.999999999999998	23.529411764705888
Estandar_normalizada	8.333333333333337	9.999999999999998	26.66666666666667
Dialectal	6.25	9.999999999999998	23.529411764705888
Dialectal_normalizada	8.333333333333337	9.999999999999998	26.66666666666667