Transcripcion	Levenstein	Orden	Parcial
Estandar	5.714285714285716	2.941176470588236	30.76923076923077
Estandar_normalizada	4.545454545454541	2.941176470588236	50.0
Dialectal	5.714285714285716	2.941176470588236	30.76923076923077
Dialectal_normalizada	4.545454545454541	2.941176470588236	50.0