Transcripcion	Levenstein	Orden	Parcial
Estandar	20.68965517241379	40.845070422535215	34.18803418803419
Estandar_normalizada	23.376623376623375	40.845070422535215	40.0
Dialectal	20.68965517241379	40.845070422535215	34.18803418803419
Dialectal_normalizada	23.376623376623375	40.845070422535215	40.0