Transcripcion	Levenstein	Orden	Parcial
Estandar	3.3816425120772986	5.291005291005291	50.0
Estandar_normalizada	3.2608695652173947	5.291005291005291	66.66666666666667
Dialectal	3.3816425120772986	5.291005291005291	50.0
Dialectal_normalizada	3.2608695652173947	5.291005291005291	66.66666666666667