Transcripcion	Levenstein	Orden	Parcial
Estandar	12.5	22.22222222222222	25.454545454545453
Estandar_normalizada	12.5	22.22222222222222	30.000000000000004
Dialectal	12.5	22.22222222222222	25.454545454545453
Dialectal_normalizada	12.5	22.22222222222222	30.000000000000004