Transcripcion	Levenstein	Orden	Parcial
Estandar	26.82926829268293	34.61538461538461	46.666666666666664
Estandar_normalizada	27.500000000000004	34.61538461538461	53.84615384615385
Dialectal	26.82926829268293	34.61538461538461	46.666666666666664
Dialectal_normalizada	27.500000000000004	34.61538461538461	53.84615384615385