Transcripcion	Levenstein	Orden	Parcial
Estandar	15.73033707865169	30.612244897959183	36.111111111111114
Estandar_normalizada	18.309859154929576	30.612244897959183	40.0
Dialectal	15.73033707865169	30.612244897959183	36.111111111111114
Dialectal_normalizada	18.309859154929576	30.612244897959183	40.0