Transcripcion	Levenstein	Orden	Parcial
Estandar	19.753086419753085	33.599999999999994	33.333333333333336
Estandar_normalizada	22.077922077922075	32.52032520325203	35.64356435643564
Dialectal	19.753086419753085	33.599999999999994	33.333333333333336
Dialectal_normalizada	22.077922077922075	32.52032520325203	35.64356435643564