Transcripcion	Levenstein	Orden	Parcial
Estandar	13.636363636363635	29.78723404255319	30.434782608695656
Estandar_normalizada	15.625	29.78723404255319	33.333333333333336
Dialectal	13.636363636363635	29.78723404255319	30.434782608695656
Dialectal_normalizada	15.625	29.78723404255319	33.333333333333336