Transcripcion	Levenstein	Orden	Parcial
Estandar	24.242424242424242	39.21568627450981	43.99999999999999
Estandar_normalizada	27.586206896551722	39.21568627450981	45.833333333333336
Dialectal	24.242424242424242	39.21568627450981	43.99999999999999
Dialectal_normalizada	27.586206896551722	39.21568627450981	45.833333333333336