Transcripcion	Levenstein	Orden	Parcial
Estandar	25.33333333333333	47.95918367346938	40.0
Estandar_normalizada	30.76923076923077	46.15384615384615	47.74193548387097
Dialectal	25.33333333333333	47.95918367346938	40.0
Dialectal_normalizada	30.76923076923077	46.15384615384615	47.74193548387097