Transcripcion	Levenstein	Orden	Parcial
Estandar	28.57142857142857	38.095238095238095	43.47826086956522
Estandar_normalizada	30.76923076923077	38.095238095238095	44.44444444444444
Dialectal	28.57142857142857	38.095238095238095	43.47826086956522
Dialectal_normalizada	30.76923076923077	38.095238095238095	44.44444444444444