Transcripcion	Levenstein	Orden	Parcial
Estandar	28.333333333333332	47.72727272727273	44.55445544554455
Estandar_normalizada	31.210191082802552	48.66920152091255	47.47474747474747
Dialectal	28.333333333333332	47.72727272727273	44.55445544554455
Dialectal_normalizada	31.210191082802552	48.66920152091255	47.47474747474747