Transcripcion	Levenstein	Orden	Parcial
Estandar	2.564102564102566	5.882352941176472	33.333333333333336
Estandar_normalizada	6.25	6.060606060606055	33.333333333333336
Dialectal	2.564102564102566	5.882352941176472	33.333333333333336
Dialectal_normalizada	6.25	6.060606060606055	33.333333333333336