Transcripcion	Levenstein	Orden	Parcial
Estandar	24.0506329113924	48.5981308411215	44.18604651162791
Estandar_normalizada	27.692307692307693	48.5981308411215	51.685393258426956
Dialectal	24.0506329113924	48.5981308411215	44.18604651162791
Dialectal_normalizada	27.692307692307693	48.5981308411215	51.685393258426956