Transcripcion	Levenstein	Orden	Parcial
Estandar	26.486486486486484	44.44444444444444	42.69662921348315
Estandar_normalizada	28.143712574850298	44.44444444444444	45.63106796116505
Dialectal	26.486486486486484	44.44444444444444	42.69662921348315
Dialectal_normalizada	28.143712574850298	44.44444444444444	45.63106796116505