Transcripcion	Levenstein	Orden	Parcial
Estandar	24.35897435897436	39.583333333333336	48.38709677419355
Estandar_normalizada	27.142857142857146	39.583333333333336	50.0
Dialectal	24.35897435897436	39.583333333333336	48.38709677419355
Dialectal_normalizada	27.142857142857146	39.583333333333336	50.0