Transcripcion	Levenstein	Orden	Parcial
Estandar	25.850340136054417	54.090909090909086	41.58878504672897
Estandar_normalizada	28.06324110671937	54.58715596330275	46.10778443113772
Dialectal	25.850340136054417	54.090909090909086	41.58878504672897
Dialectal_normalizada	28.06324110671937	54.58715596330275	46.10778443113772