Transcripcion	Levenstein	Orden	Parcial
Estandar	20.858895705521473	42.29390681003584	37.81818181818182
Estandar_normalizada	25.0	42.44604316546763	42.68774703557312
Dialectal	20.858895705521473	42.29390681003584	37.81818181818182
Dialectal_normalizada	25.0	42.44604316546763	42.68774703557312