Transcripcion	Levenstein	Orden	Parcial
Estandar	23.529411764705888	44.66019417475729	41.379310344827594
Estandar_normalizada	24.615384615384617	44.66019417475729	47.05882352941176
Dialectal	23.529411764705888	44.66019417475729	41.379310344827594
Dialectal_normalizada	24.615384615384617	44.66019417475729	47.05882352941176