Transcripcion	Levenstein	Orden	Parcial
Estandar	22.499999999999996	33.80281690140845	35.71428571428571
Estandar_normalizada	23.684210526315784	33.80281690140845	37.03703703703704
Dialectal	22.499999999999996	33.80281690140845	35.71428571428571
Dialectal_normalizada	23.684210526315784	33.80281690140845	37.03703703703704