Transcripcion	Levenstein	Orden	Parcial
Estandar	17.500000000000004	34.862385321100916	39.473684210526315
Estandar_normalizada	20.779220779220775	34.862385321100916	47.05882352941176
Dialectal	17.500000000000004	34.862385321100916	39.473684210526315
Dialectal_normalizada	20.779220779220775	34.862385321100916	47.05882352941176