Transcripcion	Levenstein	Orden	Parcial
Estandar	22.818791946308725	46.831955922865006	51.61290322580645
Estandar_normalizada	26.25482625482626	47.51381215469613	52.892561983471076
Dialectal	22.818791946308725	46.831955922865006	51.61290322580645
Dialectal_normalizada	26.25482625482626	47.51381215469613	52.892561983471076