Transcripcion	Levenstein	Orden	Parcial
Estandar	18.181818181818176	26.086956521739136	35.29411764705882
Estandar_normalizada	18.75	26.086956521739136	50.0
Dialectal	18.181818181818176	26.086956521739136	35.29411764705882
Dialectal_normalizada	18.75	26.086956521739136	50.0