Transcripcion	Levenstein	Orden	Parcial
Estandar	55.603448275862064	75.25622254758419	61.43790849673203
Estandar_normalizada	62.86407766990292	75.58823529411765	66.88741721854305
Dialectal	55.172413793103445	75.25622254758419	60.7843137254902
Dialectal_normalizada	62.13592233009708	75.58823529411765	66.22516556291392