Transcripcion	Levenstein	Orden	Parcial
Estandar	61.444652908067546	84.01215805471125	64.98103666245258
Estandar_normalizada	69.20600858369099	83.17073170731707	73.01173402868318
Dialectal	61.61806208842897	84.16565164433618	64.98103666245258
Dialectal_normalizada	69.42949407965556	83.32315210751375	73.01173402868318