Transcripcion	Levenstein	Orden	Parcial
Estandar	44.75524475524476	66.32124352331607	63.85542168674698
Estandar_normalizada	52.41935483870967	66.66666666666667	69.62025316455696
Dialectal	45.070422535211264	66.66666666666667	63.85542168674698
Dialectal_normalizada	52.84552845528455	67.01570680628272	69.62025316455696