Transcripcion	Levenstein	Orden	Parcial
Estandar	19.512195121951216	52.94117647058824	72.72727272727273
Estandar_normalizada	28.125	54.54545454545454	88.88888888888889
Dialectal	19.512195121951216	52.94117647058824	72.72727272727273
Dialectal_normalizada	28.125	54.54545454545454	88.88888888888889