Transcripcion	Levenstein	Orden	Parcial
Estandar	15.625	25.806451612903224	57.14285714285714
Estandar_normalizada	19.23076923076923	25.806451612903224	57.14285714285714
Dialectal	15.625	25.806451612903224	57.14285714285714
Dialectal_normalizada	19.23076923076923	25.806451612903224	57.14285714285714