Transcripcion	Levenstein	Orden	Parcial
Estandar	67.30038022813687	69.31818181818181	74.54545454545455
Estandar_normalizada	74.36974789915966	68.79271070615034	80.60747663551402
Dialectal	67.24806201550388	68.73563218390805	75.0
Dialectal_normalizada	73.8197424892704	68.20276497695852	80.93567251461988