Transcripcion	Levenstein	Orden	Parcial
Estandar	61.963190184049076	72.3076923076923	77.60000000000001
Estandar_normalizada	68.27586206896552	68.72586872586872	84.42622950819671
Dialectal	61.963190184049076	72.3076923076923	77.60000000000001
Dialectal_normalizada	68.27586206896552	68.72586872586872	84.42622950819671