Transcripcion	Levenstein	Orden	Parcial
Estandar	59.71370143149284	82.12824010914052	65.30014641288433
Estandar_normalizada	66.82027649769586	81.91780821917808	70.67901234567901
Dialectal	58.26446280991735	81.31868131868131	65.30014641288433
Dialectal_normalizada	65.26806526806527	81.10344827586206	70.67901234567901