Transcripcion	Levenstein	Orden	Parcial
Estandar	68.08510638297872	88.0	71.23287671232876
Estandar_normalizada	78.04878048780488	88.0	81.08108108108108
Dialectal	68.08510638297872	88.0	71.23287671232876
Dialectal_normalizada	78.04878048780488	88.0	81.08108108108108