Transcripcion	Levenstein	Orden	Parcial
Estandar	51.08958837772397	79.11275415896488	65.89147286821706
Estandar_normalizada	59.13043478260869	80.14981273408239	72.72727272727273
Dialectal	51.08958837772397	79.11275415896488	65.89147286821706
Dialectal_normalizada	59.13043478260869	80.14981273408239	72.72727272727273