Transcripcion	Levenstein	Orden	Parcial
Estandar	60.46511627906976	48.64864864864865	68.42105263157895
Estandar_normalizada	64.1025641025641	48.64864864864865	72.97297297297297
Dialectal	60.46511627906976	48.64864864864865	68.42105263157895
Dialectal_normalizada	64.1025641025641	48.64864864864865	72.97297297297297