Transcripcion	Levenstein	Orden	Parcial
Estandar	19.672131147540984	28.57142857142857	35.820895522388064
Estandar_normalizada	24.52830188679245	28.57142857142857	42.85714285714286
Dialectal	19.672131147540984	28.57142857142857	35.820895522388064
Dialectal_normalizada	24.52830188679245	28.57142857142857	42.85714285714286