Transcripcion	Levenstein	Orden	Parcial
Estandar	56.86274509803921	68.42105263157895	79.36507936507937
Estandar_normalizada	57.446808510638306	68.42105263157895	87.09677419354838
Dialectal	56.86274509803921	68.42105263157895	79.36507936507937
Dialectal_normalizada	57.446808510638306	68.42105263157895	87.09677419354838