Transcripcion	Levenstein	Orden	Parcial
Estandar	27.941176470588236	45.45454545454546	58.62068965517242
Estandar_normalizada	35.84905660377359	46.15384615384615	73.91304347826086
Dialectal	27.941176470588236	45.45454545454546	58.62068965517242
Dialectal_normalizada	35.84905660377359	46.15384615384615	73.91304347826086