Transcripcion	Levenstein	Orden	Parcial
Estandar	56.57894736842105	80.73394495412845	71.28712871287128
Estandar_normalizada	68.75	80.73394495412845	79.56989247311827
Dialectal	56.57894736842105	80.73394495412845	71.28712871287128
Dialectal_normalizada	68.75	80.73394495412845	79.56989247311827