Transcripcion	Levenstein	Orden	Parcial
Estandar	74.21259842519686	87.81065088757396	80.68459657701712
Estandar_normalizada	80.04291845493562	87.44075829383885	85.03740648379052
Dialectal	74.21259842519686	87.81065088757396	80.68459657701712
Dialectal_normalizada	80.04291845493562	87.44075829383885	85.03740648379052