Transcripcion	Levenstein	Orden	Parcial
Estandar	18.75	30.000000000000004	37.5
Estandar_normalizada	14.28571428571429	30.000000000000004	42.85714285714286
Dialectal	18.75	30.000000000000004	37.5
Dialectal_normalizada	14.28571428571429	30.000000000000004	42.85714285714286