Transcripcion	Levenstein	Orden	Parcial
Estandar	79.10447761194031	92.53731343283582	84.21052631578947
Estandar_normalizada	87.29281767955801	92.53731343283582	89.02439024390245
Dialectal	79.10447761194031	92.53731343283582	84.21052631578947
Dialectal_normalizada	87.29281767955801	92.53731343283582	89.02439024390245