Transcripcion	Levenstein	Orden	Parcial
Estandar	34.78260869565217	57.89473684210527	61.53846153846154
Estandar_normalizada	47.61904761904761	57.89473684210527	70.58823529411764
Dialectal	34.78260869565217	57.89473684210527	61.53846153846154
Dialectal_normalizada	47.61904761904761	57.89473684210527	70.58823529411764