Transcripcion	Levenstein	Orden	Parcial
Estandar	24.07407407407407	32.91139240506329	41.509433962264154
Estandar_normalizada	24.07407407407407	32.91139240506329	44.89795918367348
Dialectal	24.07407407407407	31.16883116883117	43.13725490196079
Dialectal_normalizada	24.07407407407407	31.16883116883117	46.808510638297875