Transcripcion	Levenstein	Orden	Parcial
Estandar	51.72413793103448	80.85106382978724	85.71428571428572
Estandar_normalizada	59.375	81.42857142857143	91.22807017543859
Dialectal	51.72413793103448	80.85106382978724	85.71428571428572
Dialectal_normalizada	59.375	81.42857142857143	91.22807017543859