Transcripcion	Levenstein	Orden	Parcial
Estandar	21.62162162162162	42.307692307692314	42.307692307692314
Estandar_normalizada	25.0	43.13725490196079	44.89795918367348
Dialectal	21.62162162162162	42.307692307692314	42.307692307692314
Dialectal_normalizada	25.0	43.13725490196079	44.89795918367348