Transcripcion	Levenstein	Orden	Parcial
Estandar	43.065693430656935	67.90697674418604	57.00000000000001
Estandar_normalizada	47.933884297520656	65.72769953051643	62.88659793814433
Dialectal	43.75	70.87378640776699	60.0
Dialectal_normalizada	49.10714285714286	67.64705882352942	64.94845360824742