Transcripcion	Levenstein	Orden	Parcial
Estandar	37.0	60.97560975609756	50.0
Estandar_normalizada	39.13043478260869	61.34969325153374	59.74025974025974
Dialectal	37.0	60.97560975609756	50.0
Dialectal_normalizada	39.13043478260869	61.34969325153374	59.74025974025974