Transcripcion	Levenstein	Orden	Parcial
Estandar	19.999999999999996	25.0	40.0
Estandar_normalizada	19.999999999999996	25.0	46.15384615384615
Dialectal	19.999999999999996	25.0	40.0
Dialectal_normalizada	19.999999999999996	25.0	46.15384615384615