Transcripcion	Levenstein	Orden	Parcial
Estandar	46.15384615384615	61.81818181818181	59.09090909090908
Estandar_normalizada	51.598173515981735	62.30366492146597	64.97175141242938
Dialectal	46.15384615384615	61.81818181818181	59.09090909090908
Dialectal_normalizada	51.598173515981735	62.30366492146597	64.97175141242938