Transcripcion	Levenstein	Orden	Parcial
Estandar	19.999999999999996	46.15384615384615	56.666666666666664
Estandar_normalizada	26.086956521739136	49.43820224719101	61.224489795918366
Dialectal	19.999999999999996	46.15384615384615	56.666666666666664
Dialectal_normalizada	26.086956521739136	49.43820224719101	61.224489795918366