Transcripcion	Levenstein	Orden	Parcial
Estandar	53.76344086021505	74.01812688821752	65.41095890410959
Estandar_normalizada	61.274509803921575	74.24242424242425	73.07692307692308
Dialectal	53.66379310344828	74.13010590015129	65.41095890410959
Dialectal_normalizada	61.17936117936118	74.35508345978756	73.07692307692308