Transcripcion	Levenstein	Orden	Parcial
Estandar	69.85294117647058	89.21568627450979	84.15841584158416
Estandar_normalizada	80.17241379310344	89.21568627450979	89.79591836734694
Dialectal	69.85294117647058	89.21568627450979	84.15841584158416
Dialectal_normalizada	80.17241379310344	89.21568627450979	89.79591836734694