Transcripcion	Levenstein	Orden	Parcial
Estandar	44.44444444444444	69.76744186046511	58.82352941176471
Estandar_normalizada	59.25925925925925	69.76744186046511	73.6842105263158
Dialectal	44.44444444444444	69.76744186046511	58.82352941176471
Dialectal_normalizada	59.25925925925925	69.76744186046511	73.6842105263158