Transcripcion	Levenstein	Orden	Parcial
Estandar	56.86274509803921	88.72180451127821	79.36507936507937
Estandar_normalizada	70.23809523809523	89.39393939393939	88.13559322033898
Dialectal	56.86274509803921	88.72180451127821	79.36507936507937
Dialectal_normalizada	70.23809523809523	89.39393939393939	88.13559322033898