Transcripcion	Levenstein	Orden	Parcial
Estandar	25.64102564102564	52.94117647058824	42.85714285714286
Estandar_normalizada	30.000000000000004	54.54545454545454	54.54545454545454
Dialectal	25.64102564102564	52.94117647058824	42.85714285714286
Dialectal_normalizada	30.000000000000004	54.54545454545454	54.54545454545454