Transcripcion	Levenstein	Orden	Parcial
Estandar	22.22222222222222	41.73913043478261	40.74074074074075
Estandar_normalizada	31.645569620253166	38.93805309734514	48.0
Dialectal	22.22222222222222	41.73913043478261	40.74074074074075
Dialectal_normalizada	31.645569620253166	38.93805309734514	48.0