Transcripcion	Levenstein	Orden	Parcial
Estandar	28.654970760233923	49.25373134328358	43.28358208955224
Estandar_normalizada	30.82191780821918	49.81132075471698	50.583657587548636
Dialectal	28.654970760233923	49.25373134328358	43.28358208955224
Dialectal_normalizada	30.82191780821918	49.81132075471698	50.583657587548636