Transcripcion	Levenstein	Orden	Parcial
Estandar	25.438596491228072	41.77215189873418	42.64705882352941
Estandar_normalizada	29.702970297029708	41.77215189873418	46.03174603174603
Dialectal	25.438596491228072	41.77215189873418	42.64705882352941
Dialectal_normalizada	29.702970297029708	41.77215189873418	46.03174603174603