Transcripcion	Levenstein	Orden	Parcial
Estandar	65.625	75.47169811320755	85.18518518518519
Estandar_normalizada	78.57142857142857	75.47169811320755	88.88888888888889
Dialectal	65.625	75.47169811320755	85.18518518518519
Dialectal_normalizada	78.57142857142857	75.47169811320755	88.88888888888889