Transcripcion	Levenstein	Orden	Parcial
Estandar	19.999999999999996	51.85185185185186	50.0
Estandar_normalizada	18.75	51.85185185185186	50.0
Dialectal	19.999999999999996	51.85185185185186	50.0
Dialectal_normalizada	18.75	51.85185185185186	50.0