Transcripcion	Levenstein	Orden	Parcial
Estandar	57.89473684210527	57.77777777777777	61.53846153846154
Estandar_normalizada	60.37735849056604	57.77777777777777	64.1025641025641
Dialectal	57.89473684210527	57.77777777777777	61.53846153846154
Dialectal_normalizada	60.37735849056604	57.77777777777777	64.1025641025641