Transcripcion	Levenstein	Orden	Parcial
Estandar	50.129870129870135	73.24478178368122	61.50627615062761
Estandar_normalizada	58.103975535168196	73.66412213740459	68.12227074235808
Dialectal	49.608355091383814	73.14285714285714	61.327231121281464
Dialectal_normalizada	57.230769230769226	73.5632183908046	67.83369803063457