Transcripcion	Levenstein	Orden	Parcial
Estandar	23.25581395348837	38.59649122807017	51.85185185185186
Estandar_normalizada	21.875	39.28571428571429	45.28301886792453
Dialectal	23.25581395348837	38.59649122807017	51.85185185185186
Dialectal_normalizada	21.875	39.28571428571429	45.28301886792453