Transcripcion	Levenstein	Orden	Parcial
Estandar	13.138686131386857	28.169014084507037	34.04255319148937
Estandar_normalizada	17.647058823529417	30.000000000000004	43.24324324324324
Dialectal	13.33333333333333	28.57142857142857	34.04255319148937
Dialectal_normalizada	17.09401709401709	30.434782608695656	43.24324324324324