Transcripcion	Levenstein	Orden	Parcial
Estandar	51.52091254752852	73.25428194993412	67.33812949640287
Estandar_normalizada	58.78524945770065	73.64238410596028	72.48520710059172
Dialectal	51.61904761904762	72.82321899736148	67.33812949640287
Dialectal_normalizada	58.913043478260875	73.20954907161803	72.48520710059172