Transcripcion	Levenstein	Orden	Parcial
Estandar	17.85714285714286	35.71428571428571	31.999999999999996
Estandar_normalizada	23.809523809523814	44.44444444444444	31.999999999999996
Dialectal	17.85714285714286	35.71428571428571	31.999999999999996
Dialectal_normalizada	23.809523809523814	44.44444444444444	31.999999999999996