Transcripcion	Levenstein	Orden	Parcial
Estandar	66.66666666666667	87.09677419354838	75.0
Estandar_normalizada	82.35294117647058	87.09677419354838	87.5
Dialectal	66.66666666666667	87.09677419354838	75.0
Dialectal_normalizada	82.35294117647058	87.09677419354838	87.5