Transcripcion	Levenstein	Orden	Parcial
Estandar	85.02824858757062	88.1619937694704	87.26708074534162
Estandar_normalizada	89.52095808383234	88.1619937694704	91.82389937106919
Dialectal	85.02824858757062	88.1619937694704	87.26708074534162
Dialectal_normalizada	89.52095808383234	88.1619937694704	91.82389937106919