Transcripcion	Levenstein	Orden	Parcial
Estandar	86.58536585365853	100.0	93.05555555555556
Estandar_normalizada	94.5945945945946	100.0	97.14285714285714
Dialectal	86.58536585365853	100.0	93.05555555555556
Dialectal_normalizada	94.5945945945946	100.0	97.14285714285714