Transcripcion	Levenstein	Orden	Parcial
Estandar	76.47058823529412	93.16770186335404	90.0
Estandar_normalizada	84.26966292134833	93.75	94.73684210526316
Dialectal	76.47058823529412	93.16770186335404	90.0
Dialectal_normalizada	84.26966292134833	93.75	94.73684210526316