Transcripcion	Levenstein	Orden	Parcial
Estandar	76.33587786259541	84.87394957983193	85.36585365853658
Estandar_normalizada	82.4	84.87394957983193	89.65517241379311
Dialectal	72.86821705426357	78.8135593220339	83.26530612244898
Dialectal_normalizada	78.86178861788618	78.8135593220339	87.06896551724138