Transcripcion	Levenstein	Orden	Parcial
Estandar	56.16438356164384	66.66666666666667	74.07407407407408
Estandar_normalizada	63.49206349206349	66.66666666666667	79.24528301886792
Dialectal	56.16438356164384	66.66666666666667	74.07407407407408
Dialectal_normalizada	63.49206349206349	66.66666666666667	79.24528301886792