Transcripcion	Levenstein	Orden	Parcial
Estandar	69.6969696969697	79.67479674796748	79.06976744186046
Estandar_normalizada	76.19047619047619	79.67479674796748	83.60655737704919
Dialectal	69.6969696969697	79.67479674796748	79.06976744186046
Dialectal_normalizada	76.19047619047619	79.67479674796748	83.60655737704919