Transcripcion	Levenstein	Orden	Parcial
Estandar	49.23076923076923	61.386138613861384	64.44444444444444
Estandar_normalizada	54.23728813559322	61.386138613861384	69.87951807228916
Dialectal	49.23076923076923	61.386138613861384	64.44444444444444
Dialectal_normalizada	54.23728813559322	61.386138613861384	69.87951807228916