Transcripcion	Levenstein	Orden	Parcial
Estandar	44.11764705882353	61.904761904761905	76.47058823529412
Estandar_normalizada	53.57142857142857	61.904761904761905	82.75862068965517
Dialectal	44.11764705882353	61.904761904761905	76.47058823529412
Dialectal_normalizada	53.57142857142857	61.904761904761905	82.75862068965517