Transcripcion	Levenstein	Orden	Parcial
Estandar	32.340425531914896	52.49169435215947	71.69811320754718
Estandar_normalizada	35.981308411214954	53.51170568561873	74.75728155339806
Dialectal	32.340425531914896	53.156146179401986	71.69811320754718
Dialectal_normalizada	35.981308411214954	54.18060200668897	74.75728155339806