Transcripcion	Levenstein	Orden	Parcial
Estandar	70.0	91.30434782608697	95.45454545454545
Estandar_normalizada	80.76923076923077	91.30434782608697	97.67441860465115
Dialectal	70.0	91.30434782608697	95.45454545454545
Dialectal_normalizada	80.76923076923077	91.30434782608697	97.67441860465115