Transcripcion	Levenstein	Orden	Parcial
Estandar	87.5	98.73417721518987	91.25
Estandar_normalizada	95.1219512195122	98.73417721518987	96.20253164556962
Dialectal	87.5	98.73417721518987	91.25
Dialectal_normalizada	95.1219512195122	98.73417721518987	96.20253164556962