Transcripcion	Levenstein	Orden	Parcial
Estandar	76.24309392265194	86.37873754152824	82.5503355704698
Estandar_normalizada	84.66257668711657	86.37873754152824	88.43537414965986
Dialectal	76.24309392265194	86.37873754152824	82.5503355704698
Dialectal_normalizada	84.66257668711657	86.37873754152824	88.43537414965986