Transcripcion	Levenstein	Orden	Parcial
Estandar	84.375	100.0	96.2962962962963
Estandar_normalizada	92.85714285714286	100.0	100.0
Dialectal	84.375	100.0	96.2962962962963
Dialectal_normalizada	92.85714285714286	100.0	100.0