Transcripcion	Levenstein	Orden	Parcial
Estandar	62.96296296296296	88.23529411764706	88.23529411764706
Estandar_normalizada	71.42857142857143	88.23529411764706	100.0
Dialectal	62.96296296296296	88.23529411764706	88.23529411764706
Dialectal_normalizada	71.42857142857143	88.23529411764706	100.0