Transcripcion	Levenstein	Orden	Parcial
Estandar	89.47368421052632	100.0	100.0
Estandar_normalizada	96.22641509433963	100.0	100.0
Dialectal	89.47368421052632	100.0	100.0
Dialectal_normalizada	96.22641509433963	100.0	100.0