Transcripcion	Levenstein	Orden	Parcial
Estandar	66.31016042780749	75.0	79.54545454545455
Estandar_normalizada	69.4915254237288	75.0	81.3953488372093
Dialectal	65.24064171122994	72.09302325581395	78.4090909090909
Dialectal_normalizada	68.36158192090396	72.09302325581395	80.23255813953489