Transcripcion	Levenstein	Orden	Parcial
Estandar	67.33333333333333	84.42622950819671	72.88135593220339
Estandar_normalizada	72.99270072992701	84.42622950819671	77.87610619469027
Dialectal	67.78523489932886	84.77366255144034	72.88135593220339
Dialectal_normalizada	73.52941176470588	84.77366255144034	77.87610619469027