Transcripcion	Levenstein	Orden	Parcial
Estandar	64.44444444444444	80.91603053435115	88.33333333333333
Estandar_normalizada	72.72727272727273	81.53846153846153	94.82758620689656
Dialectal	64.44444444444444	80.91603053435115	88.33333333333333
Dialectal_normalizada	72.72727272727273	81.53846153846153	94.82758620689656