Transcripcion	Levenstein	Orden	Parcial
Estandar	34.48275862068966	63.63636363636363	50.0
Estandar_normalizada	52.0	63.63636363636363	63.41463414634146
Dialectal	34.48275862068966	63.63636363636363	50.0
Dialectal_normalizada	52.0	63.63636363636363	63.41463414634146