Transcripcion	Levenstein	Orden	Parcial
Estandar	47.61904761904761	71.91011235955057	77.5
Estandar_normalizada	58.490566037735846	71.91011235955057	79.48717948717949
Dialectal	47.61904761904761	71.91011235955057	77.5
Dialectal_normalizada	58.490566037735846	71.91011235955057	79.48717948717949