Transcripcion	Levenstein	Orden	Parcial
Estandar	68.57142857142857	82.14285714285714	85.71428571428572
Estandar_normalizada	77.41935483870968	82.14285714285714	88.88888888888889
Dialectal	68.57142857142857	82.14285714285714	85.71428571428572
Dialectal_normalizada	77.41935483870968	82.14285714285714	88.88888888888889