Transcripcion	Levenstein	Orden	Parcial
Estandar	83.04093567251462	84.98402555910542	86.95652173913044
Estandar_normalizada	86.95652173913044	84.98402555910542	90.44585987261146
Dialectal	83.04093567251462	84.98402555910542	86.95652173913044
Dialectal_normalizada	86.95652173913044	84.98402555910542	90.44585987261146