Transcripcion	Levenstein	Orden	Parcial
Estandar	71.66666666666667	89.36170212765957	76.54320987654322
Estandar_normalizada	77.77777777777779	89.36170212765957	80.0
Dialectal	71.66666666666667	89.36170212765957	76.54320987654322
Dialectal_normalizada	77.77777777777779	89.36170212765957	80.0