Transcripcion	Levenstein	Orden	Parcial
Estandar	75.0	78.94736842105263	85.71428571428572
Estandar_normalizada	75.0	78.94736842105263	89.47368421052632
Dialectal	75.0	78.94736842105263	85.71428571428572
Dialectal_normalizada	75.0	78.94736842105263	89.47368421052632