Transcripcion	Levenstein	Orden	Parcial
Estandar	75.51020408163265	82.89703315881326	84.25460636515913
Estandar_normalizada	79.42176870748298	82.96943231441047	87.98617113223854
Dialectal	74.9211356466877	82.76465441819772	84.08710217755444
Dialectal_normalizada	78.80341880341881	82.83712784588442	87.69497400346621