Transcripcion	Levenstein	Orden	Parcial
Estandar	78.125	81.35593220338984	86.95652173913044
Estandar_normalizada	78.33333333333333	81.35593220338984	88.07339449541286
Dialectal	78.125	81.35593220338984	86.95652173913044
Dialectal_normalizada	78.33333333333333	81.35593220338984	88.07339449541286