Transcripcion	Levenstein	Orden	Parcial
Estandar	76.50602409638554	74.32432432432432	83.10810810810811
Estandar_normalizada	80.12820512820514	74.32432432432432	86.3013698630137
Dialectal	76.21951219512195	72.7891156462585	83.78378378378379
Dialectal_normalizada	79.87012987012987	72.7891156462585	86.3013698630137