Transcripcion	Levenstein	Orden	Parcial
Estandar	15.384615384615385	20.68965517241379	36.36363636363637
Estandar_normalizada	17.391304347826086	21.42857142857143	42.85714285714286
Dialectal	15.384615384615385	20.68965517241379	36.36363636363637
Dialectal_normalizada	17.391304347826086	21.42857142857143	42.85714285714286