Transcripcion	Levenstein	Orden	Parcial
Estandar	82.1917808219178	84.47837150127226	87.93969849246231
Estandar_normalizada	84.54106280193237	84.47837150127226	90.10416666666666
Dialectal	82.1917808219178	84.47837150127226	87.93969849246231
Dialectal_normalizada	84.54106280193237	84.47837150127226	90.10416666666666