Transcripcion	Levenstein	Orden	Parcial
Estandar	68.18181818181819	95.08196721311475	81.35593220338984
Estandar_normalizada	80.55555555555556	95.08196721311475	92.85714285714286
Dialectal	68.18181818181819	95.08196721311475	81.35593220338984
Dialectal_normalizada	80.55555555555556	95.08196721311475	92.85714285714286