Transcripcion	Levenstein	Orden	Parcial
Estandar	64.54545454545455	70.83333333333333	69.79166666666667
Estandar_normalizada	68.62745098039215	70.83333333333333	75.26881720430107
Dialectal	65.13761467889908	71.20418848167539	70.83333333333333
Dialectal_normalizada	68.31683168316832	71.20418848167539	75.67567567567568