Transcripcion	Levenstein	Orden	Parcial
Estandar	85.57213930348259	92.34972677595628	90.27027027027027
Estandar_normalizada	88.42105263157895	92.34972677595628	92.26519337016575
Dialectal	85.57213930348259	92.34972677595628	90.27027027027027
Dialectal_normalizada	88.42105263157895	92.34972677595628	92.26519337016575