Transcripcion	Levenstein	Orden	Parcial
Estandar	44.44444444444444	48.0	69.56521739130434
Estandar_normalizada	57.14285714285714	48.0	72.0
Dialectal	44.44444444444444	48.0	69.56521739130434
Dialectal_normalizada	57.14285714285714	48.0	72.0