Transcripcion	Levenstein	Orden	Parcial
Estandar	51.06382978723405	54.54545454545454	57.14285714285714
Estandar_normalizada	51.28205128205128	54.54545454545454	61.29032258064516
Dialectal	51.06382978723405	54.54545454545454	57.14285714285714
Dialectal_normalizada	51.28205128205128	54.54545454545454	61.29032258064516