Transcripcion	Levenstein	Orden	Parcial
Estandar	44.827586206896555	70.6896551724138	82.23350253807106
Estandar_normalizada	54.22535211267605	70.6896551724138	90.7103825136612
Dialectal	44.827586206896555	70.6896551724138	82.23350253807106
Dialectal_normalizada	54.22535211267605	70.6896551724138	90.7103825136612