Transcripcion	Levenstein	Orden	Parcial
Estandar	84.375	90.2654867256637	91.22807017543859
Estandar_normalizada	88.33333333333333	90.2654867256637	94.54545454545455
Dialectal	84.375	90.2654867256637	91.22807017543859
Dialectal_normalizada	88.33333333333333	90.2654867256637	94.54545454545455