Transcripcion	Levenstein	Orden	Parcial
Estandar	80.10752688172043	85.37666174298376	85.46511627906976
Estandar_normalizada	84.18079096045197	85.37666174298376	88.25301204819277
Dialectal	80.05390835579514	85.20710059171599	85.46511627906976
Dialectal_normalizada	84.13597733711048	85.20710059171599	88.25301204819277