Transcripcion	Levenstein	Orden	Parcial
Estandar	77.67857142857143	93.04812834224599	86.17021276595744
Estandar_normalizada	87.0	93.04812834224599	92.3913043478261
Dialectal	77.67857142857143	93.04812834224599	86.17021276595744
Dialectal_normalizada	87.0	93.04812834224599	92.3913043478261