Transcripcion	Levenstein	Orden	Parcial
Estandar	8.695652173913048	26.66666666666667	18.75
Estandar_normalizada	6.25	21.42857142857143	24.0
Dialectal	8.695652173913048	26.66666666666667	18.75
Dialectal_normalizada	6.25	21.42857142857143	24.0