Transcripcion	Levenstein	Orden	Parcial
Estandar	26.315789473684216	58.33333333333333	63.63636363636363
Estandar_normalizada	33.333333333333336	58.33333333333333	66.66666666666667
Dialectal	26.315789473684216	58.33333333333333	63.63636363636363
Dialectal_normalizada	33.333333333333336	58.33333333333333	66.66666666666667