Transcripcion	Levenstein	Orden	Parcial
Estandar	82.6086956521739	100.0	89.47368421052632
Estandar_normalizada	89.47368421052632	100.0	100.0
Dialectal	82.6086956521739	100.0	89.47368421052632
Dialectal_normalizada	89.47368421052632	100.0	100.0