Transcripcion	Levenstein	Orden	Parcial
Estandar	62.16216216216216	80.0	70.96774193548387
Estandar_normalizada	74.19354838709677	80.0	81.4814814814815
Dialectal	62.16216216216216	80.0	70.96774193548387
Dialectal_normalizada	74.19354838709677	80.0	81.4814814814815