Transcripcion	Levenstein	Orden	Parcial
Estandar	50.0	70.66666666666667	82.6086956521739
Estandar_normalizada	58.06451612903225	70.66666666666667	87.09677419354838
Dialectal	50.0	70.66666666666667	82.6086956521739
Dialectal_normalizada	58.06451612903225	70.66666666666667	87.09677419354838