Transcripcion	Levenstein	Orden	Parcial
Estandar	51.53846153846153	62.637362637362635	74.83870967741936
Estandar_normalizada	54.385964912280706	62.637362637362635	76.59574468085107
Dialectal	52.34375	63.33333333333333	74.53416149068323
Dialectal_normalizada	55.35714285714286	63.33333333333333	77.02702702702703