Transcripcion	Levenstein	Orden	Parcial
Estandar	48.0	55.81395348837209	64.86486486486487
Estandar_normalizada	56.52173913043479	55.81395348837209	70.27027027027026
Dialectal	48.0	55.81395348837209	64.86486486486487
Dialectal_normalizada	56.52173913043479	55.81395348837209	70.27027027027026