Transcripcion	Levenstein	Orden	Parcial
Estandar	87.7659574468085	91.83098591549296	89.26553672316385
Estandar_normalizada	90.65934065934066	91.83098591549296	92.04545454545455
Dialectal	87.7659574468085	91.83098591549296	89.26553672316385
Dialectal_normalizada	90.65934065934066	91.83098591549296	92.04545454545455