Transcripcion	Levenstein	Orden	Parcial
Estandar	14.28571428571429	25.0	25.0
Estandar_normalizada	17.647058823529417	25.0	30.76923076923077
Dialectal	14.28571428571429	25.0	25.0
Dialectal_normalizada	17.647058823529417	25.0	30.76923076923077