Transcripcion	Levenstein	Orden	Parcial
Estandar	76.47058823529412	84.64912280701753	80.61674008810573
Estandar_normalizada	83.33333333333334	84.64912280701753	85.06787330316742
Dialectal	76.38376383763837	84.83516483516483	80.3532008830022
Dialectal_normalizada	83.26530612244898	84.83516483516483	84.80725623582767