Transcripcion	Levenstein	Orden	Parcial
Estandar	34.61538461538461	73.07692307692308	60.3448275862069
Estandar_normalizada	42.622950819672134	73.7864077669903	74.74747474747474
Dialectal	34.61538461538461	73.07692307692308	60.3448275862069
Dialectal_normalizada	42.622950819672134	73.7864077669903	74.74747474747474