Transcripcion	Levenstein	Orden	Parcial
Estandar	81.75675675675676	85.0574712643678	85.93155893536122
Estandar_normalizada	85.5072463768116	85.0574712643678	89.84375
Dialectal	81.75675675675676	85.0574712643678	85.93155893536122
Dialectal_normalizada	85.5072463768116	85.0574712643678	89.84375