Transcripcion	Levenstein	Orden	Parcial
Estandar	8.888888888888891	21.176470588235297	38.46153846153846
Estandar_normalizada	14.102564102564108	21.68674698795181	46.15384615384615
Dialectal	8.888888888888891	21.176470588235297	38.46153846153846
Dialectal_normalizada	14.102564102564108	21.68674698795181	46.15384615384615