Transcripcion	Levenstein	Orden	Parcial
Estandar	20.087336244541486	33.45195729537367	59.67741935483871
Estandar_normalizada	22.42152466367713	32.97491039426524	70.9090909090909
Dialectal	20.087336244541486	33.45195729537367	59.67741935483871
Dialectal_normalizada	22.42152466367713	32.97491039426524	70.9090909090909