Transcripcion	Levenstein	Orden	Parcial
Estandar	46.846846846846844	65.359477124183	57.36434108527132
Estandar_normalizada	53.68421052631579	65.359477124183	66.66666666666667
Dialectal	46.846846846846844	65.359477124183	57.36434108527132
Dialectal_normalizada	53.68421052631579	65.359477124183	66.66666666666667