Transcripcion	Levenstein	Orden	Parcial
Estandar	21.276595744680847	42.10526315789473	41.02564102564102
Estandar_normalizada	25.531914893617024	42.10526315789473	46.875
Dialectal	21.276595744680847	42.10526315789473	41.02564102564102
Dialectal_normalizada	25.531914893617024	42.10526315789473	46.875