Transcripcion	Levenstein	Orden	Parcial
Estandar	15.000000000000002	37.83783783783784	36.36363636363637
Estandar_normalizada	26.66666666666667	45.714285714285715	55.55555555555556
Dialectal	15.000000000000002	37.83783783783784	36.36363636363637
Dialectal_normalizada	26.66666666666667	45.714285714285715	55.55555555555556