Transcripcion	Levenstein	Orden	Parcial
Estandar	18.181818181818176	37.5	35.55555555555555
Estandar_normalizada	19.354838709677423	37.5	38.70967741935484
Dialectal	18.181818181818176	37.5	35.55555555555555
Dialectal_normalizada	19.354838709677423	37.5	38.70967741935484