Transcripcion	Levenstein	Orden	Parcial
Estandar	73.21428571428572	75.0	87.2340425531915
Estandar_normalizada	78.84615384615384	75.0	86.95652173913044
Dialectal	73.21428571428572	75.0	87.2340425531915
Dialectal_normalizada	78.84615384615384	75.0	86.95652173913044