Transcripcion	Levenstein	Orden	Parcial
Estandar	89.65517241379311	100.0	96.2962962962963
Estandar_normalizada	96.2962962962963	100.0	100.0
Dialectal	89.65517241379311	100.0	96.2962962962963
Dialectal_normalizada	96.2962962962963	100.0	100.0