Transcripcion	Levenstein	Orden	Parcial
Estandar	54.54545454545454	75.0	76.47058823529412
Estandar_normalizada	61.111111111111114	75.0	80.0
Dialectal	54.54545454545454	75.0	76.47058823529412
Dialectal_normalizada	61.111111111111114	75.0	80.0