Transcripcion	Levenstein	Orden	Parcial
Estandar	63.23529411764706	77.87610619469027	85.18518518518519
Estandar_normalizada	70.96774193548387	77.87610619469027	88.46153846153845
Dialectal	63.23529411764706	77.87610619469027	85.18518518518519
Dialectal_normalizada	70.96774193548387	77.87610619469027	88.46153846153845