Transcripcion	Levenstein	Orden	Parcial
Estandar	21.818181818181813	44.89795918367348	42.42424242424242
Estandar_normalizada	25.0	44.89795918367348	48.35164835164834
Dialectal	21.818181818181813	44.89795918367348	42.42424242424242
Dialectal_normalizada	25.0	44.89795918367348	48.35164835164834