Transcripcion	Levenstein	Orden	Parcial
Estandar	73.29192546583852	79.38931297709924	82.53968253968253
Estandar_normalizada	79.72508591065292	79.38931297709924	85.48387096774194
Dialectal	74.0625	79.3103448275862	83.73015873015873
Dialectal_normalizada	80.62283737024222	79.3103448275862	86.69354838709677