Transcripcion	Levenstein	Orden	Parcial
Estandar	15.094339622641506	40.74074074074075	36.36363636363637
Estandar_normalizada	18.181818181818176	41.509433962264154	45.16129032258065
Dialectal	15.094339622641506	40.74074074074075	36.36363636363637
Dialectal_normalizada	18.181818181818176	41.509433962264154	45.16129032258065