Transcripcion	Levenstein	Orden	Parcial
Estandar	6.818181818181824	22.857142857142854	30.000000000000004
Estandar_normalizada	12.121212121212121	23.529411764705888	40.0
Dialectal	6.818181818181824	22.857142857142854	30.000000000000004
Dialectal_normalizada	12.121212121212121	23.529411764705888	40.0