Transcripcion	Levenstein	Orden	Parcial
Estandar	82.30563002680965	89.02255639097744	85.54572271386431
Estandar_normalizada	87.89625360230548	89.02255639097744	91.23867069486404
Dialectal	82.30563002680965	89.02255639097744	85.54572271386431
Dialectal_normalizada	87.89625360230548	89.02255639097744	91.23867069486404