Transcripcion	Levenstein	Orden	Parcial
Estandar	73.46938775510203	83.9506172839506	82.27848101265822
Estandar_normalizada	79.54545454545455	83.9506172839506	86.07594936708861
Dialectal	73.46938775510203	83.9506172839506	82.27848101265822
Dialectal_normalizada	79.54545454545455	83.9506172839506	86.07594936708861