Transcripcion	Levenstein	Orden	Parcial
Estandar	63.1578947368421	77.6536312849162	81.32530120481928
Estandar_normalizada	69.56521739130434	77.6536312849162	88.81987577639751
Dialectal	63.1578947368421	77.6536312849162	81.32530120481928
Dialectal_normalizada	69.56521739130434	77.6536312849162	88.81987577639751