Transcripcion	Levenstein	Orden	Parcial
Estandar	52.79187817258884	74.02985074626865	69.25373134328359
Estandar_normalizada	55.367231638418076	73.65269461077844	72.40356083086054
Dialectal	52.79187817258884	74.02985074626865	69.25373134328359
Dialectal_normalizada	55.367231638418076	73.65269461077844	72.40356083086054