Transcripcion	Levenstein	Orden	Parcial
Estandar	40.0	66.25	63.07692307692307
Estandar_normalizada	47.82608695652174	68.35443037974683	69.64285714285714
Dialectal	40.0	66.25	63.07692307692307
Dialectal_normalizada	47.82608695652174	68.35443037974683	69.64285714285714