Transcripcion	Levenstein	Orden	Parcial
Estandar	4.545454545454541	13.33333333333333	40.0
Estandar_normalizada	5.263157894736848	13.559322033898303	40.0
Dialectal	4.545454545454541	13.33333333333333	40.0
Dialectal_normalizada	5.263157894736848	13.559322033898303	40.0