Transcripcion	Levenstein	Orden	Parcial
Estandar	67.85714285714286	68.61313868613139	75.36231884057972
Estandar_normalizada	77.33333333333333	68.61313868613139	83.33333333333334
Dialectal	67.85714285714286	68.61313868613139	75.36231884057972
Dialectal_normalizada	77.33333333333333	68.61313868613139	83.33333333333334