Transcripcion	Levenstein	Orden	Parcial
Estandar	53.46534653465347	62.8930817610063	68.61313868613139
Estandar_normalizada	57.77777777777777	63.29113924050633	71.53284671532847
Dialectal	53.46534653465347	62.8930817610063	68.61313868613139
Dialectal_normalizada	57.77777777777777	63.29113924050633	71.53284671532847