Transcripcion	Levenstein	Orden	Parcial
Estandar	71.17647058823529	74.82993197278911	79.19463087248322
Estandar_normalizada	77.92207792207793	74.82993197278911	85.13513513513513
Dialectal	71.59763313609467	80.54607508532423	79.19463087248322
Dialectal_normalizada	78.43137254901961	80.54607508532423	85.8108108108108