Transcripcion	Levenstein	Orden	Parcial
Estandar	54.20560747663552	73.29192546583852	77.77777777777779
Estandar_normalizada	58.76288659793815	73.29192546583852	82.6086956521739
Dialectal	54.20560747663552	73.29192546583852	77.77777777777779
Dialectal_normalizada	58.76288659793815	73.29192546583852	82.6086956521739