Transcripcion	Levenstein	Orden	Parcial
Estandar	19.354838709677423	48.97959183673469	37.5
Estandar_normalizada	22.22222222222222	48.97959183673469	45.45454545454546
Dialectal	19.354838709677423	48.97959183673469	37.5
Dialectal_normalizada	22.22222222222222	48.97959183673469	45.45454545454546