Transcripcion	Levenstein	Orden	Parcial
Estandar	74.32432432432432	79.66573816155989	81.25
Estandar_normalizada	81.31313131313132	79.66573816155989	87.79069767441861
Dialectal	74.32432432432432	79.66573816155989	81.25
Dialectal_normalizada	81.31313131313132	79.66573816155989	87.79069767441861