Transcripcion	Levenstein	Orden	Parcial
Estandar	0.0	28.57142857142857	0.0
Estandar_normalizada	25.0	33.333333333333336	66.66666666666667
Dialectal	0.0	28.57142857142857	0.0
Dialectal_normalizada	25.0	33.333333333333336	66.66666666666667