Transcripcion	Levenstein	Orden	Parcial
Estandar	29.78723404255319	48.275862068965516	80.0
Estandar_normalizada	36.58536585365854	48.275862068965516	80.0
Dialectal	29.78723404255319	48.275862068965516	80.0
Dialectal_normalizada	36.58536585365854	48.275862068965516	80.0