Transcripcion	Levenstein	Orden	Parcial
Estandar	52.63157894736843	66.66666666666667	75.0
Estandar_normalizada	66.66666666666667	66.66666666666667	81.81818181818181
Dialectal	52.63157894736843	66.66666666666667	75.0
Dialectal_normalizada	66.66666666666667	66.66666666666667	81.81818181818181