Transcripcion	Levenstein	Orden	Parcial
Estandar	41.860465116279066	58.82352941176471	59.375
Estandar_normalizada	48.71794871794872	58.82352941176471	63.1578947368421
Dialectal	41.860465116279066	58.82352941176471	59.375
Dialectal_normalizada	48.71794871794872	58.82352941176471	63.1578947368421