Transcripcion	Levenstein	Orden	Parcial
Estandar	46.15384615384615	65.0	68.29268292682926
Estandar_normalizada	50.0	65.0	81.08108108108108
Dialectal	46.15384615384615	65.0	68.29268292682926
Dialectal_normalizada	50.0	65.0	81.08108108108108