Transcripcion	Levenstein	Orden	Parcial
Estandar	72.53218884120172	83.5633626097867	78.53658536585367
Estandar_normalizada	78.99761336515513	83.77358490566039	85.85858585858585
Dialectal	72.53218884120172	83.5633626097867	78.53658536585367
Dialectal_normalizada	78.99761336515513	83.77358490566039	85.85858585858585