Transcripcion	Levenstein	Orden	Parcial
Estandar	8.653846153846157	13.207547169811317	44.44444444444444
Estandar_normalizada	10.63829787234043	13.207547169811317	56.00000000000001
Dialectal	8.653846153846157	13.207547169811317	44.44444444444444
Dialectal_normalizada	10.63829787234043	13.207547169811317	56.00000000000001