Transcripcion	Levenstein	Orden	Parcial
Estandar	21.276595744680847	49.23076923076923	38.70967741935484
Estandar_normalizada	16.666666666666664	46.875	45.16129032258065
Dialectal	21.276595744680847	49.23076923076923	38.70967741935484
Dialectal_normalizada	16.666666666666664	46.875	45.16129032258065