Transcripcion	Levenstein	Orden	Parcial
Estandar	71.40762463343108	83.83838383838383	77.72277227722772
Estandar_normalizada	77.67295597484276	83.83838383838383	82.26086956521739
Dialectal	71.40762463343108	83.83838383838383	77.72277227722772
Dialectal_normalizada	77.67295597484276	83.83838383838383	82.26086956521739