Transcripcion	Levenstein	Orden	Parcial
Estandar	43.05555555555556	57.14285714285714	58.76288659793815
Estandar_normalizada	51.181102362204726	57.407407407407405	65.55555555555556
Dialectal	43.05555555555556	57.14285714285714	58.76288659793815
Dialectal_normalizada	51.181102362204726	57.407407407407405	65.55555555555556