Transcripcion	Levenstein	Orden	Parcial
Estandar	56.41025641025641	55.172413793103445	67.74193548387098
Estandar_normalizada	60.60606060606061	55.172413793103445	67.85714285714286
Dialectal	56.41025641025641	55.172413793103445	67.74193548387098
Dialectal_normalizada	60.60606060606061	55.172413793103445	67.85714285714286