Transcripcion	Levenstein	Orden	Parcial
Estandar	76.76767676767678	80.87431693989072	83.93782383419689
Estandar_normalizada	79.7872340425532	80.87431693989072	85.0828729281768
Dialectal	76.76767676767678	80.87431693989072	83.93782383419689
Dialectal_normalizada	79.7872340425532	80.87431693989072	85.0828729281768