Transcripcion	Levenstein	Orden	Parcial
Estandar	20.45454545454546	35.55555555555555	81.81818181818181
Estandar_normalizada	21.052631578947366	35.55555555555555	84.21052631578947
Dialectal	20.45454545454546	35.55555555555555	81.81818181818181
Dialectal_normalizada	21.052631578947366	35.55555555555555	84.21052631578947