Transcripcion	Levenstein	Orden	Parcial
Estandar	54.6875	65.54621848739495	75.0
Estandar_normalizada	60.65573770491803	65.54621848739495	75.63025210084034
Dialectal	54.6875	65.54621848739495	75.0
Dialectal_normalizada	60.65573770491803	65.54621848739495	75.63025210084034