Transcripcion	Levenstein	Orden	Parcial
Estandar	1.5873015873015928	9.523809523809524	50.0
Estandar_normalizada	4.081632653061229	9.756097560975608	66.66666666666667
Dialectal	1.5873015873015928	9.523809523809524	50.0
Dialectal_normalizada	4.081632653061229	9.756097560975608	66.66666666666667