Transcripcion	Levenstein	Orden	Parcial
Estandar	49.122807017543856	64.44444444444444	64.44444444444444
Estandar_normalizada	57.14285714285714	64.44444444444444	72.72727272727273
Dialectal	49.122807017543856	64.44444444444444	64.44444444444444
Dialectal_normalizada	57.14285714285714	64.44444444444444	72.72727272727273