Transcripcion	Levenstein	Orden	Parcial
Estandar	13.636363636363635	47.05882352941176	47.05882352941176
Estandar_normalizada	21.875	48.484848484848484	50.0
Dialectal	13.636363636363635	47.05882352941176	47.05882352941176
Dialectal_normalizada	21.875	48.484848484848484	50.0