Transcripcion	Levenstein	Orden	Parcial
Estandar	25.454545454545453	42.2360248447205	44.03669724770643
Estandar_normalizada	29.89690721649485	42.2360248447205	46.728971962616825
Dialectal	25.454545454545453	42.2360248447205	44.03669724770643
Dialectal_normalizada	29.89690721649485	42.2360248447205	46.728971962616825