Transcripcion	Levenstein	Orden	Parcial
Estandar	13.38582677165354	31.999999999999996	84.21052631578947
Estandar_normalizada	16.000000000000004	32.6530612244898	83.33333333333334
Dialectal	13.38582677165354	31.999999999999996	84.21052631578947
Dialectal_normalizada	16.000000000000004	32.6530612244898	83.33333333333334