Transcripcion	Levenstein	Orden	Parcial
Estandar	50.0	71.57894736842105	67.6056338028169
Estandar_normalizada	58.730158730158735	72.34042553191489	72.72727272727273
Dialectal	49.31506849315068	72.34042553191489	67.6056338028169
Dialectal_normalizada	58.06451612903225	73.11827956989248	72.72727272727273