Transcripcion	Levenstein	Orden	Parcial
Estandar	54.400000000000006	63.829787234042556	73.36244541484716
Estandar_normalizada	57.72357723577235	63.829787234042556	75.79908675799088
Dialectal	54.400000000000006	63.829787234042556	73.36244541484716
Dialectal_normalizada	57.72357723577235	63.829787234042556	75.79908675799088