Transcripcion	Levenstein	Orden	Parcial
Estandar	51.85185185185186	58.53658536585367	73.6842105263158
Estandar_normalizada	65.21739130434783	58.53658536585367	76.47058823529412
Dialectal	51.85185185185186	58.53658536585367	73.6842105263158
Dialectal_normalizada	65.21739130434783	58.53658536585367	76.47058823529412