Transcripcion	Levenstein	Orden	Parcial
Estandar	47.95918367346938	73.6	72.56637168141593
Estandar_normalizada	60.0	74.79674796747969	82.6923076923077
Dialectal	47.95918367346938	73.6	72.56637168141593
Dialectal_normalizada	60.0	74.79674796747969	82.6923076923077