Transcripcion	Levenstein	Orden	Parcial
Estandar	21.693121693121697	45.95744680851064	39.583333333333336
Estandar_normalizada	26.582278481012654	45.493562231759654	42.85714285714286
Dialectal	21.693121693121697	45.95744680851064	39.583333333333336
Dialectal_normalizada	26.582278481012654	45.493562231759654	42.85714285714286