Transcripcion	Levenstein	Orden	Parcial
Estandar	60.526315789473685	77.28813559322035	76.92307692307692
Estandar_normalizada	69.8224852071006	77.55102040816327	85.07462686567165
Dialectal	60.526315789473685	77.28813559322035	76.92307692307692
Dialectal_normalizada	69.8224852071006	77.55102040816327	85.07462686567165