Transcripcion	Levenstein	Orden	Parcial
Estandar	52.059925093632955	78.26086956521739	70.37037037037037
Estandar_normalizada	61.504424778761056	77.83505154639175	79.12087912087912
Dialectal	52.059925093632955	78.26086956521739	70.37037037037037
Dialectal_normalizada	61.504424778761056	77.83505154639175	79.12087912087912