Transcripcion	Levenstein	Orden	Parcial
Estandar	35.13513513513513	38.46153846153846	54.16666666666667
Estandar_normalizada	40.0	39.21568627450981	56.52173913043479
Dialectal	35.13513513513513	38.46153846153846	54.16666666666667
Dialectal_normalizada	40.0	39.21568627450981	56.52173913043479