Transcripcion	Levenstein	Orden	Parcial
Estandar	47.13896457765667	59.71223021582735	64.59854014598541
Estandar_normalizada	52.94117647058824	58.33333333333333	69.88416988416988
Dialectal	47.13896457765667	59.71223021582735	64.59854014598541
Dialectal_normalizada	52.94117647058824	58.33333333333333	69.88416988416988