Transcripcion	Levenstein	Orden	Parcial
Estandar	47.61904761904761	78.37837837837837	73.91304347826086
Estandar_normalizada	57.47126436781609	78.37837837837837	82.85714285714285
Dialectal	47.61904761904761	78.37837837837837	73.91304347826086
Dialectal_normalizada	57.47126436781609	78.37837837837837	82.85714285714285