Transcripcion	Levenstein	Orden	Parcial
Estandar	34.8314606741573	46.96969696969697	53.448275862068975
Estandar_normalizada	37.9746835443038	46.96969696969697	56.14035087719298
Dialectal	34.8314606741573	46.96969696969697	53.448275862068975
Dialectal_normalizada	37.9746835443038	46.96969696969697	56.14035087719298