Transcripcion	Levenstein	Orden	Parcial
Estandar	11.290322580645162	26.470588235294112	42.85714285714286
Estandar_normalizada	14.035087719298245	26.470588235294112	58.33333333333333
Dialectal	11.290322580645162	26.470588235294112	42.85714285714286
Dialectal_normalizada	14.035087719298245	26.470588235294112	58.33333333333333