Transcripcion	Levenstein	Orden	Parcial
Estandar	42.76315789473685	56.65236051502146	63.30275229357798
Estandar_normalizada	46.666666666666664	57.758620689655174	67.3170731707317
Dialectal	42.76315789473685	56.65236051502146	63.30275229357798
Dialectal_normalizada	46.666666666666664	57.758620689655174	67.3170731707317