Transcripcion	Levenstein	Orden	Parcial
Estandar	19.047619047619047	27.848101265822788	26.66666666666667
Estandar_normalizada	19.64285714285714	28.205128205128204	31.034482758620683
Dialectal	19.047619047619047	27.848101265822788	26.66666666666667
Dialectal_normalizada	19.64285714285714	28.205128205128204	31.034482758620683