Transcripcion	Levenstein	Orden	Parcial
Estandar	61.111111111111114	78.57142857142857	79.24528301886792
Estandar_normalizada	76.66666666666666	78.57142857142857	85.18518518518519
Dialectal	61.111111111111114	78.57142857142857	79.24528301886792
Dialectal_normalizada	76.66666666666666	78.57142857142857	85.18518518518519