Transcripcion	Levenstein	Orden	Parcial
Estandar	66.66666666666667	86.41975308641976	79.54545454545455
Estandar_normalizada	73.80952380952381	86.41975308641976	86.74698795180723
Dialectal	66.66666666666667	86.41975308641976	79.54545454545455
Dialectal_normalizada	73.80952380952381	86.41975308641976	86.74698795180723