Transcripcion	Levenstein	Orden	Parcial
Estandar	18.26923076923077	39.69465648854962	32.608695652173914
Estandar_normalizada	26.136363636363637	41.860465116279066	46.15384615384615
Dialectal	18.26923076923077	39.69465648854962	32.608695652173914
Dialectal_normalizada	26.136363636363637	41.860465116279066	46.15384615384615