Transcripcion	Levenstein	Orden	Parcial
Estandar	51.671732522796354	69.0335305719921	64.96062992125984
Estandar_normalizada	58.9041095890411	69.3069306930693	70.16806722689076
Dialectal	51.671732522796354	69.0335305719921	64.96062992125984
Dialectal_normalizada	58.9041095890411	69.3069306930693	70.16806722689076