Transcripcion	Levenstein	Orden	Parcial
Estandar	38.66666666666667	51.85185185185186	53.06122448979591
Estandar_normalizada	43.07692307692308	52.83018867924528	61.702127659574465
Dialectal	38.66666666666667	51.85185185185186	53.06122448979591
Dialectal_normalizada	43.07692307692308	52.83018867924528	61.702127659574465