Transcripcion	Levenstein	Orden	Parcial
Estandar	7.9999999999999964	33.333333333333336	19.047619047619047
Estandar_normalizada	12.0	29.411764705882348	33.333333333333336
Dialectal	7.9999999999999964	33.333333333333336	19.047619047619047
Dialectal_normalizada	12.0	29.411764705882348	33.333333333333336