Transcripcion	Levenstein	Orden	Parcial
Estandar	34.86590038314177	57.30027548209367	53.714285714285715
Estandar_normalizada	41.07142857142857	58.17174515235457	61.0062893081761
Dialectal	34.86590038314177	57.30027548209367	53.714285714285715
Dialectal_normalizada	41.07142857142857	58.17174515235457	61.0062893081761