Transcripcion	Levenstein	Orden	Parcial
Estandar	32.72727272727273	46.753246753246756	54.54545454545454
Estandar_normalizada	36.73469387755102	46.753246753246756	58.06451612903225
Dialectal	32.72727272727273	46.753246753246756	54.54545454545454
Dialectal_normalizada	36.73469387755102	46.753246753246756	58.06451612903225