Transcripcion	Levenstein	Orden	Parcial
Estandar	55.55555555555556	58.82352941176471	70.83333333333333
Estandar_normalizada	70.0	58.82352941176471	75.0
Dialectal	55.55555555555556	58.82352941176471	70.83333333333333
Dialectal_normalizada	70.0	58.82352941176471	75.0