Transcripcion	Levenstein	Orden	Parcial
Estandar	36.111111111111114	56.98324022346368	61.42857142857143
Estandar_normalizada	41.463414634146346	57.95454545454546	66.66666666666667
Dialectal	36.111111111111114	56.98324022346368	61.42857142857143
Dialectal_normalizada	41.463414634146346	57.95454545454546	66.66666666666667