Transcripcion	Levenstein	Orden	Parcial
Estandar	10.416666666666663	32.6530612244898	30.76923076923077
Estandar_normalizada	17.647058823529417	26.66666666666667	53.84615384615385
Dialectal	10.416666666666663	32.6530612244898	30.76923076923077
Dialectal_normalizada	17.647058823529417	26.66666666666667	53.84615384615385