Transcripcion	Levenstein	Orden	Parcial
Estandar	52.235772357723576	69.76047904191617	61.68831168831168
Estandar_normalizada	59.375	70.0906344410876	68.96551724137932
Dialectal	52.235772357723576	69.76047904191617	61.68831168831168
Dialectal_normalizada	59.375	70.0906344410876	68.96551724137932