Transcripcion	Levenstein	Orden	Parcial
Estandar	20.441988950276247	52.79503105590062	55.30546623794213
Estandar_normalizada	28.8135593220339	52.95950155763241	66.14785992217898
Dialectal	20.441988950276247	52.79503105590062	55.30546623794213
Dialectal_normalizada	28.8135593220339	52.95950155763241	66.14785992217898