Transcripcion	Levenstein	Orden	Parcial
Estandar	68.96551724137932	76.76767676767678	82.35294117647058
Estandar_normalizada	71.15384615384616	76.76767676767678	84.84848484848484
Dialectal	68.96551724137932	76.76767676767678	82.35294117647058
Dialectal_normalizada	71.15384615384616	76.76767676767678	84.84848484848484