Transcripcion	Levenstein	Orden	Parcial
Estandar	50.0	76.92307692307692	70.37037037037037
Estandar_normalizada	60.71428571428572	76.92307692307692	76.92307692307692
Dialectal	50.0	76.92307692307692	70.37037037037037
Dialectal_normalizada	60.71428571428572	76.92307692307692	76.92307692307692