Transcripcion	Levenstein	Orden	Parcial
Estandar	35.0	65.3061224489796	65.06024096385542
Estandar_normalizada	42.1875	65.97938144329896	64.93506493506493
Dialectal	35.0	65.3061224489796	65.06024096385542
Dialectal_normalizada	42.1875	65.97938144329896	64.93506493506493