Transcripcion	Levenstein	Orden	Parcial
Estandar	85.71428571428572	100.0	91.66666666666666
Estandar_normalizada	96.61016949152543	100.0	98.24561403508771
Dialectal	85.71428571428572	100.0	91.66666666666666
Dialectal_normalizada	96.61016949152543	100.0	98.24561403508771