Transcripcion	Levenstein	Orden	Parcial
Estandar	42.64705882352941	66.66666666666667	90.0
Estandar_normalizada	46.666666666666664	66.66666666666667	96.42857142857143
Dialectal	42.64705882352941	66.66666666666667	90.0
Dialectal_normalizada	46.666666666666664	66.66666666666667	96.42857142857143