Transcripcion	Levenstein	Orden	Parcial
Estandar	14.28571428571429	31.999999999999996	36.36363636363637
Estandar_normalizada	17.647058823529417	31.999999999999996	44.44444444444444
Dialectal	14.28571428571429	31.999999999999996	36.36363636363637
Dialectal_normalizada	17.647058823529417	31.999999999999996	44.44444444444444