Transcripcion	Levenstein	Orden	Parcial
Estandar	9.183673469387754	28.260869565217394	40.0
Estandar_normalizada	16.455696202531644	29.885057471264364	44.99999999999999
Dialectal	9.183673469387754	28.260869565217394	40.0
Dialectal_normalizada	16.455696202531644	29.885057471264364	44.99999999999999