Transcripcion	Levenstein	Orden	Parcial
Estandar	68.08510638297872	77.14285714285715	77.77777777777779
Estandar_normalizada	87.17948717948718	77.14285714285715	91.42857142857143
Dialectal	68.08510638297872	77.14285714285715	77.77777777777779
Dialectal_normalizada	87.17948717948718	77.14285714285715	91.42857142857143