Transcripcion	Levenstein	Orden	Parcial
Estandar	27.027027027027028	40.42553191489362	51.515151515151516
Estandar_normalizada	30.645161290322577	40.86021505376344	55.172413793103445
Dialectal	27.027027027027028	40.42553191489362	51.515151515151516
Dialectal_normalizada	30.645161290322577	40.86021505376344	55.172413793103445