Transcripcion	Levenstein	Orden	Parcial
Estandar	10.526315789473683	34.78260869565217	21.052631578947366
Estandar_normalizada	16.666666666666664	31.818181818181824	29.411764705882348
Dialectal	10.526315789473683	34.78260869565217	21.052631578947366
Dialectal_normalizada	16.666666666666664	31.818181818181824	29.411764705882348