Transcripcion	Levenstein	Orden	Parcial
Estandar	41.22807017543859	58.22784810126582	70.96774193548387
Estandar_normalizada	45.192307692307686	58.22784810126582	75.86206896551724
Dialectal	41.22807017543859	58.22784810126582	70.96774193548387
Dialectal_normalizada	45.192307692307686	58.22784810126582	75.86206896551724