Transcripcion	Levenstein	Orden	Parcial
Estandar	24.50331125827815	42.85714285714286	41.93548387096774
Estandar_normalizada	30.000000000000004	43.523316062176164	45.76271186440678
Dialectal	24.50331125827815	42.85714285714286	41.93548387096774
Dialectal_normalizada	30.000000000000004	43.523316062176164	45.76271186440678