Transcripcion	Levenstein	Orden	Parcial
Estandar	41.333333333333336	49.122807017543856	56.52173913043479
Estandar_normalizada	44.11764705882353	49.557522123893804	60.67415730337078
Dialectal	41.333333333333336	49.122807017543856	56.52173913043479
Dialectal_normalizada	44.11764705882353	49.557522123893804	60.67415730337078