Transcripcion	Levenstein	Orden	Parcial
Estandar	8.333333333333337	14.814814814814813	33.333333333333336
Estandar_normalizada	9.090909090909093	14.814814814814813	33.333333333333336
Dialectal	8.333333333333337	14.814814814814813	33.333333333333336
Dialectal_normalizada	9.090909090909093	14.814814814814813	33.333333333333336