Transcripcion	Levenstein	Orden	Parcial
Estandar	70.1492537313433	95.91836734693877	93.75
Estandar_normalizada	83.92857142857143	95.91836734693877	95.74468085106383
Dialectal	70.1492537313433	95.91836734693877	93.75
Dialectal_normalizada	83.92857142857143	95.91836734693877	95.74468085106383