Transcripcion	Levenstein	Orden	Parcial
Estandar	0.0	13.33333333333333	15.384615384615385
Estandar_normalizada	0.0	13.33333333333333	25.0
Dialectal	0.0	13.33333333333333	15.384615384615385
Dialectal_normalizada	0.0	13.33333333333333	25.0