Transcripcion	Levenstein	Orden	Parcial
Estandar	46.199999999999996	67.84660766961652	61.01694915254237
Estandar_normalizada	52.816901408450704	69.56521739130434	66.78321678321679
Dialectal	45.89178356713427	67.3559822747415	60.33898305084746
Dialectal_normalizada	52.470588235294116	69.06906906906907	66.08391608391608