Transcripcion	Levenstein	Orden	Parcial
Estandar	55.00000000000001	69.82543640897757	69.10112359550563
Estandar_normalizada	61.53846153846154	70.17543859649122	75.84269662921348
Dialectal	55.00000000000001	69.82543640897757	69.10112359550563
Dialectal_normalizada	61.53846153846154	70.17543859649122	75.84269662921348