Transcripcion	Levenstein	Orden	Parcial
Estandar	18.75	26.923076923076927	34.04255319148937
Estandar_normalizada	17.24137931034483	26.923076923076927	36.36363636363637
Dialectal	18.75	26.923076923076927	34.04255319148937
Dialectal_normalizada	17.24137931034483	26.923076923076927	36.36363636363637