Transcripcion	Levenstein	Orden	Parcial
Estandar	33.14285714285714	59.602649006622514	49.572649572649574
Estandar_normalizada	39.80263157894737	60.26785714285714	54.94505494505495
Dialectal	33.14285714285714	59.602649006622514	49.572649572649574
Dialectal_normalizada	39.80263157894737	60.26785714285714	54.94505494505495