Transcripcion	Levenstein	Orden	Parcial
Estandar	8.333333333333337	33.333333333333336	33.333333333333336
Estandar_normalizada	8.333333333333337	33.333333333333336	40.0
Dialectal	8.333333333333337	33.333333333333336	33.333333333333336
Dialectal_normalizada	8.333333333333337	33.333333333333336	40.0