Transcripcion	Levenstein	Orden	Parcial
Estandar	56.00000000000001	73.6842105263158	81.57894736842105
Estandar_normalizada	69.04761904761905	73.6842105263158	84.21052631578947
Dialectal	56.00000000000001	73.6842105263158	81.57894736842105
Dialectal_normalizada	69.04761904761905	73.6842105263158	84.21052631578947