Transcripcion	Levenstein	Orden	Parcial
Estandar	19.047619047619047	36.36363636363637	47.61904761904761
Estandar_normalizada	14.28571428571429	36.36363636363637	52.63157894736843
Dialectal	19.047619047619047	36.36363636363637	47.61904761904761
Dialectal_normalizada	14.28571428571429	36.36363636363637	52.63157894736843