Transcripcion	Levenstein	Orden	Parcial
Estandar	29.411764705882348	47.61904761904761	46.15384615384615
Estandar_normalizada	40.0	48.38709677419355	57.692307692307686
Dialectal	29.411764705882348	47.61904761904761	46.15384615384615
Dialectal_normalizada	40.0	48.38709677419355	57.692307692307686