Transcripcion	Levenstein	Orden	Parcial
Estandar	14.28571428571429	32.432432432432435	45.45454545454546
Estandar_normalizada	11.538461538461542	32.432432432432435	42.10526315789473
Dialectal	14.28571428571429	32.432432432432435	45.45454545454546
Dialectal_normalizada	11.538461538461542	32.432432432432435	42.10526315789473