Transcripcion	Levenstein	Orden	Parcial
Estandar	52.84552845528455	77.84431137724552	81.94444444444444
Estandar_normalizada	62.03703703703704	78.3132530120482	86.95652173913044
Dialectal	52.84552845528455	77.84431137724552	81.94444444444444
Dialectal_normalizada	62.03703703703704	78.3132530120482	86.95652173913044