Transcripcion	Levenstein	Orden	Parcial
Estandar	12.82051282051282	42.10526315789473	35.29411764705882
Estandar_normalizada	17.14285714285714	39.28571428571429	38.46153846153846
Dialectal	12.82051282051282	42.10526315789473	35.29411764705882
Dialectal_normalizada	17.14285714285714	39.28571428571429	38.46153846153846