Transcripcion	Levenstein	Orden	Parcial
Estandar	37.073170731707314	58.498023715415016	67.36842105263158
Estandar_normalizada	42.45810055865922	58.96414342629481	71.73913043478262
Dialectal	37.073170731707314	58.498023715415016	67.36842105263158
Dialectal_normalizada	42.45810055865922	58.96414342629481	71.73913043478262