Transcripcion	Levenstein	Orden	Parcial
Estandar	60.501858736059475	76.74684994272623	70.09345794392523
Estandar_normalizada	66.14906832298138	77.01149425287358	75.18072289156626
Dialectal	60.690943043884225	76.73750717978174	70.21028037383176
Dialectal_normalizada	66.3891779396462	76.4265129682997	75.66265060240964