Transcripcion	Levenstein	Orden	Parcial
Estandar	19.672131147540984	44.067796610169495	38.0
Estandar_normalizada	20.2020202020202	43.67816091954023	44.18604651162791
Dialectal	19.672131147540984	44.067796610169495	38.0
Dialectal_normalizada	20.2020202020202	43.67816091954023	44.18604651162791