Transcripcion	Levenstein	Orden	Parcial
Estandar	52.836879432624116	68.1704260651629	67.20430107526883
Estandar_normalizada	57.831325301204814	68.01007556675063	74.85380116959064
Dialectal	53.214285714285715	68.01007556675063	67.74193548387098
Dialectal_normalizada	58.2995951417004	67.84810126582279	75.43859649122807