Transcripcion	Levenstein	Orden	Parcial
Estandar	19.999999999999996	42.47787610619469	46.26865671641791
Estandar_normalizada	24.17582417582418	40.35874439461884	50.0
Dialectal	20.187793427230048	42.85714285714286	46.26865671641791
Dialectal_normalizada	24.444444444444446	40.723981900452486	50.0