Transcripcion	Levenstein	Orden	Parcial
Estandar	17.391304347826086	30.000000000000004	31.11111111111111
Estandar_normalizada	20.512820512820518	30.508474576271183	31.11111111111111
Dialectal	17.391304347826086	30.000000000000004	31.11111111111111
Dialectal_normalizada	20.512820512820518	30.508474576271183	31.11111111111111