Transcripcion	Levenstein	Orden	Parcial
Estandar	53.333333333333336	70.6896551724138	84.78260869565217
Estandar_normalizada	57.53424657534247	70.6896551724138	89.65517241379311
Dialectal	53.333333333333336	70.6896551724138	84.78260869565217
Dialectal_normalizada	57.53424657534247	70.6896551724138	89.65517241379311