Transcripcion	Levenstein	Orden	Parcial
Estandar	59.60591133004927	65.4320987654321	67.09677419354838
Estandar_normalizada	64.48087431693989	65.4320987654321	72.84768211920529
Dialectal	59.60591133004927	65.4320987654321	67.09677419354838
Dialectal_normalizada	64.48087431693989	65.4320987654321	72.84768211920529