Transcripcion	Levenstein	Orden	Parcial
Estandar	2.5423728813559365	4.761904761904767	50.0
Estandar_normalizada	2.1052631578947323	4.938271604938271	50.0
Dialectal	2.5423728813559365	4.761904761904767	50.0
Dialectal_normalizada	2.1052631578947323	4.938271604938271	50.0