Transcripcion	Levenstein	Orden	Parcial
Estandar	57.078651685393254	74.18397626112761	64.30868167202573
Estandar_normalizada	63.81909547738693	73.91952309985098	71.42857142857143
Dialectal	57.078651685393254	74.18397626112761	64.30868167202573
Dialectal_normalizada	63.81909547738693	73.91952309985098	71.42857142857143