Transcripcion	Levenstein	Orden	Parcial
Estandar	36.55913978494624	49.27536231884058	50.79365079365079
Estandar_normalizada	37.03703703703704	47.40740740740741	55.172413793103445
Dialectal	35.86956521739131	48.17518248175182	50.79365079365079
Dialectal_normalizada	37.5	46.26865671641791	55.172413793103445