Transcripcion	Levenstein	Orden	Parcial
Estandar	29.53020134228188	62.450592885375485	56.50557620817844
Estandar_normalizada	32.592592592592595	62.450592885375485	66.66666666666667
Dialectal	29.53020134228188	62.450592885375485	56.50557620817844
Dialectal_normalizada	32.592592592592595	62.450592885375485	66.66666666666667