Transcripcion	Levenstein	Orden	Parcial
Estandar	19.11764705882353	39.08045977011494	45.333333333333336
Estandar_normalizada	20.370370370370374	37.64705882352941	50.70422535211267
Dialectal	19.11764705882353	39.08045977011494	45.333333333333336
Dialectal_normalizada	20.370370370370374	37.64705882352941	50.70422535211267