Transcripcion	Levenstein	Orden	Parcial
Estandar	0.0	15.384615384615385	0.0
Estandar_normalizada	0.0	15.384615384615385	50.0
Dialectal	0.0	15.384615384615385	0.0
Dialectal_normalizada	0.0	15.384615384615385	50.0