Transcripcion	Levenstein	Orden	Parcial
Estandar	16.455696202531644	34.04255319148937	53.57142857142857
Estandar_normalizada	19.11764705882353	34.40860215053764	56.14035087719298
Dialectal	16.455696202531644	34.04255319148937	53.57142857142857
Dialectal_normalizada	19.11764705882353	34.40860215053764	56.14035087719298