Transcripcion	Levenstein	Orden	Parcial
Estandar	25.0	37.77777777777778	36.111111111111114
Estandar_normalizada	25.0	37.77777777777778	37.5
Dialectal	25.0	37.77777777777778	36.111111111111114
Dialectal_normalizada	25.0	37.77777777777778	37.5