Transcripcion	Levenstein	Orden	Parcial
Estandar	42.54385964912281	58.95953757225434	55.68862275449102
Estandar_normalizada	46.53465346534653	59.13043478260869	61.490683229813655
Dialectal	42.54385964912281	58.95953757225434	55.68862275449102
Dialectal_normalizada	46.53465346534653	59.13043478260869	61.490683229813655