Transcripcion	Levenstein	Orden	Parcial
Estandar	28.358208955223883	40.90909090909091	72.72727272727273
Estandar_normalizada	29.230769230769226	40.90909090909091	80.95238095238095
Dialectal	28.358208955223883	40.90909090909091	72.72727272727273
Dialectal_normalizada	29.230769230769226	40.90909090909091	80.95238095238095