Transcripcion	Levenstein	Orden	Parcial
Estandar	8.695652173913048	25.64102564102564	31.57894736842105
Estandar_normalizada	11.111111111111116	26.315789473684216	30.76923076923077
Dialectal	8.695652173913048	25.64102564102564	31.57894736842105
Dialectal_normalizada	11.111111111111116	26.315789473684216	30.76923076923077