Transcripcion	Levenstein	Orden	Parcial
Estandar	23.33333333333333	33.333333333333336	36.36363636363637
Estandar_normalizada	23.076923076923073	33.333333333333336	41.379310344827594
Dialectal	23.33333333333333	33.333333333333336	36.36363636363637
Dialectal_normalizada	23.076923076923073	33.333333333333336	41.379310344827594