Transcripcion	Levenstein	Orden	Parcial
Estandar	33.009708737864074	63.934426229508205	65.21739130434783
Estandar_normalizada	39.08045977011494	63.934426229508205	72.72727272727273
Dialectal	33.009708737864074	63.934426229508205	65.21739130434783
Dialectal_normalizada	39.08045977011494	63.934426229508205	72.72727272727273