Transcripcion	Levenstein	Orden	Parcial
Estandar	63.29113924050633	77.86259541984732	80.0
Estandar_normalizada	69.01408450704226	77.86259541984732	84.29752066115702
Dialectal	63.29113924050633	77.86259541984732	80.0
Dialectal_normalizada	69.01408450704226	77.86259541984732	84.29752066115702