Transcripcion	Levenstein	Orden	Parcial
Estandar	44.73684210526315	82.92682926829268	66.66666666666667
Estandar_normalizada	60.71428571428572	82.92682926829268	83.33333333333334
Dialectal	44.73684210526315	82.92682926829268	66.66666666666667
Dialectal_normalizada	60.71428571428572	82.92682926829268	83.33333333333334