Transcripcion	Levenstein	Orden	Parcial
Estandar	55.696202531645575	68.33333333333333	62.06896551724138
Estandar_normalizada	64.70588235294117	68.33333333333333	73.6842105263158
Dialectal	55.696202531645575	68.33333333333333	62.06896551724138
Dialectal_normalizada	64.70588235294117	68.33333333333333	73.6842105263158