Transcripcion	Levenstein	Orden	Parcial
Estandar	3.57142857142857	27.27272727272727	19.999999999999996
Estandar_normalizada	9.523809523809524	27.27272727272727	50.0
Dialectal	3.57142857142857	27.27272727272727	19.999999999999996
Dialectal_normalizada	9.523809523809524	27.27272727272727	50.0