Transcripcion	Levenstein	Orden	Parcial
Estandar	62.8032345013477	82.37288135593221	71.1340206185567
Estandar_normalizada	71.12462006079028	82.85229202037353	80.64516129032258
Dialectal	62.8032345013477	82.37288135593221	71.1340206185567
Dialectal_normalizada	71.12462006079028	82.85229202037353	80.64516129032258