Transcripcion	Levenstein	Orden	Parcial
Estandar	49.01960784313726	68.42105263157895	68.35443037974683
Estandar_normalizada	55.81395348837209	68.42105263157895	77.77777777777779
Dialectal	49.01960784313726	68.42105263157895	68.35443037974683
Dialectal_normalizada	55.81395348837209	68.42105263157895	77.77777777777779