Transcripcion	Levenstein	Orden	Parcial
Estandar	61.27659574468085	76.10459873760145	68.31858407079646
Estandar_normalizada	68.78048780487805	75.9927797833935	76.95167286245353
Dialectal	61.1898016997167	76.03603603603604	68.25817860300619
Dialectal_normalizada	68.66883116883116	75.92425608656448	76.76579925650557