Transcripcion	Levenstein	Orden	Parcial
Estandar	27.380952380952383	49.411764705882355	86.95652173913044
Estandar_normalizada	31.428571428571427	50.60240963855422	93.02325581395348
Dialectal	27.380952380952383	49.411764705882355	86.95652173913044
Dialectal_normalizada	31.428571428571427	50.60240963855422	93.02325581395348