Transcripcion	Levenstein	Orden	Parcial
Estandar	26.415094339622648	36.065573770491795	62.96296296296296
Estandar_normalizada	35.0	46.666666666666664	68.0
Dialectal	26.415094339622648	36.065573770491795	62.96296296296296
Dialectal_normalizada	35.0	46.666666666666664	68.0