Transcripcion	Levenstein	Orden	Parcial
Estandar	65.85365853658536	81.25	71.7948717948718
Estandar_normalizada	70.27027027027026	81.25	74.54545454545455
Dialectal	65.85365853658536	81.25	71.7948717948718
Dialectal_normalizada	70.27027027027026	81.25	74.54545454545455