Transcripcion	Levenstein	Orden	Parcial
Estandar	63.23529411764706	74.55830388692578	68.21428571428572
Estandar_normalizada	66.88102893890675	74.69026548672566	74.26470588235294
Dialectal	63.716814159292035	75.04424778761062	68.57142857142857
Dialectal_normalizada	67.41935483870968	75.177304964539	75.0