Transcripcion	Levenstein	Orden	Parcial
Estandar	24.13793103448276	55.319148936170215	52.0
Estandar_normalizada	28.000000000000004	55.319148936170215	56.52173913043479
Dialectal	24.13793103448276	55.319148936170215	52.0
Dialectal_normalizada	28.000000000000004	55.319148936170215	56.52173913043479