Transcripcion	Levenstein	Orden	Parcial
Estandar	55.172413793103445	83.11688311688312	85.29411764705883
Estandar_normalizada	64.0	83.11688311688312	88.52459016393442
Dialectal	55.172413793103445	83.11688311688312	85.29411764705883
Dialectal_normalizada	64.0	83.11688311688312	88.52459016393442