Transcripcion	Levenstein	Orden	Parcial
Estandar	9.999999999999998	22.857142857142854	21.052631578947366
Estandar_normalizada	15.384615384615385	22.857142857142854	31.57894736842105
Dialectal	9.999999999999998	22.857142857142854	21.052631578947366
Dialectal_normalizada	15.384615384615385	22.857142857142854	31.57894736842105