Transcripcion	Levenstein	Orden	Parcial
Estandar	18.75	40.816326530612244	42.85714285714286
Estandar_normalizada	21.42857142857143	40.816326530612244	44.99999999999999
Dialectal	18.75	40.816326530612244	42.85714285714286
Dialectal_normalizada	21.42857142857143	40.816326530612244	44.99999999999999