Transcripcion	Levenstein	Orden	Parcial
Estandar	56.666666666666664	73.17073170731707	70.0
Estandar_normalizada	70.83333333333333	73.17073170731707	75.67567567567568
Dialectal	56.666666666666664	73.17073170731707	70.0
Dialectal_normalizada	70.83333333333333	73.17073170731707	75.67567567567568