Transcripcion	Levenstein	Orden	Parcial
Estandar	20.28985507246377	31.372549019607842	36.61971830985915
Estandar_normalizada	20.28985507246377	31.372549019607842	41.269841269841265
Dialectal	20.28985507246377	31.372549019607842	36.61971830985915
Dialectal_normalizada	20.28985507246377	31.372549019607842	41.269841269841265