Transcripcion	Levenstein	Orden	Parcial
Estandar	49.42528735632183	74.01574803149606	65.95744680851064
Estandar_normalizada	59.45945945945945	73.01587301587303	73.58490566037736
Dialectal	49.42528735632183	74.01574803149606	65.95744680851064
Dialectal_normalizada	59.45945945945945	73.01587301587303	73.58490566037736