Transcripcion	Levenstein	Orden	Parcial
Estandar	65.98360655737704	69.1415313225058	71.66276346604215
Estandar_normalizada	69.46902654867257	69.1415313225058	76.63551401869158
Dialectal	65.98360655737704	69.1415313225058	71.66276346604215
Dialectal_normalizada	69.46902654867257	69.1415313225058	76.63551401869158