Transcripcion	Levenstein	Orden	Parcial
Estandar	26.0	48.64864864864865	45.78313253012048
Estandar_normalizada	27.500000000000004	48.64864864864865	51.94805194805194
Dialectal	26.0	48.64864864864865	45.78313253012048
Dialectal_normalizada	27.500000000000004	48.64864864864865	51.94805194805194