Transcripcion	Levenstein	Orden	Parcial
Estandar	51.181102362204726	61.386138613861384	64.21052631578948
Estandar_normalizada	55.65217391304348	61.386138613861384	67.74193548387098
Dialectal	51.58730158730158	63.681592039801	65.26315789473685
Dialectal_normalizada	56.14035087719298	63.681592039801	68.81720430107528