Transcripcion	Levenstein	Orden	Parcial
Estandar	90.98360655737704	95.65217391304348	95.39748953974896
Estandar_normalizada	93.16239316239316	95.65217391304348	95.6896551724138
Dialectal	90.98360655737704	95.65217391304348	95.39748953974896
Dialectal_normalizada	93.16239316239316	95.65217391304348	95.6896551724138