Transcripcion	Levenstein	Orden	Parcial
Estandar	50.46948356807513	69.80609418282549	62.70270270270271
Estandar_normalizada	56.6579634464752	70.0	69.19831223628692
Dialectal	50.46948356807513	69.80609418282549	62.70270270270271
Dialectal_normalizada	56.6579634464752	70.0	69.19831223628692