Transcripcion	Levenstein	Orden	Parcial
Estandar	8.888888888888891	46.15384615384615	24.390243902439025
Estandar_normalizada	19.444444444444443	40.816326530612244	43.24324324324324
Dialectal	8.888888888888891	46.15384615384615	24.390243902439025
Dialectal_normalizada	19.444444444444443	40.816326530612244	43.24324324324324