Transcripcion	Levenstein	Orden	Parcial
Estandar	17.948717948717952	33.89830508474576	44.99999999999999
Estandar_normalizada	19.444444444444443	37.93103448275862	51.28205128205128
Dialectal	17.948717948717952	33.89830508474576	44.99999999999999
Dialectal_normalizada	19.444444444444443	37.93103448275862	51.28205128205128