Transcripcion	Levenstein	Orden	Parcial
Estandar	33.333333333333336	41.666666666666664	44.89795918367348
Estandar_normalizada	30.76923076923077	41.666666666666664	43.47826086956522
Dialectal	33.333333333333336	41.666666666666664	44.89795918367348
Dialectal_normalizada	30.76923076923077	41.666666666666664	43.47826086956522