Transcripcion	Levenstein	Orden	Parcial
Estandar	4.347826086956519	9.999999999999998	33.333333333333336
Estandar_normalizada	5.555555555555558	10.526315789473683	33.333333333333336
Dialectal	4.347826086956519	9.999999999999998	33.333333333333336
Dialectal_normalizada	5.555555555555558	10.526315789473683	33.333333333333336