Transcripcion	Levenstein	Orden	Parcial
Estandar	25.64102564102564	41.509433962264154	44.44444444444444
Estandar_normalizada	24.32432432432432	41.509433962264154	46.15384615384615
Dialectal	25.64102564102564	41.509433962264154	44.44444444444444
Dialectal_normalizada	24.32432432432432	41.509433962264154	46.15384615384615