Transcripcion	Levenstein	Orden	Parcial
Estandar	57.63546798029557	72.64437689969606	67.51592356687898
Estandar_normalizada	64.85013623978202	72.5609756097561	73.38842975206612
Dialectal	57.96019900497513	72.17125382262996	67.83439490445859
Dialectal_normalizada	65.28925619834712	72.08588957055215	73.5440931780366