Transcripcion	Levenstein	Orden	Parcial
Estandar	48.76543209876543	64.65517241379311	64.321608040201
Estandar_normalizada	54.16666666666667	64.65517241379311	66.66666666666667
Dialectal	48.76543209876543	64.65517241379311	64.321608040201
Dialectal_normalizada	54.16666666666667	64.65517241379311	66.66666666666667