Transcripcion	Levenstein	Orden	Parcial
Estandar	65.43408360128618	79.47947947947948	73.8241308793456
Estandar_normalizada	72.32142857142857	79.4383149448345	80.16877637130801
Dialectal	65.85760517799353	79.59798994974874	74.64212678936606
Dialectal_normalizada	72.84172661870504	79.55689828801611	80.37974683544304