Transcripcion	Levenstein	Orden	Parcial
Estandar	23.529411764705888	71.42857142857143	50.0
Estandar_normalizada	45.45454545454546	71.42857142857143	60.0
Dialectal	23.529411764705888	71.42857142857143	50.0
Dialectal_normalizada	45.45454545454546	71.42857142857143	60.0