Transcripcion	Levenstein	Orden	Parcial
Estandar	55.55555555555556	72.89719626168225	67.82608695652175
Estandar_normalizada	62.295081967213115	72.89719626168225	70.58823529411764
Dialectal	55.55555555555556	72.89719626168225	67.82608695652175
Dialectal_normalizada	62.295081967213115	72.89719626168225	70.58823529411764