Transcripcion	Levenstein	Orden	Parcial
Estandar	12.5	35.29411764705882	47.05882352941176
Estandar_normalizada	15.384615384615385	35.29411764705882	47.05882352941176
Dialectal	12.5	35.29411764705882	47.05882352941176
Dialectal_normalizada	15.384615384615385	35.29411764705882	47.05882352941176