Transcripcion	Levenstein	Orden	Parcial
Estandar	7.14285714285714	26.66666666666667	33.333333333333336
Estandar_normalizada	8.333333333333337	26.66666666666667	50.0
Dialectal	7.14285714285714	26.66666666666667	33.333333333333336
Dialectal_normalizada	8.333333333333337	26.66666666666667	50.0