Transcripcion	Levenstein	Orden	Parcial
Estandar	9.259259259259256	30.434782608695656	55.55555555555556
Estandar_normalizada	15.000000000000002	31.818181818181824	62.5
Dialectal	9.259259259259256	30.434782608695656	55.55555555555556
Dialectal_normalizada	15.000000000000002	31.818181818181824	62.5