Transcripcion	Levenstein	Orden	Parcial
Estandar	36.36363636363637	58.82352941176471	55.172413793103445
Estandar_normalizada	40.0	58.82352941176471	59.25925925925925
Dialectal	36.36363636363637	58.82352941176471	55.172413793103445
Dialectal_normalizada	40.0	58.82352941176471	59.25925925925925