Transcripcion	Levenstein	Orden	Parcial
Estandar	16.981132075471695	41.23711340206185	43.47826086956522
Estandar_normalizada	22.44897959183674	39.583333333333336	49.411764705882355
Dialectal	15.384615384615385	39.583333333333336	41.75824175824175
Dialectal_normalizada	22.44897959183674	37.89473684210526	47.61904761904761