Transcripcion	Levenstein	Orden	Parcial
Estandar	51.5625	70.2127659574468	80.95238095238095
Estandar_normalizada	56.666666666666664	70.2127659574468	91.66666666666666
Dialectal	51.5625	70.2127659574468	80.95238095238095
Dialectal_normalizada	56.666666666666664	70.2127659574468	91.66666666666666