Transcripcion	Levenstein	Orden	Parcial
Estandar	51.85185185185186	68.39622641509435	66.82352941176471
Estandar_normalizada	55.80357142857143	69.03073286052009	70.27027027027026
Dialectal	52.08333333333333	67.93349168646081	66.82464454976304
Dialectal_normalizada	56.10859728506787	68.57142857142857	70.67307692307692