Transcripcion	Levenstein	Orden	Parcial
Estandar	70.58823529411764	92.5925925925926	88.46153846153845
Estandar_normalizada	83.33333333333334	92.5925925925926	88.46153846153845
Dialectal	70.58823529411764	92.5925925925926	88.46153846153845
Dialectal_normalizada	83.33333333333334	92.5925925925926	88.46153846153845