Transcripcion	Levenstein	Orden	Parcial
Estandar	8.333333333333337	22.22222222222222	25.0
Estandar_normalizada	14.28571428571429	22.22222222222222	25.0
Dialectal	8.333333333333337	22.22222222222222	25.0
Dialectal_normalizada	14.28571428571429	22.22222222222222	25.0