Transcripcion	Levenstein	Orden	Parcial
Estandar	76.63551401869158	85.08474576271186	84.17508417508417
Estandar_normalizada	81.69014084507043	85.08474576271186	87.42791234140715
Dialectal	76.63551401869158	85.08474576271186	84.17508417508417
Dialectal_normalizada	81.69014084507043	85.08474576271186	87.42791234140715