Transcripcion	Levenstein	Orden	Parcial
Estandar	57.236842105263165	65.09803921568627	67.79661016949152
Estandar_normalizada	62.93706293706294	65.35433070866141	72.80701754385966
Dialectal	57.236842105263165	65.09803921568627	67.79661016949152
Dialectal_normalizada	62.93706293706294	65.35433070866141	72.80701754385966