Transcripcion	Levenstein	Orden	Parcial
Estandar	20.967741935483875	50.21276595744681	48.88888888888889
Estandar_normalizada	25.210084033613445	51.28205128205128	53.333333333333336
Dialectal	20.967741935483875	50.21276595744681	48.88888888888889
Dialectal_normalizada	25.210084033613445	51.28205128205128	53.333333333333336