Transcripcion	Levenstein	Orden	Parcial
Estandar	63.68421052631579	80.26584867075664	72.75541795665634
Estandar_normalizada	69.1588785046729	80.43032786885246	76.64864864864865
Dialectal	63.74012291483757	80.40920716112532	72.85861713106296
Dialectal_normalizada	69.22357343311506	80.5740645822655	76.75675675675674