Transcripcion	Levenstein	Orden	Parcial
Estandar	37.8698224852071	66.19718309859155	68.87966804979253
Estandar_normalizada	40.85365853658537	65.01766784452296	71.61572052401746
Dialectal	37.8698224852071	66.19718309859155	68.87966804979253
Dialectal_normalizada	40.85365853658537	65.01766784452296	71.61572052401746