Transcripcion	Levenstein	Orden	Parcial
Estandar	40.625	58.42696629213483	80.51948051948052
Estandar_normalizada	42.3728813559322	58.42696629213483	84.84848484848484
Dialectal	40.625	58.42696629213483	80.51948051948052
Dialectal_normalizada	42.3728813559322	58.42696629213483	84.84848484848484