Transcripcion	Levenstein	Orden	Parcial
Estandar	41.333333333333336	57.28155339805825	54.08163265306123
Estandar_normalizada	46.875	57.560975609756106	59.09090909090908
Dialectal	41.333333333333336	57.28155339805825	54.08163265306123
Dialectal_normalizada	46.875	57.560975609756106	59.09090909090908