Transcripcion	Levenstein	Orden	Parcial
Estandar	19.999999999999996	27.77777777777778	55.55555555555556
Estandar_normalizada	21.42857142857143	27.77777777777778	55.55555555555556
Dialectal	19.999999999999996	27.77777777777778	55.55555555555556
Dialectal_normalizada	21.42857142857143	27.77777777777778	55.55555555555556