Transcripcion	Levenstein	Orden	Parcial
Estandar	50.0	68.52589641434264	67.52688172043011
Estandar_normalizada	57.54716981132076	69.061876247505	75.11520737327189
Dialectal	50.0	68.52589641434264	67.52688172043011
Dialectal_normalizada	57.54716981132076	69.061876247505	75.11520737327189