Transcripcion	Levenstein	Orden	Parcial
Estandar	22.95081967213115	30.612244897959183	39.603960396039604
Estandar_normalizada	20.75471698113207	30.612244897959183	43.01075268817204
Dialectal	22.95081967213115	30.612244897959183	39.603960396039604
Dialectal_normalizada	20.75471698113207	30.612244897959183	43.01075268817204