Transcripcion	Levenstein	Orden	Parcial
Estandar	38.20224719101124	52.85714285714286	57.94392523364487
Estandar_normalizada	39.08045977011494	52.85714285714286	60.86956521739131
Dialectal	38.20224719101124	52.85714285714286	57.94392523364487
Dialectal_normalizada	39.08045977011494	52.85714285714286	60.86956521739131