Transcripcion	Levenstein	Orden	Parcial
Estandar	30.23255813953488	36.36363636363637	59.45945945945945
Estandar_normalizada	30.76923076923077	36.36363636363637	66.66666666666667
Dialectal	30.23255813953488	36.36363636363637	59.45945945945945
Dialectal_normalizada	30.76923076923077	36.36363636363637	66.66666666666667