Transcripcion	Levenstein	Orden	Parcial
Estandar	16.000000000000004	34.210526315789465	27.692307692307693
Estandar_normalizada	11.627906976744185	34.66666666666667	31.746031746031743
Dialectal	16.000000000000004	34.210526315789465	27.692307692307693
Dialectal_normalizada	11.627906976744185	34.66666666666667	31.746031746031743