Transcripcion	Levenstein	Orden	Parcial
Estandar	52.36768802228412	68.50828729281768	64.42687747035573
Estandar_normalizada	59.74842767295597	68.14814814814815	70.78189300411523
Dialectal	52.36768802228412	68.50828729281768	64.42687747035573
Dialectal_normalizada	59.74842767295597	68.14814814814815	70.78189300411523