Transcripcion	Levenstein	Orden	Parcial
Estandar	67.96116504854368	82.17054263565892	80.53691275167785
Estandar_normalizada	74.20212765957447	82.29813664596273	86.159169550173
Dialectal	67.96116504854368	82.17054263565892	80.53691275167785
Dialectal_normalizada	74.20212765957447	82.29813664596273	86.159169550173