Transcripcion	Levenstein	Orden	Parcial
Estandar	68.42592592592592	80.75268817204301	73.99347116430903
Estandar_normalizada	73.98615232443126	80.45234248788368	78.45804988662131
Dialectal	68.56875584658559	80.58409951325041	74.42872687704026
Dialectal_normalizada	74.2	80.28169014084507	78.68480725623583