Transcripcion	Levenstein	Orden	Parcial
Estandar	61.904761904761905	72.0	73.41772151898735
Estandar_normalizada	64.1025641025641	72.0	76.31578947368422
Dialectal	61.904761904761905	72.0	73.41772151898735
Dialectal_normalizada	64.1025641025641	72.0	76.31578947368422