Transcripcion	Levenstein	Orden	Parcial
Estandar	64.55223880597015	78.82882882882882	70.72072072072072
Estandar_normalizada	71.13821138211382	78.73303167420815	74.94033412887828
Dialectal	64.04494382022472	78.1038374717833	69.81981981981981
Dialectal_normalizada	70.61224489795919	78.00453514739229	74.16267942583733