Transcripcion	Levenstein	Orden	Parcial
Estandar	13.043478260869568	22.22222222222222	34.48275862068966
Estandar_normalizada	14.28571428571429	22.22222222222222	41.379310344827594
Dialectal	13.043478260869568	22.22222222222222	34.48275862068966
Dialectal_normalizada	14.28571428571429	22.22222222222222	41.379310344827594