Transcripcion	Levenstein	Orden	Parcial
Estandar	52.431791221826806	69.92782678428227	64.18181818181819
Estandar_normalizada	57.21784776902887	70.2572347266881	67.42424242424244
Dialectal	52.318668252080855	70.04016064257029	64.36363636363636
Dialectal_normalizada	57.10526315789474	70.37037037037037	67.61363636363636