Transcripcion	Levenstein	Orden	Parcial
Estandar	21.052631578947366	31.999999999999996	38.888888888888886
Estandar_normalizada	21.052631578947366	31.999999999999996	50.0
Dialectal	21.052631578947366	31.999999999999996	38.888888888888886
Dialectal_normalizada	21.052631578947366	31.999999999999996	50.0