Transcripcion	Levenstein	Orden	Parcial
Estandar	68.64	78.15442561205272	76.74418604651163
Estandar_normalizada	74.10562180579217	77.99811142587346	80.76923076923077
Dialectal	68.64	78.15442561205272	76.74418604651163
Dialectal_normalizada	74.10562180579217	77.99811142587346	80.76923076923077