Transcripcion	Levenstein	Orden	Parcial
Estandar	61.98347107438016	72.53886010362694	67.04545454545455
Estandar_normalizada	63.716814159292035	72.53886010362694	69.04761904761905
Dialectal	62.5	72.91666666666667	68.18181818181819
Dialectal_normalizada	64.28571428571428	72.91666666666667	69.04761904761905