Transcripcion	Levenstein	Orden	Parcial
Estandar	26.15384615384615	45.45454545454546	74.4186046511628
Estandar_normalizada	31.481481481481477	45.45454545454546	82.05128205128204
Dialectal	26.15384615384615	45.45454545454546	74.4186046511628
Dialectal_normalizada	31.481481481481477	45.45454545454546	82.05128205128204