Transcripcion	Levenstein	Orden	Parcial
Estandar	37.5	56.14035087719298	81.08108108108108
Estandar_normalizada	36.8421052631579	56.14035087719298	85.71428571428572
Dialectal	37.5	56.14035087719298	81.08108108108108
Dialectal_normalizada	36.8421052631579	56.14035087719298	85.71428571428572