Transcripcion	Levenstein	Orden	Parcial
Estandar	50.11185682326622	63.142857142857146	62.68221574344024
Estandar_normalizada	57.215189873417714	63.23319027181689	68.52713178294574
Dialectal	50.45045045045045	63.41463414634146	63.17365269461077
Dialectal_normalizada	57.65306122448979	63.50574712643677	69.1588785046729