Transcripcion	Levenstein	Orden	Parcial
Estandar	50.0	65.11627906976744	71.11111111111111
Estandar_normalizada	62.5	65.11627906976744	80.95238095238095
Dialectal	50.0	65.11627906976744	71.11111111111111
Dialectal_normalizada	62.5	65.11627906976744	80.95238095238095