Transcripcion	Levenstein	Orden	Parcial
Estandar	43.99999999999999	56.25	68.75
Estandar_normalizada	42.85714285714286	56.25	80.0
Dialectal	43.99999999999999	56.25	68.75
Dialectal_normalizada	42.85714285714286	56.25	80.0