Transcripcion	Levenstein	Orden	Parcial
Estandar	7.692307692307687	11.764705882352944	22.22222222222222
Estandar_normalizada	9.090909090909093	11.764705882352944	25.0
Dialectal	7.692307692307687	11.764705882352944	22.22222222222222
Dialectal_normalizada	9.090909090909093	11.764705882352944	25.0