Transcripcion	Levenstein	Orden	Parcial
Estandar	71.42857142857143	72.22222222222221	81.57894736842105
Estandar_normalizada	73.6842105263158	72.22222222222221	83.33333333333334
Dialectal	71.42857142857143	72.22222222222221	81.57894736842105
Dialectal_normalizada	73.6842105263158	72.22222222222221	83.33333333333334