Transcripcion	Levenstein	Orden	Parcial
Estandar	45.91346153846154	71.68758716875871	73.80952380952381
Estandar_normalizada	53.1328320802005	71.68758716875871	80.06379585326954
Dialectal	45.91346153846154	71.68758716875871	73.80952380952381
Dialectal_normalizada	53.1328320802005	71.68758716875871	80.06379585326954