Transcripcion	Levenstein	Orden	Parcial
Estandar	59.09090909090908	73.09644670050761	69.05537459283387
Estandar_normalizada	61.8421052631579	73.09644670050761	73.01038062283737
Dialectal	59.09090909090908	73.09644670050761	69.05537459283387
Dialectal_normalizada	61.8421052631579	73.09644670050761	73.01038062283737