Transcripcion	Levenstein	Orden	Parcial
Estandar	8.333333333333337	19.047619047619047	25.0
Estandar_normalizada	11.111111111111116	19.047619047619047	57.14285714285714
Dialectal	8.333333333333337	19.047619047619047	25.0
Dialectal_normalizada	11.111111111111116	19.047619047619047	57.14285714285714