Transcripcion	Levenstein	Orden	Parcial
Estandar	55.263157894736835	80.67226890756302	77.77777777777779
Estandar_normalizada	61.76470588235294	80.67226890756302	81.1881188118812
Dialectal	55.263157894736835	80.67226890756302	77.77777777777779
Dialectal_normalizada	61.76470588235294	80.67226890756302	81.1881188118812