Transcripcion	Levenstein	Orden	Parcial
Estandar	6.666666666666665	17.647058823529417	40.0
Estandar_normalizada	12.0	18.181818181818176	36.36363636363637
Dialectal	6.666666666666665	17.647058823529417	40.0
Dialectal_normalizada	12.0	18.181818181818176	36.36363636363637