Transcripcion	Levenstein	Orden	Parcial
Estandar	56.25	40.0	69.56521739130434
Estandar_normalizada	58.33333333333333	40.0	73.6842105263158
Dialectal	56.25	40.0	69.56521739130434
Dialectal_normalizada	58.33333333333333	40.0	73.6842105263158