Transcripcion	Levenstein	Orden	Parcial
Estandar	52.83018867924528	85.71428571428572	68.49315068493152
Estandar_normalizada	66.66666666666667	85.71428571428572	82.75862068965517
Dialectal	52.83018867924528	85.71428571428572	68.49315068493152
Dialectal_normalizada	66.66666666666667	85.71428571428572	82.75862068965517