Transcripcion	Levenstein	Orden	Parcial
Estandar	60.86956521739131	61.53846153846154	76.19047619047619
Estandar_normalizada	69.04761904761905	61.53846153846154	78.94736842105263
Dialectal	60.86956521739131	61.53846153846154	76.19047619047619
Dialectal_normalizada	69.04761904761905	61.53846153846154	78.94736842105263