Transcripcion	Levenstein	Orden	Parcial
Estandar	48.93617021276596	54.3046357615894	64.28571428571428
Estandar_normalizada	55.42168674698795	56.00000000000001	67.14285714285715
Dialectal	48.93617021276596	54.3046357615894	64.28571428571428
Dialectal_normalizada	55.42168674698795	56.00000000000001	67.14285714285715