Transcripcion	Levenstein	Orden	Parcial
Estandar	2.631578947368418	10.526315789473683	19.999999999999996
Estandar_normalizada	6.060606060606055	10.526315789473683	28.57142857142857
Dialectal	2.631578947368418	10.526315789473683	19.999999999999996
Dialectal_normalizada	6.060606060606055	10.526315789473683	28.57142857142857