Transcripcion	Levenstein	Orden	Parcial
Estandar	43.36283185840708	56.68449197860963	60.67415730337078
Estandar_normalizada	45.714285714285715	56.68449197860963	63.95348837209303
Dialectal	43.36283185840708	56.68449197860963	60.67415730337078
Dialectal_normalizada	45.714285714285715	56.68449197860963	63.95348837209303