Transcripcion	Levenstein	Orden	Parcial
Estandar	68.83116883116884	69.42148760330579	74.19354838709677
Estandar_normalizada	76.11940298507463	69.42148760330579	79.66101694915254
Dialectal	68.83116883116884	69.42148760330579	74.19354838709677
Dialectal_normalizada	76.11940298507463	69.42148760330579	79.66101694915254