Transcripcion	Levenstein	Orden	Parcial
Estandar	29.629629629629626	31.16883116883117	45.45454545454546
Estandar_normalizada	31.999999999999996	31.16883116883117	47.05882352941176
Dialectal	29.629629629629626	31.16883116883117	45.45454545454546
Dialectal_normalizada	31.999999999999996	31.16883116883117	47.05882352941176