Transcripcion	Levenstein	Orden	Parcial
Estandar	18.75	36.73469387755102	38.095238095238095
Estandar_normalizada	19.999999999999996	37.5	42.10526315789473
Dialectal	18.75	36.73469387755102	38.095238095238095
Dialectal_normalizada	19.999999999999996	37.5	42.10526315789473