Transcripcion	Levenstein	Orden	Parcial
Estandar	22.580645161290324	40.0	40.0
Estandar_normalizada	24.096385542168676	40.0	42.85714285714286
Dialectal	22.580645161290324	40.0	40.0
Dialectal_normalizada	24.096385542168676	40.0	42.85714285714286