Transcripcion	Levenstein	Orden	Parcial
Estandar	43.333333333333336	60.46511627906976	86.66666666666667
Estandar_normalizada	50.0	60.46511627906976	93.33333333333333
Dialectal	43.333333333333336	60.46511627906976	86.66666666666667
Dialectal_normalizada	50.0	60.46511627906976	93.33333333333333