Transcripcion	Levenstein	Orden	Parcial
Estandar	4.932735426008971	8.450704225352112	41.17647058823529
Estandar_normalizada	5.940594059405946	8.450704225352112	53.84615384615385
Dialectal	4.932735426008971	8.450704225352112	41.17647058823529
Dialectal_normalizada	5.940594059405946	8.450704225352112	53.84615384615385