Transcripcion	Levenstein	Orden	Parcial
Estandar	54.47154471544715	74.66666666666666	70.042194092827
Estandar_normalizada	60.86956521739131	74.66666666666666	76.31578947368422
Dialectal	54.47154471544715	74.66666666666666	70.042194092827
Dialectal_normalizada	60.86956521739131	74.66666666666666	76.31578947368422