Transcripcion	Levenstein	Orden	Parcial
Estandar	42.91187739463601	62.16216216216216	58.69565217391304
Estandar_normalizada	48.962655601659755	62.16216216216216	62.91079812206573
Dialectal	42.91187739463601	62.16216216216216	58.69565217391304
Dialectal_normalizada	48.962655601659755	62.16216216216216	62.91079812206573