Transcripcion	Levenstein	Orden	Parcial
Estandar	18.181818181818176	28.000000000000004	32.55813953488372
Estandar_normalizada	17.24137931034483	28.57142857142857	32.55813953488372
Dialectal	18.181818181818176	28.000000000000004	32.55813953488372
Dialectal_normalizada	17.24137931034483	28.57142857142857	32.55813953488372