Transcripcion	Levenstein	Orden	Parcial
Estandar	59.60854092526691	70.40816326530613	67.35966735966737
Estandar_normalizada	63.25757575757576	70.5521472392638	70.82884822389666
Dialectal	59.60854092526691	70.40816326530613	67.35966735966737
Dialectal_normalizada	63.25757575757576	70.5521472392638	70.82884822389666