Transcripcion	Levenstein	Orden	Parcial
Estandar	4.444444444444439	18.181818181818176	17.647058823529417
Estandar_normalizada	15.384615384615385	18.181818181818176	31.57894736842105
Dialectal	4.444444444444439	18.181818181818176	17.647058823529417
Dialectal_normalizada	15.384615384615385	18.181818181818176	31.57894736842105