Transcripcion	Levenstein	Orden	Parcial
Estandar	62.264150943396224	80.0	85.71428571428572
Estandar_normalizada	69.23076923076923	80.0	93.67088607594937
Dialectal	62.264150943396224	80.0	85.71428571428572
Dialectal_normalizada	69.23076923076923	80.0	93.67088607594937