Transcripcion	Levenstein	Orden	Parcial
Estandar	19.696969696969703	45.09803921568627	41.666666666666664
Estandar_normalizada	22.22222222222222	43.99999999999999	44.89795918367348
Dialectal	19.696969696969703	45.09803921568627	41.666666666666664
Dialectal_normalizada	22.22222222222222	43.99999999999999	44.89795918367348