Transcripcion	Levenstein	Orden	Parcial
Estandar	87.3015873015873	94.73684210526316	93.22033898305084
Estandar_normalizada	89.83050847457628	94.73684210526316	94.73684210526316
Dialectal	85.48387096774194	93.80530973451327	92.3076923076923
Dialectal_normalizada	87.93103448275862	93.80530973451327	93.80530973451327