Transcripcion	Levenstein	Orden	Parcial
Estandar	14.28571428571429	24.489795918367353	29.268292682926834
Estandar_normalizada	17.24137931034483	24.489795918367353	31.57894736842105
Dialectal	14.28571428571429	24.489795918367353	29.268292682926834
Dialectal_normalizada	17.24137931034483	24.489795918367353	31.57894736842105