Transcripcion	Levenstein	Orden	Parcial
Estandar	57.74647887323944	65.87837837837837	70.52980132450331
Estandar_normalizada	60.747663551401864	65.87837837837837	73.95833333333333
Dialectal	57.74647887323944	65.87837837837837	70.52980132450331
Dialectal_normalizada	60.747663551401864	65.87837837837837	73.95833333333333