Transcripcion	Levenstein	Orden	Parcial
Estandar	7.9999999999999964	8.695652173913048	33.333333333333336
Estandar_normalizada	4.545454545454541	8.695652173913048	25.0
Dialectal	7.9999999999999964	8.695652173913048	33.333333333333336
Dialectal_normalizada	4.545454545454541	8.695652173913048	25.0