Transcripcion	Levenstein	Orden	Parcial
Estandar	20.833333333333336	33.333333333333336	38.888888888888886
Estandar_normalizada	22.72727272727273	33.333333333333336	41.17647058823529
Dialectal	20.833333333333336	33.333333333333336	38.888888888888886
Dialectal_normalizada	22.72727272727273	33.333333333333336	41.17647058823529