Transcripcion	Levenstein	Orden	Parcial
Estandar	52.94117647058824	72.83236994219652	71.64179104477613
Estandar_normalizada	64.21052631578948	72.83236994219652	81.65680473372781
Dialectal	52.94117647058824	72.83236994219652	71.64179104477613
Dialectal_normalizada	64.21052631578948	72.83236994219652	81.65680473372781