Transcripcion	Levenstein	Orden	Parcial
Estandar	52.472527472527474	69.38775510204081	65.34954407294833
Estandar_normalizada	60.64516129032258	69.38775510204081	72.84768211920529
Dialectal	52.472527472527474	69.38775510204081	65.34954407294833
Dialectal_normalizada	60.64516129032258	69.38775510204081	72.84768211920529