Transcripcion	Levenstein	Orden	Parcial
Estandar	77.24252491694352	89.27437087710726	79.86281234688877
Estandar_normalizada	84.02366863905326	89.15544675642595	87.11288711288712
Dialectal	76.98709945900957	89.09001956947162	79.76482116609505
Dialectal_normalizada	83.80474452554745	88.97058823529412	87.06293706293707