Transcripcion	Levenstein	Orden	Parcial
Estandar	52.0	78.26086956521739	84.84848484848484
Estandar_normalizada	67.5	78.26086956521739	87.87878787878788
Dialectal	52.0	78.26086956521739	84.84848484848484
Dialectal_normalizada	67.5	78.26086956521739	87.87878787878788