Transcripcion	Levenstein	Orden	Parcial
Estandar	69.5906432748538	87.29208250166334	78.22045152722443
Estandar_normalizada	75.06361323155217	85.657104736491	84.58445040214477
Dialectal	69.5906432748538	87.29208250166334	78.22045152722443
Dialectal_normalizada	75.06361323155217	85.657104736491	84.58445040214477