Transcripcion	Levenstein	Orden	Parcial
Estandar	74.28571428571429	97.19626168224299	88.67924528301887
Estandar_normalizada	86.66666666666667	97.19626168224299	96.15384615384616
Dialectal	74.28571428571429	97.19626168224299	88.67924528301887
Dialectal_normalizada	86.66666666666667	97.19626168224299	96.15384615384616