Transcripcion	Levenstein	Orden	Parcial
Estandar	57.692307692307686	61.904761904761905	72.72727272727273
Estandar_normalizada	63.63636363636363	61.904761904761905	79.06976744186046
Dialectal	57.692307692307686	61.904761904761905	72.72727272727273
Dialectal_normalizada	63.63636363636363	61.904761904761905	79.06976744186046