Transcripcion	Levenstein	Orden	Parcial
Estandar	19.444444444444443	41.463414634146346	41.379310344827594
Estandar_normalizada	25.423728813559322	42.50000000000001	51.72413793103448
Dialectal	19.444444444444443	41.463414634146346	41.379310344827594
Dialectal_normalizada	25.423728813559322	42.50000000000001	51.72413793103448