Transcripcion	Levenstein	Orden	Parcial
Estandar	35.29411764705882	47.61904761904761	54.54545454545454
Estandar_normalizada	53.84615384615385	47.61904761904761	73.6842105263158
Dialectal	35.29411764705882	47.61904761904761	54.54545454545454
Dialectal_normalizada	53.84615384615385	47.61904761904761	73.6842105263158