Transcripcion	Levenstein	Orden	Parcial
Estandar	26.315789473684216	33.333333333333336	43.47826086956522
Estandar_normalizada	31.57894736842105	33.333333333333336	57.14285714285714
Dialectal	26.315789473684216	33.333333333333336	43.47826086956522
Dialectal_normalizada	31.57894736842105	33.333333333333336	57.14285714285714