Transcripcion	Levenstein	Orden	Parcial
Estandar	23.684210526315784	38.095238095238095	40.67796610169492
Estandar_normalizada	24.32432432432432	38.095238095238095	44.44444444444444
Dialectal	23.684210526315784	38.095238095238095	40.67796610169492
Dialectal_normalizada	24.32432432432432	38.095238095238095	44.44444444444444