Transcripcion	Levenstein	Orden	Parcial
Estandar	0.0	13.33333333333333	0.0
Estandar_normalizada	9.999999999999998	13.33333333333333	18.181818181818176
Dialectal	0.0	13.33333333333333	0.0
Dialectal_normalizada	9.999999999999998	13.33333333333333	18.181818181818176