Transcripcion	Levenstein	Orden	Parcial
Estandar	74.48359659781288	88.08823529411765	80.78668683812406
Estandar_normalizada	81.30841121495327	88.15305371596762	86.61538461538461
Dialectal	74.51219512195122	87.84082535003684	80.78668683812406
Dialectal_normalizada	81.36729222520107	87.90560471976401	86.61538461538461