Transcripcion	Levenstein	Orden	Parcial
Estandar	64.15770609318996	83.1603229527105	67.50298685782556
Estandar_normalizada	71.90669371196753	83.1304347826087	77.75061124694376
Dialectal	64.15770609318996	83.1603229527105	67.50298685782556
Dialectal_normalizada	71.90669371196753	83.1304347826087	77.75061124694376