Transcripcion	Levenstein	Orden	Parcial
Estandar	47.61904761904761	50.0	78.57142857142857
Estandar_normalizada	57.89473684210527	50.0	85.71428571428572
Dialectal	47.61904761904761	50.0	78.57142857142857
Dialectal_normalizada	57.89473684210527	50.0	85.71428571428572