Transcripcion	Levenstein	Orden	Parcial
Estandar	69.56521739130434	80.32786885245902	85.0
Estandar_normalizada	75.38461538461539	80.32786885245902	86.72566371681415
Dialectal	69.56521739130434	80.32786885245902	85.0
Dialectal_normalizada	75.38461538461539	80.32786885245902	86.72566371681415