Transcripcion	Levenstein	Orden	Parcial
Estandar	38.80597014925373	69.84126984126983	68.65671641791045
Estandar_normalizada	45.833333333333336	70.96774193548387	76.59574468085107
Dialectal	38.80597014925373	69.84126984126983	68.65671641791045
Dialectal_normalizada	45.833333333333336	70.96774193548387	76.59574468085107