Transcripcion	Levenstein	Orden	Parcial
Estandar	66.66666666666667	91.04477611940298	87.3015873015873
Estandar_normalizada	77.21518987341773	91.04477611940298	91.80327868852459
Dialectal	66.66666666666667	91.04477611940298	87.3015873015873
Dialectal_normalizada	77.21518987341773	91.04477611940298	91.80327868852459