Transcripcion	Levenstein	Orden	Parcial
Estandar	74.18952618453865	89.33231005372218	78.95545314900154
Estandar_normalizada	82.70571827057182	89.33231005372218	87.08133971291866
Dialectal	73.90761548064918	88.32565284178187	78.95545314900154
Dialectal_normalizada	82.40223463687151	88.32565284178187	87.08133971291866