Transcripcion	Levenstein	Orden	Parcial
Estandar	43.65482233502538	67.27748691099477	71.51702786377709
Estandar_normalizada	50.898203592814376	67.37400530503979	77.27272727272727
Dialectal	43.38983050847458	67.10353866317169	71.31782945736434
Dialectal_normalizada	50.6	67.19787516600266	77.07317073170732