Transcripcion	Levenstein	Orden	Parcial
Estandar	12.418300653594772	21.052631578947366	42.85714285714286
Estandar_normalizada	13.513513513513509	21.052631578947366	48.0
Dialectal	12.418300653594772	21.052631578947366	42.85714285714286
Dialectal_normalizada	13.513513513513509	21.052631578947366	48.0