Transcripcion	Levenstein	Orden	Parcial
Estandar	17.105263157894733	34.5679012345679	42.85714285714286
Estandar_normalizada	20.63492063492064	34.5679012345679	46.42857142857143
Dialectal	17.105263157894733	34.5679012345679	42.85714285714286
Dialectal_normalizada	20.63492063492064	34.5679012345679	46.42857142857143