Transcripcion	Levenstein	Orden	Parcial
Estandar	57.454545454545446	78.30423940149626	63.02083333333333
Estandar_normalizada	68.22033898305084	76.88442211055276	74.73118279569893
Dialectal	57.454545454545446	78.30423940149626	63.02083333333333
Dialectal_normalizada	68.22033898305084	76.88442211055276	74.73118279569893