Transcripcion	Levenstein	Orden	Parcial
Estandar	71.42857142857143	95.45454545454545	86.95652173913044
Estandar_normalizada	87.5	95.45454545454545	95.45454545454545
Dialectal	71.42857142857143	95.45454545454545	86.95652173913044
Dialectal_normalizada	87.5	95.45454545454545	95.45454545454545