Transcripcion	Levenstein	Orden	Parcial
Estandar	70.53045186640472	86.7080745341615	78.46153846153847
Estandar_normalizada	77.31277533039648	86.42590286425903	84.03141361256544
Dialectal	70.89108910891089	86.89138576779027	78.46153846153847
Dialectal_normalizada	77.77777777777779	86.60826032540676	84.55497382198953