Transcripcion	Levenstein	Orden	Parcial
Estandar	67.74193548387098	86.48101265822785	70.86451612903227
Estandar_normalizada	75.71684587813621	86.67174409748667	78.8717402873869
Dialectal	67.6923076923077	86.78671062642658	70.80103359173127
Dialectal_normalizada	75.68539325842697	86.97863682604272	78.81852048962214