Transcripcion	Levenstein	Orden	Parcial
Estandar	48.71794871794872	76.92307692307692	66.66666666666667
Estandar_normalizada	57.14285714285714	76.92307692307692	68.75
Dialectal	48.71794871794872	76.92307692307692	66.66666666666667
Dialectal_normalizada	57.14285714285714	76.92307692307692	68.75