Transcripcion	Levenstein	Orden	Parcial
Estandar	56.559766763848394	82.09366391184572	61.111111111111114
Estandar_normalizada	64.91428571428571	82.6629680998613	69.8340874811463
Dialectal	56.6147859922179	82.15024121295657	61.25356125356125
Dialectal_normalizada	64.98855835240275	82.72033310201249	69.98491704374057