Transcripcion	Levenstein	Orden	Parcial
Estandar	66.66666666666667	72.72727272727273	87.17948717948718
Estandar_normalizada	86.36363636363636	74.4186046511628	90.47619047619048
Dialectal	66.66666666666667	72.72727272727273	87.17948717948718
Dialectal_normalizada	86.36363636363636	74.4186046511628	90.47619047619048