Transcripcion	Levenstein	Orden	Parcial
Estandar	17.391304347826086	28.57142857142857	45.45454545454546
Estandar_normalizada	26.315789473684216	28.57142857142857	45.45454545454546
Dialectal	17.391304347826086	28.57142857142857	45.45454545454546
Dialectal_normalizada	26.315789473684216	28.57142857142857	45.45454545454546