Transcripcion	Levenstein	Orden	Parcial
Estandar	70.11494252873563	83.64888123924268	78.1456953642384
Estandar_normalizada	77.07006369426752	83.10344827586206	82.80701754385966
Dialectal	70.11494252873563	83.64888123924268	78.1456953642384
Dialectal_normalizada	77.07006369426752	83.10344827586206	82.80701754385966