Transcripcion	Levenstein	Orden	Parcial
Estandar	35.38461538461538	70.4225352112676	50.0
Estandar_normalizada	50.0	71.42857142857143	62.06896551724138
Dialectal	35.38461538461538	70.4225352112676	50.0
Dialectal_normalizada	50.0	71.42857142857143	62.06896551724138