Transcripcion	Levenstein	Orden	Parcial
Estandar	29.31034482758621	66.24203821656052	69.23076923076923
Estandar_normalizada	39.69465648854962	67.53246753246754	71.15384615384616
Dialectal	29.31034482758621	66.24203821656052	69.23076923076923
Dialectal_normalizada	39.69465648854962	67.53246753246754	71.15384615384616