Transcripcion	Levenstein	Orden	Parcial
Estandar	49.27113702623907	68.84615384615384	69.63562753036437
Estandar_normalizada	54.48504983388705	68.97880539499037	75.91836734693878
Dialectal	48.68035190615836	69.1119691119691	70.04048582995952
Dialectal_normalizada	53.84615384615385	69.24564796905223	75.66462167689161