Transcripcion	Levenstein	Orden	Parcial
Estandar	16.867469879518072	32.32323232323232	75.67567567567568
Estandar_normalizada	16.867469879518072	32.32323232323232	90.9090909090909
Dialectal	16.867469879518072	32.32323232323232	75.67567567567568
Dialectal_normalizada	16.867469879518072	32.32323232323232	90.9090909090909