Transcripcion	Levenstein	Orden	Parcial
Estandar	51.29533678756477	74.6059544658494	65.07352941176471
Estandar_normalizada	59.705882352941174	75.13227513227514	72.2007722007722
Dialectal	50.52083333333333	74.16520210896309	64.33823529411764
Dialectal_normalizada	58.875739644970416	74.69026548672566	71.42857142857143