Transcripcion	Levenstein	Orden	Parcial
Estandar	38.74999999999999	56.25	64.36781609195403
Estandar_normalizada	46.15384615384615	56.84210526315789	68.42105263157895
Dialectal	38.74999999999999	56.25	64.36781609195403
Dialectal_normalizada	46.15384615384615	56.84210526315789	68.42105263157895