Transcripcion	Levenstein	Orden	Parcial
Estandar	14.28571428571429	37.83783783783784	48.78048780487805
Estandar_normalizada	15.254237288135597	33.80281690140845	56.25
Dialectal	14.28571428571429	37.83783783783784	48.78048780487805
Dialectal_normalizada	15.254237288135597	33.80281690140845	56.25