Transcripcion	Levenstein	Orden	Parcial
Estandar	75.64102564102564	91.6030534351145	80.59701492537313
Estandar_normalizada	85.71428571428572	91.6030534351145	87.6923076923077
Dialectal	75.64102564102564	91.6030534351145	80.59701492537313
Dialectal_normalizada	85.71428571428572	91.6030534351145	87.6923076923077