Transcripcion	Levenstein	Orden	Parcial
Estandar	52.820512820512825	72.34042553191489	59.83606557377049
Estandar_normalizada	62.30529595015577	71.45631067961165	69.65811965811966
Dialectal	53.316326530612244	72.44701348747591	60.24590163934427
Dialectal_normalizada	62.84829721362228	71.56673114119923	69.65811965811966