Transcripcion	Levenstein	Orden	Parcial
Estandar	55.55555555555556	83.33333333333334	95.23809523809523
Estandar_normalizada	68.96551724137932	85.1063829787234	100.0
Dialectal	55.55555555555556	83.33333333333334	95.23809523809523
Dialectal_normalizada	68.96551724137932	85.1063829787234	100.0