Transcripcion	Levenstein	Orden	Parcial
Estandar	17.71995043370508	33.09352517985612	59.05707196029777
Estandar_normalizada	19.54022988505747	31.404958677685947	67.24137931034483
Dialectal	17.71995043370508	32.92181069958847	58.70646766169154
Dialectal_normalizada	19.412515964240107	31.230610134436397	66.85878962536023