Transcripcion	Levenstein	Orden	Parcial
Estandar	29.565217391304344	51.181102362204726	56.84210526315789
Estandar_normalizada	35.567010309278345	51.58730158730158	66.66666666666667
Dialectal	29.257641921397383	50.59288537549407	55.78947368421052
Dialectal_normalizada	35.23316062176166	50.99601593625498	66.66666666666667