Transcripcion	Levenstein	Orden	Parcial
Estandar	19.14893617021277	40.625	32.83582089552238
Estandar_normalizada	27.77777777777778	36.065573770491795	41.666666666666664
Dialectal	19.14893617021277	40.625	32.83582089552238
Dialectal_normalizada	27.77777777777778	36.065573770491795	41.666666666666664