Transcripcion	Levenstein	Orden	Parcial
Estandar	58.33333333333333	82.05128205128204	88.88888888888889
Estandar_normalizada	65.21739130434783	82.05128205128204	96.96969696969697
Dialectal	58.33333333333333	82.05128205128204	88.88888888888889
Dialectal_normalizada	65.21739130434783	82.05128205128204	96.96969696969697