Transcripcion	Levenstein	Orden	Parcial
Estandar	41.7910447761194	69.1358024691358	83.33333333333334
Estandar_normalizada	50.90909090909091	69.1358024691358	83.33333333333334
Dialectal	41.7910447761194	69.1358024691358	83.33333333333334
Dialectal_normalizada	50.90909090909091	69.1358024691358	83.33333333333334