Transcripcion	Levenstein	Orden	Parcial
Estandar	25.0	42.85714285714286	55.55555555555556
Estandar_normalizada	30.000000000000004	42.85714285714286	62.5
Dialectal	25.0	42.85714285714286	55.55555555555556
Dialectal_normalizada	30.000000000000004	42.85714285714286	62.5