Transcripcion	Levenstein	Orden	Parcial
Estandar	60.60606060606061	69.81132075471699	84.78260869565217
Estandar_normalizada	63.934426229508205	70.47619047619047	84.44444444444444
Dialectal	60.60606060606061	69.81132075471699	84.78260869565217
Dialectal_normalizada	63.934426229508205	70.47619047619047	84.44444444444444