Transcripcion	Levenstein	Orden	Parcial
Estandar	21.311475409836067	39.70588235294118	32.3943661971831
Estandar_normalizada	21.978021978021978	40.29850746268657	38.23529411764706
Dialectal	21.311475409836067	39.70588235294118	32.3943661971831
Dialectal_normalizada	21.978021978021978	40.29850746268657	38.23529411764706