Transcripcion	Levenstein	Orden	Parcial
Estandar	31.428571428571427	50.0	59.09090909090908
Estandar_normalizada	40.74074074074075	50.0	61.904761904761905
Dialectal	31.428571428571427	50.0	59.09090909090908
Dialectal_normalizada	40.74074074074075	50.0	61.904761904761905