Transcripcion	Levenstein	Orden	Parcial
Estandar	69.40298507462687	86.82926829268293	66.3265306122449
Estandar_normalizada	78.99159663865547	87.25490196078431	78.125
Dialectal	69.40298507462687	86.82926829268293	66.3265306122449
Dialectal_normalizada	78.99159663865547	87.25490196078431	78.125