Transcripcion	Levenstein	Orden	Parcial
Estandar	42.22222222222223	75.47169811320755	95.0
Estandar_normalizada	54.054054054054056	75.47169811320755	100.0
Dialectal	42.22222222222223	75.47169811320755	95.0
Dialectal_normalizada	54.054054054054056	75.47169811320755	100.0