Transcripcion	Levenstein	Orden	Parcial
Estandar	43.333333333333336	65.45454545454545	88.09523809523809
Estandar_normalizada	50.64935064935065	66.05504587155964	95.1219512195122
Dialectal	43.333333333333336	65.45454545454545	88.09523809523809
Dialectal_normalizada	50.64935064935065	66.05504587155964	95.1219512195122