Transcripcion	Levenstein	Orden	Parcial
Estandar	55.55555555555556	78.8339670468948	62.15469613259669
Estandar_normalizada	64.50939457202504	79.43805874840358	70.97701149425288
Dialectal	55.55555555555556	78.8339670468948	62.15469613259669
Dialectal_normalizada	64.50939457202504	79.43805874840358	70.97701149425288