Transcripcion	Levenstein	Orden	Parcial
Estandar	39.13043478260869	70.0	73.58490566037736
Estandar_normalizada	48.31460674157303	67.79661016949152	81.25
Dialectal	39.13043478260869	70.0	73.58490566037736
Dialectal_normalizada	48.31460674157303	67.79661016949152	81.25