Transcripcion	Levenstein	Orden	Parcial
Estandar	77.77777777777779	96.55172413793103	86.20689655172413
Estandar_normalizada	87.5	96.55172413793103	89.28571428571429
Dialectal	72.22222222222221	82.75862068965517	82.75862068965517
Dialectal_normalizada	81.25	82.75862068965517	89.28571428571429