Transcripcion	Levenstein	Orden	Parcial
Estandar	63.04347826086957	75.64102564102564	81.0126582278481
Estandar_normalizada	71.95121951219512	75.64102564102564	86.8421052631579
Dialectal	63.04347826086957	75.64102564102564	81.0126582278481
Dialectal_normalizada	71.95121951219512	75.64102564102564	86.8421052631579