Transcripcion	Levenstein	Orden	Parcial
Estandar	42.57425742574258	71.07438016528927	71.73913043478262
Estandar_normalizada	49.411764705882355	72.26890756302521	79.54545454545455
Dialectal	42.57425742574258	71.07438016528927	71.73913043478262
Dialectal_normalizada	49.411764705882355	72.26890756302521	79.54545454545455