Transcripcion	Levenstein	Orden	Parcial
Estandar	69.23076923076923	73.17073170731707	80.95238095238095
Estandar_normalizada	77.27272727272727	73.17073170731707	87.17948717948718
Dialectal	69.23076923076923	73.17073170731707	80.95238095238095
Dialectal_normalizada	77.27272727272727	73.17073170731707	87.17948717948718