Transcripcion	Levenstein	Orden	Parcial
Estandar	7.692307692307687	24.390243902439025	24.242424242424242
Estandar_normalizada	21.739130434782606	24.390243902439025	28.57142857142857
Dialectal	7.692307692307687	24.390243902439025	24.242424242424242
Dialectal_normalizada	21.739130434782606	24.390243902439025	28.57142857142857