Transcripcion	Levenstein	Orden	Parcial
Estandar	63.82823871906842	80.19138755980862	69.83349657198825
Estandar_normalizada	72.41948802642443	80.21133525456293	76.83557394002068
Dialectal	63.98243045387994	80.11527377521614	70.02938295788444
Dialectal_normalizada	72.65170407315046	80.13500482160077	76.83557394002068