Transcripcion	Levenstein	Orden	Parcial
Estandar	61.111111111111114	81.98757763975155	68.75
Estandar_normalizada	73.62637362637363	82.5	78.94736842105263
Dialectal	58.87850467289719	80.0	68.65671641791045
Dialectal_normalizada	71.11111111111111	80.50314465408806	77.63157894736842