Transcripcion	Levenstein	Orden	Parcial
Estandar	66.66666666666667	83.33333333333334	75.67567567567568
Estandar_normalizada	82.5	83.33333333333334	88.88888888888889
Dialectal	66.66666666666667	83.33333333333334	75.67567567567568
Dialectal_normalizada	82.5	83.33333333333334	88.88888888888889