Transcripcion	Levenstein	Orden	Parcial
Estandar	71.42857142857143	80.53691275167785	89.92805755395683
Estandar_normalizada	77.90697674418605	81.4814814814815	91.91176470588235
Dialectal	72.04301075268818	86.10169491525423	89.20863309352518
Dialectal_normalizada	78.69822485207101	86.39455782312925	91.91176470588235