Transcripcion	Levenstein	Orden	Parcial
Estandar	51.72413793103448	71.42857142857143	83.87096774193549
Estandar_normalizada	58.10810810810811	72.07207207207207	89.65517241379311
Dialectal	51.72413793103448	71.42857142857143	83.87096774193549
Dialectal_normalizada	58.10810810810811	72.07207207207207	89.65517241379311