Transcripcion	Levenstein	Orden	Parcial
Estandar	76.92307692307692	77.04918032786885	84.375
Estandar_normalizada	80.95238095238095	77.04918032786885	85.24590163934427
Dialectal	76.92307692307692	77.04918032786885	84.375
Dialectal_normalizada	80.95238095238095	77.04918032786885	85.24590163934427