Transcripcion	Levenstein	Orden	Parcial
Estandar	76.0	90.2439024390244	92.5
Estandar_normalizada	84.44444444444444	90.2439024390244	100.0
Dialectal	76.0	90.2439024390244	92.5
Dialectal_normalizada	84.44444444444444	90.2439024390244	100.0