Transcripcion	Levenstein	Orden	Parcial
Estandar	63.07692307692307	77.08333333333334	89.36170212765957
Estandar_normalizada	76.36363636363637	77.08333333333334	93.33333333333333
Dialectal	63.07692307692307	77.08333333333334	89.36170212765957
Dialectal_normalizada	76.36363636363637	77.08333333333334	93.33333333333333