Transcripcion	Levenstein	Orden	Parcial
Estandar	30.000000000000004	33.333333333333336	44.44444444444444
Estandar_normalizada	25.0	33.333333333333336	40.0
Dialectal	30.000000000000004	33.333333333333336	44.44444444444444
Dialectal_normalizada	25.0	33.333333333333336	40.0