Transcripcion	Levenstein	Orden	Parcial
Estandar	56.41025641025641	81.26649076517151	61.44578313253012
Estandar_normalizada	64.9789029535865	82.13333333333334	71.74603174603175
Dialectal	56.41025641025641	81.26649076517151	61.44578313253012
Dialectal_normalizada	64.9789029535865	82.13333333333334	71.74603174603175