Transcripcion	Levenstein	Orden	Parcial
Estandar	64.56140350877193	86.95652173913044	76.33587786259541
Estandar_normalizada	70.2290076335878	87.4751491053678	82.8793774319066
Dialectal	64.56140350877193	86.95652173913044	76.33587786259541
Dialectal_normalizada	70.2290076335878	87.4751491053678	82.8793774319066