Transcripcion	Levenstein	Orden	Parcial
Estandar	21.818181818181813	30.136986301369863	41.666666666666664
Estandar_normalizada	21.153846153846157	30.136986301369863	40.90909090909091
Dialectal	21.818181818181813	30.136986301369863	41.666666666666664
Dialectal_normalizada	21.153846153846157	30.136986301369863	40.90909090909091