Transcripcion	Levenstein	Orden	Parcial
Estandar	46.666666666666664	52.63157894736843	80.0
Estandar_normalizada	46.15384615384615	52.63157894736843	85.71428571428572
Dialectal	46.666666666666664	52.63157894736843	80.0
Dialectal_normalizada	46.15384615384615	52.63157894736843	85.71428571428572