Transcripcion	Levenstein	Orden	Parcial
Estandar	62.68656716417911	82.54416961130741	69.70149253731344
Estandar_normalizada	70.9483793517407	83.43994314143568	76.97063369397218
Dialectal	62.68656716417911	82.54416961130741	69.70149253731344
Dialectal_normalizada	70.9483793517407	83.43994314143568	76.97063369397218