Transcripcion	Levenstein	Orden	Parcial
Estandar	66.66666666666667	54.16666666666667	69.23076923076923
Estandar_normalizada	69.23076923076923	54.16666666666667	70.83333333333333
Dialectal	66.66666666666667	54.16666666666667	69.23076923076923
Dialectal_normalizada	69.23076923076923	54.16666666666667	70.83333333333333