Transcripcion	Levenstein	Orden	Parcial
Estandar	56.25	74.07407407407408	66.66666666666667
Estandar_normalizada	71.42857142857143	74.07407407407408	81.4814814814815
Dialectal	56.25	74.07407407407408	66.66666666666667
Dialectal_normalizada	71.42857142857143	74.07407407407408	81.4814814814815