Transcripcion	Levenstein	Orden	Parcial
Estandar	22.033898305084744	52.63157894736843	57.14285714285714
Estandar_normalizada	30.434782608695656	57.14285714285714	68.42105263157895
Dialectal	22.033898305084744	52.63157894736843	57.14285714285714
Dialectal_normalizada	30.434782608695656	57.14285714285714	68.42105263157895