Transcripcion	Levenstein	Orden	Parcial
Estandar	55.00000000000001	85.71428571428572	73.58490566037736
Estandar_normalizada	67.46987951807229	85.71428571428572	80.8080808080808
Dialectal	55.00000000000001	85.71428571428572	73.58490566037736
Dialectal_normalizada	67.46987951807229	85.71428571428572	80.8080808080808