Transcripcion	Levenstein	Orden	Parcial
Estandar	52.27272727272727	71.15384615384616	70.0
Estandar_normalizada	60.60606060606061	71.67070217917674	74.7191011235955
Dialectal	52.27272727272727	71.15384615384616	70.0
Dialectal_normalizada	60.60606060606061	71.67070217917674	74.7191011235955