Transcripcion	Levenstein	Orden	Parcial
Estandar	62.45733788395904	78.22222222222223	81.99052132701422
Estandar_normalizada	69.46564885496183	78.39643652561247	84.31372549019608
Dialectal	62.7177700348432	78.82882882882882	81.99052132701422
Dialectal_normalizada	69.921875	79.00677200902935	83.82352941176471