Transcripcion	Levenstein	Orden	Parcial
Estandar	63.20754716981132	78.91373801916933	67.49116607773851
Estandar_normalizada	69.73684210526316	79.42122186495178	74.54545454545455
Dialectal	63.18289786223278	78.65168539325843	67.84452296819788
Dialectal_normalizada	70.026525198939	79.15993537964458	74.68123861566485