Transcripcion	Levenstein	Orden	Parcial
Estandar	45.29411764705882	68.26923076923077	59.55056179775281
Estandar_normalizada	54.41176470588236	68.26923076923077	68.71165644171779
Dialectal	45.29411764705882	68.26923076923077	59.55056179775281
Dialectal_normalizada	54.41176470588236	68.26923076923077	68.71165644171779