Transcripcion	Levenstein	Orden	Parcial
Estandar	65.0390625	82.29665071770334	70.55961070559611
Estandar_normalizada	72.1132897603486	82.6923076923077	77.63819095477386
Dialectal	65.16634050880626	82.39520958083833	70.55961070559611
Dialectal_normalizada	72.27074235807859	82.79181708784597	77.8894472361809