Transcripcion	Levenstein	Orden	Parcial
Estandar	4.347826086956519	23.529411764705888	33.333333333333336
Estandar_normalizada	10.526315789473683	23.529411764705888	100.0
Dialectal	4.347826086956519	23.529411764705888	33.333333333333336
Dialectal_normalizada	10.526315789473683	23.529411764705888	100.0