Transcripcion	Levenstein	Orden	Parcial
Estandar	71.69811320754718	76.38190954773869	82.17821782178218
Estandar_normalizada	75.49019607843137	76.38190954773869	84.375
Dialectal	71.69811320754718	76.38190954773869	82.17821782178218
Dialectal_normalizada	75.49019607843137	76.38190954773869	84.375