Transcripcion	Levenstein	Orden	Parcial
Estandar	19.565217391304344	38.70967741935484	47.05882352941176
Estandar_normalizada	24.28571428571429	38.70967741935484	48.484848484848484
Dialectal	19.565217391304344	38.70967741935484	47.05882352941176
Dialectal_normalizada	24.28571428571429	38.70967741935484	48.484848484848484