Transcripcion	Levenstein	Orden	Parcial
Estandar	12.244897959183676	41.17647058823529	71.42857142857143
Estandar_normalizada	19.999999999999996	42.42424242424242	85.71428571428572
Dialectal	12.244897959183676	41.17647058823529	71.42857142857143
Dialectal_normalizada	19.999999999999996	42.42424242424242	85.71428571428572