Transcripcion	Levenstein	Orden	Parcial
Estandar	51.17647058823529	65.86345381526104	72.03389830508475
Estandar_normalizada	57.432432432432435	68.29268292682926	78.0701754385965
Dialectal	51.17647058823529	65.86345381526104	72.03389830508475
Dialectal_normalizada	57.432432432432435	68.29268292682926	78.0701754385965