Transcripcion	Levenstein	Orden	Parcial
Estandar	48.275862068965516	72.0	69.4915254237288
Estandar_normalizada	55.00000000000001	72.0	73.6842105263158
Dialectal	48.275862068965516	72.0	69.4915254237288
Dialectal_normalizada	55.00000000000001	72.0	73.6842105263158