Transcripcion	Levenstein	Orden	Parcial
Estandar	66.12903225806453	85.41666666666666	77.08333333333334
Estandar_normalizada	75.92592592592592	85.41666666666666	86.95652173913044
Dialectal	66.12903225806453	85.41666666666666	77.08333333333334
Dialectal_normalizada	75.92592592592592	85.41666666666666	86.95652173913044