Transcripcion	Levenstein	Orden	Parcial
Estandar	56.58914728682171	75.64766839378238	74.22680412371135
Estandar_normalizada	66.07142857142857	76.04166666666666	81.31868131868131
Dialectal	56.58914728682171	75.64766839378238	74.22680412371135
Dialectal_normalizada	66.07142857142857	76.04166666666666	81.31868131868131