Transcripcion	Levenstein	Orden	Parcial
Estandar	84.72222222222221	93.89312977099237	90.47619047619048
Estandar_normalizada	89.05109489051095	94.25287356321839	92.80000000000001
Dialectal	84.72222222222221	93.89312977099237	90.47619047619048
Dialectal_normalizada	89.05109489051095	94.25287356321839	92.80000000000001