Transcripcion	Levenstein	Orden	Parcial
Estandar	69.23076923076923	86.95652173913044	79.06976744186046
Estandar_normalizada	78.1021897810219	86.95652173913044	86.4
Dialectal	69.23076923076923	86.95652173913044	79.06976744186046
Dialectal_normalizada	78.1021897810219	86.95652173913044	86.4