Transcripcion	Levenstein	Orden	Parcial
Estandar	52.80898876404494	72.26890756302521	87.37864077669903
Estandar_normalizada	58.97435897435898	72.88135593220339	90.72164948453609
Dialectal	52.80898876404494	72.26890756302521	87.37864077669903
Dialectal_normalizada	58.97435897435898	72.88135593220339	90.72164948453609