Transcripcion	Levenstein	Orden	Parcial
Estandar	50.917431192660544	60.06191950464397	59.91902834008097
Estandar_normalizada	58.54922279792747	59.81308411214954	65.24822695035462
Dialectal	52.112676056338024	73.58490566037736	60.40816326530612
Dialectal_normalizada	60.1063829787234	74.68354430379746	66.66666666666667