Transcripcion	Levenstein	Orden	Parcial
Estandar	63.26530612244898	79.45205479452055	91.17647058823529
Estandar_normalizada	72.09302325581395	79.45205479452055	90.9090909090909
Dialectal	63.26530612244898	79.45205479452055	91.17647058823529
Dialectal_normalizada	72.09302325581395	79.45205479452055	90.9090909090909