Transcripcion	Levenstein	Orden	Parcial
Estandar	9.259259259259256	18.75	39.13043478260869
Estandar_normalizada	10.204081632653061	18.867924528301884	40.90909090909091
Dialectal	9.259259259259256	18.75	39.13043478260869
Dialectal_normalizada	10.204081632653061	18.867924528301884	40.90909090909091