Transcripcion	Levenstein	Orden	Parcial
Estandar	38.095238095238095	62.60869565217391	62.7906976744186
Estandar_normalizada	44.5945945945946	61.946902654867266	69.1358024691358
Dialectal	38.095238095238095	62.60869565217391	62.7906976744186
Dialectal_normalizada	44.5945945945946	61.946902654867266	69.1358024691358