Transcripcion	Levenstein	Orden	Parcial
Estandar	39.1566265060241	65.40284360189574	62.10526315789473
Estandar_normalizada	47.79411764705882	66.02870813397129	68.08510638297872
Dialectal	39.1566265060241	65.40284360189574	62.10526315789473
Dialectal_normalizada	47.79411764705882	66.02870813397129	68.08510638297872