Transcripcion	Levenstein	Orden	Parcial
Estandar	13.793103448275868	28.57142857142857	40.0
Estandar_normalizada	14.28571428571429	29.09090909090909	50.0
Dialectal	13.793103448275868	28.57142857142857	40.0
Dialectal_normalizada	14.28571428571429	29.09090909090909	50.0