Transcripcion	Levenstein	Orden	Parcial
Estandar	36.73469387755102	58.46153846153845	71.73913043478262
Estandar_normalizada	41.11111111111111	58.46153846153845	77.27272727272727
Dialectal	36.73469387755102	58.46153846153845	71.73913043478262
Dialectal_normalizada	41.11111111111111	58.46153846153845	77.27272727272727