Transcripcion	Levenstein	Orden	Parcial
Estandar	59.45945945945945	60.504201680672274	73.7864077669903
Estandar_normalizada	65.71428571428571	60.504201680672274	78.43137254901961
Dialectal	59.45945945945945	60.504201680672274	73.7864077669903
Dialectal_normalizada	65.71428571428571	60.504201680672274	78.43137254901961