Transcripcion	Levenstein	Orden	Parcial
Estandar	40.35087719298246	64.1025641025641	78.78787878787878
Estandar_normalizada	48.97959183673469	64.1025641025641	81.25
Dialectal	40.35087719298246	64.1025641025641	78.78787878787878
Dialectal_normalizada	48.97959183673469	64.1025641025641	81.25