Transcripcion	Levenstein	Orden	Parcial
Estandar	37.77777777777778	47.05882352941176	57.14285714285714
Estandar_normalizada	41.02564102564102	47.05882352941176	58.06451612903225
Dialectal	37.77777777777778	47.05882352941176	57.14285714285714
Dialectal_normalizada	41.02564102564102	47.05882352941176	58.06451612903225