Transcripcion	Levenstein	Orden	Parcial
Estandar	63.74999999999999	80.0	71.66666666666667
Estandar_normalizada	72.34042553191489	79.83870967741935	78.8135593220339
Dialectal	63.74999999999999	80.0	71.66666666666667
Dialectal_normalizada	72.34042553191489	79.83870967741935	78.8135593220339