Transcripcion	Levenstein	Orden	Parcial
Estandar	24.590163934426236	63.41463414634146	75.0
Estandar_normalizada	37.254901960784316	65.0	87.71929824561404
Dialectal	24.590163934426236	63.41463414634146	75.0
Dialectal_normalizada	37.254901960784316	65.0	87.71929824561404