Transcripcion	Levenstein	Orden	Parcial
Estandar	62.87128712871287	80.52805280528052	70.9433962264151
Estandar_normalizada	69.23076923076923	79.734219269103	73.30677290836654
Dialectal	62.81407035175879	78.66666666666666	70.9433962264151
Dialectal_normalizada	68.71508379888269	77.85234899328859	73.30677290836654