Transcripcion	Levenstein	Orden	Parcial
Estandar	76.82926829268293	89.70588235294117	95.45454545454545
Estandar_normalizada	86.48648648648648	89.70588235294117	98.46153846153847
Dialectal	76.82926829268293	89.70588235294117	95.45454545454545
Dialectal_normalizada	86.48648648648648	89.70588235294117	98.46153846153847