Transcripcion	Levenstein	Orden	Parcial
Estandar	66.23376623376623	78.26086956521739	80.59701492537313
Estandar_normalizada	73.97260273972603	78.26086956521739	85.49618320610686
Dialectal	66.23376623376623	78.26086956521739	80.59701492537313
Dialectal_normalizada	73.97260273972603	78.26086956521739	85.49618320610686