Transcripcion	Levenstein	Orden	Parcial
Estandar	25.735294117647058	62.82051282051282	50.0
Estandar_normalizada	34.23423423423423	64.05228758169935	61.417322834645674
Dialectal	25.735294117647058	62.82051282051282	50.0
Dialectal_normalizada	34.23423423423423	64.05228758169935	61.417322834645674