Transcripcion	Levenstein	Orden	Parcial
Estandar	51.304347826086946	70.39106145251397	72.28915662650603
Estandar_normalizada	58.76288659793815	68.57142857142857	79.5031055900621
Dialectal	51.304347826086946	70.39106145251397	72.28915662650603
Dialectal_normalizada	58.76288659793815	68.57142857142857	79.5031055900621