Transcripcion	Levenstein	Orden	Parcial
Estandar	55.55555555555556	78.78787878787878	78.78787878787878
Estandar_normalizada	66.66666666666667	78.78787878787878	86.66666666666667
Dialectal	55.55555555555556	78.78787878787878	78.78787878787878
Dialectal_normalizada	66.66666666666667	78.78787878787878	86.66666666666667