Transcripcion	Levenstein	Orden	Parcial
Estandar	18.42105263157895	27.27272727272727	41.666666666666664
Estandar_normalizada	19.999999999999996	27.27272727272727	50.0
Dialectal	18.42105263157895	27.27272727272727	41.666666666666664
Dialectal_normalizada	19.999999999999996	27.27272727272727	50.0