Transcripcion	Levenstein	Orden	Parcial
Estandar	9.677419354838712	18.181818181818176	40.0
Estandar_normalizada	10.344827586206895	18.181818181818176	40.0
Dialectal	9.677419354838712	18.181818181818176	40.0
Dialectal_normalizada	10.344827586206895	18.181818181818176	40.0