Transcripcion	Levenstein	Orden	Parcial
Estandar	63.306451612903224	82.84960422163589	70.8215297450425
Estandar_normalizada	71.68949771689498	83.28912466843501	75.21865889212827
Dialectal	62.04081632653061	78.72340425531915	70.08547008547008
Dialectal_normalizada	70.37037037037037	79.67914438502673	74.48680351906158