Transcripcion	Levenstein	Orden	Parcial
Estandar	42.85714285714286	55.73770491803278	70.0
Estandar_normalizada	50.0	55.73770491803278	74.57627118644068
Dialectal	42.85714285714286	55.73770491803278	70.0
Dialectal_normalizada	50.0	55.73770491803278	74.57627118644068