Transcripcion	Levenstein	Orden	Parcial
Estandar	36.36363636363637	55.55555555555556	59.05511811023623
Estandar_normalizada	42.307692307692314	54.077253218884124	69.03553299492387
Dialectal	37.121212121212125	57.26495726495726	59.84251968503938
Dialectal_normalizada	42.307692307692314	55.793991416309005	69.03553299492387