Transcripcion	Levenstein	Orden	Parcial
Estandar	28.333333333333332	43.0379746835443	59.25925925925925
Estandar_normalizada	30.909090909090907	43.0379746835443	61.53846153846154
Dialectal	28.333333333333332	43.0379746835443	59.25925925925925
Dialectal_normalizada	30.909090909090907	43.0379746835443	61.53846153846154