Transcripcion	Levenstein	Orden	Parcial
Estandar	58.265582655826556	77.03435804701627	74.21875
Estandar_normalizada	66.87116564417178	77.0909090909091	79.84189723320159
Dialectal	58.265582655826556	77.03435804701627	74.21875
Dialectal_normalizada	66.87116564417178	77.0909090909091	79.84189723320159