Transcripcion	Levenstein	Orden	Parcial
Estandar	10.769230769230765	22.857142857142854	41.666666666666664
Estandar_normalizada	11.864406779661019	22.857142857142854	47.61904761904761
Dialectal	10.9375	23.188405797101453	41.666666666666664
Dialectal_normalizada	12.06896551724138	23.188405797101453	47.61904761904761