Transcripcion	Levenstein	Orden	Parcial
Estandar	47.72727272727273	68.24925816023739	58.59872611464968
Estandar_normalizada	52.820512820512825	68.65671641791045	68.78980891719746
Dialectal	47.247706422018354	67.46268656716418	57.961783439490446
Dialectal_normalizada	52.33160621761659	67.86786786786787	67.51592356687898