Transcripcion	Levenstein	Orden	Parcial
Estandar	36.36363636363637	40.67796610169492	59.64912280701755
Estandar_normalizada	35.483870967741936	40.67796610169492	60.71428571428572
Dialectal	36.36363636363637	40.67796610169492	59.64912280701755
Dialectal_normalizada	35.483870967741936	40.67796610169492	60.71428571428572