Transcripcion	Levenstein	Orden	Parcial
Estandar	58.94736842105264	90.32258064516128	75.86206896551724
Estandar_normalizada	71.7948717948718	91.05691056910568	84.61538461538461
Dialectal	58.94736842105264	90.32258064516128	75.86206896551724
Dialectal_normalizada	71.7948717948718	91.05691056910568	84.61538461538461