Transcripcion	Levenstein	Orden	Parcial
Estandar	51.92307692307692	62.16216216216216	69.23076923076923
Estandar_normalizada	66.66666666666667	62.16216216216216	81.08108108108108
Dialectal	51.92307692307692	62.16216216216216	69.23076923076923
Dialectal_normalizada	66.66666666666667	62.16216216216216	81.08108108108108