Transcripcion	Levenstein	Orden	Parcial
Estandar	26.016260162601622	57.6271186440678	57.14285714285714
Estandar_normalizada	36.170212765957444	58.11965811965811	63.41463414634146
Dialectal	26.016260162601622	57.6271186440678	57.14285714285714
Dialectal_normalizada	36.170212765957444	58.11965811965811	63.41463414634146