Transcripcion	Levenstein	Orden	Parcial
Estandar	18.181818181818176	0.0	40.0
Estandar_normalizada	12.5	0.0	33.333333333333336
Dialectal	18.181818181818176	0.0	40.0
Dialectal_normalizada	12.5	0.0	33.333333333333336