Transcripcion	Levenstein	Orden	Parcial
Estandar	17.647058823529417	30.76923076923077	31.999999999999996
Estandar_normalizada	13.33333333333333	30.76923076923077	38.095238095238095
Dialectal	17.647058823529417	30.76923076923077	31.999999999999996
Dialectal_normalizada	13.33333333333333	30.76923076923077	38.095238095238095