Transcripcion	Levenstein	Orden	Parcial
Estandar	63.91752577319587	91.66666666666666	73.6842105263158
Estandar_normalizada	70.58823529411764	90.9090909090909	77.47747747747748
Dialectal	63.91752577319587	91.66666666666666	73.6842105263158
Dialectal_normalizada	70.58823529411764	90.9090909090909	77.47747747747748