Transcripcion	Levenstein	Orden	Parcial
Estandar	50.68493150684932	82.56880733944953	78.89908256880733
Estandar_normalizada	65.57377049180329	82.56880733944953	91.0891089108911
Dialectal	50.68493150684932	82.56880733944953	78.89908256880733
Dialectal_normalizada	65.57377049180329	82.56880733944953	91.0891089108911