Transcripcion	Levenstein	Orden	Parcial
Estandar	59.61538461538461	80.95238095238095	80.89887640449437
Estandar_normalizada	70.45454545454545	80.95238095238095	86.74698795180723
Dialectal	59.61538461538461	80.95238095238095	80.89887640449437
Dialectal_normalizada	70.45454545454545	80.95238095238095	86.74698795180723