Transcripcion	Levenstein	Orden	Parcial
Estandar	44.89795918367348	90.625	80.64516129032258
Estandar_normalizada	53.84615384615385	90.625	87.27272727272728
Dialectal	44.89795918367348	90.625	80.64516129032258
Dialectal_normalizada	53.84615384615385	90.625	87.27272727272728