Transcripcion	Levenstein	Orden	Parcial
Estandar	60.0	80.0	77.41935483870968
Estandar_normalizada	68.29268292682926	80.0	77.41935483870968
Dialectal	60.0	80.0	77.41935483870968
Dialectal_normalizada	68.29268292682926	80.0	77.41935483870968