Transcripcion	Levenstein	Orden	Parcial
Estandar	47.24409448818898	72.92817679558011	59.493670886075954
Estandar_normalizada	56.48148148148149	73.33333333333334	66.19718309859155
Dialectal	47.24409448818898	72.92817679558011	59.493670886075954
Dialectal_normalizada	56.48148148148149	73.33333333333334	66.19718309859155