Transcripcion	Levenstein	Orden	Parcial
Estandar	49.112426035502956	65.32258064516128	77.45098039215686
Estandar_normalizada	53.59477124183007	65.32258064516128	81.44329896907216
Dialectal	50.0	66.39676113360325	78.1725888324873
Dialectal_normalizada	54.60526315789473	66.39676113360325	82.35294117647058