Transcripcion	Levenstein	Orden	Parcial
Estandar	29.729729729729726	50.847457627118644	56.41025641025641
Estandar_normalizada	32.97872340425532	51.72413793103448	64.7887323943662
Dialectal	29.729729729729726	50.847457627118644	56.41025641025641
Dialectal_normalizada	32.97872340425532	51.72413793103448	64.7887323943662