Transcripcion	Levenstein	Orden	Parcial
Estandar	70.95435684647302	80.89330024813896	77.4869109947644
Estandar_normalizada	76.92307692307692	81.09452736318407	82.22811671087533
Dialectal	70.95435684647302	80.89330024813896	77.4869109947644
Dialectal_normalizada	76.92307692307692	81.09452736318407	82.22811671087533