Transcripcion	Levenstein	Orden	Parcial
Estandar	63.1578947368421	80.64516129032258	74.19354838709677
Estandar_normalizada	67.64705882352942	80.64516129032258	80.0
Dialectal	63.1578947368421	80.64516129032258	74.19354838709677
Dialectal_normalizada	67.64705882352942	80.64516129032258	80.0