Transcripcion	Levenstein	Orden	Parcial
Estandar	50.79365079365079	87.17948717948718	70.58823529411764
Estandar_normalizada	69.38775510204081	87.17948717948718	91.17647058823529
Dialectal	50.79365079365079	87.17948717948718	70.58823529411764
Dialectal_normalizada	69.38775510204081	87.17948717948718	91.17647058823529