Transcripcion	Levenstein	Orden	Parcial
Estandar	15.000000000000002	17.391304347826086	24.0
Estandar_normalizada	25.0	17.391304347826086	44.44444444444444
Dialectal	15.000000000000002	17.391304347826086	24.0
Dialectal_normalizada	25.0	17.391304347826086	44.44444444444444