Transcripcion	Levenstein	Orden	Parcial
Estandar	33.333333333333336	64.28571428571428	53.84615384615385
Estandar_normalizada	47.36842105263158	64.28571428571428	63.63636363636363
Dialectal	33.333333333333336	64.28571428571428	53.84615384615385
Dialectal_normalizada	47.36842105263158	64.28571428571428	63.63636363636363