Transcripcion	Levenstein	Orden	Parcial
Estandar	19.047619047619047	39.34426229508197	40.0
Estandar_normalizada	21.052631578947366	39.34426229508197	42.553191489361694
Dialectal	19.047619047619047	39.34426229508197	40.0
Dialectal_normalizada	21.052631578947366	39.34426229508197	42.553191489361694