Transcripcion	Levenstein	Orden	Parcial
Estandar	56.44171779141105	72.58064516129032	63.55932203389831
Estandar_normalizada	66.43356643356644	72.58064516129032	73.45132743362832
Dialectal	54.71698113207547	68.85245901639344	63.55932203389831
Dialectal_normalizada	64.74820143884892	68.85245901639344	73.45132743362832