Transcripcion	Levenstein	Orden	Parcial
Estandar	59.72972972972973	76.84021543985638	68.93939393939394
Estandar_normalizada	68.09815950920246	75.89928057553956	77.77777777777779
Dialectal	59.72972972972973	76.84021543985638	68.93939393939394
Dialectal_normalizada	68.09815950920246	75.89928057553956	77.77777777777779