Transcripcion	Levenstein	Orden	Parcial
Estandar	51.72413793103448	57.14285714285714	72.0
Estandar_normalizada	56.52173913043479	57.14285714285714	77.27272727272727
Dialectal	51.72413793103448	57.14285714285714	72.0
Dialectal_normalizada	56.52173913043479	57.14285714285714	77.27272727272727