Transcripcion	Levenstein	Orden	Parcial
Estandar	10.71428571428571	19.999999999999996	37.5
Estandar_normalizada	12.5	19.999999999999996	37.5
Dialectal	10.71428571428571	19.999999999999996	37.5
Dialectal_normalizada	12.5	19.999999999999996	37.5