Transcripcion	Levenstein	Orden	Parcial
Estandar	57.826086956521735	76.26666666666667	69.31216931216932
Estandar_normalizada	63.725490196078425	76.26666666666667	76.92307692307692
Dialectal	57.826086956521735	76.26666666666667	69.31216931216932
Dialectal_normalizada	63.725490196078425	76.26666666666667	76.92307692307692