Transcripcion	Levenstein	Orden	Parcial
Estandar	56.666666666666664	92.3076923076923	94.44444444444444
Estandar_normalizada	75.0	92.3076923076923	100.0
Dialectal	56.666666666666664	92.3076923076923	94.44444444444444
Dialectal_normalizada	75.0	92.3076923076923	100.0