Transcripcion	Levenstein	Orden	Parcial
Estandar	23.529411764705888	47.05882352941176	47.05882352941176
Estandar_normalizada	27.941176470588236	45.54455445544554	53.191489361702125
Dialectal	23.529411764705888	47.05882352941176	47.05882352941176
Dialectal_normalizada	27.941176470588236	45.54455445544554	53.191489361702125