Transcripcion	Levenstein	Orden	Parcial
Estandar	10.526315789473683	27.586206896551722	22.22222222222222
Estandar_normalizada	6.25	27.586206896551722	27.27272727272727
Dialectal	10.526315789473683	27.586206896551722	22.22222222222222
Dialectal_normalizada	6.25	27.586206896551722	27.27272727272727