Transcripcion	Levenstein	Orden	Parcial
Estandar	60.86956521739131	85.56701030927836	68.83116883116884
Estandar_normalizada	70.33898305084746	85.56701030927836	74.11764705882354
Dialectal	60.86956521739131	85.56701030927836	68.83116883116884
Dialectal_normalizada	70.33898305084746	85.56701030927836	74.11764705882354