Transcripcion	Levenstein	Orden	Parcial
Estandar	40.0	82.35294117647058	75.0
Estandar_normalizada	63.63636363636363	82.35294117647058	75.0
Dialectal	40.0	82.35294117647058	75.0
Dialectal_normalizada	63.63636363636363	82.35294117647058	75.0