Transcripcion	Levenstein	Orden	Parcial
Estandar	55.86124401913876	77.74030354131534	67.0909090909091
Estandar_normalizada	63.850415512465375	78.06943268416596	75.53398058252428
Dialectal	55.86124401913876	77.74030354131534	67.0909090909091
Dialectal_normalizada	63.850415512465375	78.06943268416596	75.53398058252428