Transcripcion	Levenstein	Orden	Parcial
Estandar	55.080213903743314	76.86567164179104	69.42148760330579
Estandar_normalizada	60.0	74.90636704119851	79.46428571428572
Dialectal	55.080213903743314	76.86567164179104	69.42148760330579
Dialectal_normalizada	60.0	74.90636704119851	79.46428571428572