Transcripcion	Levenstein	Orden	Parcial
Estandar	18.699186991869922	29.299363057324847	46.37681159420289
Estandar_normalizada	20.661157024793386	29.487179487179482	48.484848484848484
Dialectal	18.699186991869922	29.299363057324847	46.37681159420289
Dialectal_normalizada	20.661157024793386	29.487179487179482	48.484848484848484