Transcripcion	Levenstein	Orden	Parcial
Estandar	17.948717948717952	38.167938931297705	35.65891472868217
Estandar_normalizada	23.684210526315784	38.167938931297705	40.0
Dialectal	17.948717948717952	38.167938931297705	35.65891472868217
Dialectal_normalizada	23.684210526315784	38.167938931297705	40.0