Transcripcion	Levenstein	Orden	Parcial
Estandar	2.409638554216864	2.4390243902439046	33.333333333333336
Estandar_normalizada	2.500000000000002	2.4390243902439046	66.66666666666667
Dialectal	2.409638554216864	2.4390243902439046	33.333333333333336
Dialectal_normalizada	2.500000000000002	2.4390243902439046	66.66666666666667