Transcripcion	Levenstein	Orden	Parcial
Estandar	13.461538461538458	27.27272727272727	35.29411764705882
Estandar_normalizada	15.384615384615385	27.27272727272727	46.666666666666664
Dialectal	13.461538461538458	27.27272727272727	35.29411764705882
Dialectal_normalizada	15.384615384615385	27.27272727272727	46.666666666666664