Transcripcion	Levenstein	Orden	Parcial
Estandar	80.64516129032258	100.0	89.28571428571429
Estandar_normalizada	92.5925925925926	100.0	96.0
Dialectal	80.64516129032258	100.0	89.28571428571429
Dialectal_normalizada	92.5925925925926	100.0	96.0