Transcripcion	Levenstein	Orden	Parcial
Estandar	1.3333333333333308	1.851851851851849	44.44444444444444
Estandar_normalizada	1.4018691588784993	1.851851851851849	100.0
Dialectal	1.3333333333333308	1.851851851851849	44.44444444444444
Dialectal_normalizada	1.4018691588784993	1.851851851851849	100.0