Transcripcion	Levenstein	Orden	Parcial
Estandar	67.76859504132231	89.55223880597015	70.86834733893556
Estandar_normalizada	76.8321513002364	89.49522510231922	79.23976608187134
Dialectal	67.76859504132231	89.55223880597015	70.86834733893556
Dialectal_normalizada	76.8321513002364	89.49522510231922	79.23976608187134