Transcripcion	Levenstein	Orden	Parcial
Estandar	59.32835820895522	81.04265402843602	77.29468599033817
Estandar_normalizada	66.80851063829788	81.04265402843602	84.5771144278607
Dialectal	59.32835820895522	81.04265402843602	77.29468599033817
Dialectal_normalizada	66.80851063829788	81.04265402843602	84.5771144278607