Transcripcion	Levenstein	Orden	Parcial
Estandar	66.66666666666667	81.9672131147541	79.36507936507937
Estandar_normalizada	77.77777777777779	81.9672131147541	84.29752066115702
Dialectal	66.66666666666667	81.9672131147541	79.36507936507937
Dialectal_normalizada	77.77777777777779	81.9672131147541	84.29752066115702