Transcripcion	Levenstein	Orden	Parcial
Estandar	32.631578947368425	54.20560747663552	71.64179104477613
Estandar_normalizada	35.36585365853659	54.71698113207547	75.75757575757575
Dialectal	32.631578947368425	54.20560747663552	71.64179104477613
Dialectal_normalizada	35.36585365853659	54.71698113207547	75.75757575757575