Transcripcion	Levenstein	Orden	Parcial
Estandar	56.730769230769226	88.37209302325581	75.0
Estandar_normalizada	69.51219512195121	88.37209302325581	87.71929824561404
Dialectal	56.730769230769226	88.37209302325581	75.0
Dialectal_normalizada	69.51219512195121	88.37209302325581	87.71929824561404