Transcripcion	Levenstein	Orden	Parcial
Estandar	29.629629629629626	47.36842105263158	50.0
Estandar_normalizada	36.0	47.36842105263158	57.14285714285714
Dialectal	29.629629629629626	47.36842105263158	50.0
Dialectal_normalizada	36.0	47.36842105263158	57.14285714285714