Transcripcion	Levenstein	Orden	Parcial
Estandar	27.27272727272727	45.714285714285715	43.90243902439024
Estandar_normalizada	31.57894736842105	45.714285714285715	52.94117647058824
Dialectal	27.27272727272727	45.714285714285715	43.90243902439024
Dialectal_normalizada	31.57894736842105	45.714285714285715	52.94117647058824