Transcripcion	Levenstein	Orden	Parcial
Estandar	34.0	48.93617021276596	53.333333333333336
Estandar_normalizada	33.333333333333336	48.93617021276596	55.55555555555556
Dialectal	34.0	48.93617021276596	53.333333333333336
Dialectal_normalizada	33.333333333333336	48.93617021276596	55.55555555555556