Transcripcion	Levenstein	Orden	Parcial
Estandar	52.04081632653062	70.11494252873563	76.74418604651163
Estandar_normalizada	57.30337078651686	70.11494252873563	78.10650887573965
Dialectal	52.04081632653062	70.11494252873563	76.74418604651163
Dialectal_normalizada	57.30337078651686	70.11494252873563	78.10650887573965