Transcripcion	Levenstein	Orden	Parcial
Estandar	65.38461538461539	64.58333333333333	78.78787878787878
Estandar_normalizada	74.0	64.58333333333333	81.72043010752688
Dialectal	65.38461538461539	64.58333333333333	78.78787878787878
Dialectal_normalizada	74.0	64.58333333333333	81.72043010752688