Transcripcion	Levenstein	Orden	Parcial
Estandar	11.538461538461542	28.57142857142857	37.5
Estandar_normalizada	9.090909090909093	28.57142857142857	37.5
Dialectal	11.538461538461542	28.57142857142857	37.5
Dialectal_normalizada	9.090909090909093	28.57142857142857	37.5