Transcripcion	Levenstein	Orden	Parcial
Estandar	45.16129032258065	60.46511627906976	53.333333333333336
Estandar_normalizada	52.0	60.46511627906976	61.904761904761905
Dialectal	45.16129032258065	60.46511627906976	53.333333333333336
Dialectal_normalizada	52.0	60.46511627906976	61.904761904761905