Transcripcion	Levenstein	Orden	Parcial
Estandar	6.547619047619047	13.636363636363635	50.0
Estandar_normalizada	7.361963190184051	13.636363636363635	57.14285714285714
Dialectal	6.547619047619047	13.636363636363635	50.0
Dialectal_normalizada	7.361963190184051	13.636363636363635	57.14285714285714