Transcripcion	Levenstein	Orden	Parcial
Estandar	44.31818181818182	53.23741007194245	64.0625
Estandar_normalizada	48.10126582278481	52.17391304347826	66.12903225806453
Dialectal	44.31818181818182	53.23741007194245	64.0625
Dialectal_normalizada	48.10126582278481	52.17391304347826	66.12903225806453