Transcripcion	Levenstein	Orden	Parcial
Estandar	25.0	38.095238095238095	56.00000000000001
Estandar_normalizada	41.666666666666664	38.095238095238095	66.66666666666667
Dialectal	25.0	38.095238095238095	56.00000000000001
Dialectal_normalizada	41.666666666666664	38.095238095238095	66.66666666666667