Transcripcion	Levenstein	Orden	Parcial
Estandar	17.647058823529417	38.095238095238095	30.76923076923077
Estandar_normalizada	26.66666666666667	38.095238095238095	46.15384615384615
Dialectal	17.647058823529417	38.095238095238095	30.76923076923077
Dialectal_normalizada	26.66666666666667	38.095238095238095	46.15384615384615