Transcripcion	Levenstein	Orden	Parcial
Estandar	88.88888888888889	91.52542372881356	93.33333333333333
Estandar_normalizada	93.44262295081968	91.52542372881356	94.82758620689656
Dialectal	88.88888888888889	91.52542372881356	93.33333333333333
Dialectal_normalizada	93.44262295081968	91.52542372881356	94.82758620689656