Transcripcion	Levenstein	Orden	Parcial
Estandar	15.068493150684937	26.82926829268293	46.666666666666664
Estandar_normalizada	15.94202898550725	26.82926829268293	46.666666666666664
Dialectal	15.068493150684937	26.82926829268293	46.666666666666664
Dialectal_normalizada	15.94202898550725	26.82926829268293	46.666666666666664