Transcripcion	Levenstein	Orden	Parcial
Estandar	29.032258064516125	47.05882352941176	50.98039215686274
Estandar_normalizada	37.03703703703704	47.05882352941176	57.14285714285714
Dialectal	29.032258064516125	47.05882352941176	50.98039215686274
Dialectal_normalizada	37.03703703703704	47.05882352941176	57.14285714285714