Transcripcion	Levenstein	Orden	Parcial
Estandar	16.94915254237288	34.78260869565217	31.428571428571427
Estandar_normalizada	15.217391304347828	35.29411764705882	32.25806451612904
Dialectal	16.94915254237288	34.78260869565217	31.428571428571427
Dialectal_normalizada	15.217391304347828	35.29411764705882	32.25806451612904