Transcripcion	Levenstein	Orden	Parcial
Estandar	29.629629629629626	42.10526315789473	47.05882352941176
Estandar_normalizada	34.78260869565217	42.10526315789473	49.23076923076923
Dialectal	29.629629629629626	42.10526315789473	47.05882352941176
Dialectal_normalizada	34.78260869565217	42.10526315789473	49.23076923076923