Transcripcion	Levenstein	Orden	Parcial
Estandar	58.730158730158735	80.43478260869566	74.50980392156863
Estandar_normalizada	66.03773584905662	80.43478260869566	83.72093023255813
Dialectal	58.730158730158735	80.43478260869566	74.50980392156863
Dialectal_normalizada	66.03773584905662	80.43478260869566	83.72093023255813