Transcripcion	Levenstein	Orden	Parcial
Estandar	50.0	61.53846153846154	68.42105263157895
Estandar_normalizada	63.63636363636363	61.53846153846154	68.42105263157895
Dialectal	50.0	61.53846153846154	68.42105263157895
Dialectal_normalizada	63.63636363636363	61.53846153846154	68.42105263157895