Transcripcion	Levenstein	Orden	Parcial
Estandar	39.6551724137931	70.0	69.56521739130434
Estandar_normalizada	46.666666666666664	70.0	78.94736842105263
Dialectal	39.6551724137931	70.0	69.56521739130434
Dialectal_normalizada	46.666666666666664	70.0	78.94736842105263