Transcripcion	Levenstein	Orden	Parcial
Estandar	34.645669291338585	49.397590361445786	50.43478260869565
Estandar_normalizada	38.26086956521739	49.397590361445786	56.14035087719298
Dialectal	35.77235772357723	50.617283950617285	51.78571428571428
Dialectal_normalizada	39.63963963963963	50.617283950617285	58.4070796460177