Transcripcion	Levenstein	Orden	Parcial
Estandar	42.22222222222223	65.67164179104478	67.74193548387098
Estandar_normalizada	51.21951219512195	65.67164179104478	76.0
Dialectal	42.22222222222223	65.67164179104478	67.74193548387098
Dialectal_normalizada	51.21951219512195	65.67164179104478	76.0