Transcripcion	Levenstein	Orden	Parcial
Estandar	55.62770562770562	76.39257294429709	67.58793969849246
Estandar_normalizada	68.32917705735662	75.89880159786951	78.57142857142857
Dialectal	55.507559395248386	76.55629139072848	67.50313676286072
Dialectal_normalizada	68.1592039800995	76.06382978723404	78.3068783068783