Transcripcion	Levenstein	Orden	Parcial
Estandar	0.0	30.76923076923077	14.28571428571429
Estandar_normalizada	12.5	30.76923076923077	30.76923076923077
Dialectal	0.0	30.76923076923077	14.28571428571429
Dialectal_normalizada	12.5	30.76923076923077	30.76923076923077