Transcripcion	Levenstein	Orden	Parcial
Estandar	63.63636363636363	74.20289855072464	73.37278106508876
Estandar_normalizada	71.12299465240642	74.20289855072464	78.82352941176471
Dialectal	63.63636363636363	74.20289855072464	73.37278106508876
Dialectal_normalizada	71.12299465240642	74.20289855072464	78.82352941176471