Transcripcion	Levenstein	Orden	Parcial
Estandar	66.25	82.5	90.990990990991
Estandar_normalizada	75.88652482269504	89.5397489539749	95.32710280373831
Dialectal	66.25	82.5	90.990990990991
Dialectal_normalizada	75.88652482269504	89.5397489539749	95.32710280373831