Transcripcion	Levenstein	Orden	Parcial
Estandar	62.5	79.54545454545455	76.40449438202246
Estandar_normalizada	67.67676767676767	80.0	80.23952095808383
Dialectal	63.793103448275865	81.3953488372093	77.01149425287358
Dialectal_normalizada	69.47368421052632	81.87134502923976	80.98159509202453