Transcripcion	Levenstein	Orden	Parcial
Estandar	68.3574879227053	78.61271676300578	77.64705882352942
Estandar_normalizada	75.53191489361703	78.72648335745296	82.35294117647058
Dialectal	67.63990267639903	78.08417997097243	77.46686303387335
Dialectal_normalizada	74.79892761394102	78.19767441860466	82.17522658610272