Transcripcion	Levenstein	Orden	Parcial
Estandar	57.64331210191082	80.89887640449437	71.66666666666667
Estandar_normalizada	65.74803149606299	80.89887640449437	80.26905829596413
Dialectal	57.64331210191082	80.89887640449437	71.66666666666667
Dialectal_normalizada	65.74803149606299	80.89887640449437	80.26905829596413