Transcripcion	Levenstein	Orden	Parcial
Estandar	33.333333333333336	55.55555555555556	55.55555555555556
Estandar_normalizada	36.36363636363637	55.55555555555556	55.55555555555556
Dialectal	33.333333333333336	55.55555555555556	55.55555555555556
Dialectal_normalizada	36.36363636363637	55.55555555555556	55.55555555555556