Transcripcion	Levenstein	Orden	Parcial
Estandar	50.0	68.0	64.28571428571428
Estandar_normalizada	54.83870967741935	68.0	68.29268292682926
Dialectal	50.0	68.0	64.28571428571428
Dialectal_normalizada	54.83870967741935	68.0	68.29268292682926