Transcripcion	Levenstein	Orden	Parcial
Estandar	69.20152091254752	87.38738738738738	79.18781725888324
Estandar_normalizada	73.89558232931726	87.38738738738738	80.83989501312337
Dialectal	69.20152091254752	87.38738738738738	79.18781725888324
Dialectal_normalizada	73.89558232931726	87.38738738738738	80.83989501312337