Transcripcion	Levenstein	Orden	Parcial
Estandar	25.0814332247557	55.91939546599496	55.714285714285715
Estandar_normalizada	31.439393939393945	55.55555555555556	62.5
Dialectal	25.407166123778502	56.56565656565656	56.63082437275986
Dialectal_normalizada	31.439393939393945	56.20253164556962	63.59832635983263