Transcripcion	Levenstein	Orden	Parcial
Estandar	5.555555555555558	37.5	25.0
Estandar_normalizada	11.904761904761907	22.72727272727273	57.14285714285714
Dialectal	5.555555555555558	37.5	25.0
Dialectal_normalizada	11.904761904761907	22.72727272727273	57.14285714285714