Transcripcion	Levenstein	Orden	Parcial
Estandar	33.333333333333336	57.77777777777777	62.06896551724138
Estandar_normalizada	41.666666666666664	57.77777777777777	69.23076923076923
Dialectal	33.333333333333336	57.77777777777777	62.06896551724138
Dialectal_normalizada	41.666666666666664	57.77777777777777	69.23076923076923