Transcripcion	Levenstein	Orden	Parcial
Estandar	50.38167938931297	77.19298245614034	71.42857142857143
Estandar_normalizada	57.89473684210527	77.64705882352942	73.52941176470588
Dialectal	50.38167938931297	77.19298245614034	71.42857142857143
Dialectal_normalizada	57.89473684210527	77.64705882352942	73.52941176470588