Transcripcion	Levenstein	Orden	Parcial
Estandar	60.0	79.54545454545455	84.0909090909091
Estandar_normalizada	67.9245283018868	79.54545454545455	88.09523809523809
Dialectal	60.0	79.54545454545455	84.0909090909091
Dialectal_normalizada	67.9245283018868	79.54545454545455	88.09523809523809