Transcripcion	Levenstein	Orden	Parcial
Estandar	33.11688311688312	49.09090909090909	63.783783783783775
Estandar_normalizada	36.23188405797102	49.09090909090909	67.90123456790124
Dialectal	33.11688311688312	49.09090909090909	63.783783783783775
Dialectal_normalizada	36.23188405797102	49.09090909090909	67.90123456790124