Transcripcion	Levenstein	Orden	Parcial
Estandar	56.89149560117301	74.36332767402376	70.4225352112676
Estandar_normalizada	61.09324758842444	74.61669505962521	81.88405797101449
Dialectal	56.89149560117301	74.36332767402376	70.4225352112676
Dialectal_normalizada	61.09324758842444	74.61669505962521	81.88405797101449