Transcripcion	Levenstein	Orden	Parcial
Estandar	34.14634146341463	60.08583690987124	61.79775280898876
Estandar_normalizada	40.116279069767444	60.3448275862069	69.41176470588235
Dialectal	34.14634146341463	60.08583690987124	61.79775280898876
Dialectal_normalizada	40.116279069767444	60.3448275862069	69.41176470588235