Transcripcion	Levenstein	Orden	Parcial
Estandar	10.526315789473683	34.14634146341463	33.333333333333336
Estandar_normalizada	19.999999999999996	34.14634146341463	46.15384615384615
Dialectal	10.526315789473683	34.14634146341463	33.333333333333336
Dialectal_normalizada	19.999999999999996	34.14634146341463	46.15384615384615