Transcripcion	Levenstein	Orden	Parcial
Estandar	17.14285714285714	45.28301886792453	40.90909090909091
Estandar_normalizada	18.181818181818176	45.28301886792453	43.90243902439024
Dialectal	17.14285714285714	45.28301886792453	40.90909090909091
Dialectal_normalizada	18.181818181818176	45.28301886792453	43.90243902439024