Transcripcion	Levenstein	Orden	Parcial
Estandar	46.875	55.88235294117647	56.75675675675676
Estandar_normalizada	55.263157894736835	55.88235294117647	66.66666666666667
Dialectal	46.875	55.88235294117647	56.75675675675676
Dialectal_normalizada	55.263157894736835	55.88235294117647	66.66666666666667