Transcripcion	Levenstein	Orden	Parcial
Estandar	36.12903225806452	60.07604562737643	65.27196652719664
Estandar_normalizada	40.93959731543624	60.53639846743295	70.47619047619047
Dialectal	36.12903225806452	60.07604562737643	65.27196652719664
Dialectal_normalizada	40.93959731543624	60.53639846743295	70.47619047619047