Transcripcion	Levenstein	Orden	Parcial
Estandar	54.56349206349207	71.98917456021651	65.04559270516717
Estandar_normalizada	61.692650334075715	72.38095238095238	69.25465838509317
Dialectal	54.56349206349207	71.98917456021651	65.04559270516717
Dialectal_normalizada	61.692650334075715	72.38095238095238	69.25465838509317