Transcripcion	Levenstein	Orden	Parcial
Estandar	28.000000000000004	40.0	45.45454545454546
Estandar_normalizada	31.999999999999996	40.0	47.61904761904761
Dialectal	28.000000000000004	40.0	45.45454545454546
Dialectal_normalizada	31.999999999999996	40.0	47.61904761904761