Transcripcion	Levenstein	Orden	Parcial
Estandar	22.826086956521742	44.96124031007752	42.622950819672134
Estandar_normalizada	27.500000000000004	44.96124031007752	45.614035087719294
Dialectal	22.826086956521742	44.96124031007752	42.622950819672134
Dialectal_normalizada	27.500000000000004	44.96124031007752	45.614035087719294