Transcripcion	Levenstein	Orden	Parcial
Estandar	48.93617021276596	66.66666666666667	73.91304347826086
Estandar_normalizada	48.88888888888889	66.66666666666667	72.72727272727273
Dialectal	48.93617021276596	66.66666666666667	73.91304347826086
Dialectal_normalizada	48.88888888888889	66.66666666666667	72.72727272727273