Transcripcion	Levenstein	Orden	Parcial
Estandar	85.52631578947368	96.2962962962963	90.0
Estandar_normalizada	91.42857142857143	96.2962962962963	95.58823529411765
Dialectal	85.52631578947368	96.2962962962963	90.0
Dialectal_normalizada	91.42857142857143	96.2962962962963	95.58823529411765