Transcripcion	Levenstein	Orden	Parcial
Estandar	50.0	59.25925925925925	65.45454545454545
Estandar_normalizada	53.57142857142857	59.25925925925925	69.23076923076923
Dialectal	50.0	59.25925925925925	65.45454545454545
Dialectal_normalizada	53.57142857142857	59.25925925925925	69.23076923076923