Transcripcion	Levenstein	Orden	Parcial
Estandar	33.88888888888889	53.57798165137615	59.53307392996109
Estandar_normalizada	39.104477611940304	53.03867403314917	67.5990675990676
Dialectal	33.88888888888889	53.57798165137615	59.53307392996109
Dialectal_normalizada	39.104477611940304	53.03867403314917	67.5990675990676