Transcripcion	Levenstein	Orden	Parcial
Estandar	39.106145251396654	56.38766519823788	61.45833333333333
Estandar_normalizada	45.45454545454546	56.888888888888886	66.29213483146069
Dialectal	39.106145251396654	56.38766519823788	61.45833333333333
Dialectal_normalizada	45.45454545454546	56.888888888888886	66.29213483146069