Transcripcion	Levenstein	Orden	Parcial
Estandar	16.33663366336634	26.446280991735538	39.252336448598136
Estandar_normalizada	17.32673267326733	25.72614107883817	46.808510638297875
Dialectal	16.33663366336634	26.446280991735538	39.252336448598136
Dialectal_normalizada	17.32673267326733	25.72614107883817	46.808510638297875