Transcripcion	Levenstein	Orden	Parcial
Estandar	68.85245901639344	77.06422018348624	81.41592920353982
Estandar_normalizada	72.72727272727273	77.06422018348624	84.90566037735849
Dialectal	68.85245901639344	77.06422018348624	81.41592920353982
Dialectal_normalizada	72.72727272727273	77.06422018348624	84.90566037735849