Transcripcion	Levenstein	Orden	Parcial
Estandar	65.83850931677019	81.23861566484517	77.40805604203153
Estandar_normalizada	72.63513513513513	80.58608058608058	83.96946564885496
Dialectal	64.46540880503144	81.46788990825688	76.76056338028168
Dialectal_normalizada	71.23287671232876	80.81180811808117	83.30134357005758