Transcripcion	Levenstein	Orden	Parcial
Estandar	78.47533632286996	83.95378690629012	81.15183246073299
Estandar_normalizada	82.40963855421687	81.80645161290323	85.37234042553192
Dialectal	78.47533632286996	83.95378690629012	81.15183246073299
Dialectal_normalizada	82.40963855421687	81.80645161290323	85.37234042553192