Transcripcion	Levenstein	Orden	Parcial
Estandar	27.6595744680851	49.122807017543856	52.38095238095239
Estandar_normalizada	33.333333333333336	49.122807017543856	57.14285714285714
Dialectal	27.6595744680851	49.122807017543856	52.38095238095239
Dialectal_normalizada	33.333333333333336	49.122807017543856	57.14285714285714