Transcripcion	Levenstein	Orden	Parcial
Estandar	6.25	10.526315789473683	26.66666666666667
Estandar_normalizada	0.0	10.526315789473683	30.76923076923077
Dialectal	6.25	10.526315789473683	26.66666666666667
Dialectal_normalizada	0.0	10.526315789473683	30.76923076923077