Transcripcion	Levenstein	Orden	Parcial
Estandar	17.391304347826086	35.29411764705882	50.0
Estandar_normalizada	22.499999999999996	35.29411764705882	57.14285714285714
Dialectal	17.391304347826086	35.29411764705882	50.0
Dialectal_normalizada	22.499999999999996	35.29411764705882	57.14285714285714