Transcripcion	Levenstein	Orden	Parcial
Estandar	22.22222222222222	40.0	43.24324324324324
Estandar_normalizada	26.086956521739136	40.625	50.0
Dialectal	22.22222222222222	40.0	43.24324324324324
Dialectal_normalizada	26.086956521739136	40.625	50.0