Transcripcion	Levenstein	Orden	Parcial
Estandar	9.677419354838712	30.434782608695656	26.66666666666667
Estandar_normalizada	17.24137931034483	26.66666666666667	36.36363636363637
Dialectal	9.677419354838712	30.434782608695656	26.66666666666667
Dialectal_normalizada	17.24137931034483	26.66666666666667	36.36363636363637