Transcripcion	Levenstein	Orden	Parcial
Estandar	38.46153846153846	58.18181818181818	65.3061224489796
Estandar_normalizada	45.714285714285715	58.18181818181818	73.17073170731707
Dialectal	38.46153846153846	58.18181818181818	65.3061224489796
Dialectal_normalizada	45.714285714285715	58.18181818181818	73.17073170731707