Transcripcion	Levenstein	Orden	Parcial
Estandar	65.93406593406593	84.89208633093526	80.0
Estandar_normalizada	75.30864197530865	84.89208633093526	87.3015873015873
Dialectal	65.93406593406593	84.89208633093526	80.0
Dialectal_normalizada	75.30864197530865	84.89208633093526	87.3015873015873