Transcripcion	Levenstein	Orden	Parcial
Estandar	82.17821782178218	91.52542372881356	93.10344827586206
Estandar_normalizada	88.29787234042553	92.04545454545455	94.04761904761905
Dialectal	82.17821782178218	91.52542372881356	93.10344827586206
Dialectal_normalizada	88.29787234042553	92.04545454545455	94.04761904761905