Transcripcion	Levenstein	Orden	Parcial
Estandar	7.692307692307687	25.0	19.999999999999996
Estandar_normalizada	16.666666666666664	28.57142857142857	40.0
Dialectal	7.692307692307687	25.0	19.999999999999996
Dialectal_normalizada	16.666666666666664	28.57142857142857	40.0