Transcripcion	Levenstein	Orden	Parcial
Estandar	23.636363636363633	36.09022556390977	59.01639344262295
Estandar_normalizada	25.0	36.09022556390977	65.45454545454545
Dialectal	23.636363636363633	36.09022556390977	59.01639344262295
Dialectal_normalizada	25.0	36.09022556390977	65.45454545454545