Transcripcion	Levenstein	Orden	Parcial
Estandar	38.8235294117647	60.46511627906976	53.448275862068975
Estandar_normalizada	44.73684210526315	60.46511627906976	55.35714285714286
Dialectal	38.8235294117647	60.46511627906976	53.448275862068975
Dialectal_normalizada	44.73684210526315	60.46511627906976	55.35714285714286