Transcripcion	Levenstein	Orden	Parcial
Estandar	40.42553191489362	54.794520547945204	64.1025641025641
Estandar_normalizada	42.50000000000001	52.77777777777778	62.857142857142854
Dialectal	40.42553191489362	54.794520547945204	64.1025641025641
Dialectal_normalizada	42.50000000000001	52.77777777777778	62.857142857142854