Transcripcion	Levenstein	Orden	Parcial
Estandar	62.97872340425532	76.15803814713897	68.0794701986755
Estandar_normalizada	71.94679564691657	76.26193724420192	76.77053824362606
Dialectal	62.39316239316239	75.5464480874317	67.68211920529801
Dialectal_normalizada	71.20291616038882	75.64979480164159	76.48725212464589