Transcripcion	Levenstein	Orden	Parcial
Estandar	64.86486486486487	94.33962264150944	94.11764705882352
Estandar_normalizada	80.64516129032258	94.33962264150944	100.0
Dialectal	64.86486486486487	94.33962264150944	94.11764705882352
Dialectal_normalizada	80.64516129032258	94.33962264150944	100.0