Transcripcion	Levenstein	Orden	Parcial
Estandar	66.08695652173913	86.22754491017965	85.0574712643678
Estandar_normalizada	78.94736842105263	86.22754491017965	91.35802469135803
Dialectal	66.08695652173913	86.22754491017965	85.0574712643678
Dialectal_normalizada	78.94736842105263	86.22754491017965	91.35802469135803