Transcripcion	Levenstein	Orden	Parcial
Estandar	74.26470588235294	89.90825688073394	82.85714285714285
Estandar_normalizada	82.78688524590164	89.90825688073394	87.37864077669903
Dialectal	74.26470588235294	89.90825688073394	82.85714285714285
Dialectal_normalizada	82.78688524590164	89.90825688073394	87.37864077669903