Transcripcion	Levenstein	Orden	Parcial
Estandar	58.76288659793815	76.30922693266832	66.30434782608697
Estandar_normalizada	67.07317073170731	76.69172932330828	73.29545454545455
Dialectal	58.76288659793815	76.30922693266832	66.30434782608697
Dialectal_normalizada	67.07317073170731	76.69172932330828	73.29545454545455