Transcripcion	Levenstein	Orden	Parcial
Estandar	60.3896103896104	83.40336134453781	72.5
Estandar_normalizada	67.67857142857143	83.57894736842105	78.03738317757009
Dialectal	59.47712418300654	83.33333333333334	72.27272727272727
Dialectal_normalizada	66.72661870503597	83.50951374207189	78.03738317757009