Transcripcion	Levenstein	Orden	Parcial
Estandar	53.42465753424658	73.6842105263158	74.74747474747474
Estandar_normalizada	63.63636363636363	75.26881720430107	81.81818181818181
Dialectal	53.42465753424658	73.6842105263158	74.74747474747474
Dialectal_normalizada	63.63636363636363	75.26881720430107	81.81818181818181