Transcripcion	Levenstein	Orden	Parcial
Estandar	25.0	42.25352112676056	46.15384615384615
Estandar_normalizada	29.729729729729726	42.25352112676056	52.05479452054795
Dialectal	25.0	42.25352112676056	46.15384615384615
Dialectal_normalizada	29.729729729729726	42.25352112676056	52.05479452054795