Transcripcion	Levenstein	Orden	Parcial
Estandar	54.43037974683544	74.65437788018433	65.65656565656566
Estandar_normalizada	63.04347826086957	75.34883720930232	71.27659574468085
Dialectal	54.43037974683544	74.65437788018433	65.65656565656566
Dialectal_normalizada	63.04347826086957	75.34883720930232	71.27659574468085