Transcripcion	Levenstein	Orden	Parcial
Estandar	65.42056074766356	86.74698795180723	75.49668874172185
Estandar_normalizada	73.40425531914893	86.74698795180723	80.0
Dialectal	65.42056074766356	86.74698795180723	75.49668874172185
Dialectal_normalizada	73.40425531914893	86.74698795180723	80.0