Transcripcion	Levenstein	Orden	Parcial
Estandar	60.0	74.54545454545455	79.27927927927928
Estandar_normalizada	68.96551724137932	75.22935779816513	85.71428571428572
Dialectal	60.0	74.54545454545455	79.27927927927928
Dialectal_normalizada	68.96551724137932	75.22935779816513	85.71428571428572