Transcripcion	Levenstein	Orden	Parcial
Estandar	65.38461538461539	71.7948717948718	75.0
Estandar_normalizada	72.72727272727273	71.7948717948718	81.08108108108108
Dialectal	65.38461538461539	71.7948717948718	75.0
Dialectal_normalizada	72.72727272727273	71.7948717948718	81.08108108108108