Transcripcion	Levenstein	Orden	Parcial
Estandar	19.354838709677423	43.58974358974359	34.32835820895522
Estandar_normalizada	21.68674698795181	43.58974358974359	40.0
Dialectal	19.354838709677423	43.58974358974359	34.32835820895522
Dialectal_normalizada	21.68674698795181	43.58974358974359	40.0