Transcripcion	Levenstein	Orden	Parcial
Estandar	50.58139534883721	69.70954356846472	70.47619047619047
Estandar_normalizada	57.14285714285714	69.70954356846472	72.636815920398
Dialectal	50.58139534883721	69.70954356846472	70.47619047619047
Dialectal_normalizada	57.14285714285714	69.70954356846472	72.636815920398