Transcripcion	Levenstein	Orden	Parcial
Estandar	36.95652173913043	48.97959183673469	66.66666666666667
Estandar_normalizada	42.85714285714286	48.97959183673469	68.42105263157895
Dialectal	36.95652173913043	48.97959183673469	66.66666666666667
Dialectal_normalizada	42.85714285714286	48.97959183673469	68.42105263157895