Transcripcion	Levenstein	Orden	Parcial
Estandar	48.09523809523809	70.96774193548387	66.93548387096774
Estandar_normalizada	56.17977528089888	72.46376811594203	77.19298245614034
Dialectal	48.09523809523809	70.96774193548387	66.93548387096774
Dialectal_normalizada	56.17977528089888	72.46376811594203	77.19298245614034