Transcripcion	Levenstein	Orden	Parcial
Estandar	69.44444444444444	83.82838283828383	69.70684039087948
Estandar_normalizada	76.3975155279503	83.82838283828383	79.47019867549669
Dialectal	69.44444444444444	83.82838283828383	69.70684039087948
Dialectal_normalizada	76.3975155279503	83.82838283828383	79.47019867549669