Transcripcion	Levenstein	Orden	Parcial
Estandar	41.880341880341874	55.38461538461539	59.01639344262295
Estandar_normalizada	41.9047619047619	53.608247422680414	61.27167630057804
Dialectal	41.880341880341874	55.38461538461539	59.01639344262295
Dialectal_normalizada	41.9047619047619	53.608247422680414	61.27167630057804