Transcripcion	Levenstein	Orden	Parcial
Estandar	75.60975609756098	87.87878787878788	90.76923076923077
Estandar_normalizada	79.72972972972973	88.54961832061069	95.08196721311475
Dialectal	75.60975609756098	87.87878787878788	90.76923076923077
Dialectal_normalizada	79.72972972972973	88.54961832061069	95.08196721311475