Transcripcion	Levenstein	Orden	Parcial
Estandar	76.99115044247787	92.3076923076923	86.91588785046729
Estandar_normalizada	83.16831683168317	92.3076923076923	92.46231155778895
Dialectal	76.99115044247787	92.3076923076923	86.91588785046729
Dialectal_normalizada	83.16831683168317	92.3076923076923	92.46231155778895