Transcripcion	Levenstein	Orden	Parcial
Estandar	43.24324324324324	71.67630057803468	90.625
Estandar_normalizada	49.6	72.09302325581395	93.5483870967742
Dialectal	43.24324324324324	71.67630057803468	90.625
Dialectal_normalizada	49.6	72.09302325581395	93.5483870967742