Transcripcion	Levenstein	Orden	Parcial
Estandar	15.151515151515149	27.586206896551722	61.53846153846154
Estandar_normalizada	14.814814814814813	27.586206896551722	75.0
Dialectal	15.151515151515149	27.586206896551722	61.53846153846154
Dialectal_normalizada	14.814814814814813	27.586206896551722	75.0