Transcripcion	Levenstein	Orden	Parcial
Estandar	33.333333333333336	47.72727272727273	49.43820224719101
Estandar_normalizada	34.78260869565217	47.72727272727273	55.696202531645575
Dialectal	33.333333333333336	47.72727272727273	49.43820224719101
Dialectal_normalizada	34.78260869565217	47.72727272727273	55.696202531645575