Transcripcion	Levenstein	Orden	Parcial
Estandar	71.66666666666667	93.33333333333333	76.92307692307692
Estandar_normalizada	84.0	93.33333333333333	88.88888888888889
Dialectal	71.66666666666667	93.33333333333333	76.92307692307692
Dialectal_normalizada	84.0	93.33333333333333	88.88888888888889