Transcripcion	Levenstein	Orden	Parcial
Estandar	46.42857142857143	61.33333333333333	86.20689655172413
Estandar_normalizada	48.07692307692307	61.33333333333333	100.0
Dialectal	46.42857142857143	61.33333333333333	86.20689655172413
Dialectal_normalizada	48.07692307692307	61.33333333333333	100.0