Transcripcion	Levenstein	Orden	Parcial
Estandar	64.58333333333333	91.13924050632912	80.89887640449437
Estandar_normalizada	79.06976744186046	91.13924050632912	94.87179487179486
Dialectal	64.58333333333333	91.13924050632912	80.89887640449437
Dialectal_normalizada	79.06976744186046	91.13924050632912	94.87179487179486