Transcripcion	Levenstein	Orden	Parcial
Estandar	49.51456310679612	77.86259541984732	73.33333333333334
Estandar_normalizada	61.44578313253012	79.06976744186046	82.75862068965517
Dialectal	49.51456310679612	77.86259541984732	73.33333333333334
Dialectal_normalizada	61.44578313253012	79.06976744186046	82.75862068965517