Transcripcion	Levenstein	Orden	Parcial
Estandar	60.86956521739131	69.65174129353233	76.09756097560975
Estandar_normalizada	68.80733944954129	69.65174129353233	82.10526315789474
Dialectal	60.86956521739131	69.65174129353233	76.09756097560975
Dialectal_normalizada	68.80733944954129	69.65174129353233	82.10526315789474