Transcripcion	Levenstein	Orden	Parcial
Estandar	92.6829268292683	100.0	96.1038961038961
Estandar_normalizada	97.43589743589743	100.0	100.0
Dialectal	92.6829268292683	100.0	96.1038961038961
Dialectal_normalizada	97.43589743589743	100.0	100.0