Transcripcion	Levenstein	Orden	Parcial
Estandar	65.06024096385542	82.35294117647058	77.41935483870968
Estandar_normalizada	73.91304347826086	82.35294117647058	85.71428571428572
Dialectal	65.06024096385542	82.35294117647058	77.41935483870968
Dialectal_normalizada	73.91304347826086	82.35294117647058	85.71428571428572