Transcripcion	Levenstein	Orden	Parcial
Estandar	62.77372262773723	80.75117370892019	71.02803738317758
Estandar_normalizada	71.66666666666667	81.13207547169812	77.88461538461539
Dialectal	62.77372262773723	80.75117370892019	71.02803738317758
Dialectal_normalizada	71.66666666666667	81.13207547169812	77.88461538461539