Transcripcion	Levenstein	Orden	Parcial
Estandar	28.57142857142857	55.55555555555556	60.37735849056604
Estandar_normalizada	31.707317073170728	55.55555555555556	62.745098039215684
Dialectal	28.57142857142857	55.55555555555556	60.37735849056604
Dialectal_normalizada	31.707317073170728	55.55555555555556	62.745098039215684