Transcripcion	Levenstein	Orden	Parcial
Estandar	34.66666666666667	62.33766233766234	88.46153846153845
Estandar_normalizada	41.379310344827594	64.86486486486487	91.66666666666666
Dialectal	34.66666666666667	62.33766233766234	88.46153846153845
Dialectal_normalizada	41.379310344827594	64.86486486486487	91.66666666666666