Transcripcion	Levenstein	Orden	Parcial
Estandar	51.40845070422535	72.0	67.47967479674797
Estandar_normalizada	59.32203389830508	72.32142857142857	76.01809954751131
Dialectal	51.40845070422535	72.0	67.47967479674797
Dialectal_normalizada	59.32203389830508	72.32142857142857	76.01809954751131