Transcripcion	Levenstein	Orden	Parcial
Estandar	58.19672131147541	70.96774193548387	65.90909090909092
Estandar_normalizada	63.8095238095238	71.35135135135135	69.56521739130434
Dialectal	58.19672131147541	70.96774193548387	65.90909090909092
Dialectal_normalizada	63.8095238095238	71.35135135135135	69.56521739130434