Transcripcion	Levenstein	Orden	Parcial
Estandar	62.71186440677966	80.0	68.88888888888889
Estandar_normalizada	70.58823529411764	80.0	76.74418604651163
Dialectal	62.71186440677966	80.0	68.88888888888889
Dialectal_normalizada	70.58823529411764	80.0	76.74418604651163