Transcripcion	Levenstein	Orden	Parcial
Estandar	67.0611439842209	89.64613368283094	75.3004005340454
Estandar_normalizada	74.72035794183445	89.88173455978975	82.04379562043795
Dialectal	67.0611439842209	89.64613368283094	75.3004005340454
Dialectal_normalizada	74.72035794183445	89.88173455978975	82.04379562043795