Transcripcion	Levenstein	Orden	Parcial
Estandar	54.96688741721854	82.43902439024392	65.993265993266
Estandar_normalizada	62.878787878787875	83.04668304668304	74.28571428571429
Dialectal	54.96688741721854	82.43902439024392	65.993265993266
Dialectal_normalizada	62.878787878787875	83.04668304668304	74.28571428571429