Transcripcion	Levenstein	Orden	Parcial
Estandar	33.333333333333336	61.40350877192983	72.72727272727273
Estandar_normalizada	38.8235294117647	62.5	80.55555555555556
Dialectal	33.333333333333336	61.40350877192983	72.72727272727273
Dialectal_normalizada	38.8235294117647	62.5	80.55555555555556