Transcripcion	Levenstein	Orden	Parcial
Estandar	4.761904761904767	19.047619047619047	16.666666666666664
Estandar_normalizada	13.33333333333333	19.047619047619047	26.66666666666667
Dialectal	4.761904761904767	19.047619047619047	16.666666666666664
Dialectal_normalizada	13.33333333333333	19.047619047619047	26.66666666666667