Transcripcion	Levenstein	Orden	Parcial
Estandar	39.583333333333336	42.25352112676056	50.0
Estandar_normalizada	42.50000000000001	42.25352112676056	58.62068965517242
Dialectal	39.583333333333336	42.25352112676056	50.0
Dialectal_normalizada	42.50000000000001	42.25352112676056	58.62068965517242