Transcripcion	Levenstein	Orden	Parcial
Estandar	6.451612903225811	13.793103448275868	26.66666666666667
Estandar_normalizada	7.4074074074074066	13.793103448275868	57.14285714285714
Dialectal	6.451612903225811	13.793103448275868	26.66666666666667
Dialectal_normalizada	7.4074074074074066	13.793103448275868	57.14285714285714