Transcripcion	Levenstein	Orden	Parcial
Estandar	50.0	71.7948717948718	74.28571428571429
Estandar_normalizada	54.54545454545454	71.7948717948718	81.25
Dialectal	50.0	71.7948717948718	74.28571428571429
Dialectal_normalizada	54.54545454545454	71.7948717948718	81.25