Transcripcion	Levenstein	Orden	Parcial
Estandar	48.71794871794872	57.57575757575757	64.51612903225806
Estandar_normalizada	47.36842105263158	57.57575757575757	65.51724137931035
Dialectal	48.71794871794872	57.57575757575757	64.51612903225806
Dialectal_normalizada	47.36842105263158	57.57575757575757	65.51724137931035