Transcripcion	Levenstein	Orden	Parcial
Estandar	61.98347107438016	75.15451174289247	75.71059431524547
Estandar_normalizada	68.62302483069978	74.68982630272953	80.51948051948052
Dialectal	61.98347107438016	75.15451174289247	75.71059431524547
Dialectal_normalizada	68.62302483069978	74.68982630272953	80.51948051948052