Transcripcion	Levenstein	Orden	Parcial
Estandar	61.36363636363637	80.63492063492063	73.20261437908498
Estandar_normalizada	72.4867724867725	80.89171974522293	79.85865724381625
Dialectal	61.36363636363637	80.63492063492063	73.20261437908498
Dialectal_normalizada	72.4867724867725	80.89171974522293	79.85865724381625