Transcripcion	Levenstein	Orden	Parcial
Estandar	44.6969696969697	63.793103448275865	57.80346820809248
Estandar_normalizada	53.95348837209302	64.16184971098266	68.5185185185185
Dialectal	44.6969696969697	63.793103448275865	57.80346820809248
Dialectal_normalizada	53.95348837209302	64.16184971098266	68.5185185185185