Transcripcion	Levenstein	Orden	Parcial
Estandar	54.84536082474227	72.11538461538461	65.16587677725119
Estandar_normalizada	58.797327394209354	71.72081829121541	70.22332506203475
Dialectal	54.84536082474227	72.11538461538461	65.16587677725119
Dialectal_normalizada	58.797327394209354	71.72081829121541	70.22332506203475