Transcripcion	Levenstein	Orden	Parcial
Estandar	6.521739130434778	11.111111111111116	60.0
Estandar_normalizada	9.090909090909093	11.428571428571432	100.0
Dialectal	6.521739130434778	11.111111111111116	60.0
Dialectal_normalizada	9.090909090909093	11.428571428571432	100.0