Transcripcion	Levenstein	Orden	Parcial
Estandar	30.35714285714286	47.36842105263158	56.666666666666664
Estandar_normalizada	28.846153846153843	47.36842105263158	57.692307692307686
Dialectal	30.35714285714286	47.36842105263158	56.666666666666664
Dialectal_normalizada	28.846153846153843	47.36842105263158	57.692307692307686