Transcripcion	Levenstein	Orden	Parcial
Estandar	64.5021645021645	81.81818181818181	72.57142857142857
Estandar_normalizada	70.79207920792079	82.28571428571428	79.8780487804878
Dialectal	64.5021645021645	81.81818181818181	72.57142857142857
Dialectal_normalizada	70.79207920792079	82.28571428571428	79.8780487804878