Transcripcion	Levenstein	Orden	Parcial
Estandar	33.60433604336044	57.24258289703316	56.674473067915685
Estandar_normalizada	36.8421052631579	56.74255691768826	62.97229219143576
Dialectal	33.60433604336044	57.24258289703316	56.674473067915685
Dialectal_normalizada	36.8421052631579	56.74255691768826	62.97229219143576