Transcripcion	Levenstein	Orden	Parcial
Estandar	25.259515570934255	42.197802197802204	39.53488372093024
Estandar_normalizada	26.855123674911663	40.96916299559471	43.31550802139037
Dialectal	25.259515570934255	42.197802197802204	39.53488372093024
Dialectal_normalizada	26.855123674911663	40.96916299559471	43.31550802139037