Transcripcion	Levenstein	Orden	Parcial
Estandar	67.14285714285715	78.89908256880733	72.89719626168225
Estandar_normalizada	71.66666666666667	78.89908256880733	80.37383177570094
Dialectal	67.14285714285715	78.89908256880733	72.89719626168225
Dialectal_normalizada	71.66666666666667	78.89908256880733	80.37383177570094