Transcripcion	Levenstein	Orden	Parcial
Estandar	33.720930232558146	59.58904109589041	58.26771653543308
Estandar_normalizada	33.774834437086085	60.207612456747405	62.76150627615063
Dialectal	33.720930232558146	59.58904109589041	58.26771653543308
Dialectal_normalizada	33.774834437086085	60.207612456747405	62.76150627615063