Transcripcion	Levenstein	Orden	Parcial
Estandar	45.58472553699284	62.41610738255034	57.8544061302682
Estandar_normalizada	50.67750677506775	62.731871838111296	63.00813008130082
Dialectal	45.58472553699284	62.41610738255034	57.8544061302682
Dialectal_normalizada	50.67750677506775	62.731871838111296	63.00813008130082