Transcripcion	Levenstein	Orden	Parcial
Estandar	29.1970802919708	47.20496894409938	74.0
Estandar_normalizada	33.057851239669425	47.79874213836478	77.08333333333334
Dialectal	29.1970802919708	47.20496894409938	74.0
Dialectal_normalizada	33.057851239669425	47.79874213836478	77.08333333333334