Transcripcion	Levenstein	Orden	Parcial
Estandar	62.356321839080465	79.38931297709924	74.28571428571429
Estandar_normalizada	68.48874598070739	79.84644913627639	80.16877637130801
Dialectal	62.356321839080465	79.38931297709924	74.28571428571429
Dialectal_normalizada	68.48874598070739	79.84644913627639	80.16877637130801