Transcripcion	Levenstein	Orden	Parcial
Estandar	80.0	77.63157894736842	88.46153846153845
Estandar_normalizada	84.81012658227847	77.63157894736842	92.10526315789474
Dialectal	80.0	77.63157894736842	88.46153846153845
Dialectal_normalizada	84.81012658227847	77.63157894736842	92.10526315789474