Transcripcion	Levenstein	Orden	Parcial
Estandar	55.294117647058826	72.26890756302521	71.15384615384616
Estandar_normalizada	62.16216216216216	72.88135593220339	77.08333333333334
Dialectal	55.294117647058826	72.26890756302521	71.15384615384616
Dialectal_normalizada	62.16216216216216	72.88135593220339	77.08333333333334