Transcripcion	Levenstein	Orden	Parcial
Estandar	34.78260869565217	52.63157894736843	55.55555555555556
Estandar_normalizada	33.333333333333336	52.63157894736843	61.53846153846154
Dialectal	34.78260869565217	52.63157894736843	55.55555555555556
Dialectal_normalizada	33.333333333333336	52.63157894736843	61.53846153846154