Transcripcion	Levenstein	Orden	Parcial
Estandar	34.48275862068966	50.0	51.28205128205128
Estandar_normalizada	37.77777777777778	48.0	61.111111111111114
Dialectal	34.48275862068966	50.0	51.28205128205128
Dialectal_normalizada	37.77777777777778	48.0	61.111111111111114