Transcripcion	Levenstein	Orden	Parcial
Estandar	9.090909090909093	12.244897959183676	28.57142857142857
Estandar_normalizada	9.090909090909093	12.244897959183676	42.85714285714286
Dialectal	9.090909090909093	12.244897959183676	28.57142857142857
Dialectal_normalizada	9.090909090909093	12.244897959183676	42.85714285714286