Transcripcion	Levenstein	Orden	Parcial
Estandar	68.42105263157895	81.25	84.84848484848484
Estandar_normalizada	70.58823529411764	81.25	90.32258064516128
Dialectal	68.42105263157895	81.25	84.84848484848484
Dialectal_normalizada	70.58823529411764	81.25	90.32258064516128