Transcripcion	Levenstein	Orden	Parcial
Estandar	35.71428571428571	63.70370370370371	54.3046357615894
Estandar_normalizada	43.42105263157895	63.70370370370371	64.0625
Dialectal	35.71428571428571	63.70370370370371	54.3046357615894
Dialectal_normalizada	43.42105263157895	63.70370370370371	64.0625