Transcripcion	Levenstein	Orden	Parcial
Estandar	63.38028169014085	81.08108108108108	84.61538461538461
Estandar_normalizada	70.76923076923076	81.08108108108108	91.83673469387756
Dialectal	63.38028169014085	81.08108108108108	84.61538461538461
Dialectal_normalizada	70.76923076923076	81.08108108108108	91.83673469387756