Transcripcion	Levenstein	Orden	Parcial
Estandar	66.66666666666667	78.18181818181819	75.0
Estandar_normalizada	79.03225806451613	78.18181818181819	79.24528301886792
Dialectal	66.66666666666667	78.18181818181819	75.0
Dialectal_normalizada	79.03225806451613	78.18181818181819	79.24528301886792