Transcripcion	Levenstein	Orden	Parcial
Estandar	62.56544502617801	82.50883392226149	71.29798903107861
Estandar_normalizada	71.81409295352323	82.87488908606922	80.49713193116634
Dialectal	62.56544502617801	82.50883392226149	71.29798903107861
Dialectal_normalizada	71.81409295352323	82.87488908606922	80.49713193116634