Transcripcion	Levenstein	Orden	Parcial
Estandar	24.444444444444446	54.01459854014598	62.96296296296296
Estandar_normalizada	30.487804878048784	54.01459854014598	67.32673267326732
Dialectal	24.444444444444446	54.01459854014598	62.96296296296296
Dialectal_normalizada	30.487804878048784	54.01459854014598	67.32673267326732