Transcripcion	Levenstein	Orden	Parcial
Estandar	65.60509554140128	85.46255506607929	81.4814814814815
Estandar_normalizada	72.46376811594203	85.84070796460178	88.11881188118812
Dialectal	65.60509554140128	85.46255506607929	81.4814814814815
Dialectal_normalizada	72.46376811594203	85.84070796460178	88.11881188118812