Transcripcion	Levenstein	Orden	Parcial
Estandar	40.90909090909091	56.25	69.38775510204081
Estandar_normalizada	41.860465116279066	56.25	75.55555555555556
Dialectal	40.90909090909091	56.25	69.38775510204081
Dialectal_normalizada	41.860465116279066	56.25	75.55555555555556