Transcripcion	Levenstein	Orden	Parcial
Estandar	13.170731707317074	34.196891191709845	35.29411764705882
Estandar_normalizada	18.181818181818176	34.73684210526316	44.73684210526315
Dialectal	13.170731707317074	34.196891191709845	35.29411764705882
Dialectal_normalizada	18.181818181818176	34.73684210526316	44.73684210526315