Transcripcion	Levenstein	Orden	Parcial
Estandar	41.5	60.36585365853659	57.95454545454546
Estandar_normalizada	43.35260115606936	62.769230769230774	62.874251497005986
Dialectal	41.5	60.36585365853659	57.95454545454546
Dialectal_normalizada	43.35260115606936	62.769230769230774	62.874251497005986