Transcripcion	Levenstein	Orden	Parcial
Estandar	36.29032258064516	61.8421052631579	48.611111111111114
Estandar_normalizada	43.00000000000001	64.0	58.3941605839416
Dialectal	36.29032258064516	61.8421052631579	48.611111111111114
Dialectal_normalizada	43.00000000000001	64.0	58.3941605839416