Transcripcion	Levenstein	Orden	Parcial
Estandar	44.776119402985074	65.95744680851064	90.41095890410959
Estandar_normalizada	47.61904761904761	65.95744680851064	96.96969696969697
Dialectal	44.776119402985074	65.95744680851064	90.41095890410959
Dialectal_normalizada	47.61904761904761	65.95744680851064	96.96969696969697