Transcripcion	Levenstein	Orden	Parcial
Estandar	65.67901234567901	85.71428571428572	72.47386759581882
Estandar_normalizada	74.2296918767507	85.99670510708401	78.85304659498208
Dialectal	65.67901234567901	85.71428571428572	72.47386759581882
Dialectal_normalizada	74.2296918767507	85.99670510708401	78.85304659498208