Transcripcion	Levenstein	Orden	Parcial
Estandar	46.846846846846844	63.47305389221557	59.77011494252873
Estandar_normalizada	54.16666666666667	63.03030303030304	69.50354609929079
Dialectal	46.846846846846844	63.47305389221557	59.77011494252873
Dialectal_normalizada	54.16666666666667	63.03030303030304	69.50354609929079