Transcripcion	Levenstein	Orden	Parcial
Estandar	64.17910447761194	82.46913580246913	77.00831024930747
Estandar_normalizada	70.66115702479338	83.37468982630273	80.67226890756302
Dialectal	64.17910447761194	82.46913580246913	77.00831024930747
Dialectal_normalizada	70.66115702479338	83.37468982630273	80.67226890756302