Transcripcion	Levenstein	Orden	Parcial
Estandar	58.85416666666667	78.49829351535837	64.66165413533835
Estandar_normalizada	65.47619047619048	78.76712328767124	72.66187050359711
Dialectal	58.85416666666667	78.49829351535837	64.66165413533835
Dialectal_normalizada	65.47619047619048	78.76712328767124	72.66187050359711