Transcripcion	Levenstein	Orden	Parcial
Estandar	45.192307692307686	80.95238095238095	65.07936507936508
Estandar_normalizada	58.22784810126582	80.95238095238095	77.96610169491525
Dialectal	45.192307692307686	80.95238095238095	65.07936507936508
Dialectal_normalizada	58.22784810126582	80.95238095238095	77.96610169491525