Transcripcion	Levenstein	Orden	Parcial
Estandar	29.565217391304344	47.13375796178344	46.57534246575342
Estandar_normalizada	36.0	45.45454545454546	52.23880597014925
Dialectal	29.565217391304344	47.13375796178344	46.57534246575342
Dialectal_normalizada	36.0	45.45454545454546	52.23880597014925