Transcripcion	Levenstein	Orden	Parcial
Estandar	21.666666666666668	51.28205128205128	54.54545454545454
Estandar_normalizada	24.444444444444446	51.94805194805194	61.76470588235294
Dialectal	21.666666666666668	51.28205128205128	54.54545454545454
Dialectal_normalizada	24.444444444444446	51.94805194805194	61.76470588235294