Transcripcion	Levenstein	Orden	Parcial
Estandar	26.470588235294112	41.666666666666664	48.57142857142858
Estandar_normalizada	26.865671641791046	41.666666666666664	51.61290322580645
Dialectal	26.470588235294112	41.666666666666664	48.57142857142858
Dialectal_normalizada	26.865671641791046	41.666666666666664	51.61290322580645