Transcripcion	Levenstein	Orden	Parcial
Estandar	57.377049180327866	69.53405017921148	74.16666666666667
Estandar_normalizada	62.19512195121951	69.7841726618705	78.15126050420169
Dialectal	57.377049180327866	69.53405017921148	74.16666666666667
Dialectal_normalizada	62.19512195121951	69.7841726618705	78.15126050420169