Transcripcion	Levenstein	Orden	Parcial
Estandar	12.903225806451612	23.25581395348837	23.25581395348837
Estandar_normalizada	13.33333333333333	23.25581395348837	23.529411764705888
Dialectal	12.903225806451612	23.25581395348837	23.25581395348837
Dialectal_normalizada	13.33333333333333	23.25581395348837	23.529411764705888