Transcripcion	Levenstein	Orden	Parcial
Estandar	43.75	70.0	60.86956521739131
Estandar_normalizada	46.15384615384615	70.0	88.88888888888889
Dialectal	43.75	70.0	60.86956521739131
Dialectal_normalizada	46.15384615384615	70.0	88.88888888888889