Transcripcion	Levenstein	Orden	Parcial
Estandar	28.000000000000004	50.0	44.44444444444444
Estandar_normalizada	41.17647058823529	50.0	60.0
Dialectal	28.000000000000004	50.0	44.44444444444444
Dialectal_normalizada	41.17647058823529	50.0	60.0