Transcripcion	Levenstein	Orden	Parcial
Estandar	28.57142857142857	31.999999999999996	40.0
Estandar_normalizada	23.529411764705888	31.999999999999996	44.44444444444444
Dialectal	28.57142857142857	31.999999999999996	40.0
Dialectal_normalizada	23.529411764705888	31.999999999999996	44.44444444444444