Transcripcion	Levenstein	Orden	Parcial
Estandar	15.217391304347828	36.111111111111114	24.0
Estandar_normalizada	10.526315789473683	38.23529411764706	30.434782608695656
Dialectal	15.217391304347828	36.111111111111114	24.0
Dialectal_normalizada	10.526315789473683	38.23529411764706	30.434782608695656