Transcripcion	Levenstein	Orden	Parcial
Estandar	54.700854700854705	68.31683168316832	69.56521739130434
Estandar_normalizada	60.849056603773576	67.99007444168734	75.73333333333333
Dialectal	54.700854700854705	68.31683168316832	69.56521739130434
Dialectal_normalizada	60.849056603773576	67.99007444168734	75.73333333333333