Transcripcion	Levenstein	Orden	Parcial
Estandar	60.31746031746032	83.01886792452831	78.50467289719626
Estandar_normalizada	68.42105263157895	83.01886792452831	87.12871287128714
Dialectal	60.31746031746032	83.01886792452831	78.50467289719626
Dialectal_normalizada	68.42105263157895	83.01886792452831	87.12871287128714