Transcripcion	Levenstein	Orden	Parcial
Estandar	36.8421052631579	64.17910447761194	67.3076923076923
Estandar_normalizada	42.708333333333336	64.66165413533835	75.0
Dialectal	36.8421052631579	64.17910447761194	67.3076923076923
Dialectal_normalizada	42.708333333333336	64.66165413533835	75.0