Transcripcion	Levenstein	Orden	Parcial
Estandar	63.8095238095238	84.9673202614379	85.91549295774648
Estandar_normalizada	77.52808988764045	84.9673202614379	90.51094890510949
Dialectal	63.8095238095238	84.9673202614379	85.91549295774648
Dialectal_normalizada	77.52808988764045	84.9673202614379	90.51094890510949