Transcripcion	Levenstein	Orden	Parcial
Estandar	77.32558139534885	86.9281045751634	85.53459119496856
Estandar_normalizada	82.91139240506328	86.9281045751634	89.70099667774086
Dialectal	77.32558139534885	86.9281045751634	85.53459119496856
Dialectal_normalizada	82.91139240506328	86.9281045751634	89.70099667774086