Transcripcion	Levenstein	Orden	Parcial
Estandar	18.63117870722434	33.65079365079365	42.307692307692314
Estandar_normalizada	19.6078431372549	33.65079365079365	45.58823529411765
Dialectal	18.63117870722434	33.65079365079365	42.307692307692314
Dialectal_normalizada	19.6078431372549	33.65079365079365	45.58823529411765