Transcripcion	Levenstein	Orden	Parcial
Estandar	57.692307692307686	80.48780487804879	73.6842105263158
Estandar_normalizada	79.54545454545455	81.4814814814815	87.8048780487805
Dialectal	57.692307692307686	80.48780487804879	73.6842105263158
Dialectal_normalizada	79.54545454545455	81.4814814814815	87.8048780487805