Transcripcion	Levenstein	Orden	Parcial
Estandar	29.885057471264364	56.52173913043479	52.100840336134446
Estandar_normalizada	35.802469135802475	56.52173913043479	59.25925925925925
Dialectal	29.885057471264364	56.52173913043479	52.100840336134446
Dialectal_normalizada	35.802469135802475	56.52173913043479	59.25925925925925