Transcripcion	Levenstein	Orden	Parcial
Estandar	53.68421052631579	75.64102564102564	70.37037037037037
Estandar_normalizada	60.11904761904761	75.64102564102564	75.97402597402598
Dialectal	53.68421052631579	75.64102564102564	70.37037037037037
Dialectal_normalizada	60.11904761904761	75.64102564102564	75.97402597402598