Transcripcion	Levenstein	Orden	Parcial
Estandar	29.14285714285715	66.89189189189189	64.51612903225806
Estandar_normalizada	33.333333333333336	65.76271186440678	70.43478260869564
Dialectal	29.14285714285715	66.89189189189189	64.51612903225806
Dialectal_normalizada	33.333333333333336	65.76271186440678	70.43478260869564