Transcripcion	Levenstein	Orden	Parcial
Estandar	50.0	59.4059405940594	67.34693877551021
Estandar_normalizada	53.57142857142857	59.4059405940594	68.81720430107528
Dialectal	50.0	59.4059405940594	67.34693877551021
Dialectal_normalizada	53.57142857142857	59.4059405940594	68.81720430107528