Transcripcion	Levenstein	Orden	Parcial
Estandar	24.13793103448276	37.2093023255814	43.24324324324324
Estandar_normalizada	25.92592592592593	37.2093023255814	58.06451612903225
Dialectal	24.13793103448276	37.2093023255814	43.24324324324324
Dialectal_normalizada	25.92592592592593	37.2093023255814	58.06451612903225