Transcripcion	Levenstein	Orden	Parcial
Estandar	25.581395348837212	36.36363636363637	52.63157894736843
Estandar_normalizada	28.205128205128204	36.36363636363637	58.82352941176471
Dialectal	25.581395348837212	36.36363636363637	52.63157894736843
Dialectal_normalizada	28.205128205128204	36.36363636363637	58.82352941176471