Transcripcion	Levenstein	Orden	Parcial
Estandar	55.00000000000001	70.58823529411764	66.66666666666667
Estandar_normalizada	58.33333333333333	70.58823529411764	68.96551724137932
Dialectal	55.00000000000001	70.58823529411764	66.66666666666667
Dialectal_normalizada	58.33333333333333	70.58823529411764	68.96551724137932