Transcripcion	Levenstein	Orden	Parcial
Estandar	44.680851063829785	58.82352941176471	61.76470588235294
Estandar_normalizada	56.41025641025641	58.82352941176471	66.66666666666667
Dialectal	44.680851063829785	58.82352941176471	61.76470588235294
Dialectal_normalizada	56.41025641025641	58.82352941176471	66.66666666666667