Transcripcion	Levenstein	Orden	Parcial
Estandar	13.043478260869568	34.14634146341463	36.36363636363637
Estandar_normalizada	19.047619047619047	34.14634146341463	42.85714285714286
Dialectal	13.043478260869568	34.14634146341463	36.36363636363637
Dialectal_normalizada	19.047619047619047	34.14634146341463	42.85714285714286