Transcripcion	Levenstein	Orden	Parcial
Estandar	63.29113924050633	80.32786885245902	76.50602409638554
Estandar_normalizada	69.9074074074074	80.54794520547945	81.59509202453987
Dialectal	63.29113924050633	80.32786885245902	76.50602409638554
Dialectal_normalizada	69.9074074074074	80.54794520547945	81.59509202453987