Transcripcion	Levenstein	Orden	Parcial
Estandar	39.24050632911392	51.96850393700787	63.04347826086957
Estandar_normalizada	40.789473684210535	51.96850393700787	65.90909090909092
Dialectal	39.24050632911392	51.96850393700787	63.04347826086957
Dialectal_normalizada	40.789473684210535	51.96850393700787	65.90909090909092