Transcripcion	Levenstein	Orden	Parcial
Estandar	54.90196078431373	72.15189873417722	75.0
Estandar_normalizada	58.33333333333333	72.15189873417722	78.46153846153847
Dialectal	54.90196078431373	72.15189873417722	75.0
Dialectal_normalizada	58.33333333333333	72.15189873417722	78.46153846153847