Transcripcion	Levenstein	Orden	Parcial
Estandar	22.807017543859654	41.9753086419753	41.666666666666664
Estandar_normalizada	26.530612244897956	41.9753086419753	44.44444444444444
Dialectal	22.807017543859654	41.9753086419753	41.666666666666664
Dialectal_normalizada	26.530612244897956	41.9753086419753	44.44444444444444