Transcripcion	Levenstein	Orden	Parcial
Estandar	21.95121951219512	42.10526315789473	35.71428571428571
Estandar_normalizada	24.32432432432432	42.10526315789473	41.860465116279066
Dialectal	21.95121951219512	42.10526315789473	35.71428571428571
Dialectal_normalizada	24.32432432432432	42.10526315789473	41.860465116279066