Transcripcion	Levenstein	Orden	Parcial
Estandar	68.23529411764706	81.55339805825243	80.0
Estandar_normalizada	73.125	81.55339805825243	85.06493506493507
Dialectal	68.23529411764706	81.55339805825243	80.0
Dialectal_normalizada	73.125	81.55339805825243	85.06493506493507