Transcripcion	Levenstein	Orden	Parcial
Estandar	33.333333333333336	47.05882352941176	51.685393258426956
Estandar_normalizada	36.8421052631579	47.05882352941176	58.53658536585367
Dialectal	33.333333333333336	47.05882352941176	51.685393258426956
Dialectal_normalizada	36.8421052631579	47.05882352941176	58.53658536585367