Transcripcion	Levenstein	Orden	Parcial
Estandar	62.96296296296296	88.0	74.78260869565217
Estandar_normalizada	75.36231884057972	88.0	80.64516129032258
Dialectal	62.96296296296296	88.0	74.78260869565217
Dialectal_normalizada	75.36231884057972	88.0	80.64516129032258