Transcripcion	Levenstein	Orden	Parcial
Estandar	25.0	37.03703703703704	50.0
Estandar_normalizada	37.5	37.03703703703704	53.84615384615385
Dialectal	25.0	37.03703703703704	50.0
Dialectal_normalizada	37.5	37.03703703703704	53.84615384615385