Transcripcion	Levenstein	Orden	Parcial
Estandar	84.84848484848484	96.2962962962963	89.65517241379311
Estandar_normalizada	89.65517241379311	96.2962962962963	92.5925925925926
Dialectal	84.84848484848484	96.2962962962963	89.65517241379311
Dialectal_normalizada	89.65517241379311	96.2962962962963	92.5925925925926