Transcripcion	Levenstein	Orden	Parcial
Estandar	49.52076677316294	70.83333333333333	63.297872340425535
Estandar_normalizada	55.311355311355314	71.16279069767441	66.85393258426966
Dialectal	49.67948717948718	72.38979118329468	63.297872340425535
Dialectal_normalizada	55.51470588235294	72.72727272727273	67.41573033707866