Transcripcion	Levenstein	Orden	Parcial
Estandar	41.73913043478261	67.45562130177515	81.75182481751825
Estandar_normalizada	48.64864864864865	67.45562130177515	91.05691056910568
Dialectal	41.73913043478261	67.45562130177515	81.75182481751825
Dialectal_normalizada	48.64864864864865	67.45562130177515	91.05691056910568