Transcripcion	Levenstein	Orden	Parcial
Estandar	17.821782178217827	44.680851063829785	65.38461538461539
Estandar_normalizada	23.076923076923073	43.01075268817204	64.0
Dialectal	17.821782178217827	44.680851063829785	65.38461538461539
Dialectal_normalizada	23.076923076923073	43.01075268817204	64.0