Transcripcion	Levenstein	Orden	Parcial
Estandar	19.047619047619047	30.76923076923077	37.5
Estandar_normalizada	19.047619047619047	30.76923076923077	50.0
Dialectal	19.047619047619047	30.76923076923077	37.5
Dialectal_normalizada	19.047619047619047	30.76923076923077	50.0