Transcripcion	Levenstein	Orden	Parcial
Estandar	47.24409448818898	70.65868263473054	60.86956521739131
Estandar_normalizada	53.63636363636364	71.08433734939759	67.16417910447761
Dialectal	47.24409448818898	70.65868263473054	60.86956521739131
Dialectal_normalizada	53.63636363636364	71.08433734939759	67.16417910447761