Transcripcion	Levenstein	Orden	Parcial
Estandar	11.111111111111116	21.052631578947366	26.66666666666667
Estandar_normalizada	21.42857142857143	33.333333333333336	36.36363636363637
Dialectal	11.111111111111116	21.052631578947366	26.66666666666667
Dialectal_normalizada	21.42857142857143	33.333333333333336	36.36363636363637