Transcripcion	Levenstein	Orden	Parcial
Estandar	13.043478260869568	33.333333333333336	28.57142857142857
Estandar_normalizada	19.999999999999996	33.333333333333336	42.85714285714286
Dialectal	13.043478260869568	33.333333333333336	28.57142857142857
Dialectal_normalizada	19.999999999999996	33.333333333333336	42.85714285714286