Transcripcion	Levenstein	Orden	Parcial
Estandar	6.666666666666665	18.181818181818176	22.22222222222222
Estandar_normalizada	10.526315789473683	18.181818181818176	25.0
Dialectal	6.666666666666665	18.181818181818176	22.22222222222222
Dialectal_normalizada	10.526315789473683	18.181818181818176	25.0