Transcripcion	Levenstein	Orden	Parcial
Estandar	39.69465648854962	64.76190476190476	61.73913043478261
Estandar_normalizada	47.78761061946902	64.76190476190476	73.57512953367875
Dialectal	39.69465648854962	64.76190476190476	61.73913043478261
Dialectal_normalizada	47.78761061946902	64.76190476190476	73.57512953367875