Transcripcion	Levenstein	Orden	Parcial
Estandar	57.7922077922078	67.24890829694323	60.909090909090914
Estandar_normalizada	66.16541353383458	67.54385964912281	71.2962962962963
Dialectal	57.7922077922078	67.24890829694323	60.909090909090914
Dialectal_normalizada	66.16541353383458	67.54385964912281	71.2962962962963