Transcripcion	Levenstein	Orden	Parcial
Estandar	59.86666666666667	81.43497757847533	69.72972972972973
Estandar_normalizada	66.56346749226006	82.31046931407943	75.80340264650283
Dialectal	59.86666666666667	81.43497757847533	69.72972972972973
Dialectal_normalizada	66.56346749226006	82.31046931407943	75.80340264650283