Transcripcion	Levenstein	Orden	Parcial
Estandar	54.216867469879524	63.24110671936759	72.22222222222221
Estandar_normalizada	60.83916083916083	63.24110671936759	75.0
Dialectal	54.216867469879524	63.24110671936759	72.22222222222221
Dialectal_normalizada	60.83916083916083	63.24110671936759	75.0