Transcripcion	Levenstein	Orden	Parcial
Estandar	53.10880829015544	69.67509025270758	62.06896551724138
Estandar_normalizada	59.93975903614458	69.20289855072464	70.63492063492063
Dialectal	53.10880829015544	69.67509025270758	62.06896551724138
Dialectal_normalizada	59.93975903614458	69.20289855072464	70.63492063492063