Transcripcion	Levenstein	Orden	Parcial
Estandar	53.987730061349694	78.0952380952381	81.44329896907216
Estandar_normalizada	62.5	78.84615384615384	85.86956521739131
Dialectal	53.987730061349694	78.0952380952381	81.44329896907216
Dialectal_normalizada	62.5	78.84615384615384	85.86956521739131