Transcripcion	Levenstein	Orden	Parcial
Estandar	25.0	41.379310344827594	43.47826086956522
Estandar_normalizada	27.77777777777778	41.379310344827594	51.85185185185186
Dialectal	25.0	41.379310344827594	43.47826086956522
Dialectal_normalizada	27.77777777777778	41.379310344827594	51.85185185185186