Transcripcion	Levenstein	Orden	Parcial
Estandar	63.24324324324324	88.14814814814815	70.96774193548387
Estandar_normalizada	73.45679012345678	89.13857677902621	77.68595041322314
Dialectal	63.24324324324324	88.14814814814815	70.96774193548387
Dialectal_normalizada	73.45679012345678	89.13857677902621	77.68595041322314