Transcripcion	Levenstein	Orden	Parcial
Estandar	19.512195121951216	54.794520547945204	46.57534246575342
Estandar_normalizada	25.64102564102564	54.794520547945204	50.0
Dialectal	19.512195121951216	54.794520547945204	46.57534246575342
Dialectal_normalizada	25.64102564102564	54.794520547945204	50.0