Transcripcion	Levenstein	Orden	Parcial
Estandar	12.195121951219512	26.66666666666667	40.90909090909091
Estandar_normalizada	16.666666666666664	27.397260273972602	42.85714285714286
Dialectal	12.195121951219512	26.66666666666667	40.90909090909091
Dialectal_normalizada	16.666666666666664	27.397260273972602	42.85714285714286