Transcripcion	Levenstein	Orden	Parcial
Estandar	58.06451612903225	81.63265306122449	76.0
Estandar_normalizada	70.37037037037037	81.63265306122449	84.44444444444444
Dialectal	58.06451612903225	81.63265306122449	76.0
Dialectal_normalizada	70.37037037037037	81.63265306122449	84.44444444444444