Transcripcion	Levenstein	Orden	Parcial
Estandar	28.125	29.268292682926834	41.379310344827594
Estandar_normalizada	28.57142857142857	29.268292682926834	40.0
Dialectal	28.125	29.268292682926834	41.379310344827594
Dialectal_normalizada	28.57142857142857	29.268292682926834	40.0