Transcripcion	Levenstein	Orden	Parcial
Estandar	8.333333333333337	26.086956521739136	22.22222222222222
Estandar_normalizada	30.76923076923077	28.57142857142857	40.0
Dialectal	8.333333333333337	26.086956521739136	22.22222222222222
Dialectal_normalizada	30.76923076923077	28.57142857142857	40.0