Transcripcion	Levenstein	Orden	Parcial
Estandar	18.518518518518523	25.0	33.333333333333336
Estandar_normalizada	23.076923076923073	25.0	50.0
Dialectal	18.518518518518523	25.0	33.333333333333336
Dialectal_normalizada	23.076923076923073	25.0	50.0