Transcripcion	Levenstein	Orden	Parcial
Estandar	15.000000000000002	42.10526315789473	60.0
Estandar_normalizada	25.0	42.10526315789473	80.0
Dialectal	15.000000000000002	42.10526315789473	60.0
Dialectal_normalizada	25.0	42.10526315789473	80.0