Transcripcion	Levenstein	Orden	Parcial
Estandar	70.58823529411764	93.0909090909091	71.85185185185186
Estandar_normalizada	79.01234567901234	93.43065693430657	78.48101265822784
Dialectal	70.58823529411764	93.0909090909091	71.85185185185186
Dialectal_normalizada	79.01234567901234	93.43065693430657	78.48101265822784