Transcripcion	Levenstein	Orden	Parcial
Estandar	45.70361145703612	72.508038585209	64.1779189833201
Estandar_normalizada	51.920341394025606	72.85945072697899	68.6046511627907
Dialectal	45.70361145703612	72.508038585209	64.1779189833201
Dialectal_normalizada	51.920341394025606	72.85945072697899	68.6046511627907