Transcripcion	Levenstein	Orden	Parcial
Estandar	20.300751879699252	41.0958904109589	52.83018867924528
Estandar_normalizada	26.126126126126124	41.666666666666664	60.7843137254902
Dialectal	20.300751879699252	41.0958904109589	52.83018867924528
Dialectal_normalizada	26.126126126126124	41.666666666666664	60.7843137254902