Transcripcion	Levenstein	Orden	Parcial
Estandar	60.66176470588236	78.52760736196319	76.13412228796844
Estandar_normalizada	67.58893280632411	78.85010266940452	85.90308370044053
Dialectal	60.66176470588236	78.52760736196319	76.13412228796844
Dialectal_normalizada	67.58893280632411	78.85010266940452	85.90308370044053