Transcripcion	Levenstein	Orden	Parcial
Estandar	66.66666666666667	84.21052631578947	86.48648648648648
Estandar_normalizada	78.57142857142857	84.21052631578947	87.67123287671232
Dialectal	66.66666666666667	84.21052631578947	86.48648648648648
Dialectal_normalizada	78.57142857142857	84.21052631578947	87.67123287671232