Transcripcion	Levenstein	Orden	Parcial
Estandar	50.0	69.23076923076923	69.23076923076923
Estandar_normalizada	50.0	69.23076923076923	72.0
Dialectal	50.0	69.23076923076923	69.23076923076923
Dialectal_normalizada	50.0	69.23076923076923	72.0