Transcripcion	Levenstein	Orden	Parcial
Estandar	58.38150289017341	68.75	64.40677966101696
Estandar_normalizada	62.58064516129031	68.75	69.29824561403508
Dialectal	58.38150289017341	68.75	64.40677966101696
Dialectal_normalizada	62.58064516129031	68.75	69.29824561403508