Transcripcion	Levenstein	Orden	Parcial
Estandar	46.83544303797469	78.16091954022988	56.41025641025641
Estandar_normalizada	55.73770491803278	80.0	71.42857142857143
Dialectal	46.83544303797469	78.16091954022988	56.41025641025641
Dialectal_normalizada	55.73770491803278	80.0	71.42857142857143