Transcripcion	Levenstein	Orden	Parcial
Estandar	76.04166666666666	89.30817610062893	85.8974358974359
Estandar_normalizada	79.54545454545455	89.30817610062893	90.66666666666666
Dialectal	76.04166666666666	89.30817610062893	85.8974358974359
Dialectal_normalizada	79.54545454545455	89.30817610062893	90.66666666666666