Transcripcion	Levenstein	Orden	Parcial
Estandar	26.16822429906542	51.61290322580645	51.685393258426956
Estandar_normalizada	34.09090909090909	50.40650406504066	59.45945945945945
Dialectal	26.16822429906542	51.61290322580645	51.685393258426956
Dialectal_normalizada	34.09090909090909	50.40650406504066	59.45945945945945