Transcripcion	Levenstein	Orden	Parcial
Estandar	29.78723404255319	46.913580246913575	45.56962025316456
Estandar_normalizada	36.36363636363637	47.5	51.61290322580645
Dialectal	29.78723404255319	46.913580246913575	45.56962025316456
Dialectal_normalizada	36.36363636363637	47.5	51.61290322580645