Transcripcion	Levenstein	Orden	Parcial
Estandar	50.943396226415096	58.06451612903225	64.44444444444444
Estandar_normalizada	55.769230769230774	58.06451612903225	65.88235294117646
Dialectal	50.943396226415096	58.06451612903225	64.44444444444444
Dialectal_normalizada	55.769230769230774	58.06451612903225	65.88235294117646