Transcripcion	Levenstein	Orden	Parcial
Estandar	34.210526315789465	65.11627906976744	82.35294117647058
Estandar_normalizada	41.269841269841265	65.88235294117646	88.88888888888889
Dialectal	34.210526315789465	65.11627906976744	82.35294117647058
Dialectal_normalizada	41.269841269841265	65.88235294117646	88.88888888888889