Transcripcion	Levenstein	Orden	Parcial
Estandar	14.70588235294118	41.379310344827594	36.36363636363637
Estandar_normalizada	24.0	42.85714285714286	54.54545454545454
Dialectal	14.70588235294118	41.379310344827594	36.36363636363637
Dialectal_normalizada	24.0	42.85714285714286	54.54545454545454