Transcripcion	Levenstein	Orden	Parcial
Estandar	17.948717948717952	29.78723404255319	42.85714285714286
Estandar_normalizada	19.354838709677423	29.78723404255319	45.714285714285715
Dialectal	17.948717948717952	29.78723404255319	42.85714285714286
Dialectal_normalizada	19.354838709677423	29.78723404255319	45.714285714285715