Transcripcion	Levenstein	Orden	Parcial
Estandar	20.63492063492064	35.862068965517246	40.44943820224719
Estandar_normalizada	25.71428571428571	32.3943661971831	43.18181818181818
Dialectal	20.63492063492064	35.862068965517246	40.44943820224719
Dialectal_normalizada	25.71428571428571	32.3943661971831	43.18181818181818