Transcripcion	Levenstein	Orden	Parcial
Estandar	59.899749373433586	76.82539682539682	70.86092715231788
Estandar_normalizada	64.42577030812325	77.38853503184713	75.08417508417509
Dialectal	59.798994974874375	76.62957074721781	70.86092715231788
Dialectal_normalizada	64.32584269662922	77.19298245614034	75.08417508417509