Transcripcion	Levenstein	Orden	Parcial
Estandar	69.76744186046511	98.36065573770492	80.64516129032258
Estandar_normalizada	85.71428571428572	98.36065573770492	93.33333333333333
Dialectal	69.76744186046511	98.36065573770492	80.64516129032258
Dialectal_normalizada	85.71428571428572	98.36065573770492	93.33333333333333