Transcripcion	Levenstein	Orden	Parcial
Estandar	21.42857142857143	30.303030303030297	34.48275862068966
Estandar_normalizada	19.444444444444443	30.303030303030297	36.92307692307693
Dialectal	21.42857142857143	30.303030303030297	34.48275862068966
Dialectal_normalizada	19.444444444444443	30.303030303030297	36.92307692307693