Transcripcion	Levenstein	Orden	Parcial
Estandar	8.695652173913048	18.181818181818176	25.0
Estandar_normalizada	15.000000000000002	18.181818181818176	50.0
Dialectal	8.695652173913048	18.181818181818176	25.0
Dialectal_normalizada	15.000000000000002	18.181818181818176	50.0