Transcripcion	Levenstein	Orden	Parcial
Estandar	40.54054054054054	82.92682926829268	78.94736842105263
Estandar_normalizada	59.25925925925925	82.92682926829268	83.33333333333334
Dialectal	40.54054054054054	82.92682926829268	78.94736842105263
Dialectal_normalizada	59.25925925925925	82.92682926829268	83.33333333333334