Transcripcion	Levenstein	Orden	Parcial
Estandar	68.83116883116884	90.75630252100841	80.62015503875969
Estandar_normalizada	78.125	90.75630252100841	89.25619834710744
Dialectal	68.83116883116884	90.75630252100841	80.62015503875969
Dialectal_normalizada	78.125	90.75630252100841	89.25619834710744