Transcripcion	Levenstein	Orden	Parcial
Estandar	26.15384615384615	43.518518518518526	42.93785310734464
Estandar_normalizada	27.500000000000004	43.518518518518526	45.238095238095234
Dialectal	26.15384615384615	43.518518518518526	42.93785310734464
Dialectal_normalizada	27.500000000000004	43.518518518518526	45.238095238095234