Transcripcion	Levenstein	Orden	Parcial
Estandar	50.90909090909091	78.1725888324873	69.23076923076923
Estandar_normalizada	58.87850467289719	78.57142857142857	74.86033519553072
Dialectal	50.90909090909091	78.1725888324873	69.23076923076923
Dialectal_normalizada	58.87850467289719	78.57142857142857	74.86033519553072