Transcripcion	Levenstein	Orden	Parcial
Estandar	7.692307692307687	13.33333333333333	23.529411764705888
Estandar_normalizada	11.111111111111116	13.33333333333333	30.76923076923077
Dialectal	7.692307692307687	13.33333333333333	23.529411764705888
Dialectal_normalizada	11.111111111111116	13.33333333333333	30.76923076923077