Transcripcion	Levenstein	Orden	Parcial
Estandar	78.69415807560138	88.66396761133603	85.44061302681992
Estandar_normalizada	85.0	88.84381338742394	91.05691056910568
Dialectal	78.69415807560138	88.66396761133603	85.44061302681992
Dialectal_normalizada	85.0	88.84381338742394	91.05691056910568