Transcripcion	Levenstein	Orden	Parcial
Estandar	11.764705882352944	34.78260869565217	37.5
Estandar_normalizada	14.28571428571429	34.78260869565217	46.666666666666664
Dialectal	11.764705882352944	34.78260869565217	37.5
Dialectal_normalizada	14.28571428571429	34.78260869565217	46.666666666666664