Transcripcion	Levenstein	Orden	Parcial
Estandar	22.368421052631582	53.125	60.0
Estandar_normalizada	31.57894736842105	53.968253968253975	68.42105263157895
Dialectal	22.368421052631582	53.125	60.0
Dialectal_normalizada	31.57894736842105	53.968253968253975	68.42105263157895