Transcripcion	Levenstein	Orden	Parcial
Estandar	74.06639004149378	90.15151515151516	78.22784810126582
Estandar_normalizada	82.02764976958525	90.15151515151516	86.91099476439791
Dialectal	74.06639004149378	90.15151515151516	78.22784810126582
Dialectal_normalizada	82.02764976958525	90.15151515151516	86.91099476439791