Transcripcion	Levenstein	Orden	Parcial
Estandar	28.57142857142857	61.15702479338842	52.63157894736843
Estandar_normalizada	28.787878787878785	61.15702479338842	58.00000000000001
Dialectal	28.57142857142857	61.15702479338842	52.63157894736843
Dialectal_normalizada	28.787878787878785	61.15702479338842	58.00000000000001