Transcripcion	Levenstein	Orden	Parcial
Estandar	52.0	84.84848484848484	86.66666666666667
Estandar_normalizada	66.66666666666667	84.84848484848484	100.0
Dialectal	52.0	84.84848484848484	86.66666666666667
Dialectal_normalizada	66.66666666666667	84.84848484848484	100.0