Transcripcion	Levenstein	Orden	Parcial
Estandar	57.14285714285714	74.64788732394366	70.76923076923076
Estandar_normalizada	62.96296296296296	75.177304964539	74.19354838709677
Dialectal	57.14285714285714	74.64788732394366	70.76923076923076
Dialectal_normalizada	62.96296296296296	75.177304964539	74.19354838709677