Transcripcion	Levenstein	Orden	Parcial
Estandar	18.518518518518523	23.529411764705888	37.03703703703704
Estandar_normalizada	17.391304347826086	23.529411764705888	36.36363636363637
Dialectal	18.518518518518523	23.529411764705888	37.03703703703704
Dialectal_normalizada	17.391304347826086	23.529411764705888	36.36363636363637