Transcripcion	Levenstein	Orden	Parcial
Estandar	53.14685314685315	58.77192982456141	66.95278969957081
Estandar_normalizada	63.565891472868216	58.77192982456141	76.69902912621359
Dialectal	53.14685314685315	58.77192982456141	66.95278969957081
Dialectal_normalizada	63.565891472868216	58.77192982456141	76.69902912621359