Transcripcion	Levenstein	Orden	Parcial
Estandar	69.92481203007519	80.49792531120332	82.03125
Estandar_normalizada	74.79674796747969	80.49792531120332	84.77366255144034
Dialectal	69.92481203007519	80.49792531120332	82.03125
Dialectal_normalizada	74.79674796747969	80.49792531120332	84.77366255144034