Transcripcion	Levenstein	Orden	Parcial
Estandar	43.333333333333336	69.6969696969697	71.42857142857143
Estandar_normalizada	56.94444444444444	69.6969696969697	81.25
Dialectal	43.333333333333336	69.6969696969697	71.42857142857143
Dialectal_normalizada	56.94444444444444	69.6969696969697	81.25