Transcripcion	Levenstein	Orden	Parcial
Estandar	47.50830564784053	65.2014652014652	68.0244399185336
Estandar_normalizada	51.5358361774744	65.2014652014652	71.45877378435517
Dialectal	47.50830564784053	65.2014652014652	68.0244399185336
Dialectal_normalizada	51.5358361774744	65.2014652014652	71.45877378435517