Transcripcion	Levenstein	Orden	Parcial
Estandar	22.44897959183674	42.85714285714286	81.81818181818181
Estandar_normalizada	22.499999999999996	43.90243902439024	100.0
Dialectal	22.44897959183674	42.85714285714286	81.81818181818181
Dialectal_normalizada	22.499999999999996	43.90243902439024	100.0