Transcripcion	Levenstein	Orden	Parcial
Estandar	21.818181818181813	35.71428571428571	40.625
Estandar_normalizada	23.636363636363633	35.71428571428571	40.0
Dialectal	21.818181818181813	35.71428571428571	40.625
Dialectal_normalizada	23.636363636363633	35.71428571428571	40.0