Transcripcion	Levenstein	Orden	Parcial
Estandar	71.21212121212122	86.11111111111111	93.06930693069306
Estandar_normalizada	76.61290322580645	86.11111111111111	96.875
Dialectal	71.21212121212122	86.11111111111111	93.06930693069306
Dialectal_normalizada	76.61290322580645	86.11111111111111	96.875