Transcripcion	Levenstein	Orden	Parcial
Estandar	12.5	24.561403508771928	29.268292682926834
Estandar_normalizada	18.181818181818176	25.0	37.83783783783784
Dialectal	12.5	24.561403508771928	29.268292682926834
Dialectal_normalizada	18.181818181818176	25.0	37.83783783783784