Transcripcion	Levenstein	Orden	Parcial
Estandar	74.28023032629558	84.24581005586592	79.95365005793744
Estandar_normalizada	79.67145790554414	83.59550561797752	85.24590163934427
Dialectal	74.28023032629558	84.24581005586592	79.95365005793744
Dialectal_normalizada	79.67145790554414	83.59550561797752	85.24590163934427