Transcripcion	Levenstein	Orden	Parcial
Estandar	67.14285714285715	82.06686930091185	74.496644295302
Estandar_normalizada	74.3455497382199	82.06686930091185	80.27210884353741
Dialectal	67.4641148325359	82.31707317073172	74.496644295302
Dialectal_normalizada	74.73684210526315	82.31707317073172	80.27210884353741