Transcripcion	Levenstein	Orden	Parcial
Estandar	43.00000000000001	71.12462006079028	80.70175438596492
Estandar_normalizada	51.03092783505154	71.34146341463415	88.12260536398468
Dialectal	43.00000000000001	71.12462006079028	80.70175438596492
Dialectal_normalizada	51.03092783505154	71.34146341463415	88.12260536398468