Transcripcion	Levenstein	Orden	Parcial
Estandar	12.195121951219512	31.818181818181824	42.85714285714286
Estandar_normalizada	15.625	27.906976744186053	50.0
Dialectal	12.195121951219512	31.818181818181824	42.85714285714286
Dialectal_normalizada	15.625	27.906976744186053	50.0