Transcripcion	Levenstein	Orden	Parcial
Estandar	18.666666666666664	55.55555555555556	52.991452991452995
Estandar_normalizada	22.058823529411764	56.00000000000001	60.952380952380956
Dialectal	18.666666666666664	55.55555555555556	52.991452991452995
Dialectal_normalizada	22.058823529411764	56.00000000000001	60.952380952380956