Transcripcion	Levenstein	Orden	Parcial
Estandar	0.0	19.999999999999996	12.5
Estandar_normalizada	0.0	19.999999999999996	26.66666666666667
Dialectal	0.0	19.999999999999996	12.5
Dialectal_normalizada	0.0	19.999999999999996	26.66666666666667