Transcripcion	Levenstein	Orden	Parcial
Estandar	66.02316602316603	81.7102137767221	72.77277277277277
Estandar_normalizada	72.7427597955707	81.80952380952381	79.17505030181087
Dialectal	66.02316602316603	81.7102137767221	72.77277277277277
Dialectal_normalizada	72.7427597955707	81.80952380952381	79.17505030181087