Transcripcion	Levenstein	Orden	Parcial
Estandar	58.28402366863905	73.08970099667775	74.14050822122572
Estandar_normalizada	70.3225806451613	73.33333333333334	83.33333333333334
Dialectal	58.28402366863905	73.08970099667775	74.14050822122572
Dialectal_normalizada	70.3225806451613	73.33333333333334	83.33333333333334