Transcripcion	Levenstein	Orden	Parcial
Estandar	72.97297297297297	77.41935483870968	87.5
Estandar_normalizada	84.84848484848484	77.41935483870968	93.5483870967742
Dialectal	72.97297297297297	77.41935483870968	87.5
Dialectal_normalizada	84.84848484848484	77.41935483870968	93.5483870967742