Transcripcion	Levenstein	Orden	Parcial
Estandar	54.16666666666667	65.0	69.76744186046511
Estandar_normalizada	63.63636363636363	65.0	76.92307692307692
Dialectal	54.16666666666667	65.0	69.76744186046511
Dialectal_normalizada	63.63636363636363	65.0	76.92307692307692