Transcripcion	Levenstein	Orden	Parcial
Estandar	56.52173913043479	67.72486772486772	72.18934911242604
Estandar_normalizada	60.0	67.72486772486772	77.9874213836478
Dialectal	56.52173913043479	67.72486772486772	72.18934911242604
Dialectal_normalizada	60.0	67.72486772486772	77.9874213836478