Transcripcion	Levenstein	Orden	Parcial
Estandar	58.490566037735846	69.87951807228916	70.45454545454545
Estandar_normalizada	65.95744680851064	69.87951807228916	74.35897435897436
Dialectal	58.490566037735846	69.87951807228916	70.45454545454545
Dialectal_normalizada	65.95744680851064	69.87951807228916	74.35897435897436