Transcripcion	Levenstein	Orden	Parcial
Estandar	41.35802469135802	66.66666666666667	61.855670103092784
Estandar_normalizada	45.8041958041958	66.95278969957081	67.03601108033241
Dialectal	40.866873065015476	66.38115631691649	61.498708010335925
Dialectal_normalizada	45.263157894736835	66.66666666666667	66.66666666666667