Transcripcion	Levenstein	Orden	Parcial
Estandar	42.3728813559322	68.42105263157895	74.24242424242425
Estandar_normalizada	50.5050505050505	68.87417218543047	75.38461538461539
Dialectal	42.3728813559322	68.42105263157895	74.24242424242425
Dialectal_normalizada	50.5050505050505	68.87417218543047	75.38461538461539