Transcripcion	Levenstein	Orden	Parcial
Estandar	62.12471131639723	77.47368421052632	72.64957264957265
Estandar_normalizada	67.43295019157088	77.52808988764045	76.91176470588235
Dialectal	62.12471131639723	77.47368421052632	72.64957264957265
Dialectal_normalizada	67.43295019157088	77.52808988764045	76.91176470588235