Transcripcion	Levenstein	Orden	Parcial
Estandar	26.315789473684216	44.44444444444444	58.33333333333333
Estandar_normalizada	36.8421052631579	44.44444444444444	80.0
Dialectal	26.315789473684216	44.44444444444444	58.33333333333333
Dialectal_normalizada	36.8421052631579	44.44444444444444	80.0