Transcripcion	Levenstein	Orden	Parcial
Estandar	4.545454545454541	9.375	40.0
Estandar_normalizada	4.8387096774193505	9.375	50.0
Dialectal	4.545454545454541	9.375	40.0
Dialectal_normalizada	4.8387096774193505	9.375	50.0