Transcripcion	Levenstein	Orden	Parcial
Estandar	67.58957654723127	82.3766364551863	71.78464606181456
Estandar_normalizada	76.38376383763837	82.79352226720647	79.95867768595042
Dialectal	67.58957654723127	82.3766364551863	71.78464606181456
Dialectal_normalizada	76.38376383763837	82.79352226720647	79.95867768595042