Transcripcion	Levenstein	Orden	Parcial
Estandar	43.925233644859816	68.11594202898551	84.31372549019608
Estandar_normalizada	50.0	68.61313868613139	88.0
Dialectal	43.925233644859816	68.11594202898551	84.31372549019608
Dialectal_normalizada	50.0	68.61313868613139	88.0