Transcripcion	Levenstein	Orden	Parcial
Estandar	67.58241758241759	76.97368421052632	76.35135135135135
Estandar_normalizada	72.94117647058825	76.97368421052632	79.28571428571428
Dialectal	67.58241758241759	76.97368421052632	76.35135135135135
Dialectal_normalizada	72.94117647058825	76.97368421052632	79.28571428571428