Transcripcion	Levenstein	Orden	Parcial
Estandar	11.475409836065575	29.47368421052632	43.99999999999999
Estandar_normalizada	14.583333333333337	30.434782608695656	50.0
Dialectal	11.475409836065575	29.47368421052632	43.99999999999999
Dialectal_normalizada	14.583333333333337	30.434782608695656	50.0