Transcripcion	Levenstein	Orden	Parcial
Estandar	71.0	81.90854870775348	79.6078431372549
Estandar_normalizada	78.54545454545455	82.07171314741035	84.12371134020619
Dialectal	71.0	81.90854870775348	79.6078431372549
Dialectal_normalizada	78.54545454545455	82.07171314741035	84.12371134020619