Transcripcion	Levenstein	Orden	Parcial
Estandar	30.000000000000004	45.28301886792453	47.36842105263158
Estandar_normalizada	33.333333333333336	45.28301886792453	52.63157894736843
Dialectal	30.000000000000004	45.28301886792453	47.36842105263158
Dialectal_normalizada	33.333333333333336	45.28301886792453	52.63157894736843