Transcripcion	Levenstein	Orden	Parcial
Estandar	57.35849056603774	74.51487710219922	63.06818181818181
Estandar_normalizada	65.51724137931035	75.35853976531943	71.01449275362319
Dialectal	57.35849056603774	74.51487710219922	63.06818181818181
Dialectal_normalizada	65.51724137931035	75.35853976531943	71.01449275362319