Transcripcion	Levenstein	Orden	Parcial
Estandar	13.043478260869568	17.391304347826086	33.333333333333336
Estandar_normalizada	11.111111111111116	17.391304347826086	44.44444444444444
Dialectal	13.043478260869568	17.391304347826086	33.333333333333336
Dialectal_normalizada	11.111111111111116	17.391304347826086	44.44444444444444