Transcripcion	Levenstein	Orden	Parcial
Estandar	71.70731707317073	83.5036496350365	82.69794721407624
Estandar_normalizada	78.4366576819407	83.62573099415205	87.57575757575758
Dialectal	71.70731707317073	83.5036496350365	82.69794721407624
Dialectal_normalizada	78.4366576819407	83.62573099415205	87.57575757575758