Transcripcion	Levenstein	Orden	Parcial
Estandar	60.03616636528029	79.55112219451371	69.16666666666667
Estandar_normalizada	68.04123711340206	79.5483061480552	75.0
Dialectal	60.03616636528029	79.55112219451371	69.16666666666667
Dialectal_normalizada	68.04123711340206	79.5483061480552	75.0