Transcripcion	Levenstein	Orden	Parcial
Estandar	27.77777777777778	51.533742331288344	58.490566037735846
Estandar_normalizada	32.53968253968254	52.17391304347826	61.702127659574465
Dialectal	27.77777777777778	51.533742331288344	58.490566037735846
Dialectal_normalizada	32.53968253968254	52.17391304347826	61.702127659574465