Transcripcion	Levenstein	Orden	Parcial
Estandar	25.92592592592593	36.8421052631579	43.90243902439024
Estandar_normalizada	21.739130434782606	36.8421052631579	47.05882352941176
Dialectal	25.92592592592593	36.8421052631579	43.90243902439024
Dialectal_normalizada	21.739130434782606	36.8421052631579	47.05882352941176