Transcripcion	Levenstein	Orden	Parcial
Estandar	31.11111111111111	39.39393939393939	50.0
Estandar_normalizada	31.707317073170728	39.39393939393939	51.85185185185186
Dialectal	31.11111111111111	39.39393939393939	50.0
Dialectal_normalizada	31.707317073170728	39.39393939393939	51.85185185185186