Transcripcion	Levenstein	Orden	Parcial
Estandar	58.177570093457945	73.51190476190477	68.46846846846847
Estandar_normalizada	65.0	73.13432835820896	74.375
Dialectal	58.177570093457945	73.51190476190477	68.46846846846847
Dialectal_normalizada	65.0	73.13432835820896	74.375