Transcripcion	Levenstein	Orden	Parcial
Estandar	17.021276595744684	27.586206896551722	41.17647058823529
Estandar_normalizada	19.14893617021277	27.586206896551722	53.84615384615385
Dialectal	17.021276595744684	27.586206896551722	41.17647058823529
Dialectal_normalizada	19.14893617021277	27.586206896551722	53.84615384615385