Transcripcion	Levenstein	Orden	Parcial
Estandar	18.085106382978722	39.175257731958766	47.05882352941176
Estandar_normalizada	24.32432432432432	40.0	48.484848484848484
Dialectal	18.085106382978722	39.175257731958766	47.05882352941176
Dialectal_normalizada	24.32432432432432	40.0	48.484848484848484