Transcripcion	Levenstein	Orden	Parcial
Estandar	69.44444444444444	87.5	86.95652173913044
Estandar_normalizada	79.41176470588236	87.5	89.65517241379311
Dialectal	69.44444444444444	87.5	86.95652173913044
Dialectal_normalizada	79.41176470588236	87.5	89.65517241379311