Transcripcion	Levenstein	Orden	Parcial
Estandar	20.43795620437956	38.55421686746988	35.55555555555555
Estandar_normalizada	23.076923076923073	39.02439024390244	39.0625
Dialectal	20.43795620437956	38.55421686746988	35.55555555555555
Dialectal_normalizada	23.076923076923073	39.02439024390244	39.0625