Transcripcion	Levenstein	Orden	Parcial
Estandar	19.999999999999996	41.509433962264154	48.88888888888889
Estandar_normalizada	21.212121212121215	41.509433962264154	51.28205128205128
Dialectal	19.999999999999996	41.509433962264154	48.88888888888889
Dialectal_normalizada	21.212121212121215	41.509433962264154	51.28205128205128