Transcripcion	Levenstein	Orden	Parcial
Estandar	50.0	66.66666666666667	63.63636363636363
Estandar_normalizada	65.0	66.66666666666667	78.94736842105263
Dialectal	50.0	66.66666666666667	63.63636363636363
Dialectal_normalizada	65.0	66.66666666666667	78.94736842105263