Transcripcion	Levenstein	Orden	Parcial
Estandar	72.81553398058253	89.14285714285714	84.0909090909091
Estandar_normalizada	79.56989247311827	89.14285714285714	88.50574712643679
Dialectal	72.81553398058253	89.14285714285714	84.0909090909091
Dialectal_normalizada	79.56989247311827	89.14285714285714	88.50574712643679