Transcripcion	Levenstein	Orden	Parcial
Estandar	70.56367432150313	76.90417690417691	78.05486284289277
Estandar_normalizada	74.43946188340806	77.24477244772447	81.91214470284238
Dialectal	70.56367432150313	76.90417690417691	78.05486284289277
Dialectal_normalizada	74.43946188340806	77.24477244772447	81.91214470284238