Transcripcion	Levenstein	Orden	Parcial
Estandar	31.016042780748666	45.16129032258065	55.714285714285715
Estandar_normalizada	33.93939393939394	45.581395348837205	61.19402985074627
Dialectal	31.016042780748666	45.16129032258065	55.714285714285715
Dialectal_normalizada	33.93939393939394	45.581395348837205	61.19402985074627