Transcripcion	Levenstein	Orden	Parcial
Estandar	25.0	37.5	42.307692307692314
Estandar_normalizada	25.0	37.5	42.307692307692314
Dialectal	25.0	37.5	42.307692307692314
Dialectal_normalizada	25.0	37.5	42.307692307692314