Transcripcion	Levenstein	Orden	Parcial
Estandar	62.227324913892076	79.05255366395264	70.64748201438849
Estandar_normalizada	70.9592641261498	79.1388270230141	78.61538461538461
Dialectal	62.227324913892076	79.05255366395264	70.64748201438849
Dialectal_normalizada	70.9592641261498	79.1388270230141	78.61538461538461