Transcripcion	Levenstein	Orden	Parcial
Estandar	34.61538461538461	77.77777777777779	77.77777777777779
Estandar_normalizada	43.75	77.77777777777779	100.0
Dialectal	34.61538461538461	77.77777777777779	77.77777777777779
Dialectal_normalizada	43.75	77.77777777777779	100.0