Transcripcion	Levenstein	Orden	Parcial
Estandar	20.967741935483875	40.38461538461539	40.816326530612244
Estandar_normalizada	25.806451612903224	40.38461538461539	44.44444444444444
Dialectal	20.967741935483875	40.38461538461539	40.816326530612244
Dialectal_normalizada	25.806451612903224	40.38461538461539	44.44444444444444