Transcripcion	Levenstein	Orden	Parcial
Estandar	40.11976047904192	58.70646766169154	73.6842105263158
Estandar_normalizada	46.85314685314685	59.2964824120603	78.87323943661973
Dialectal	40.11976047904192	58.70646766169154	73.6842105263158
Dialectal_normalizada	46.85314685314685	59.2964824120603	78.87323943661973