Transcripcion	Levenstein	Orden	Parcial
Estandar	28.57142857142857	48.484848484848484	42.85714285714286
Estandar_normalizada	21.052631578947366	48.484848484848484	48.0
Dialectal	28.57142857142857	48.484848484848484	42.85714285714286
Dialectal_normalizada	21.052631578947366	48.484848484848484	48.0