Transcripcion	Levenstein	Orden	Parcial
Estandar	42.50000000000001	59.154929577464785	58.82352941176471
Estandar_normalizada	40.54054054054054	59.154929577464785	60.31746031746032
Dialectal	42.50000000000001	59.154929577464785	58.82352941176471
Dialectal_normalizada	40.54054054054054	59.154929577464785	60.31746031746032