Transcripcion	Levenstein	Orden	Parcial
Estandar	12.5	32.91139240506329	30.76923076923077
Estandar_normalizada	18.032786885245898	33.333333333333336	34.61538461538461
Dialectal	12.5	32.91139240506329	30.76923076923077
Dialectal_normalizada	18.032786885245898	33.333333333333336	34.61538461538461