Transcripcion	Levenstein	Orden	Parcial
Estandar	2.3076923076923106	3.100775193798455	33.333333333333336
Estandar_normalizada	2.3622047244094446	3.100775193798455	66.66666666666667
Dialectal	2.3076923076923106	3.100775193798455	33.333333333333336
Dialectal_normalizada	2.3622047244094446	3.100775193798455	66.66666666666667