Transcripcion	Levenstein	Orden	Parcial
Estandar	9.999999999999998	18.181818181818176	19.999999999999996
Estandar_normalizada	0.0	18.181818181818176	22.22222222222222
Dialectal	9.999999999999998	18.181818181818176	19.999999999999996
Dialectal_normalizada	0.0	18.181818181818176	22.22222222222222