Transcripcion	Levenstein	Orden	Parcial
Estandar	75.1004016064257	91.16945107398568	81.99052132701422
Estandar_normalizada	83.33333333333334	91.38755980861244	88.72549019607843
Dialectal	75.1004016064257	91.16945107398568	81.99052132701422
Dialectal_normalizada	83.33333333333334	91.38755980861244	88.72549019607843