Transcripcion	Levenstein	Orden	Parcial
Estandar	75.52631578947368	84.7926267281106	84.13173652694611
Estandar_normalizada	81.55619596541787	84.7457627118644	90.0
Dialectal	75.52631578947368	84.7926267281106	84.13173652694611
Dialectal_normalizada	81.55619596541787	84.7457627118644	90.0