Transcripcion	Levenstein	Orden	Parcial
Estandar	76.08695652173914	94.28571428571428	87.32394366197182
Estandar_normalizada	82.5	94.28571428571428	90.625
Dialectal	76.08695652173914	94.28571428571428	87.32394366197182
Dialectal_normalizada	82.5	94.28571428571428	90.625