Transcripcion	Levenstein	Orden	Parcial
Estandar	62.06060606060606	81.5748031496063	69.68174204355108
Estandar_normalizada	71.34986225895317	81.51658767772511	80.16806722689076
Dialectal	61.771844660194176	81.63908589440506	69.68174204355108
Dialectal_normalizada	71.03448275862068	81.58102766798419	80.16806722689076