Transcripcion	Levenstein	Orden	Parcial
Estandar	80.79625292740047	96.10027855153204	85.79387186629526
Estandar_normalizada	87.85529715762273	96.10027855153204	90.85714285714286
Dialectal	80.79625292740047	96.10027855153204	85.79387186629526
Dialectal_normalizada	87.85529715762273	96.10027855153204	90.85714285714286