Transcripcion	Levenstein	Orden	Parcial
Estandar	65.21739130434783	66.66666666666667	79.24528301886792
Estandar_normalizada	72.58064516129032	66.66666666666667	84.90566037735849
Dialectal	65.21739130434783	66.66666666666667	79.24528301886792
Dialectal_normalizada	72.58064516129032	66.66666666666667	84.90566037735849