Transcripcion	Levenstein	Orden	Parcial
Estandar	39.13043478260869	77.35849056603774	56.52173913043479
Estandar_normalizada	52.77777777777778	78.84615384615384	65.90909090909092
Dialectal	39.13043478260869	77.35849056603774	56.52173913043479
Dialectal_normalizada	52.77777777777778	78.84615384615384	65.90909090909092