Transcripcion	Levenstein	Orden	Parcial
Estandar	69.76744186046511	96.7741935483871	85.71428571428572
Estandar_normalizada	85.71428571428572	96.7741935483871	93.5483870967742
Dialectal	69.76744186046511	96.7741935483871	85.71428571428572
Dialectal_normalizada	85.71428571428572	96.7741935483871	93.5483870967742