Transcripcion	Levenstein	Orden	Parcial
Estandar	35.08771929824561	42.42424242424242	53.65853658536586
Estandar_normalizada	41.666666666666664	43.07692307692308	57.89473684210527
Dialectal	35.08771929824561	42.42424242424242	53.65853658536586
Dialectal_normalizada	41.666666666666664	43.07692307692308	57.89473684210527