Transcripcion	Levenstein	Orden	Parcial
Estandar	62.5	78.16091954022988	74.66666666666666
Estandar_normalizada	67.3076923076923	78.16091954022988	78.78787878787878
Dialectal	62.5	78.16091954022988	74.66666666666666
Dialectal_normalizada	67.3076923076923	78.16091954022988	78.78787878787878