Transcripcion	Levenstein	Orden	Parcial
Estandar	62.06896551724138	91.89189189189189	75.0
Estandar_normalizada	80.95238095238095	91.89189189189189	90.0
Dialectal	62.06896551724138	91.89189189189189	75.0
Dialectal_normalizada	80.95238095238095	91.89189189189189	90.0