Transcripcion	Levenstein	Orden	Parcial
Estandar	34.65346534653465	60.0	83.78378378378379
Estandar_normalizada	41.9753086419753	60.55045871559632	86.11111111111111
Dialectal	34.65346534653465	60.0	83.78378378378379
Dialectal_normalizada	41.9753086419753	60.55045871559632	86.11111111111111