Transcripcion	Levenstein	Orden	Parcial
Estandar	28.125	38.297872340425535	57.14285714285714
Estandar_normalizada	26.66666666666667	38.297872340425535	64.86486486486487
Dialectal	28.125	38.297872340425535	57.14285714285714
Dialectal_normalizada	26.66666666666667	38.297872340425535	64.86486486486487