Transcripcion	Levenstein	Orden	Parcial
Estandar	61.754385964912274	85.84905660377359	69.95305164319248
Estandar_normalizada	72.35772357723577	86.05200945626478	80.40201005025126
Dialectal	61.26760563380282	85.1063829787234	69.48356807511738
Dialectal_normalizada	71.83673469387755	85.30805687203792	79.89949748743719