Transcripcion	Levenstein	Orden	Parcial
Estandar	23.809523809523814	52.0	60.526315789473685
Estandar_normalizada	29.508196721311474	52.0	64.93506493506493
Dialectal	23.809523809523814	52.0	60.526315789473685
Dialectal_normalizada	29.508196721311474	52.0	64.93506493506493