Transcripcion	Levenstein	Orden	Parcial
Estandar	76.96476964769647	88.61831656961355	79.9154334038055
Estandar_normalizada	83.49609375	88.61831656961355	85.30701754385966
Dialectal	76.96476964769647	88.61831656961355	79.9154334038055
Dialectal_normalizada	83.49609375	88.61831656961355	85.30701754385966