Transcripcion	Levenstein	Orden	Parcial
Estandar	17.391304347826086	33.9622641509434	46.666666666666664
Estandar_normalizada	26.82926829268293	33.9622641509434	69.23076923076923
Dialectal	17.391304347826086	33.9622641509434	46.666666666666664
Dialectal_normalizada	26.82926829268293	33.9622641509434	69.23076923076923