Transcripcion	Levenstein	Orden	Parcial
Estandar	71.18279569892474	87.08388814913448	81.58640226628894
Estandar_normalizada	79.09738717339667	87.2	88.03418803418803
Dialectal	71.18279569892474	87.08388814913448	81.58640226628894
Dialectal_normalizada	79.09738717339667	87.2	88.03418803418803