Transcripcion	Levenstein	Orden	Parcial
Estandar	64.28571428571428	80.0	70.58823529411764
Estandar_normalizada	73.01587301587303	80.76923076923077	77.08333333333334
Dialectal	64.28571428571428	80.0	70.58823529411764
Dialectal_normalizada	73.01587301587303	80.76923076923077	77.08333333333334