Transcripcion	Levenstein	Orden	Parcial
Estandar	37.71929824561403	67.46031746031747	67.41573033707866
Estandar_normalizada	44.73684210526315	68.0	74.11764705882354
Dialectal	37.71929824561403	67.46031746031747	67.41573033707866
Dialectal_normalizada	44.73684210526315	68.0	74.11764705882354