Transcripcion	Levenstein	Orden	Parcial
Estandar	67.71653543307087	82.1256038647343	81.81818181818181
Estandar_normalizada	78.37837837837837	82.1256038647343	88.46153846153845
Dialectal	67.71653543307087	82.1256038647343	81.81818181818181
Dialectal_normalizada	78.37837837837837	82.1256038647343	88.46153846153845