Transcripcion	Levenstein	Orden	Parcial
Estandar	84.94623655913979	93.75	86.45161290322581
Estandar_normalizada	91.76470588235294	93.75	92.40506329113924
Dialectal	84.94623655913979	93.75	86.45161290322581
Dialectal_normalizada	91.76470588235294	93.75	92.40506329113924