Transcripcion	Levenstein	Orden	Parcial
Estandar	64.22018348623853	81.32530120481928	81.41025641025641
Estandar_normalizada	71.61125319693095	82.29954614220878	85.90604026845638
Dialectal	64.22018348623853	81.32530120481928	81.41025641025641
Dialectal_normalizada	71.61125319693095	82.29954614220878	85.90604026845638