Transcripcion	Levenstein	Orden	Parcial
Estandar	72.22222222222221	93.45794392523365	79.12087912087912
Estandar_normalizada	80.64516129032258	93.45794392523365	84.21052631578947
Dialectal	72.22222222222221	93.45794392523365	79.12087912087912
Dialectal_normalizada	80.64516129032258	93.45794392523365	84.21052631578947