Transcripcion	Levenstein	Orden	Parcial
Estandar	4.651162790697672	11.764705882352944	33.333333333333336
Estandar_normalizada	5.714285714285716	11.764705882352944	100.0
Dialectal	4.651162790697672	11.764705882352944	33.333333333333336
Dialectal_normalizada	5.714285714285716	11.764705882352944	100.0