Transcripcion	Levenstein	Orden	Parcial
Estandar	17.27574750830565	35.32934131736527	42.553191489361694
Estandar_normalizada	20.542635658914733	34.44108761329305	50.63291139240506
Dialectal	17.27574750830565	35.32934131736527	42.553191489361694
Dialectal_normalizada	20.542635658914733	34.44108761329305	50.63291139240506