Transcripcion	Levenstein	Orden	Parcial
Estandar	28.205128205128204	40.0	43.333333333333336
Estandar_normalizada	30.76923076923077	40.0	48.14814814814815
Dialectal	28.205128205128204	40.0	43.333333333333336
Dialectal_normalizada	30.76923076923077	40.0	48.14814814814815