Transcripcion	Levenstein	Orden	Parcial
Estandar	80.2919708029197	85.35564853556485	85.71428571428572
Estandar_normalizada	83.2	85.35564853556485	89.16666666666666
Dialectal	80.2919708029197	85.35564853556485	85.71428571428572
Dialectal_normalizada	83.2	85.35564853556485	89.16666666666666