Transcripcion	Levenstein	Orden	Parcial
Estandar	40.87591240875912	58.75706214689266	51.94805194805194
Estandar_normalizada	44.34782608695652	58.75706214689266	59.72222222222222
Dialectal	40.87591240875912	58.75706214689266	51.94805194805194
Dialectal_normalizada	44.34782608695652	58.75706214689266	59.72222222222222