Transcripcion	Levenstein	Orden	Parcial
Estandar	10.593220338983055	23.79182156133829	32.83582089552238
Estandar_normalizada	14.66666666666666	22.55639097744361	44.230769230769226
Dialectal	10.593220338983055	23.79182156133829	32.83582089552238
Dialectal_normalizada	14.66666666666666	22.55639097744361	44.230769230769226