Transcripcion	Levenstein	Orden	Parcial
Estandar	12.371134020618557	32.608695652173914	29.411764705882348
Estandar_normalizada	17.105263157894733	28.888888888888886	36.36363636363637
Dialectal	12.371134020618557	32.608695652173914	29.411764705882348
Dialectal_normalizada	17.105263157894733	28.888888888888886	36.36363636363637