Transcripcion	Levenstein	Orden	Parcial
Estandar	86.48648648648648	97.05882352941177	94.11764705882352
Estandar_normalizada	94.28571428571428	97.05882352941177	97.05882352941177
Dialectal	86.48648648648648	97.05882352941177	94.11764705882352
Dialectal_normalizada	94.28571428571428	97.05882352941177	97.05882352941177