Transcripcion	Levenstein	Orden	Parcial
Estandar	22.549019607843135	42.028985507246375	37.66233766233766
Estandar_normalizada	33.333333333333336	42.64705882352941	47.86324786324786
Dialectal	22.549019607843135	42.028985507246375	37.66233766233766
Dialectal_normalizada	33.333333333333336	42.64705882352941	47.86324786324786