Transcripcion	Levenstein	Orden	Parcial
Estandar	75.0	94.91525423728814	86.20689655172413
Estandar_normalizada	85.9375	94.91525423728814	90.09009009009009
Dialectal	75.0	94.91525423728814	86.20689655172413
Dialectal_normalizada	85.9375	94.91525423728814	90.09009009009009