Transcripcion	Levenstein	Orden	Parcial
Estandar	21.83908045977011	44.24778761061947	44.89795918367348
Estandar_normalizada	24.65753424657534	42.85714285714286	51.06382978723405
Dialectal	21.83908045977011	44.24778761061947	44.89795918367348
Dialectal_normalizada	24.65753424657534	42.85714285714286	51.06382978723405