Transcripcion	Levenstein	Orden	Parcial
Estandar	26.315789473684216	37.5	51.61290322580645
Estandar_normalizada	17.647058823529417	37.5	50.0
Dialectal	26.315789473684216	37.5	51.61290322580645
Dialectal_normalizada	17.647058823529417	37.5	50.0