Transcripcion	Levenstein	Orden	Parcial
Estandar	31.11111111111111	54.90196078431373	66.66666666666667
Estandar_normalizada	34.285714285714285	57.14285714285714	68.29268292682926
Dialectal	31.11111111111111	54.90196078431373	66.66666666666667
Dialectal_normalizada	34.285714285714285	57.14285714285714	68.29268292682926