Transcripcion	Levenstein	Orden	Parcial
Estandar	44.44444444444444	48.10126582278481	60.60606060606061
Estandar_normalizada	42.00000000000001	48.10126582278481	67.74193548387098
Dialectal	44.44444444444444	48.10126582278481	60.60606060606061
Dialectal_normalizada	42.00000000000001	48.10126582278481	67.74193548387098