Transcripcion	Levenstein	Orden	Parcial
Estandar	60.86956521739131	88.05970149253731	64.51612903225806
Estandar_normalizada	71.25	88.05970149253731	72.58064516129032
Dialectal	60.86956521739131	88.05970149253731	64.51612903225806
Dialectal_normalizada	71.25	88.05970149253731	72.58064516129032