Transcripcion	Levenstein	Orden	Parcial
Estandar	18.6046511627907	37.2093023255814	40.0
Estandar_normalizada	26.470588235294112	38.095238095238095	52.17391304347826
Dialectal	18.6046511627907	37.2093023255814	40.0
Dialectal_normalizada	26.470588235294112	38.095238095238095	52.17391304347826