Transcripcion	Levenstein	Orden	Parcial
Estandar	68.42105263157895	84.375	93.33333333333333
Estandar_normalizada	72.22222222222221	84.375	94.73684210526316
Dialectal	68.42105263157895	84.375	93.33333333333333
Dialectal_normalizada	72.22222222222221	84.375	94.73684210526316