Transcripcion	Levenstein	Orden	Parcial
Estandar	30.000000000000004	43.75	47.45762711864406
Estandar_normalizada	27.77777777777778	43.75	49.122807017543856
Dialectal	30.000000000000004	43.75	47.45762711864406
Dialectal_normalizada	27.77777777777778	43.75	49.122807017543856