Transcripcion	Levenstein	Orden	Parcial
Estandar	69.51219512195121	81.203007518797	85.24590163934427
Estandar_normalizada	73.6842105263158	81.203007518797	91.66666666666666
Dialectal	69.51219512195121	81.203007518797	85.24590163934427
Dialectal_normalizada	73.6842105263158	81.203007518797	91.66666666666666