Transcripcion	Levenstein	Orden	Parcial
Estandar	13.11475409836066	22.857142857142854	36.36363636363637
Estandar_normalizada	13.11475409836066	22.857142857142854	45.45454545454546
Dialectal	13.11475409836066	22.857142857142854	36.36363636363637
Dialectal_normalizada	13.11475409836066	22.857142857142854	45.45454545454546