Transcripcion	Levenstein	Orden	Parcial
Estandar	59.14634146341464	73.50427350427351	70.75471698113208
Estandar_normalizada	64.82758620689654	73.8197424892704	76.23762376237624
Dialectal	59.14634146341464	73.50427350427351	70.75471698113208
Dialectal_normalizada	64.82758620689654	73.8197424892704	76.23762376237624