Transcripcion	Levenstein	Orden	Parcial
Estandar	47.05882352941176	67.13286713286713	69.91869918699187
Estandar_normalizada	49.350649350649356	67.13286713286713	71.7948717948718
Dialectal	47.05882352941176	67.13286713286713	69.91869918699187
Dialectal_normalizada	49.350649350649356	67.13286713286713	71.7948717948718