Transcripcion	Levenstein	Orden	Parcial
Estandar	58.490566037735846	81.57894736842105	100.0
Estandar_normalizada	67.3913043478261	82.66666666666667	100.0
Dialectal	58.490566037735846	81.57894736842105	100.0
Dialectal_normalizada	67.3913043478261	82.66666666666667	100.0