Transcripcion	Levenstein	Orden	Parcial
Estandar	48.38709677419355	74.39024390243902	71.23287671232876
Estandar_normalizada	57.14285714285714	73.61963190184049	79.69924812030075
Dialectal	48.38709677419355	74.39024390243902	71.23287671232876
Dialectal_normalizada	57.14285714285714	73.61963190184049	79.69924812030075