Transcripcion	Levenstein	Orden	Parcial
Estandar	62.00873362445415	77.8393351800554	68.5459940652819
Estandar_normalizada	67.6328502415459	77.5	74.46153846153847
Dialectal	62.14442013129102	77.94729542302358	68.5459940652819
Dialectal_normalizada	67.79661016949152	77.60778859527122	74.76923076923076