Transcripcion	Levenstein	Orden	Parcial
Estandar	65.95744680851064	78.43137254901961	73.52941176470588
Estandar_normalizada	72.09302325581395	78.43137254901961	79.6875
Dialectal	65.95744680851064	78.43137254901961	73.52941176470588
Dialectal_normalizada	72.09302325581395	78.43137254901961	79.6875