Transcripcion	Levenstein	Orden	Parcial
Estandar	10.526315789473683	15.384615384615385	30.000000000000004
Estandar_normalizada	11.764705882352944	15.384615384615385	33.333333333333336
Dialectal	10.526315789473683	15.384615384615385	30.000000000000004
Dialectal_normalizada	11.764705882352944	15.384615384615385	33.333333333333336