Transcripcion	Levenstein	Orden	Parcial
Estandar	57.647058823529406	70.39999999999999	70.0
Estandar_normalizada	65.75342465753424	70.39999999999999	73.21428571428572
Dialectal	57.647058823529406	70.39999999999999	70.0
Dialectal_normalizada	65.75342465753424	70.39999999999999	73.21428571428572