Transcripcion	Levenstein	Orden	Parcial
Estandar	52.57731958762887	64.11764705882352	71.09826589595376
Estandar_normalizada	57.06214689265536	63.716814159292035	74.25149700598803
Dialectal	52.57731958762887	64.11764705882352	71.09826589595376
Dialectal_normalizada	57.06214689265536	63.716814159292035	74.25149700598803