Transcripcion	Levenstein	Orden	Parcial
Estandar	8.609271523178808	12.82051282051282	40.0
Estandar_normalizada	8.070175438596493	12.218649517684888	46.666666666666664
Dialectal	8.609271523178808	12.82051282051282	40.0
Dialectal_normalizada	8.070175438596493	12.218649517684888	46.666666666666664