Transcripcion	Levenstein	Orden	Parcial
Estandar	61.35693215339233	73.85740402193784	78.65168539325843
Estandar_normalizada	67.97385620915033	73.992673992674	84.23076923076923
Dialectal	61.53846153846154	73.992673992674	78.65168539325843
Dialectal_normalizada	68.1967213114754	74.12844036697248	84.23076923076923