Transcripcion	Levenstein	Orden	Parcial
Estandar	64.53900709219857	68.33333333333333	74.16666666666667
Estandar_normalizada	69.46564885496183	68.33333333333333	78.0701754385965
Dialectal	64.53900709219857	68.33333333333333	74.16666666666667
Dialectal_normalizada	69.46564885496183	68.33333333333333	78.0701754385965