Transcripcion	Levenstein	Orden	Parcial
Estandar	27.586206896551722	36.36363636363637	42.85714285714286
Estandar_normalizada	34.78260869565217	36.36363636363637	53.84615384615385
Dialectal	27.586206896551722	36.36363636363637	42.85714285714286
Dialectal_normalizada	34.78260869565217	36.36363636363637	53.84615384615385