Transcripcion	Levenstein	Orden	Parcial
Estandar	20.588235294117652	27.027027027027028	35.71428571428571
Estandar_normalizada	17.85714285714286	27.027027027027028	36.36363636363637
Dialectal	20.588235294117652	27.027027027027028	35.71428571428571
Dialectal_normalizada	17.85714285714286	27.027027027027028	36.36363636363637