Transcripcion	Levenstein	Orden	Parcial
Estandar	40.86021505376344	69.35483870967742	66.66666666666667
Estandar_normalizada	43.58974358974359	69.91869918699187	75.0
Dialectal	40.86021505376344	69.35483870967742	66.66666666666667
Dialectal_normalizada	43.58974358974359	69.91869918699187	75.0