Transcripcion	Levenstein	Orden	Parcial
Estandar	8.695652173913048	16.000000000000004	40.0
Estandar_normalizada	9.523809523809524	16.000000000000004	40.0
Dialectal	8.695652173913048	16.000000000000004	40.0
Dialectal_normalizada	9.523809523809524	16.000000000000004	40.0