Transcripcion	Levenstein	Orden	Parcial
Estandar	21.53846153846154	46.15384615384615	48.57142857142858
Estandar_normalizada	28.000000000000004	46.15384615384615	50.0
Dialectal	21.53846153846154	46.15384615384615	48.57142857142858
Dialectal_normalizada	28.000000000000004	46.15384615384615	50.0