Transcripcion	Levenstein	Orden	Parcial
Estandar	50.0	73.52380952380952	67.5
Estandar_normalizada	54.858934169278996	73.2824427480916	74.02597402597402
Dialectal	50.0	73.52380952380952	67.5
Dialectal_normalizada	54.858934169278996	73.2824427480916	74.02597402597402