Transcripcion	Levenstein	Orden	Parcial
Estandar	24.615384615384617	43.39622641509434	42.592592592592595
Estandar_normalizada	32.25806451612904	43.39622641509434	46.808510638297875
Dialectal	24.615384615384617	43.39622641509434	42.592592592592595
Dialectal_normalizada	32.25806451612904	43.39622641509434	46.808510638297875