Transcripcion	Levenstein	Orden	Parcial
Estandar	58.62068965517242	77.61194029850746	72.41379310344827
Estandar_normalizada	67.55555555555556	78.30423940149626	79.18781725888324
Dialectal	58.62068965517242	77.61194029850746	72.41379310344827
Dialectal_normalizada	67.55555555555556	78.30423940149626	79.18781725888324