Transcripcion	Levenstein	Orden	Parcial
Estandar	42.85714285714286	70.96774193548387	70.0
Estandar_normalizada	47.22222222222222	70.96774193548387	73.6842105263158
Dialectal	42.85714285714286	70.96774193548387	70.0
Dialectal_normalizada	47.22222222222222	70.96774193548387	73.6842105263158