Transcripcion	Levenstein	Orden	Parcial
Estandar	50.370370370370374	75.13812154696133	69.04761904761905
Estandar_normalizada	56.88073394495412	75.13812154696133	77.10843373493977
Dialectal	50.370370370370374	75.13812154696133	69.04761904761905
Dialectal_normalizada	56.88073394495412	75.13812154696133	77.10843373493977