Transcripcion	Levenstein	Orden	Parcial
Estandar	48.484848484848484	59.64912280701755	67.85714285714286
Estandar_normalizada	51.61290322580645	59.64912280701755	70.37037037037037
Dialectal	48.484848484848484	59.64912280701755	67.85714285714286
Dialectal_normalizada	51.61290322580645	59.64912280701755	70.37037037037037