Transcripcion	Levenstein	Orden	Parcial
Estandar	34.4	62.76595744680851	58.10055865921788
Estandar_normalizada	45.945945945945944	61.95652173913043	75.0
Dialectal	34.4	62.76595744680851	58.10055865921788
Dialectal_normalizada	45.945945945945944	61.95652173913043	75.0