Transcripcion	Levenstein	Orden	Parcial
Estandar	59.523809523809526	80.88642659279779	67.48466257668711
Estandar_normalizada	70.69767441860465	81.8941504178273	75.64102564102564
Dialectal	59.523809523809526	80.88642659279779	67.48466257668711
Dialectal_normalizada	70.69767441860465	81.8941504178273	75.64102564102564