Transcripcion	Levenstein	Orden	Parcial
Estandar	29.569892473118276	52.01793721973094	55.00000000000001
Estandar_normalizada	34.161490683229815	52.25225225225225	59.210526315789465
Dialectal	29.569892473118276	52.01793721973094	55.00000000000001
Dialectal_normalizada	34.161490683229815	52.25225225225225	59.210526315789465