Transcripcion	Levenstein	Orden	Parcial
Estandar	16.666666666666664	23.15789473684211	32.14285714285714
Estandar_normalizada	18.181818181818176	23.15789473684211	37.5
Dialectal	16.666666666666664	23.15789473684211	32.14285714285714
Dialectal_normalizada	18.181818181818176	23.15789473684211	37.5