Transcripcion	Levenstein	Orden	Parcial
Estandar	52.0	77.14285714285715	80.0
Estandar_normalizada	59.09090909090908	77.14285714285715	86.20689655172413
Dialectal	52.0	77.14285714285715	80.0
Dialectal_normalizada	59.09090909090908	77.14285714285715	86.20689655172413