Transcripcion	Levenstein	Orden	Parcial
Estandar	56.38051044083527	73.87640449438202	68.50393700787401
Estandar_normalizada	64.30446194225722	74.57627118644068	75.14124293785311
Dialectal	56.38051044083527	73.87640449438202	68.50393700787401
Dialectal_normalizada	64.30446194225722	74.57627118644068	75.14124293785311