Transcripcion	Levenstein	Orden	Parcial
Estandar	56.09756097560976	69.63562753036437	69.54732510288066
Estandar_normalizada	61.832061068702295	70.46843177189409	74.62039045553146
Dialectal	56.09756097560976	69.63562753036437	69.54732510288066
Dialectal_normalizada	61.832061068702295	70.46843177189409	74.62039045553146