Transcripcion	Levenstein	Orden	Parcial
Estandar	26.046511627906977	61.702127659574465	63.305322128851536
Estandar_normalizada	35.71428571428571	61.86666666666667	70.80745341614907
Dialectal	26.046511627906977	61.702127659574465	63.305322128851536
Dialectal_normalizada	35.71428571428571	61.86666666666667	70.80745341614907