Transcripcion	Levenstein	Orden	Parcial
Estandar	52.112676056338024	65.51724137931035	66.66666666666667
Estandar_normalizada	59.01639344262295	65.51724137931035	73.04347826086956
Dialectal	52.112676056338024	65.51724137931035	66.66666666666667
Dialectal_normalizada	59.01639344262295	65.51724137931035	73.04347826086956