Transcripcion	Levenstein	Orden	Parcial
Estandar	9.433962264150942	18.867924528301884	100.0
Estandar_normalizada	10.204081632653061	18.867924528301884	100.0
Dialectal	9.433962264150942	18.867924528301884	100.0
Dialectal_normalizada	10.204081632653061	18.867924528301884	100.0