Transcripcion	Levenstein	Orden	Parcial
Estandar	71.78770949720669	84.07224958949097	82.20064724919094
Estandar_normalizada	78.39506172839506	84.21052631578947	89.33333333333333
Dialectal	71.78770949720669	84.07224958949097	82.20064724919094
Dialectal_normalizada	78.39506172839506	84.21052631578947	89.33333333333333