Transcripcion	Levenstein	Orden	Parcial
Estandar	21.53846153846154	38.095238095238095	38.18181818181819
Estandar_normalizada	25.0	38.095238095238095	44.44444444444444
Dialectal	21.53846153846154	38.095238095238095	38.18181818181819
Dialectal_normalizada	25.0	38.095238095238095	44.44444444444444