Transcripcion	Levenstein	Orden	Parcial
Estandar	45.483870967741936	69.71153846153845	55.25114155251142
Estandar_normalizada	54.43548387096775	70.2179176755448	63.797468354430386
Dialectal	45.483870967741936	69.71153846153845	55.25114155251142
Dialectal_normalizada	54.43548387096775	70.2179176755448	63.797468354430386