Transcripcion	Levenstein	Orden	Parcial
Estandar	37.125748502994014	54.85232067510548	56.896551724137936
Estandar_normalizada	43.88489208633094	54.85232067510548	61.81818181818181
Dialectal	37.125748502994014	54.85232067510548	56.896551724137936
Dialectal_normalizada	43.88489208633094	54.85232067510548	61.81818181818181