Transcripcion	Levenstein	Orden	Parcial
Estandar	66.66666666666667	95.23809523809523	77.14285714285715
Estandar_normalizada	78.94736842105263	95.23809523809523	86.66666666666667
Dialectal	66.66666666666667	95.23809523809523	77.14285714285715
Dialectal_normalizada	78.94736842105263	95.23809523809523	86.66666666666667