Transcripcion	Levenstein	Orden	Parcial
Estandar	55.855855855855864	79.02869757174393	63.86363636363637
Estandar_normalizada	65.57377049180329	79.29125138427464	72.77108433734941
Dialectal	55.855855855855864	79.02869757174393	63.86363636363637
Dialectal_normalizada	65.57377049180329	79.29125138427464	72.77108433734941