Transcripcion	Levenstein	Orden	Parcial
Estandar	6.3063063063063085	18.181818181818176	38.46153846153846
Estandar_normalizada	9.195402298850574	18.6046511627907	44.44444444444444
Dialectal	6.3063063063063085	18.181818181818176	38.46153846153846
Dialectal_normalizada	9.195402298850574	18.6046511627907	44.44444444444444