Transcripcion	Levenstein	Orden	Parcial
Estandar	58.44327176781003	79.89031078610603	71.05788423153693
Estandar_normalizada	67.42081447963801	80.03663003663004	79.87551867219918
Dialectal	58.44327176781003	79.89031078610603	71.05788423153693
Dialectal_normalizada	67.42081447963801	80.03663003663004	79.87551867219918