Transcripcion	Levenstein	Orden	Parcial
Estandar	57.22891566265061	74.49392712550606	71.36929460580913
Estandar_normalizada	64.38356164383562	74.64503042596348	76.78571428571428
Dialectal	57.22891566265061	74.49392712550606	71.36929460580913
Dialectal_normalizada	64.38356164383562	74.64503042596348	76.78571428571428