Transcripcion	Levenstein	Orden	Parcial
Estandar	19.672131147540984	36.36363636363637	40.0
Estandar_normalizada	29.166666666666664	34.375	48.64864864864865
Dialectal	19.672131147540984	36.36363636363637	40.0
Dialectal_normalizada	29.166666666666664	34.375	48.64864864864865