Transcripcion	Levenstein	Orden	Parcial
Estandar	37.6	56.25	56.62650602409638
Estandar_normalizada	48.62385321100917	56.84210526315789	63.01369863013699
Dialectal	37.6	56.25	56.62650602409638
Dialectal_normalizada	48.62385321100917	56.84210526315789	63.01369863013699