Transcripcion	Levenstein	Orden	Parcial
Estandar	28.57142857142857	51.72413793103448	65.21739130434783
Estandar_normalizada	28.205128205128204	51.72413793103448	71.7948717948718
Dialectal	28.57142857142857	51.72413793103448	65.21739130434783
Dialectal_normalizada	28.205128205128204	51.72413793103448	71.7948717948718