Transcripcion	Levenstein	Orden	Parcial
Estandar	47.53260035796472	72.56176853055916	58.83129745790689
Estandar_normalizada	53.11692042516518	72.1686550089884	65.50034989503149
Dialectal	47.558169266172335	72.56176853055916	58.864311654011225
Dialectal_normalizada	53.14564780235565	72.1686550089884	65.53533939818055