Transcripcion	Levenstein	Orden	Parcial
Estandar	33.89021479713604	66.08187134502924	58.68421052631578
Estandar_normalizada	39.385474860335194	66.86303387334316	69.62025316455696
Dialectal	33.89021479713604	66.08187134502924	58.68421052631578
Dialectal_normalizada	39.385474860335194	66.86303387334316	69.62025316455696