Transcripcion	Levenstein	Orden	Parcial
Estandar	50.55118110236221	63.99132321041214	57.208237986270014
Estandar_normalizada	56.330275229357795	64.77024070021882	63.614457831325296
Dialectal	50.55118110236221	63.99132321041214	57.208237986270014
Dialectal_normalizada	56.330275229357795	64.77024070021882	63.614457831325296