Transcripcion	Levenstein	Orden	Parcial
Estandar	14.864864864864868	29.54545454545454	37.5
Estandar_normalizada	19.999999999999996	29.54545454545454	41.666666666666664
Dialectal	14.864864864864868	29.54545454545454	37.5
Dialectal_normalizada	19.999999999999996	29.54545454545454	41.666666666666664