Transcripcion	Levenstein	Orden	Parcial
Estandar	9.090909090909093	16.806722689075627	40.0
Estandar_normalizada	9.615384615384615	16.94915254237288	43.75
Dialectal	9.090909090909093	16.806722689075627	40.0
Dialectal_normalizada	9.615384615384615	16.94915254237288	43.75