Transcripcion	Levenstein	Orden	Parcial
Estandar	43.66197183098591	64.15882967607105	56.144067796610166
Estandar_normalizada	48.98336414048059	63.991552270327354	62.97968397291196
Dialectal	43.79905808477237	64.29319371727749	56.144067796610166
Dialectal_normalizada	48.97959183673469	63.91534391534391	62.97968397291196