Transcripcion	Levenstein	Orden	Parcial
Estandar	13.432835820895528	23.188405797101453	43.47826086956522
Estandar_normalizada	15.254237288135597	23.188405797101453	50.0
Dialectal	13.432835820895528	23.188405797101453	43.47826086956522
Dialectal_normalizada	15.254237288135597	23.188405797101453	50.0