Transcripcion	Levenstein	Orden	Parcial
Estandar	57.6271186440678	73.6842105263158	79.54545454545455
Estandar_normalizada	60.0	73.6842105263158	83.33333333333334
Dialectal	57.6271186440678	73.6842105263158	79.54545454545455
Dialectal_normalizada	60.0	73.6842105263158	83.33333333333334