Transcripcion	Levenstein	Orden	Parcial
Estandar	28.985507246376805	42.307692307692314	46.34146341463414
Estandar_normalizada	30.000000000000004	40.77669902912622	50.0
Dialectal	28.985507246376805	42.307692307692314	46.34146341463414
Dialectal_normalizada	30.000000000000004	40.77669902912622	50.0