Transcripcion	Levenstein	Orden	Parcial
Estandar	51.13636363636363	78.46153846153847	74.60317460317461
Estandar_normalizada	58.9041095890411	79.06976744186046	81.9672131147541
Dialectal	51.13636363636363	78.46153846153847	74.60317460317461
Dialectal_normalizada	58.9041095890411	79.06976744186046	81.9672131147541