Transcripcion	Levenstein	Orden	Parcial
Estandar	64.40677966101696	80.43478260869566	90.2439024390244
Estandar_normalizada	71.69811320754718	80.43478260869566	91.35802469135803
Dialectal	64.40677966101696	80.43478260869566	90.2439024390244
Dialectal_normalizada	71.69811320754718	80.43478260869566	91.35802469135803