Transcripcion	Levenstein	Orden	Parcial
Estandar	28.9795918367347	53.293413173652695	41.764705882352935
Estandar_normalizada	35.051546391752574	53.65853658536586	49.358974358974365
Dialectal	28.9795918367347	53.293413173652695	41.764705882352935
Dialectal_normalizada	35.051546391752574	53.65853658536586	49.358974358974365