Transcripcion	Levenstein	Orden	Parcial
Estandar	71.42857142857143	82.85714285714285	80.0
Estandar_normalizada	78.94736842105263	82.85714285714285	85.29411764705883
Dialectal	71.42857142857143	82.85714285714285	80.0
Dialectal_normalizada	78.94736842105263	82.85714285714285	85.29411764705883