Transcripcion	Levenstein	Orden	Parcial
Estandar	34.693877551020414	54.054054054054056	70.58823529411764
Estandar_normalizada	37.77777777777778	54.054054054054056	77.41935483870968
Dialectal	34.693877551020414	54.054054054054056	70.58823529411764
Dialectal_normalizada	37.77777777777778	54.054054054054056	77.41935483870968