Transcripcion	Levenstein	Orden	Parcial
Estandar	55.8974358974359	75.35211267605634	63.20346320346321
Estandar_normalizada	62.721893491124256	76.59574468085107	71.2
Dialectal	56.476683937823836	75.88652482269504	63.755458515283834
Dialectal_normalizada	63.47305389221557	77.14285714285715	71.7741935483871