Transcripcion	Levenstein	Orden	Parcial
Estandar	6.666666666666665	15.909090909090907	54.54545454545454
Estandar_normalizada	9.090909090909093	16.09195402298851	54.54545454545454
Dialectal	6.666666666666665	15.909090909090907	54.54545454545454
Dialectal_normalizada	9.090909090909093	16.09195402298851	54.54545454545454