Transcripcion	Levenstein	Orden	Parcial
Estandar	19.23076923076923	32.55813953488372	36.8421052631579
Estandar_normalizada	25.0	32.55813953488372	48.484848484848484
Dialectal	19.23076923076923	32.55813953488372	36.8421052631579
Dialectal_normalizada	25.0	32.55813953488372	48.484848484848484