Transcripcion	Levenstein	Orden	Parcial
Estandar	53.87722132471728	75.0130958617077	60.84142394822006
Estandar_normalizada	61.65755919854281	74.97371188222924	67.39505462909719
Dialectal	53.87722132471728	75.0130958617077	60.84142394822006
Dialectal_normalizada	61.65755919854281	74.97371188222924	67.39505462909719