Transcripcion	Levenstein	Orden	Parcial
Estandar	8.163265306122447	14.049586776859503	45.833333333333336
Estandar_normalizada	8.764044943820226	14.049586776859503	47.61904761904761
Dialectal	8.163265306122447	14.049586776859503	45.833333333333336
Dialectal_normalizada	8.764044943820226	14.049586776859503	47.61904761904761