Transcripcion	Levenstein	Orden	Parcial
Estandar	42.10526315789473	68.24644549763033	75.26881720430107
Estandar_normalizada	46.616541353383454	68.57142857142857	81.17647058823529
Dialectal	42.10526315789473	68.24644549763033	75.26881720430107
Dialectal_normalizada	46.616541353383454	68.57142857142857	81.17647058823529