Transcripcion	Levenstein	Orden	Parcial
Estandar	42.80254777070064	64.92851135407906	56.111111111111114
Estandar_normalizada	48.163841807909606	64.75063398140321	60.50583657587549
Dialectal	42.80254777070064	64.92851135407906	56.111111111111114
Dialectal_normalizada	48.163841807909606	64.75063398140321	60.50583657587549