Transcripcion	Levenstein	Orden	Parcial
Estandar	27.6595744680851	36.36363636363637	48.97959183673469
Estandar_normalizada	30.23255813953488	36.36363636363637	48.97959183673469
Dialectal	27.6595744680851	36.36363636363637	48.97959183673469
Dialectal_normalizada	30.23255813953488	36.36363636363637	48.97959183673469