Transcripcion	Levenstein	Orden	Parcial
Estandar	17.14285714285714	40.90909090909091	37.5
Estandar_normalizada	22.580645161290324	40.90909090909091	46.666666666666664
Dialectal	17.14285714285714	40.90909090909091	37.5
Dialectal_normalizada	22.580645161290324	40.90909090909091	46.666666666666664