Transcripcion	Levenstein	Orden	Parcial
Estandar	51.601830663615566	69.3208430913349	62.64855687606112
Estandar_normalizada	59.09090909090908	69.59937156323646	68.65148861646236
Dialectal	51.601830663615566	69.3208430913349	62.64855687606112
Dialectal_normalizada	59.09090909090908	69.59937156323646	68.65148861646236