Transcripcion	Levenstein	Orden	Parcial
Estandar	45.99686028257457	56.63900414937759	56.32183908045977
Estandar_normalizada	50.60869565217392	56.36743215031315	62.4390243902439
Dialectal	45.99686028257457	56.63900414937759	56.32183908045977
Dialectal_normalizada	50.60869565217392	56.36743215031315	62.4390243902439