Transcripcion	Levenstein	Orden	Parcial
Estandar	45.08196721311475	60.9271523178808	57.971014492753625
Estandar_normalizada	57.73195876288659	61.74496644295302	68.18181818181819
Dialectal	45.08196721311475	60.9271523178808	57.971014492753625
Dialectal_normalizada	57.73195876288659	61.74496644295302	68.18181818181819