Transcripcion	Levenstein	Orden	Parcial
Estandar	19.718309859154925	41.93548387096774	38.01652892561983
Estandar_normalizada	21.212121212121215	42.27642276422764	42.00000000000001
Dialectal	19.718309859154925	41.93548387096774	38.01652892561983
Dialectal_normalizada	21.212121212121215	42.27642276422764	42.00000000000001