Transcripcion	Levenstein	Orden	Parcial
Estandar	36.36363636363637	52.0	61.904761904761905
Estandar_normalizada	40.0	57.14285714285714	70.27027027027026
Dialectal	36.36363636363637	52.0	61.904761904761905
Dialectal_normalizada	40.0	57.14285714285714	70.27027027027026