Transcripcion	Levenstein	Orden	Parcial
Estandar	83.83838383838383	99.38650306748467	88.37209302325581
Estandar_normalizada	91.95402298850574	99.38650306748467	95.1219512195122
Dialectal	83.83838383838383	99.38650306748467	88.37209302325581
Dialectal_normalizada	91.95402298850574	99.38650306748467	95.1219512195122