Transcripcion	Levenstein	Orden	Parcial
Estandar	22.72727272727273	54.02298850574713	55.81395348837209
Estandar_normalizada	25.86206896551724	54.65116279069768	59.01639344262295
Dialectal	22.72727272727273	54.02298850574713	55.81395348837209
Dialectal_normalizada	25.86206896551724	54.65116279069768	59.01639344262295