Transcripcion	Levenstein	Orden	Parcial
Estandar	23.076923076923073	45.833333333333336	41.509433962264154
Estandar_normalizada	30.303030303030297	46.808510638297875	50.0
Dialectal	23.076923076923073	45.833333333333336	41.509433962264154
Dialectal_normalizada	30.303030303030297	46.808510638297875	50.0