Transcripcion	Levenstein	Orden	Parcial
Estandar	64.88095238095238	83.62369337979094	75.2542372881356
Estandar_normalizada	69.07894736842105	83.62369337979094	80.21015761821366
Dialectal	64.88095238095238	83.62369337979094	75.2542372881356
Dialectal_normalizada	69.07894736842105	83.62369337979094	80.21015761821366