Transcripcion	Levenstein	Orden	Parcial
Estandar	30.434782608695656	42.85714285714286	46.37681159420289
Estandar_normalizada	36.8421052631579	42.85714285714286	53.125
Dialectal	30.434782608695656	42.85714285714286	46.37681159420289
Dialectal_normalizada	36.8421052631579	42.85714285714286	53.125