Transcripcion	Levenstein	Orden	Parcial
Estandar	51.162790697674424	60.0	68.29268292682926
Estandar_normalizada	53.65853658536586	60.0	70.88607594936708
Dialectal	51.162790697674424	60.0	68.29268292682926
Dialectal_normalizada	53.65853658536586	60.0	70.88607594936708