Transcripcion	Levenstein	Orden	Parcial
Estandar	15.151515151515149	35.0	33.333333333333336
Estandar_normalizada	17.460317460317466	27.848101265822788	56.00000000000001
Dialectal	15.151515151515149	35.0	33.333333333333336
Dialectal_normalizada	17.460317460317466	27.848101265822788	56.00000000000001