Transcripcion	Levenstein	Orden	Parcial
Estandar	60.698689956331876	75.54347826086956	77.90055248618785
Estandar_normalizada	66.83168316831683	75.40983606557377	83.33333333333334
Dialectal	60.698689956331876	75.54347826086956	77.90055248618785
Dialectal_normalizada	66.83168316831683	75.40983606557377	83.33333333333334