Transcripcion	Levenstein	Orden	Parcial
Estandar	26.24584717607974	45.49999999999999	68.0327868852459
Estandar_normalizada	27.464788732394364	44.72361809045226	76.41509433962264
Dialectal	26.24584717607974	45.49999999999999	68.0327868852459
Dialectal_normalizada	27.464788732394364	44.72361809045226	76.41509433962264