Transcripcion	Levenstein	Orden	Parcial
Estandar	7.14285714285714	27.77777777777778	19.999999999999996
Estandar_normalizada	20.833333333333336	24.242424242424242	44.44444444444444
Dialectal	7.14285714285714	27.77777777777778	19.999999999999996
Dialectal_normalizada	20.833333333333336	24.242424242424242	44.44444444444444