Transcripcion	Levenstein	Orden	Parcial
Estandar	15.909090909090907	33.333333333333336	33.333333333333336
Estandar_normalizada	20.45454545454546	33.333333333333336	37.28813559322034
Dialectal	15.909090909090907	33.333333333333336	33.333333333333336
Dialectal_normalizada	20.45454545454546	33.333333333333336	37.28813559322034