Transcripcion	Levenstein	Orden	Parcial
Estandar	67.3913043478261	81.69014084507043	75.0
Estandar_normalizada	72.5	81.69014084507043	79.41176470588236
Dialectal	67.3913043478261	81.69014084507043	75.0
Dialectal_normalizada	72.5	81.69014084507043	79.41176470588236