Transcripcion	Levenstein	Orden	Parcial
Estandar	25.89285714285714	40.50632911392405	43.39622641509434
Estandar_normalizada	28.155339805825243	40.50632911392405	45.614035087719294
Dialectal	25.89285714285714	40.50632911392405	43.39622641509434
Dialectal_normalizada	28.155339805825243	40.50632911392405	45.614035087719294