Transcripcion	Levenstein	Orden	Parcial
Estandar	12.903225806451612	29.508196721311474	30.434782608695656
Estandar_normalizada	17.647058823529417	30.000000000000004	36.8421052631579
Dialectal	12.903225806451612	29.508196721311474	30.434782608695656
Dialectal_normalizada	17.647058823529417	30.000000000000004	36.8421052631579