Transcripcion	Levenstein	Orden	Parcial
Estandar	34.61538461538461	54.4973544973545	49.57746478873239
Estandar_normalizada	38.725490196078425	53.333333333333336	54.358974358974365
Dialectal	34.61538461538461	54.4973544973545	49.57746478873239
Dialectal_normalizada	38.725490196078425	53.333333333333336	54.358974358974365