Transcripcion	Levenstein	Orden	Parcial
Estandar	41.860465116279066	50.847457627118644	65.21739130434783
Estandar_normalizada	46.15384615384615	50.847457627118644	68.18181818181819
Dialectal	41.860465116279066	50.847457627118644	65.21739130434783
Dialectal_normalizada	46.15384615384615	50.847457627118644	68.18181818181819