Transcripcion	Levenstein	Orden	Parcial
Estandar	29.166666666666664	60.97560975609756	67.53246753246754
Estandar_normalizada	37.2093023255814	60.97560975609756	71.23287671232876
Dialectal	29.166666666666664	60.97560975609756	67.53246753246754
Dialectal_normalizada	37.2093023255814	60.97560975609756	71.23287671232876