Transcripcion	Levenstein	Orden	Parcial
Estandar	84.61538461538461	97.2972972972973	94.5945945945946
Estandar_normalizada	92.10526315789474	97.2972972972973	98.63013698630137
Dialectal	84.61538461538461	97.2972972972973	94.5945945945946
Dialectal_normalizada	92.10526315789474	97.2972972972973	98.63013698630137