Transcripcion	Levenstein	Orden	Parcial
Estandar	19.999999999999996	38.297872340425535	38.46153846153846
Estandar_normalizada	29.629629629629626	40.0	44.99999999999999
Dialectal	19.999999999999996	38.297872340425535	38.46153846153846
Dialectal_normalizada	29.629629629629626	40.0	44.99999999999999