Transcripcion	Levenstein	Orden	Parcial
Estandar	21.34831460674157	41.509433962264154	46.753246753246756
Estandar_normalizada	27.397260273972602	46.601941747572816	47.36842105263158
Dialectal	21.34831460674157	41.509433962264154	46.753246753246756
Dialectal_normalizada	27.397260273972602	46.601941747572816	47.36842105263158