Transcripcion	Levenstein	Orden	Parcial
Estandar	33.333333333333336	32.18390804597702	48.275862068965516
Estandar_normalizada	38.297872340425535	32.18390804597702	51.21951219512195
Dialectal	33.333333333333336	32.18390804597702	48.275862068965516
Dialectal_normalizada	38.297872340425535	32.18390804597702	51.21951219512195