Transcripcion	Levenstein	Orden	Parcial
Estandar	42.53731343283582	63.922518159806295	55.172413793103445
Estandar_normalizada	49.57627118644068	63.90243902439025	65.32663316582914
Dialectal	42.53731343283582	63.922518159806295	55.172413793103445
Dialectal_normalizada	49.57627118644068	63.90243902439025	65.32663316582914