Transcripcion	Levenstein	Orden	Parcial
Estandar	27.058823529411768	45.614035087719294	50.0
Estandar_normalizada	34.24657534246576	45.614035087719294	54.761904761904766
Dialectal	27.058823529411768	45.614035087719294	50.0
Dialectal_normalizada	34.24657534246576	45.614035087719294	54.761904761904766