Transcripcion	Levenstein	Orden	Parcial
Estandar	19.130434782608695	36.49122807017544	35.922330097087375
Estandar_normalizada	22.065727699530512	31.316725978647685	43.529411764705884
Dialectal	19.130434782608695	36.49122807017544	35.922330097087375
Dialectal_normalizada	22.065727699530512	31.316725978647685	43.529411764705884