Transcripcion	Levenstein	Orden	Parcial
Estandar	50.57471264367817	77.19298245614034	67.3913043478261
Estandar_normalizada	58.10810810810811	77.87610619469027	70.45454545454545
Dialectal	50.57471264367817	77.19298245614034	67.3913043478261
Dialectal_normalizada	58.10810810810811	77.87610619469027	70.45454545454545