Transcripcion	Levenstein	Orden	Parcial
Estandar	28.487804878048784	48.81209503239741	47.65342960288809
Estandar_normalizada	32.15859030837004	48.87599709934736	51.301115241635685
Dialectal	28.487804878048784	48.52411807055436	47.65342960288809
Dialectal_normalizada	32.15859030837004	48.73096446700508	51.115241635687724