Transcripcion	Levenstein	Orden	Parcial
Estandar	21.153846153846157	36.8421052631579	44.44444444444444
Estandar_normalizada	21.999999999999996	36.8421052631579	45.45454545454546
Dialectal	21.153846153846157	36.8421052631579	44.44444444444444
Dialectal_normalizada	21.999999999999996	36.8421052631579	45.45454545454546