Transcripcion	Levenstein	Orden	Parcial
Estandar	31.818181818181824	41.17647058823529	50.0
Estandar_normalizada	44.44444444444444	41.17647058823529	57.14285714285714
Dialectal	31.818181818181824	41.17647058823529	50.0
Dialectal_normalizada	44.44444444444444	41.17647058823529	57.14285714285714