Transcripcion	Levenstein	Orden	Parcial
Estandar	59.67741935483871	66.3265306122449	72.16494845360825
Estandar_normalizada	66.36363636363636	65.64102564102564	77.89473684210526
Dialectal	59.67741935483871	66.3265306122449	72.16494845360825
Dialectal_normalizada	66.36363636363636	65.64102564102564	77.89473684210526