Transcripcion	Levenstein	Orden	Parcial
Estandar	8.244680851063835	17.441860465116278	43.58974358974359
Estandar_normalizada	9.696969696969692	17.05882352941176	45.945945945945944
Dialectal	8.244680851063835	17.441860465116278	43.58974358974359
Dialectal_normalizada	9.696969696969692	17.05882352941176	45.945945945945944