Transcripcion	Levenstein	Orden	Parcial
Estandar	56.344086021505376	73.23943661971832	68.48484848484848
Estandar_normalizada	62.74038461538461	73.75886524822694	75.47169811320755
Dialectal	56.344086021505376	73.23943661971832	68.48484848484848
Dialectal_normalizada	62.74038461538461	73.75886524822694	75.47169811320755