Transcripcion	Levenstein	Orden	Parcial
Estandar	13.33333333333333	23.529411764705888	21.052631578947366
Estandar_normalizada	9.090909090909093	23.529411764705888	26.66666666666667
Dialectal	13.33333333333333	23.529411764705888	21.052631578947366
Dialectal_normalizada	9.090909090909093	23.529411764705888	26.66666666666667