Transcripcion	Levenstein	Orden	Parcial
Estandar	50.90909090909091	68.29268292682926	78.37837837837837
Estandar_normalizada	58.33333333333333	68.29268292682926	78.37837837837837
Dialectal	50.90909090909091	68.29268292682926	78.37837837837837
Dialectal_normalizada	58.33333333333333	68.29268292682926	78.37837837837837