Transcripcion	Levenstein	Orden	Parcial
Estandar	16.666666666666664	40.26845637583892	35.71428571428571
Estandar_normalizada	25.0	39.189189189189186	43.47826086956522
Dialectal	16.666666666666664	40.26845637583892	35.71428571428571
Dialectal_normalizada	25.0	39.189189189189186	43.47826086956522