Transcripcion	Levenstein	Orden	Parcial
Estandar	32.515337423312886	52.38095238095239	49.62080173347779
Estandar_normalizada	35.3448275862069	52.13930348258706	53.92491467576792
Dialectal	32.565284178187405	52.03574975173784	49.32079414838035
Dialectal_normalizada	35.40587219343696	51.79282868525896	53.75854214123007