Transcripcion	Levenstein	Orden	Parcial
Estandar	19.047619047619047	28.57142857142857	36.36363636363637
Estandar_normalizada	15.789473684210531	28.57142857142857	40.0
Dialectal	19.047619047619047	28.57142857142857	36.36363636363637
Dialectal_normalizada	15.789473684210531	28.57142857142857	40.0