Transcripcion	Levenstein	Orden	Parcial
Estandar	39.583333333333336	58.62068965517242	58.992805755395686
Estandar_normalizada	44.03669724770643	58.62068965517242	63.42710997442455
Dialectal	39.583333333333336	58.62068965517242	58.992805755395686
Dialectal_normalizada	44.03669724770643	58.62068965517242	63.42710997442455