Transcripcion	Levenstein	Orden	Parcial
Estandar	19.047619047619047	31.654676258992808	39.53488372093024
Estandar_normalizada	19.999999999999996	31.654676258992808	41.463414634146346
Dialectal	19.047619047619047	31.654676258992808	39.53488372093024
Dialectal_normalizada	19.999999999999996	31.654676258992808	41.463414634146346