Transcripcion	Levenstein	Orden	Parcial
Estandar	28.787878787878785	55.35714285714286	53.448275862068975
Estandar_normalizada	43.103448275862064	47.706422018348626	61.53846153846154
Dialectal	28.787878787878785	55.35714285714286	53.448275862068975
Dialectal_normalizada	43.103448275862064	47.706422018348626	61.53846153846154