Transcripcion	Levenstein	Orden	Parcial
Estandar	26.80412371134021	40.845070422535215	50.0
Estandar_normalizada	28.57142857142857	40.845070422535215	54.20560747663552
Dialectal	26.80412371134021	40.845070422535215	50.0
Dialectal_normalizada	28.57142857142857	40.845070422535215	54.20560747663552