Transcripcion	Levenstein	Orden	Parcial
Estandar	16.793893129770986	34.84848484848485	38.63636363636363
Estandar_normalizada	24.761904761904763	35.38461538461538	54.117647058823536
Dialectal	16.793893129770986	34.84848484848485	38.63636363636363
Dialectal_normalizada	24.761904761904763	35.38461538461538	54.117647058823536