Transcripcion	Levenstein	Orden	Parcial
Estandar	17.24137931034483	39.13043478260869	46.15384615384615
Estandar_normalizada	18.518518518518523	39.13043478260869	46.15384615384615
Dialectal	17.24137931034483	39.13043478260869	46.15384615384615
Dialectal_normalizada	18.518518518518523	39.13043478260869	46.15384615384615