Transcripcion	Levenstein	Orden	Parcial
Estandar	50.0	59.25925925925925	75.47169811320755
Estandar_normalizada	53.125	59.25925925925925	79.16666666666666
Dialectal	50.0	59.25925925925925	75.47169811320755
Dialectal_normalizada	53.125	59.25925925925925	79.16666666666666