Transcripcion	Levenstein	Orden	Parcial
Estandar	23.809523809523814	36.8421052631579	44.73684210526315
Estandar_normalizada	28.000000000000004	37.16814159292036	46.57534246575342
Dialectal	23.809523809523814	36.8421052631579	44.73684210526315
Dialectal_normalizada	28.000000000000004	37.16814159292036	46.57534246575342