Transcripcion	Levenstein	Orden	Parcial
Estandar	21.739130434782606	31.32530120481928	36.065573770491795
Estandar_normalizada	22.413793103448278	31.707317073170728	37.735849056603776
Dialectal	21.739130434782606	31.32530120481928	36.065573770491795
Dialectal_normalizada	22.413793103448278	31.707317073170728	37.735849056603776