Transcripcion	Levenstein	Orden	Parcial
Estandar	23.943661971830988	53.448275862068975	50.943396226415096
Estandar_normalizada	26.22950819672131	53.448275862068975	58.58585858585859
Dialectal	23.943661971830988	53.448275862068975	50.943396226415096
Dialectal_normalizada	26.22950819672131	53.448275862068975	58.58585858585859