Transcripcion	Levenstein	Orden	Parcial
Estandar	22.857142857142854	38.59649122807017	43.24324324324324
Estandar_normalizada	20.588235294117652	38.59649122807017	45.714285714285715
Dialectal	22.857142857142854	38.59649122807017	43.24324324324324
Dialectal_normalizada	20.588235294117652	38.59649122807017	45.714285714285715