Transcripcion	Levenstein	Orden	Parcial
Estandar	19.999999999999996	12.5	37.5
Estandar_normalizada	18.181818181818176	12.5	33.333333333333336
Dialectal	19.999999999999996	12.5	37.5
Dialectal_normalizada	18.181818181818176	12.5	33.333333333333336