Transcripcion	Levenstein	Orden	Parcial
Estandar	32.25806451612904	43.47826086956522	51.89873417721519
Estandar_normalizada	36.26373626373627	43.75	56.92307692307692
Dialectal	32.25806451612904	43.47826086956522	51.89873417721519
Dialectal_normalizada	36.26373626373627	43.75	56.92307692307692