Transcripcion	Levenstein	Orden	Parcial
Estandar	47.74774774774775	66.66666666666667	65.82278481012658
Estandar_normalizada	51.81818181818182	66.66666666666667	69.33333333333334
Dialectal	47.74774774774775	66.66666666666667	65.82278481012658
Dialectal_normalizada	51.81818181818182	66.66666666666667	69.33333333333334