Transcripcion	Levenstein	Orden	Parcial
Estandar	43.609022556390975	56.790123456790134	59.555555555555564
Estandar_normalizada	48.837209302325576	56.790123456790134	63.507109004739334
Dialectal	43.609022556390975	56.790123456790134	59.555555555555564
Dialectal_normalizada	48.837209302325576	56.790123456790134	63.507109004739334