Transcripcion	Levenstein	Orden	Parcial
Estandar	56.90045248868778	71.46702557200538	65.20618556701031
Estandar_normalizada	62.038216560509554	70.99391480730223	71.69811320754718
Dialectal	56.71641791044777	72.77664630006788	65.4639175257732
Dialectal_normalizada	61.52849740932642	70.53206002728514	71.73620457604306