Transcripcion	Levenstein	Orden	Parcial
Estandar	28.000000000000004	38.888888888888886	50.0
Estandar_normalizada	31.999999999999996	38.888888888888886	58.33333333333333
Dialectal	28.000000000000004	38.888888888888886	50.0
Dialectal_normalizada	31.999999999999996	38.888888888888886	58.33333333333333