Transcripcion	Levenstein	Orden	Parcial
Estandar	27.160493827160494	44.25531914893617	39.53488372093024
Estandar_normalizada	30.069930069930074	44.25531914893617	43.0379746835443
Dialectal	27.160493827160494	44.25531914893617	39.53488372093024
Dialectal_normalizada	30.069930069930074	44.25531914893617	43.0379746835443