Transcripcion	Levenstein	Orden	Parcial
Estandar	44.25287356321839	56.4516129032258	64.60176991150442
Estandar_normalizada	48.34437086092716	55.06072874493927	69.0909090909091
Dialectal	44.25287356321839	56.4516129032258	64.60176991150442
Dialectal_normalizada	48.34437086092716	55.06072874493927	69.0909090909091