Transcripcion	Levenstein	Orden	Parcial
Estandar	4.444444444444439	11.940298507462687	100.0
Estandar_normalizada	5.405405405405405	12.121212121212121	100.0
Dialectal	4.444444444444439	11.940298507462687	100.0
Dialectal_normalizada	5.405405405405405	12.121212121212121	100.0