Transcripcion	Levenstein	Orden	Parcial
Estandar	40.54054054054054	58.33333333333333	63.41463414634146
Estandar_normalizada	43.548387096774185	64.40677966101696	65.48672566371681
Dialectal	40.54054054054054	58.33333333333333	63.41463414634146
Dialectal_normalizada	43.548387096774185	64.40677966101696	65.48672566371681