Transcripcion	Levenstein	Orden	Parcial
Estandar	56.63716814159292	75.25773195876289	69.14893617021276
Estandar_normalizada	62.745098039215684	76.6839378238342	75.13227513227514
Dialectal	56.63716814159292	75.25773195876289	69.14893617021276
Dialectal_normalizada	62.745098039215684	76.6839378238342	75.13227513227514