Transcripcion	Levenstein	Orden	Parcial
Estandar	17.647058823529417	43.72093023255814	36.92307692307693
Estandar_normalizada	23.076923076923073	41.70616113744076	40.0
Dialectal	20.168067226890752	43.39622641509434	37.5
Dialectal_normalizada	23.931623931623935	41.34615384615385	40.74074074074075