Transcripcion	Levenstein	Orden	Parcial
Estandar	15.151515151515149	44.44444444444444	46.15384615384615
Estandar_normalizada	22.22222222222222	45.714285714285715	46.15384615384615
Dialectal	15.151515151515149	44.44444444444444	46.15384615384615
Dialectal_normalizada	22.22222222222222	45.714285714285715	46.15384615384615