Transcripcion	Levenstein	Orden	Parcial
Estandar	20.93023255813954	35.08771929824561	44.99999999999999
Estandar_normalizada	23.076923076923073	35.08771929824561	45.714285714285715
Dialectal	20.93023255813954	35.08771929824561	44.99999999999999
Dialectal_normalizada	23.076923076923073	35.08771929824561	45.714285714285715