Transcripcion	Levenstein	Orden	Parcial
Estandar	63.519313304721024	76.83923705722071	75.84269662921348
Estandar_normalizada	68.24644549763033	77.26027397260273	80.35190615835776
Dialectal	63.20346320346321	77.26027397260273	75.84269662921348
Dialectal_normalizada	68.42105263157895	77.68595041322314	80.23598820058997