Transcripcion	Levenstein	Orden	Parcial
Estandar	38.095238095238095	69.23076923076923	68.83116883116884
Estandar_normalizada	43.548387096774185	68.50828729281768	73.61111111111111
Dialectal	38.095238095238095	69.23076923076923	68.83116883116884
Dialectal_normalizada	43.548387096774185	68.50828729281768	73.61111111111111