Transcripcion	Levenstein	Orden	Parcial
Estandar	21.818181818181813	45.28301886792453	84.61538461538461
Estandar_normalizada	25.0	45.28301886792453	100.0
Dialectal	21.818181818181813	45.28301886792453	84.61538461538461
Dialectal_normalizada	25.0	45.28301886792453	100.0