Transcripcion	Levenstein	Orden	Parcial
Estandar	15.652173913043477	26.865671641791046	45.90163934426229
Estandar_normalizada	15.454545454545453	26.865671641791046	51.85185185185186
Dialectal	15.652173913043477	26.865671641791046	45.90163934426229
Dialectal_normalizada	15.454545454545453	26.865671641791046	51.85185185185186