Transcripcion	Levenstein	Orden	Parcial
Estandar	63.36206896551724	82.55813953488372	73.26732673267327
Estandar_normalizada	71.078431372549	82.79883381924198	78.0
Dialectal	63.36206896551724	82.55813953488372	73.26732673267327
Dialectal_normalizada	71.078431372549	82.79883381924198	78.0