Transcripcion	Levenstein	Orden	Parcial
Estandar	3.8461538461538436	8.695652173913048	25.0
Estandar_normalizada	5.000000000000004	8.695652173913048	25.0
Dialectal	3.8461538461538436	8.695652173913048	25.0
Dialectal_normalizada	5.000000000000004	8.695652173913048	25.0