Transcripcion	Levenstein	Orden	Parcial
Estandar	68.32504145936981	81.00502512562814	77.37373737373737
Estandar_normalizada	73.90510948905109	81.08651911468813	82.80922431865828
Dialectal	68.43853820598007	81.08651911468813	77.37373737373737
Dialectal_normalizada	74.04021937842779	81.1681772406848	82.80922431865828