Transcripcion	Levenstein	Orden	Parcial
Estandar	14.979757085020239	22.602739726027398	46.29629629629629
Estandar_normalizada	15.163934426229508	22.602739726027398	48.0
Dialectal	14.979757085020239	22.602739726027398	46.29629629629629
Dialectal_normalizada	15.163934426229508	22.602739726027398	48.0