Transcripcion	Levenstein	Orden	Parcial
Estandar	25.0	42.85714285714286	44.44444444444444
Estandar_normalizada	29.411764705882348	42.85714285714286	50.0
Dialectal	25.0	42.85714285714286	44.44444444444444
Dialectal_normalizada	29.411764705882348	42.85714285714286	50.0