Transcripcion	Levenstein	Orden	Parcial
Estandar	36.8421052631579	68.39826839826839	56.17977528089888
Estandar_normalizada	48.07692307692307	68.99563318777294	67.70833333333333
Dialectal	36.8421052631579	68.39826839826839	56.17977528089888
Dialectal_normalizada	48.07692307692307	68.99563318777294	67.70833333333333