Transcripcion	Levenstein	Orden	Parcial
Estandar	38.888888888888886	65.67164179104478	71.42857142857143
Estandar_normalizada	48.88888888888889	66.66666666666667	79.24528301886792
Dialectal	38.888888888888886	65.67164179104478	71.42857142857143
Dialectal_normalizada	48.88888888888889	66.66666666666667	79.24528301886792