Transcripcion	Levenstein	Orden	Parcial
Estandar	29.629629629629626	45.90163934426229	65.0
Estandar_normalizada	35.55555555555555	45.90163934426229	65.0
Dialectal	29.629629629629626	45.90163934426229	65.0
Dialectal_normalizada	35.55555555555555	45.90163934426229	65.0