Transcripcion	Levenstein	Orden	Parcial
Estandar	19.696969696969703	37.64705882352941	40.74074074074075
Estandar_normalizada	21.818181818181813	37.64705882352941	43.13725490196079
Dialectal	19.696969696969703	37.64705882352941	40.74074074074075
Dialectal_normalizada	21.818181818181813	37.64705882352941	43.13725490196079