Transcripcion	Levenstein	Orden	Parcial
Estandar	32.87671232876712	46.15384615384615	51.85185185185186
Estandar_normalizada	29.850746268656714	46.15384615384615	53.333333333333336
Dialectal	32.87671232876712	46.15384615384615	51.85185185185186
Dialectal_normalizada	29.850746268656714	46.15384615384615	53.333333333333336