Transcripcion	Levenstein	Orden	Parcial
Estandar	63.788300835654596	79.92277992277992	71.59090909090908
Estandar_normalizada	71.80327868852459	78.05825242718447	79.75708502024291
Dialectal	63.407821229050285	79.69052224371373	71.59090909090908
Dialectal_normalizada	71.38157894736842	77.82101167315176	79.75708502024291