Transcripcion	Levenstein	Orden	Parcial
Estandar	68.03118908382066	79.31873479318735	78.01418439716312
Estandar_normalizada	74.83296213808464	79.41534713763703	84.07960199004975
Dialectal	68.03118908382066	79.31873479318735	78.01418439716312
Dialectal_normalizada	74.83296213808464	79.41534713763703	84.07960199004975