Transcripcion	Levenstein	Orden	Parcial
Estandar	15.151515151515149	42.307692307692314	36.065573770491795
Estandar_normalizada	17.24137931034483	42.307692307692314	43.75
Dialectal	15.151515151515149	42.307692307692314	36.065573770491795
Dialectal_normalizada	17.24137931034483	42.307692307692314	43.75