Transcripcion	Levenstein	Orden	Parcial
Estandar	75.09727626459144	83.25991189427313	83.19327731092436
Estandar_normalizada	81.27659574468085	83.25991189427313	87.82608695652175
Dialectal	75.09727626459144	83.25991189427313	83.19327731092436
Dialectal_normalizada	81.27659574468085	83.25991189427313	87.82608695652175