Transcripcion	Levenstein	Orden	Parcial
Estandar	61.95652173913043	82.49400479616307	68.18181818181819
Estandar_normalizada	70.66115702479338	82.21153846153845	76.28865979381443
Dialectal	61.95652173913043	82.49400479616307	68.18181818181819
Dialectal_normalizada	70.66115702479338	82.21153846153845	76.28865979381443