Transcripcion	Levenstein	Orden	Parcial
Estandar	55.73770491803278	73.91304347826086	83.51648351648352
Estandar_normalizada	60.0	73.91304347826086	88.31168831168831
Dialectal	55.73770491803278	73.91304347826086	83.51648351648352
Dialectal_normalizada	60.0	73.91304347826086	88.31168831168831