Transcripcion	Levenstein	Orden	Parcial
Estandar	65.25096525096525	71.33182844243792	73.18181818181819
Estandar_normalizada	69.4915254237288	71.94570135746606	79.62962962962963
Dialectal	65.25096525096525	71.33182844243792	73.18181818181819
Dialectal_normalizada	69.4915254237288	71.94570135746606	79.62962962962963