Transcripcion	Levenstein	Orden	Parcial
Estandar	71.86311787072243	84.1880341880342	85.3061224489796
Estandar_normalizada	76.54320987654322	84.1880341880342	87.93103448275862
Dialectal	71.86311787072243	84.1880341880342	85.3061224489796
Dialectal_normalizada	76.54320987654322	84.1880341880342	87.93103448275862