Transcripcion	Levenstein	Orden	Parcial
Estandar	8.47457627118644	16.000000000000004	40.0
Estandar_normalizada	10.63829787234043	16.000000000000004	44.44444444444444
Dialectal	8.47457627118644	16.000000000000004	40.0
Dialectal_normalizada	10.63829787234043	16.000000000000004	44.44444444444444