Transcripcion	Levenstein	Orden	Parcial
Estandar	41.53846153846153	59.11949685534591	60.526315789473685
Estandar_normalizada	46.728971962616825	59.493670886075954	66.66666666666667
Dialectal	41.53846153846153	59.11949685534591	60.526315789473685
Dialectal_normalizada	46.728971962616825	59.493670886075954	66.66666666666667