Transcripcion	Levenstein	Orden	Parcial
Estandar	23.25581395348837	38.095238095238095	73.6842105263158
Estandar_normalizada	21.62162162162162	38.095238095238095	85.71428571428572
Dialectal	23.25581395348837	38.095238095238095	73.6842105263158
Dialectal_normalizada	21.62162162162162	38.095238095238095	85.71428571428572