Transcripcion	Levenstein	Orden	Parcial
Estandar	45.30120481927711	65.41737649063033	59.591836734693885
Estandar_normalizada	49.86522911051213	65.2991452991453	63.86554621848739
Dialectal	45.30120481927711	65.41737649063033	59.591836734693885
Dialectal_normalizada	49.86522911051213	65.2991452991453	63.86554621848739