Transcripcion	Levenstein	Orden	Parcial
Estandar	32.55813953488372	66.66666666666667	81.25
Estandar_normalizada	45.45454545454546	66.66666666666667	87.5
Dialectal	32.55813953488372	66.66666666666667	81.25
Dialectal_normalizada	45.45454545454546	66.66666666666667	87.5