Transcripcion	Levenstein	Orden	Parcial
Estandar	51.971326164874554	70.70707070707071	70.98765432098766
Estandar_normalizada	57.48987854251012	70.70707070707071	75.0
Dialectal	51.971326164874554	70.70707070707071	70.98765432098766
Dialectal_normalizada	57.48987854251012	70.70707070707071	75.0