Transcripcion	Levenstein	Orden	Parcial
Estandar	72.41379310344827	87.54863813229572	75.80645161290323
Estandar_normalizada	80.06993006993007	87.71929824561404	83.88429752066115
Dialectal	72.41379310344827	87.54863813229572	75.80645161290323
Dialectal_normalizada	80.06993006993007	87.71929824561404	83.88429752066115