Transcripcion	Levenstein	Orden	Parcial
Estandar	13.33333333333333	36.36363636363637	66.66666666666667
Estandar_normalizada	18.181818181818176	36.36363636363637	100.0
Dialectal	13.33333333333333	36.36363636363637	66.66666666666667
Dialectal_normalizada	18.181818181818176	36.36363636363637	100.0