Transcripcion	Levenstein	Orden	Parcial
Estandar	28.57142857142857	46.601941747572816	50.60240963855422
Estandar_normalizada	32.14285714285714	46.601941747572816	53.16455696202531
Dialectal	28.57142857142857	46.601941747572816	50.60240963855422
Dialectal_normalizada	32.14285714285714	46.601941747572816	53.16455696202531