Transcripcion	Levenstein	Orden	Parcial
Estandar	21.95121951219512	40.625	38.57142857142857
Estandar_normalizada	24.28571428571429	40.625	42.1875
Dialectal	21.95121951219512	40.625	38.57142857142857
Dialectal_normalizada	24.28571428571429	40.625	42.1875