Transcripcion	Levenstein	Orden	Parcial
Estandar	43.333333333333336	65.0	81.25
Estandar_normalizada	46.15384615384615	65.0	86.66666666666667
Dialectal	43.333333333333336	65.0	81.25
Dialectal_normalizada	46.15384615384615	65.0	86.66666666666667