Transcripcion	Levenstein	Orden	Parcial
Estandar	41.666666666666664	71.91011235955057	75.0
Estandar_normalizada	54.385964912280706	72.72727272727273	77.5
Dialectal	41.666666666666664	71.91011235955057	75.0
Dialectal_normalizada	54.385964912280706	72.72727272727273	77.5