Transcripcion	Levenstein	Orden	Parcial
Estandar	71.59904534606206	85.97014925373134	75.0
Estandar_normalizada	80.10752688172043	86.52694610778443	82.05928237129486
Dialectal	70.9832134292566	85.92814371257485	74.81146304675717
Dialectal_normalizada	79.45945945945945	86.48648648648648	81.93146417445483