Transcripcion	Levenstein	Orden	Parcial
Estandar	42.00000000000001	49.31506849315068	65.51724137931035
Estandar_normalizada	50.0	49.31506849315068	69.0909090909091
Dialectal	42.00000000000001	49.31506849315068	65.51724137931035
Dialectal_normalizada	50.0	49.31506849315068	69.0909090909091