Transcripcion	Levenstein	Orden	Parcial
Estandar	25.0	38.095238095238095	44.067796610169495
Estandar_normalizada	28.205128205128204	38.095238095238095	47.05882352941176
Dialectal	25.0	38.095238095238095	44.067796610169495
Dialectal_normalizada	28.205128205128204	38.095238095238095	47.05882352941176