Transcripcion	Levenstein	Orden	Parcial
Estandar	61.01694915254237	86.41975308641976	71.7948717948718
Estandar_normalizada	71.42857142857143	86.41975308641976	78.37837837837837
Dialectal	61.01694915254237	86.41975308641976	71.7948717948718
Dialectal_normalizada	71.42857142857143	86.41975308641976	78.37837837837837