Transcripcion	Levenstein	Orden	Parcial
Estandar	81.08108108108108	98.36065573770492	83.87096774193549
Estandar_normalizada	90.9090909090909	98.36065573770492	93.33333333333333
Dialectal	81.08108108108108	98.36065573770492	83.87096774193549
Dialectal_normalizada	90.9090909090909	98.36065573770492	93.33333333333333