Transcripcion	Levenstein	Orden	Parcial
Estandar	59.74025974025974	87.5	89.10891089108911
Estandar_normalizada	69.6969696969697	87.5	91.83673469387756
Dialectal	59.74025974025974	87.5	89.10891089108911
Dialectal_normalizada	69.6969696969697	87.5	91.83673469387756