Transcripcion	Levenstein	Orden	Parcial
Estandar	28.205128205128204	53.84615384615385	51.32743362831859
Estandar_normalizada	36.0	54.26356589147288	58.82352941176471
Dialectal	28.205128205128204	53.84615384615385	51.32743362831859
Dialectal_normalizada	36.0	54.26356589147288	58.82352941176471