Transcripcion	Levenstein	Orden	Parcial
Estandar	13.043478260869568	14.035087719298245	33.333333333333336
Estandar_normalizada	13.33333333333333	14.035087719298245	38.46153846153846
Dialectal	13.043478260869568	14.035087719298245	33.333333333333336
Dialectal_normalizada	13.33333333333333	14.035087719298245	38.46153846153846