Transcripcion	Levenstein	Orden	Parcial
Estandar	12.727272727272732	34.14634146341463	33.333333333333336
Estandar_normalizada	20.45454545454546	32.49999999999999	42.25352112676056
Dialectal	12.727272727272732	34.14634146341463	33.333333333333336
Dialectal_normalizada	20.45454545454546	32.49999999999999	42.25352112676056