Transcripcion	Levenstein	Orden	Parcial
Estandar	36.36363636363637	58.82352941176471	57.446808510638306
Estandar_normalizada	47.945205479452056	59.32203389830508	66.66666666666667
Dialectal	36.36363636363637	58.82352941176471	57.446808510638306
Dialectal_normalizada	47.945205479452056	59.32203389830508	66.66666666666667