Transcripcion	Levenstein	Orden	Parcial
Estandar	18.518518518518523	40.0	55.55555555555556
Estandar_normalizada	23.809523809523814	41.666666666666664	55.55555555555556
Dialectal	18.518518518518523	40.0	55.55555555555556
Dialectal_normalizada	23.809523809523814	41.666666666666664	55.55555555555556