Transcripcion	Levenstein	Orden	Parcial
Estandar	37.5	50.0	48.837209302325576
Estandar_normalizada	43.47826086956522	50.0	55.263157894736835
Dialectal	37.5	50.0	48.837209302325576
Dialectal_normalizada	43.47826086956522	50.0	55.263157894736835