Transcripcion	Levenstein	Orden	Parcial
Estandar	64.91228070175438	80.66298342541435	67.0391061452514
Estandar_normalizada	73.0	75.55555555555556	75.5813953488372
Dialectal	64.91228070175438	80.66298342541435	67.0391061452514
Dialectal_normalizada	73.0	75.55555555555556	75.5813953488372