Transcripcion	Levenstein	Orden	Parcial
Estandar	60.65573770491803	77.60532150776054	64.76190476190476
Estandar_normalizada	69.1119691119691	77.06013363028953	72.81553398058253
Dialectal	60.65573770491803	77.60532150776054	64.76190476190476
Dialectal_normalizada	69.1119691119691	77.06013363028953	72.81553398058253