Transcripcion	Levenstein	Orden	Parcial
Estandar	47.27272727272728	69.33333333333334	62.857142857142854
Estandar_normalizada	60.0	69.33333333333334	76.47058823529412
Dialectal	47.27272727272728	69.33333333333334	62.857142857142854
Dialectal_normalizada	60.0	69.33333333333334	76.47058823529412