Transcripcion	Levenstein	Orden	Parcial
Estandar	71.20418848167539	86.02383531960996	79.35483870967742
Estandar_normalizada	78.65612648221344	85.74537540805223	85.87319243604004
Dialectal	71.27845884413311	85.99348534201954	79.35483870967742
Dialectal_normalizada	78.76984126984127	85.71428571428572	85.84169453734671