Transcripcion	Levenstein	Orden	Parcial
Estandar	49.390243902439025	77.61194029850746	65.1685393258427
Estandar_normalizada	60.902255639097746	78.0	74.4186046511628
Dialectal	49.390243902439025	77.61194029850746	65.1685393258427
Dialectal_normalizada	60.902255639097746	78.0	74.4186046511628