Transcripcion	Levenstein	Orden	Parcial
Estandar	24.193548387096776	47.05882352941176	42.666666666666664
Estandar_normalizada	26.0	47.05882352941176	42.85714285714286
Dialectal	24.193548387096776	47.05882352941176	42.666666666666664
Dialectal_normalizada	26.0	47.05882352941176	42.85714285714286