Transcripcion	Levenstein	Orden	Parcial
Estandar	59.20000000000001	70.35175879396985	74.0
Estandar_normalizada	66.05504587155964	70.35175879396985	78.35051546391753
Dialectal	59.20000000000001	70.35175879396985	74.0
Dialectal_normalizada	66.05504587155964	70.35175879396985	78.35051546391753