Transcripcion	Levenstein	Orden	Parcial
Estandar	17.500000000000004	33.333333333333336	31.25
Estandar_normalizada	25.0	34.14634146341463	37.5
Dialectal	17.500000000000004	33.333333333333336	31.25
Dialectal_normalizada	25.0	34.14634146341463	37.5