Transcripcion	Levenstein	Orden	Parcial
Estandar	52.23880597014925	74.28571428571429	72.22222222222221
Estandar_normalizada	57.89473684210527	74.28571428571429	78.35051546391753
Dialectal	52.23880597014925	74.28571428571429	72.22222222222221
Dialectal_normalizada	57.89473684210527	74.28571428571429	78.35051546391753