Transcripcion	Levenstein	Orden	Parcial
Estandar	35.59322033898306	41.584158415841586	57.425742574257434
Estandar_normalizada	35.18518518518518	41.584158415841586	54.90196078431373
Dialectal	35.59322033898306	41.584158415841586	57.425742574257434
Dialectal_normalizada	35.18518518518518	41.584158415841586	54.90196078431373