Transcripcion	Levenstein	Orden	Parcial
Estandar	20.779220779220775	47.05882352941176	58.53658536585367
Estandar_normalizada	25.0	48.484848484848484	59.45945945945945
Dialectal	20.779220779220775	47.05882352941176	58.53658536585367
Dialectal_normalizada	25.0	48.484848484848484	59.45945945945945