Transcripcion	Levenstein	Orden	Parcial
Estandar	67.3076923076923	83.47406513872136	72.09876543209876
Estandar_normalizada	75.5939524838013	83.29297820823246	80.20304568527918
Dialectal	66.40926640926641	81.74123337363966	71.60493827160495
Dialectal_normalizada	74.62039045553146	81.55339805825243	79.94923857868021