Transcripcion	Levenstein	Orden	Parcial
Estandar	62.5	77.12418300653596	79.74683544303798
Estandar_normalizada	69.87951807228916	77.12418300653596	83.22147651006712
Dialectal	62.5	77.12418300653596	79.74683544303798
Dialectal_normalizada	69.87951807228916	77.12418300653596	83.22147651006712