Transcripcion	Levenstein	Orden	Parcial
Estandar	19.354838709677423	34.14634146341463	35.29411764705882
Estandar_normalizada	18.518518518518523	34.14634146341463	38.70967741935484
Dialectal	19.354838709677423	34.14634146341463	35.29411764705882
Dialectal_normalizada	18.518518518518523	34.14634146341463	38.70967741935484