Transcripcion	Levenstein	Orden	Parcial
Estandar	23.809523809523814	55.88235294117647	39.39393939393939
Estandar_normalizada	32.692307692307686	56.71641791044777	54.16666666666667
Dialectal	23.809523809523814	55.88235294117647	39.39393939393939
Dialectal_normalizada	32.692307692307686	56.71641791044777	54.16666666666667