Transcripcion	Levenstein	Orden	Parcial
Estandar	51.13636363636363	71.9298245614035	62.0
Estandar_normalizada	59.45945945945945	72.56637168141593	67.34693877551021
Dialectal	51.13636363636363	71.9298245614035	62.0
Dialectal_normalizada	59.45945945945945	72.56637168141593	67.34693877551021