Transcripcion	Levenstein	Orden	Parcial
Estandar	10.9375	44.067796610169495	45.714285714285715
Estandar_normalizada	14.893617021276595	45.614035087719294	58.06451612903225
Dialectal	11.475409836065575	46.42857142857143	45.714285714285715
Dialectal_normalizada	15.909090909090907	48.14814814814815	58.06451612903225