Transcripcion	Levenstein	Orden	Parcial
Estandar	46.19289340101523	66.91449814126393	60.86956521739131
Estandar_normalizada	53.84615384615385	67.16981132075472	65.48672566371681
Dialectal	46.19289340101523	66.91449814126393	60.86956521739131
Dialectal_normalizada	53.84615384615385	67.16981132075472	65.48672566371681