Transcripcion	Levenstein	Orden	Parcial
Estandar	9.999999999999998	23.25581395348837	33.333333333333336
Estandar_normalizada	11.764705882352944	23.25581395348837	33.333333333333336
Dialectal	9.999999999999998	23.25581395348837	33.333333333333336
Dialectal_normalizada	11.764705882352944	23.25581395348837	33.333333333333336