Transcripcion	Levenstein	Orden	Parcial
Estandar	16.666666666666664	0.0	33.333333333333336
Estandar_normalizada	9.090909090909093	0.0	33.333333333333336
Dialectal	16.666666666666664	0.0	33.333333333333336
Dialectal_normalizada	9.090909090909093	0.0	33.333333333333336