Transcripcion	Levenstein	Orden	Parcial
Estandar	23.529411764705888	44.89795918367348	47.45762711864406
Estandar_normalizada	41.93548387096774	44.89795918367348	61.904761904761905
Dialectal	23.529411764705888	44.89795918367348	47.45762711864406
Dialectal_normalizada	41.93548387096774	44.89795918367348	61.904761904761905