Transcripcion	Levenstein	Orden	Parcial
Estandar	42.03233256351039	67.26296958855099	69.33333333333334
Estandar_normalizada	50.26881720430107	67.87003610108303	74.55357142857143
Dialectal	42.03233256351039	67.26296958855099	69.33333333333334
Dialectal_normalizada	50.26881720430107	67.87003610108303	74.55357142857143