Transcripcion	Levenstein	Orden	Parcial
Estandar	49.58448753462604	77.14808043875685	58.96980461811723
Estandar_normalizada	57.98045602605863	77.43119266055045	69.17293233082707
Dialectal	49.58448753462604	77.14808043875685	58.96980461811723
Dialectal_normalizada	57.98045602605863	77.43119266055045	69.17293233082707