Transcripcion	Levenstein	Orden	Parcial
Estandar	48.97959183673469	70.76923076923076	68.57142857142857
Estandar_normalizada	68.42105263157895	70.76923076923076	81.25
Dialectal	48.97959183673469	70.76923076923076	68.57142857142857
Dialectal_normalizada	68.42105263157895	70.76923076923076	81.25