Transcripcion	Levenstein	Orden	Parcial
Estandar	60.0	79.06976744186046	80.0
Estandar_normalizada	69.23076923076923	79.06976744186046	86.48648648648648
Dialectal	60.0	79.06976744186046	80.0
Dialectal_normalizada	69.23076923076923	79.06976744186046	86.48648648648648