Transcripcion	Levenstein	Orden	Parcial
Estandar	51.06382978723405	76.63230240549828	65.83629893238434
Estandar_normalizada	58.82352941176471	76.92307692307692	73.30827067669172
Dialectal	51.3064133016627	76.55172413793103	66.19217081850533
Dialectal_normalizada	58.59154929577465	76.84210526315789	73.30827067669172