Transcripcion	Levenstein	Orden	Parcial
Estandar	35.71428571428571	51.256281407035175	55.44554455445545
Estandar_normalizada	40.33613445378151	51.256281407035175	62.06896551724138
Dialectal	35.71428571428571	51.256281407035175	55.44554455445545
Dialectal_normalizada	40.33613445378151	51.256281407035175	62.06896551724138