Transcripcion	Levenstein	Orden	Parcial
Estandar	7.017543859649122	9.836065573770492	25.0
Estandar_normalizada	10.909090909090914	9.836065573770492	44.44444444444444
Dialectal	7.017543859649122	9.836065573770492	25.0
Dialectal_normalizada	10.909090909090914	9.836065573770492	44.44444444444444