Transcripcion	Levenstein	Orden	Parcial
Estandar	18.181818181818176	30.76923076923077	38.888888888888886
Estandar_normalizada	17.391304347826086	30.76923076923077	43.75
Dialectal	18.181818181818176	30.76923076923077	38.888888888888886
Dialectal_normalizada	17.391304347826086	30.76923076923077	43.75