Transcripcion	Levenstein	Orden	Parcial
Estandar	74.82993197278911	77.34375	77.77777777777779
Estandar_normalizada	79.41176470588236	77.54569190600522	83.33333333333334
Dialectal	74.77064220183487	77.58846657929227	78.83597883597884
Dialectal_normalizada	79.40446650124069	76.74113009198423	84.13978494623656