Transcripcion	Levenstein	Orden	Parcial
Estandar	34.48275862068966	44.99999999999999	48.484848484848484
Estandar_normalizada	33.333333333333336	44.99999999999999	50.0
Dialectal	34.48275862068966	44.99999999999999	48.484848484848484
Dialectal_normalizada	33.333333333333336	44.99999999999999	50.0