Transcripcion	Levenstein	Orden	Parcial
Estandar	21.95121951219512	28.07017543859649	37.5
Estandar_normalizada	19.999999999999996	28.07017543859649	39.13043478260869
Dialectal	21.95121951219512	28.07017543859649	37.5
Dialectal_normalizada	19.999999999999996	28.07017543859649	39.13043478260869