Transcripcion	Levenstein	Orden	Parcial
Estandar	36.02150537634409	56.43153526970954	50.847457627118644
Estandar_normalizada	40.88050314465409	57.14285714285714	55.8659217877095
Dialectal	36.75675675675676	57.49999999999999	50.847457627118644
Dialectal_normalizada	41.13924050632911	58.22784810126582	55.8659217877095