Transcripcion	Levenstein	Orden	Parcial
Estandar	48.550724637681164	68.49757673667204	72.25325884543761
Estandar_normalizada	53.98936170212766	68.5064935064935	75.62380038387715
Dialectal	48.18401937046005	68.28478964401295	72.01492537313433
Dialectal_normalizada	53.6	68.29268292682926	75.38461538461539