Transcripcion	Levenstein	Orden	Parcial
Estandar	29.032258064516125	29.268292682926834	52.94117647058824
Estandar_normalizada	26.66666666666667	29.268292682926834	61.53846153846154
Dialectal	29.032258064516125	29.268292682926834	52.94117647058824
Dialectal_normalizada	26.66666666666667	29.268292682926834	61.53846153846154