Transcripcion	Levenstein	Orden	Parcial
Estandar	50.0	70.96774193548387	86.66666666666667
Estandar_normalizada	55.00000000000001	70.96774193548387	96.0
Dialectal	50.0	70.96774193548387	86.66666666666667
Dialectal_normalizada	55.00000000000001	70.96774193548387	96.0