Transcripcion	Levenstein	Orden	Parcial
Estandar	3.57142857142857	10.526315789473683	50.0
Estandar_normalizada	4.545454545454541	10.526315789473683	66.66666666666667
Dialectal	3.57142857142857	10.526315789473683	50.0
Dialectal_normalizada	4.545454545454541	10.526315789473683	66.66666666666667