Transcripcion	Levenstein	Orden	Parcial
Estandar	66.09665427509293	78.91647855530474	73.60594795539032
Estandar_normalizada	72.7346278317152	79.05924920850293	79.15057915057915
Dialectal	66.2192393736018	79.78290366350068	73.69888475836431
Dialectal_normalizada	72.8896103896104	79.9275033982782	79.44015444015444