Transcripcion	Levenstein	Orden	Parcial
Estandar	71.15384615384616	79.54545454545455	87.05882352941177
Estandar_normalizada	79.16666666666666	79.54545454545455	92.6829268292683
Dialectal	71.15384615384616	79.54545454545455	87.05882352941177
Dialectal_normalizada	79.16666666666666	79.54545454545455	92.6829268292683