Transcripcion	Levenstein	Orden	Parcial
Estandar	62.5	84.21052631578947	73.17073170731707
Estandar_normalizada	75.0	84.21052631578947	84.21052631578947
Dialectal	62.5	84.21052631578947	73.17073170731707
Dialectal_normalizada	75.0	84.21052631578947	84.21052631578947