Transcripcion	Levenstein	Orden	Parcial
Estandar	10.684931506849315	20.879120879120883	36.92307692307693
Estandar_normalizada	13.08411214953271	21.78770949720671	40.0
Dialectal	10.863509749303624	21.22905027932961	38.46153846153846
Dialectal_normalizada	13.33333333333333	22.159090909090907	41.53846153846153