Transcripcion	Levenstein	Orden	Parcial
Estandar	7.692307692307687	25.0	36.36363636363637
Estandar_normalizada	18.181818181818176	25.0	36.36363636363637
Dialectal	7.692307692307687	25.0	36.36363636363637
Dialectal_normalizada	18.181818181818176	25.0	36.36363636363637