Transcripcion	Levenstein	Orden	Parcial
Estandar	46.01769911504425	59.887005649717516	63.51351351351351
Estandar_normalizada	50.5050505050505	59.887005649717516	67.14285714285715
Dialectal	46.01769911504425	59.887005649717516	63.51351351351351
Dialectal_normalizada	50.5050505050505	59.887005649717516	67.14285714285715