Transcripcion	Levenstein	Orden	Parcial
Estandar	30.76923076923077	48.97959183673469	52.63157894736843
Estandar_normalizada	31.999999999999996	48.97959183673469	52.17391304347826
Dialectal	31.372549019607842	49.48453608247423	51.21951219512195
Dialectal_normalizada	30.612244897959183	49.48453608247423	52.74725274725275