Transcripcion	Levenstein	Orden	Parcial
Estandar	3.703703703703709	15.384615384615385	19.999999999999996
Estandar_normalizada	9.523809523809524	15.384615384615385	40.0
Dialectal	3.703703703703709	15.384615384615385	19.999999999999996
Dialectal_normalizada	9.523809523809524	15.384615384615385	40.0