Transcripcion	Levenstein	Orden	Parcial
Estandar	50.60240963855422	68.85245901639344	67.3076923076923
Estandar_normalizada	61.111111111111114	69.42148760330579	74.13793103448276
Dialectal	50.60240963855422	68.85245901639344	67.3076923076923
Dialectal_normalizada	61.111111111111114	69.42148760330579	74.13793103448276