Transcripcion	Levenstein	Orden	Parcial
Estandar	71.42857142857143	88.33333333333333	72.26890756302521
Estandar_normalizada	79.10447761194031	88.33333333333333	79.3103448275862
Dialectal	71.42857142857143	88.33333333333333	72.26890756302521
Dialectal_normalizada	79.10447761194031	88.33333333333333	79.3103448275862