Transcripcion	Levenstein	Orden	Parcial
Estandar	19.11111111111111	33.108108108108105	37.5
Estandar_normalizada	21.198156682027648	33.108108108108105	42.85714285714286
Dialectal	19.11111111111111	33.333333333333336	37.8698224852071
Dialectal_normalizada	21.198156682027648	33.333333333333336	42.6829268292683