Transcripcion	Levenstein	Orden	Parcial
Estandar	11.764705882352944	19.543973941368076	43.18181818181818
Estandar_normalizada	11.89591078066915	19.543973941368076	47.5
Dialectal	11.764705882352944	19.543973941368076	43.18181818181818
Dialectal_normalizada	11.89591078066915	19.543973941368076	47.5