Transcripcion	Levenstein	Orden	Parcial
Estandar	12.5	33.333333333333336	40.0
Estandar_normalizada	15.686274509803921	31.034482758620683	46.666666666666664
Dialectal	12.5	33.333333333333336	40.0
Dialectal_normalizada	15.686274509803921	31.034482758620683	46.666666666666664