Transcripcion	Levenstein	Orden	Parcial
Estandar	15.85365853658537	32.83582089552238	64.70588235294117
Estandar_normalizada	19.047619047619047	33.333333333333336	76.92307692307692
Dialectal	15.85365853658537	32.83582089552238	64.70588235294117
Dialectal_normalizada	19.047619047619047	33.333333333333336	76.92307692307692