Transcripcion	Levenstein	Orden	Parcial
Estandar	47.486033519553075	80.75117370892019	64.8936170212766
Estandar_normalizada	56.94444444444444	81.13207547169812	72.72727272727273
Dialectal	48.57142857142858	82.29665071770334	67.02127659574468
Dialectal_normalizada	58.57142857142856	82.6923076923077	73.86363636363636