Transcripcion	Levenstein	Orden	Parcial
Estandar	66.10169491525424	78.26086956521739	80.95238095238095
Estandar_normalizada	75.47169811320755	78.26086956521739	88.09523809523809
Dialectal	66.10169491525424	78.26086956521739	80.95238095238095
Dialectal_normalizada	75.47169811320755	78.26086956521739	88.09523809523809