Transcripcion	Levenstein	Orden	Parcial
Estandar	59.036144578313255	77.5330396475771	71.42857142857143
Estandar_normalizada	71.7557251908397	79.64601769911505	81.10599078341014
Dialectal	59.036144578313255	77.5330396475771	71.42857142857143
Dialectal_normalizada	71.7557251908397	79.64601769911505	81.10599078341014