Transcripcion	Levenstein	Orden	Parcial
Estandar	25.0	42.85714285714286	50.0
Estandar_normalizada	37.5	42.85714285714286	54.54545454545454
Dialectal	25.0	42.85714285714286	50.0
Dialectal_normalizada	37.5	42.85714285714286	54.54545454545454