Transcripcion	Levenstein	Orden	Parcial
Estandar	61.502347417840376	79.01234567901234	71.92429022082018
Estandar_normalizada	68.25396825396825	79.01234567901234	77.59197324414716
Dialectal	61.502347417840376	79.01234567901234	71.92429022082018
Dialectal_normalizada	68.25396825396825	79.01234567901234	77.59197324414716