Transcripcion	Levenstein	Orden	Parcial
Estandar	63.84615384615384	86.88946015424165	72.14076246334311
Estandar_normalizada	72.17391304347827	86.88946015424165	77.81155015197568
Dialectal	62.54826254826256	85.56701030927836	70.98591549295774
Dialectal_normalizada	70.74235807860262	85.56701030927836	76.60818713450293