Transcripcion	Levenstein	Orden	Parcial
Estandar	35.29411764705882	83.33333333333334	43.24324324324324
Estandar_normalizada	62.5	83.33333333333334	68.96551724137932
Dialectal	35.29411764705882	83.33333333333334	43.24324324324324
Dialectal_normalizada	62.5	83.33333333333334	68.96551724137932