Transcripcion	Levenstein	Orden	Parcial
Estandar	24.590163934426236	39.76608187134503	42.391304347826086
Estandar_normalizada	24.742268041237114	39.053254437869825	46.540880503144656
Dialectal	24.590163934426236	39.76608187134503	42.391304347826086
Dialectal_normalizada	24.742268041237114	39.053254437869825	46.540880503144656