Transcripcion	Levenstein	Orden	Parcial
Estandar	19.999999999999996	44.44444444444444	46.15384615384615
Estandar_normalizada	28.57142857142857	44.44444444444444	54.54545454545454
Dialectal	19.999999999999996	44.44444444444444	46.15384615384615
Dialectal_normalizada	28.57142857142857	44.44444444444444	54.54545454545454