Transcripcion	Levenstein	Orden	Parcial
Estandar	18.181818181818176	42.85714285714286	38.46153846153846
Estandar_normalizada	27.77777777777778	37.03703703703704	42.10526315789473
Dialectal	18.181818181818176	42.85714285714286	38.46153846153846
Dialectal_normalizada	27.77777777777778	37.03703703703704	42.10526315789473