Transcripcion	Levenstein	Orden	Parcial
Estandar	11.897106109324762	21.142857142857142	43.956043956043956
Estandar_normalizada	12.459016393442624	20.630372492836678	46.51162790697675
Dialectal	11.897106109324762	21.142857142857142	43.956043956043956
Dialectal_normalizada	12.459016393442624	20.630372492836678	46.51162790697675