Transcripcion	Levenstein	Orden	Parcial
Estandar	6.060606060606055	27.27272727272727	16.666666666666664
Estandar_normalizada	12.121212121212121	23.809523809523814	35.29411764705882
Dialectal	6.060606060606055	27.27272727272727	16.666666666666664
Dialectal_normalizada	12.121212121212121	23.809523809523814	35.29411764705882