Transcripcion	Levenstein	Orden	Parcial
Estandar	59.09090909090908	60.86956521739131	68.85245901639344
Estandar_normalizada	63.33333333333333	60.86956521739131	74.13793103448276
Dialectal	58.46153846153845	61.40350877192983	68.85245901639344
Dialectal_normalizada	62.71186440677966	61.40350877192983	72.41379310344827