Transcripcion	Levenstein	Orden	Parcial
Estandar	32.83582089552238	50.90909090909091	52.83018867924528
Estandar_normalizada	36.065573770491795	49.54128440366973	58.82352941176471
Dialectal	31.818181818181824	51.37614678899083	52.83018867924528
Dialectal_normalizada	35.0	50.0	58.82352941176471