Transcripcion	Levenstein	Orden	Parcial
Estandar	14.018691588785048	26.16822429906542	45.45454545454546
Estandar_normalizada	15.957446808510634	26.415094339622648	52.38095238095239
Dialectal	14.018691588785048	26.16822429906542	45.45454545454546
Dialectal_normalizada	15.957446808510634	26.415094339622648	52.38095238095239