Transcripcion	Levenstein	Orden	Parcial
Estandar	55.16129032258065	75.10548523206751	66.51982378854626
Estandar_normalizada	62.13235294117647	74.84143763213531	73.7556561085973
Dialectal	54.69255663430421	74.84143763213531	66.51982378854626
Dialectal_normalizada	61.62361623616236	74.57627118644068	73.7556561085973