Transcripcion	Levenstein	Orden	Parcial
Estandar	52.04460966542751	73.8544474393531	63.04347826086957
Estandar_normalizada	62.211981566820285	73.8544474393531	72.88135593220339
Dialectal	51.865671641791046	74.59459459459458	63.04347826086957
Dialectal_normalizada	62.03703703703704	74.59459459459458	72.88135593220339