Transcripcion	Levenstein	Orden	Parcial
Estandar	47.25274725274725	59.00990099009902	63.755458515283834
Estandar_normalizada	55.1948051948052	59.036144578313255	69.81981981981981
Dialectal	46.51810584958217	58.80000000000001	63.31877729257642
Dialectal_normalizada	54.45544554455446	59.2292089249493	70.72072072072072