Transcripcion	Levenstein	Orden	Parcial
Estandar	6.25	0.0	28.57142857142857
Estandar_normalizada	7.692307692307687	0.0	40.0
Dialectal	6.25	0.0	28.57142857142857
Dialectal_normalizada	7.692307692307687	0.0	40.0