Transcripcion	Levenstein	Orden	Parcial
Estandar	45.578231292517	67.42857142857143	66.66666666666667
Estandar_normalizada	55.08474576271186	67.81609195402298	70.27027027027026
Dialectal	45.945945945945944	67.04545454545455	67.94871794871796
Dialectal_normalizada	56.30252100840336	67.42857142857143	71.62162162162163