Transcripcion	Levenstein	Orden	Parcial
Estandar	30.76923076923077	62.06896551724138	66.66666666666667
Estandar_normalizada	47.36842105263158	62.06896551724138	75.0
Dialectal	30.76923076923077	62.06896551724138	66.66666666666667
Dialectal_normalizada	47.36842105263158	62.06896551724138	75.0