Transcripcion	Levenstein	Orden	Parcial
Estandar	28.169014084507037	50.98039215686274	56.25
Estandar_normalizada	33.333333333333336	50.98039215686274	60.273972602739725
Dialectal	28.169014084507037	50.98039215686274	56.25
Dialectal_normalizada	33.333333333333336	50.98039215686274	60.273972602739725