Transcripcion	Levenstein	Orden	Parcial
Estandar	58.33333333333333	68.62745098039215	72.91666666666667
Estandar_normalizada	62.06896551724138	68.62745098039215	76.92307692307692
Dialectal	58.33333333333333	68.62745098039215	72.91666666666667
Dialectal_normalizada	62.06896551724138	68.62745098039215	76.92307692307692