Transcripcion	Levenstein	Orden	Parcial
Estandar	33.333333333333336	50.0	60.0
Estandar_normalizada	19.999999999999996	50.0	66.66666666666667
Dialectal	33.333333333333336	50.0	60.0
Dialectal_normalizada	19.999999999999996	50.0	66.66666666666667