Transcripcion	Levenstein	Orden	Parcial
Estandar	46.666666666666664	66.66666666666667	63.1578947368421
Estandar_normalizada	54.54545454545454	66.66666666666667	66.66666666666667
Dialectal	46.666666666666664	66.66666666666667	63.1578947368421
Dialectal_normalizada	54.54545454545454	66.66666666666667	66.66666666666667