Transcripcion	Levenstein	Orden	Parcial
Estandar	68.96551724137932	89.79591836734694	76.76767676767678
Estandar_normalizada	80.76923076923077	89.79591836734694	85.41666666666666
Dialectal	68.96551724137932	89.79591836734694	76.76767676767678
Dialectal_normalizada	80.76923076923077	89.79591836734694	85.41666666666666