Transcripcion	Levenstein	Orden	Parcial
Estandar	14.634146341463417	36.36363636363637	34.78260869565217
Estandar_normalizada	19.354838709677423	37.03703703703704	38.095238095238095
Dialectal	14.634146341463417	36.36363636363637	34.78260869565217
Dialectal_normalizada	19.354838709677423	37.03703703703704	38.095238095238095