Transcripcion	Levenstein	Orden	Parcial
Estandar	10.344827586206895	31.57894736842105	28.57142857142857
Estandar_normalizada	8.695652173913048	31.57894736842105	38.46153846153846
Dialectal	10.344827586206895	31.57894736842105	28.57142857142857
Dialectal_normalizada	8.695652173913048	31.57894736842105	38.46153846153846