Transcripcion	Levenstein	Orden	Parcial
Estandar	38.46153846153846	67.74193548387098	59.45945945945945
Estandar_normalizada	54.54545454545454	67.74193548387098	75.0
Dialectal	38.46153846153846	67.74193548387098	59.45945945945945
Dialectal_normalizada	54.54545454545454	67.74193548387098	75.0