Transcripcion	Levenstein	Orden	Parcial
Estandar	59.77859778597786	79.41888619854721	72.05882352941177
Estandar_normalizada	67.64705882352942	79.41888619854721	81.12244897959184
Dialectal	60.75471698113207	80.0982800982801	73.52941176470588
Dialectal_normalizada	68.96551724137932	80.0982800982801	82.14285714285714