Transcripcion	Levenstein	Orden	Parcial
Estandar	14.28571428571429	50.0	44.44444444444444
Estandar_normalizada	19.999999999999996	50.0	66.66666666666667
Dialectal	14.28571428571429	50.0	44.44444444444444
Dialectal_normalizada	19.999999999999996	50.0	66.66666666666667