Transcripcion	Levenstein	Orden	Parcial
Estandar	44.44444444444444	69.76744186046511	68.33333333333333
Estandar_normalizada	56.790123456790134	70.3125	76.10619469026548
Dialectal	44.44444444444444	69.76744186046511	68.33333333333333
Dialectal_normalizada	56.790123456790134	70.3125	76.10619469026548