Transcripcion	Levenstein	Orden	Parcial
Estandar	34.66666666666667	54.0983606557377	50.76923076923077
Estandar_normalizada	31.746031746031743	54.54545454545454	54.54545454545454
Dialectal	35.13513513513513	54.54545454545454	50.76923076923077
Dialectal_normalizada	30.645161290322577	55.00000000000001	55.00000000000001