Transcripcion	Levenstein	Orden	Parcial
Estandar	39.490445859872615	62.616822429906534	60.30150753768844
Estandar_normalizada	48.134328358208954	62.441314553990615	68.64864864864865
Dialectal	39.42307692307693	61.9718309859155	59.798994974874375
Dialectal_normalizada	48.1203007518797	61.79245283018868	68.64864864864865