Transcripcion	Levenstein	Orden	Parcial
Estandar	32.432432432432435	70.27027027027026	71.42857142857143
Estandar_normalizada	43.333333333333336	72.22222222222221	81.81818181818181
Dialectal	32.432432432432435	70.27027027027026	71.42857142857143
Dialectal_normalizada	43.333333333333336	72.22222222222221	81.81818181818181