Transcripcion	Levenstein	Orden	Parcial
Estandar	25.806451612903224	31.999999999999996	46.15384615384615
Estandar_normalizada	26.66666666666667	31.999999999999996	50.0
Dialectal	25.806451612903224	31.999999999999996	46.15384615384615
Dialectal_normalizada	26.66666666666667	31.999999999999996	50.0