Transcripcion	Levenstein	Orden	Parcial
Estandar	20.430107526881724	32.8125	41.9753086419753
Estandar_normalizada	20.430107526881724	32.8125	45.333333333333336
Dialectal	20.430107526881724	32.8125	41.9753086419753
Dialectal_normalizada	20.430107526881724	32.8125	45.333333333333336