Transcripcion	Levenstein	Orden	Parcial
Estandar	32.96703296703297	51.09489051094891	50.29940119760479
Estandar_normalizada	39.189189189189186	51.09489051094891	60.0
Dialectal	32.96703296703297	51.09489051094891	50.29940119760479
Dialectal_normalizada	39.189189189189186	51.09489051094891	60.0