Transcripcion	Levenstein	Orden	Parcial
Estandar	71.59090909090908	76.51006711409396	81.33333333333333
Estandar_normalizada	80.0	76.51006711409396	86.11111111111111
Dialectal	71.59090909090908	76.51006711409396	81.33333333333333
Dialectal_normalizada	80.0	76.51006711409396	86.11111111111111