Transcripcion	Levenstein	Orden	Parcial
Estandar	21.42857142857143	40.0	36.36363636363637
Estandar_normalizada	33.333333333333336	40.0	58.82352941176471
Dialectal	21.42857142857143	40.0	36.36363636363637
Dialectal_normalizada	33.333333333333336	40.0	58.82352941176471