Transcripcion	Levenstein	Orden	Parcial
Estandar	25.130890052356026	42.95774647887324	39.13043478260869
Estandar_normalizada	24.51612903225806	43.26241134751773	44.13793103448276
Dialectal	25.0	41.99288256227758	39.27272727272727
Dialectal_normalizada	23.684210526315784	42.29390681003584	44.827586206896555