Transcripcion	Levenstein	Orden	Parcial
Estandar	26.732673267326735	42.01680672268907	47.82608695652174
Estandar_normalizada	34.11764705882353	42.3728813559322	57.14285714285714
Dialectal	26.262626262626267	42.73504273504274	48.35164835164834
Dialectal_normalizada	33.734939759036145	43.103448275862064	57.831325301204814