Transcripcion	Levenstein	Orden	Parcial
Estandar	29.729729729729726	59.25925925925925	66.66666666666667
Estandar_normalizada	37.28813559322034	60.0	71.875
Dialectal	29.729729729729726	59.25925925925925	66.66666666666667
Dialectal_normalizada	37.28813559322034	60.0	71.875