Transcripcion	Levenstein	Orden	Parcial
Estandar	50.24038461538461	69.84126984126983	67.88321167883211
Estandar_normalizada	53.703703703703695	69.55128205128204	73.70370370370371
Dialectal	48.28431372549019	69.13183279742765	67.88321167883211
Dialectal_normalizada	51.62162162162163	68.83116883116884	74.07407407407408