Transcripcion	Levenstein	Orden	Parcial
Estandar	68.02973977695169	85.84905660377359	73.69668246445498
Estandar_normalizada	78.51063829787233	85.84905660377359	82.64058679706602
Dialectal	68.41121495327103	87.10059171597632	73.93364928909952
Dialectal_normalizada	79.01498929336188	87.10059171597632	82.88508557457213