Transcripcion	Levenstein	Orden	Parcial
Estandar	11.956521739130432	23.529411764705888	38.095238095238095
Estandar_normalizada	14.28571428571429	23.809523809523814	44.44444444444444
Dialectal	11.956521739130432	23.529411764705888	38.095238095238095
Dialectal_normalizada	14.28571428571429	23.809523809523814	44.44444444444444