Transcripcion	Levenstein	Orden	Parcial
Estandar	22.033898305084744	41.463414634146346	48.97959183673469
Estandar_normalizada	24.07407407407407	43.20987654320988	52.08333333333333
Dialectal	22.033898305084744	41.463414634146346	48.97959183673469
Dialectal_normalizada	24.07407407407407	43.20987654320988	52.08333333333333