Transcripcion	Levenstein	Orden	Parcial
Estandar	63.74345549738221	81.69717138103161	70.86092715231788
Estandar_normalizada	71.30044843049328	80.70175438596492	79.00172117039587
Dialectal	62.94820717131474	81.10831234256926	71.19205298013244
Dialectal_normalizada	70.51671732522796	80.43844856661046	79.34595524956971