Transcripcion	Levenstein	Orden	Parcial
Estandar	63.787587971849	79.74532431356944	71.01105845181675
Estandar_normalizada	70.6983441324694	79.74430683180184	77.43801652892563
Dialectal	63.36569579288026	78.95791583166333	70.85308056872037
Dialectal_normalizada	70.45951859956236	79.03420523138833	77.52066115702479