Transcripcion	Levenstein	Orden	Parcial
Estandar	61.943319838056674	78.04878048780488	69.0217391304348
Estandar_normalizada	69.66824644549763	77.44565217391303	75.71428571428571
Dialectal	61.30346232179227	78.0952380952381	69.0217391304348
Dialectal_normalizada	68.97374701670644	77.48976807639836	76.0