Transcripcion	Levenstein	Orden	Parcial
Estandar	22.22222222222222	38.55421686746988	40.57971014492754
Estandar_normalizada	28.000000000000004	41.463414634146346	45.945945945945944
Dialectal	22.22222222222222	38.55421686746988	40.57971014492754
Dialectal_normalizada	28.000000000000004	41.463414634146346	45.945945945945944