Transcripcion	Levenstein	Orden	Parcial
Estandar	38.23529411764706	51.72413793103448	57.77777777777777
Estandar_normalizada	40.625	51.72413793103448	60.46511627906976
Dialectal	38.23529411764706	51.72413793103448	57.77777777777777
Dialectal_normalizada	40.625	51.72413793103448	60.46511627906976