Transcripcion	Levenstein	Orden	Parcial
Estandar	13.33333333333333	33.333333333333336	31.999999999999996
Estandar_normalizada	19.999999999999996	33.333333333333336	47.61904761904761
Dialectal	13.33333333333333	33.333333333333336	31.999999999999996
Dialectal_normalizada	19.999999999999996	33.333333333333336	47.61904761904761