Transcripcion	Levenstein	Orden	Parcial
Estandar	10.989010989010994	21.052631578947366	37.03703703703704
Estandar_normalizada	12.0	21.91780821917808	55.55555555555556
Dialectal	10.989010989010994	21.052631578947366	37.03703703703704
Dialectal_normalizada	12.0	21.91780821917808	55.55555555555556