Transcripcion	Levenstein	Orden	Parcial
Estandar	39.28571428571429	61.728395061728406	57.971014492753625
Estandar_normalizada	46.808510638297875	62.5	62.295081967213115
Dialectal	39.28571428571429	61.728395061728406	57.971014492753625
Dialectal_normalizada	46.808510638297875	62.5	62.295081967213115