Transcripcion	Levenstein	Orden	Parcial
Estandar	68.75	57.14285714285714	72.0
Estandar_normalizada	81.4814814814815	57.14285714285714	83.33333333333334
Dialectal	68.75	57.14285714285714	72.0
Dialectal_normalizada	81.4814814814815	57.14285714285714	83.33333333333334