Transcripcion	Levenstein	Orden	Parcial
Estandar	73.21428571428572	88.88888888888889	77.5
Estandar_normalizada	76.92307692307692	88.88888888888889	81.08108108108108
Dialectal	73.21428571428572	88.88888888888889	77.5
Dialectal_normalizada	76.92307692307692	88.88888888888889	81.08108108108108