Transcripcion	Levenstein	Orden	Parcial
Estandar	39.08045977011494	75.0	70.47619047619047
Estandar_normalizada	44.44444444444444	75.67567567567568	75.26881720430107
Dialectal	39.08045977011494	75.0	70.47619047619047
Dialectal_normalizada	44.44444444444444	75.67567567567568	75.26881720430107