Transcripcion	Levenstein	Orden	Parcial
Estandar	57.51633986928104	85.57213930348259	76.08695652173914
Estandar_normalizada	71.2	84.0	81.9672131147541
Dialectal	57.51633986928104	85.57213930348259	76.08695652173914
Dialectal_normalizada	71.2	84.0	81.9672131147541