Transcripcion	Levenstein	Orden	Parcial
Estandar	21.052631578947366	43.01075268817204	48.88888888888889
Estandar_normalizada	24.242424242424242	43.01075268817204	54.54545454545454
Dialectal	21.052631578947366	43.01075268817204	48.88888888888889
Dialectal_normalizada	24.242424242424242	43.01075268817204	54.54545454545454