Transcripcion	Levenstein	Orden	Parcial
Estandar	51.77865612648221	77.32558139534885	64.76868327402136
Estandar_normalizada	58.55855855855856	77.77777777777779	71.12676056338027
Dialectal	51.77865612648221	77.32558139534885	64.76868327402136
Dialectal_normalizada	58.55855855855856	77.77777777777779	71.12676056338027