Transcripcion	Levenstein	Orden	Parcial
Estandar	71.06109324758843	87.9837067209776	82.62711864406779
Estandar_normalizada	78.92857142857143	88.16326530612245	89.08296943231441
Dialectal	70.22653721682848	87.52556237218813	82.62711864406779
Dialectal_normalizada	78.05755395683454	87.70491803278688	89.08296943231441