Transcripcion	Levenstein	Orden	Parcial
Estandar	50.24154589371981	70.8029197080292	61.86440677966102
Estandar_normalizada	58.42696629213483	70.84870848708486	70.43478260869564
Dialectal	50.24154589371981	70.8029197080292	61.86440677966102
Dialectal_normalizada	58.42696629213483	70.84870848708486	70.43478260869564