Transcripcion	Levenstein	Orden	Parcial
Estandar	56.07476635514019	82.01438848920863	79.03225806451613
Estandar_normalizada	64.44444444444444	82.6086956521739	85.71428571428572
Dialectal	56.07476635514019	82.01438848920863	79.03225806451613
Dialectal_normalizada	64.44444444444444	82.6086956521739	85.71428571428572