Transcripcion	Levenstein	Orden	Parcial
Estandar	71.42857142857143	84.84848484848484	87.5
Estandar_normalizada	73.6842105263158	84.84848484848484	93.33333333333333
Dialectal	71.42857142857143	84.84848484848484	87.5
Dialectal_normalizada	73.6842105263158	84.84848484848484	93.33333333333333