Transcripcion	Levenstein	Orden	Parcial
Estandar	56.25	56.00000000000001	61.53846153846154
Estandar_normalizada	64.28571428571428	56.00000000000001	75.0
Dialectal	56.25	56.00000000000001	61.53846153846154
Dialectal_normalizada	64.28571428571428	56.00000000000001	75.0