Transcripcion	Levenstein	Orden	Parcial
Estandar	13.157894736842103	33.333333333333336	30.000000000000004
Estandar_normalizada	16.129032258064512	33.9622641509434	33.333333333333336
Dialectal	13.157894736842103	33.333333333333336	30.000000000000004
Dialectal_normalizada	16.129032258064512	33.9622641509434	33.333333333333336