Transcripcion	Levenstein	Orden	Parcial
Estandar	64.70588235294117	68.08510638297872	70.0
Estandar_normalizada	75.32467532467533	68.08510638297872	76.47058823529412
Dialectal	64.70588235294117	68.08510638297872	70.0
Dialectal_normalizada	75.32467532467533	68.08510638297872	76.47058823529412