Transcripcion	Levenstein	Orden	Parcial
Estandar	24.264705882352942	40.26845637583892	55.55555555555556
Estandar_normalizada	29.20353982300885	40.54054054054054	64.0
Dialectal	24.264705882352942	40.26845637583892	55.55555555555556
Dialectal_normalizada	29.20353982300885	40.54054054054054	64.0