Transcripcion	Levenstein	Orden	Parcial
Estandar	22.514619883040933	40.36281179138322	35.49488054607508
Estandar_normalizada	25.15527950310559	40.09111617312073	43.265306122448976
Dialectal	22.514619883040933	40.36281179138322	35.49488054607508
Dialectal_normalizada	25.15527950310559	40.09111617312073	43.265306122448976