Transcripcion	Levenstein	Orden	Parcial
Estandar	41.379310344827594	55.55555555555556	76.92307692307692
Estandar_normalizada	43.99999999999999	55.55555555555556	83.33333333333334
Dialectal	41.379310344827594	55.55555555555556	76.92307692307692
Dialectal_normalizada	43.99999999999999	55.55555555555556	83.33333333333334