Transcripcion	Levenstein	Orden	Parcial
Estandar	79.7752808988764	81.29032258064515	89.30817610062893
Estandar_normalizada	86.25	81.29032258064515	92.40506329113924
Dialectal	79.7752808988764	81.29032258064515	89.30817610062893
Dialectal_normalizada	86.25	81.29032258064515	92.40506329113924