Transcripcion	Levenstein	Orden	Parcial
Estandar	68.29268292682926	86.1788617886179	78.125
Estandar_normalizada	78.57142857142857	86.1788617886179	88.13559322033898
Dialectal	68.29268292682926	86.1788617886179	78.125
Dialectal_normalizada	78.57142857142857	86.1788617886179	88.13559322033898