Transcripcion	Levenstein	Orden	Parcial
Estandar	57.26495726495726	83.75	84.05797101449275
Estandar_normalizada	65.68627450980392	84.27672955974843	88.23529411764706
Dialectal	57.26495726495726	83.75	84.05797101449275
Dialectal_normalizada	65.68627450980392	84.27672955974843	88.23529411764706