Transcripcion	Levenstein	Orden	Parcial
Estandar	34.59119496855346	57.77777777777777	65.625
Estandar_normalizada	39.39393939393939	58.75706214689266	74.60317460317461
Dialectal	34.59119496855346	57.77777777777777	65.625
Dialectal_normalizada	39.39393939393939	58.75706214689266	74.60317460317461