Transcripcion	Levenstein	Orden	Parcial
Estandar	28.57142857142857	37.2093023255814	43.90243902439024
Estandar_normalizada	25.0	37.2093023255814	40.90909090909091
Dialectal	28.57142857142857	37.2093023255814	43.90243902439024
Dialectal_normalizada	25.0	37.2093023255814	40.90909090909091