Transcripcion	Levenstein	Orden	Parcial
Estandar	54.054054054054056	64.15094339622642	70.96774193548387
Estandar_normalizada	62.06896551724138	64.15094339622642	80.76923076923077
Dialectal	54.054054054054056	64.15094339622642	70.96774193548387
Dialectal_normalizada	62.06896551724138	64.15094339622642	80.76923076923077