Transcripcion	Levenstein	Orden	Parcial
Estandar	82.05128205128204	100.0	84.375
Estandar_normalizada	90.9090909090909	100.0	93.33333333333333
Dialectal	82.05128205128204	100.0	84.375
Dialectal_normalizada	90.9090909090909	100.0	93.33333333333333