Transcripcion	Levenstein	Orden	Parcial
Estandar	62.857142857142854	78.18181818181819	66.66666666666667
Estandar_normalizada	69.35483870967742	76.14678899082568	73.33333333333334
Dialectal	62.857142857142854	78.18181818181819	66.66666666666667
Dialectal_normalizada	69.35483870967742	76.14678899082568	73.33333333333334