Transcripcion	Levenstein	Orden	Parcial
Estandar	51.69491525423729	66.66666666666667	57.53424657534247
Estandar_normalizada	61.855670103092784	67.08860759493672	70.27027027027026
Dialectal	51.69491525423729	66.66666666666667	57.53424657534247
Dialectal_normalizada	61.855670103092784	67.08860759493672	70.27027027027026