Transcripcion	Levenstein	Orden	Parcial
Estandar	0.0	15.384615384615385	0.0
Estandar_normalizada	6.25	16.666666666666664	50.0
Dialectal	0.0	15.384615384615385	0.0
Dialectal_normalizada	6.25	16.666666666666664	50.0