Transcripcion	Levenstein	Orden	Parcial
Estandar	9.999999999999998	14.28571428571429	19.999999999999996
Estandar_normalizada	25.0	14.28571428571429	33.333333333333336
Dialectal	9.999999999999998	14.28571428571429	19.999999999999996
Dialectal_normalizada	25.0	14.28571428571429	33.333333333333336