Transcripcion	Levenstein	Orden	Parcial
Estandar	27.586206896551722	54.54545454545454	93.75
Estandar_normalizada	32.608695652173914	56.60377358490566	100.0
Dialectal	27.586206896551722	54.54545454545454	93.75
Dialectal_normalizada	32.608695652173914	56.60377358490566	100.0