Transcripcion	Levenstein	Orden	Parcial
Estandar	22.22222222222222	25.0	44.44444444444444
Estandar_normalizada	0.0	25.0	50.0
Dialectal	22.22222222222222	25.0	44.44444444444444
Dialectal_normalizada	0.0	25.0	50.0