Transcripcion	Levenstein	Orden	Parcial
Estandar	77.77777777777779	88.0	88.09523809523809
Estandar_normalizada	84.61538461538461	88.0	94.5945945945946
Dialectal	77.77777777777779	88.0	88.09523809523809
Dialectal_normalizada	84.61538461538461	88.0	94.5945945945946