Transcripcion	Levenstein	Orden	Parcial
Estandar	5.882352941176472	0.0	22.22222222222222
Estandar_normalizada	0.0	0.0	0.0
Dialectal	5.882352941176472	0.0	22.22222222222222
Dialectal_normalizada	0.0	0.0	0.0