Transcripcion	Levenstein	Orden	Parcial
Estandar	66.66666666666667	83.01886792452831	88.0
Estandar_normalizada	71.42857142857143	83.01886792452831	89.79591836734694
Dialectal	66.66666666666667	83.01886792452831	88.0
Dialectal_normalizada	71.42857142857143	83.01886792452831	89.79591836734694