Transcripcion	Levenstein	Orden	Parcial
Estandar	50.53763440860215	69.21241050119332	64.321608040201
Estandar_normalizada	55.28455284552846	69.54436450839329	70.98445595854923
Dialectal	50.53763440860215	69.21241050119332	64.321608040201
Dialectal_normalizada	55.28455284552846	69.54436450839329	70.98445595854923