Transcripcion	Levenstein	Orden	Parcial
Estandar	65.03496503496504	76.31578947368422	81.41592920353982
Estandar_normalizada	73.01587301587303	76.31578947368422	86.36363636363636
Dialectal	65.03496503496504	76.31578947368422	81.41592920353982
Dialectal_normalizada	73.01587301587303	76.31578947368422	86.36363636363636