Transcripcion	Levenstein	Orden	Parcial
Estandar	23.648648648648653	42.93785310734464	40.0
Estandar_normalizada	27.906976744186053	43.67816091954023	45.614035087719294
Dialectal	23.648648648648653	42.93785310734464	40.0
Dialectal_normalizada	27.906976744186053	43.67816091954023	45.614035087719294