Transcripcion	Levenstein	Orden	Parcial
Estandar	45.09803921568627	63.49206349206349	62.06896551724138
Estandar_normalizada	58.53658536585367	63.49206349206349	66.66666666666667
Dialectal	45.09803921568627	63.49206349206349	62.06896551724138
Dialectal_normalizada	58.53658536585367	63.49206349206349	66.66666666666667