Transcripcion	Levenstein	Orden	Parcial
Estandar	12.5	29.411764705882348	33.333333333333336
Estandar_normalizada	16.666666666666664	30.303030303030297	40.0
Dialectal	12.5	29.411764705882348	33.333333333333336
Dialectal_normalizada	16.666666666666664	30.303030303030297	40.0