Transcripcion	Levenstein	Orden	Parcial
Estandar	9.999999999999998	25.0	37.5
Estandar_normalizada	12.5	25.0	42.85714285714286
Dialectal	9.999999999999998	25.0	37.5
Dialectal_normalizada	12.5	25.0	42.85714285714286