Transcripcion	Levenstein	Orden	Parcial
Estandar	83.82352941176471	89.60000000000001	90.625
Estandar_normalizada	89.0625	89.60000000000001	92.06349206349206
Dialectal	83.82352941176471	89.60000000000001	90.625
Dialectal_normalizada	89.0625	89.60000000000001	92.06349206349206