Transcripcion	Levenstein	Orden	Parcial
Estandar	9.999999999999998	23.076923076923073	33.333333333333336
Estandar_normalizada	16.666666666666664	23.076923076923073	46.15384615384615
Dialectal	9.999999999999998	23.076923076923073	33.333333333333336
Dialectal_normalizada	16.666666666666664	23.076923076923073	46.15384615384615