Transcripcion	Levenstein	Orden	Parcial
Estandar	63.0	77.22772277227723	68.02721088435374
Estandar_normalizada	72.09302325581395	78.1456953642384	76.76056338028168
Dialectal	62.311557788944725	76.82119205298014	68.02721088435374
Dialectal_normalizada	71.34502923976609	77.74086378737542	76.76056338028168