Transcripcion	Levenstein	Orden	Parcial
Estandar	12.857142857142856	25.71428571428571	50.0
Estandar_normalizada	16.393442622950815	26.086956521739136	56.25
Dialectal	12.857142857142856	25.71428571428571	50.0
Dialectal_normalizada	16.393442622950815	26.086956521739136	56.25