Transcripcion	Levenstein	Orden	Parcial
Estandar	35.05747126436781	63.25581395348837	67.46987951807229
Estandar_normalizada	38.66666666666667	64.15094339622642	73.41772151898735
Dialectal	35.05747126436781	63.25581395348837	67.46987951807229
Dialectal_normalizada	38.66666666666667	64.15094339622642	73.41772151898735