Transcripcion	Levenstein	Orden	Parcial
Estandar	54.761904761904766	77.19298245614034	81.4814814814815
Estandar_normalizada	64.70588235294117	77.19298245614034	84.61538461538461
Dialectal	54.761904761904766	77.19298245614034	81.4814814814815
Dialectal_normalizada	64.70588235294117	77.19298245614034	84.61538461538461