Transcripcion	Levenstein	Orden	Parcial
Estandar	37.142857142857146	77.55102040816327	65.45454545454545
Estandar_normalizada	55.55555555555556	77.55102040816327	80.41237113402062
Dialectal	37.142857142857146	77.55102040816327	65.45454545454545
Dialectal_normalizada	55.55555555555556	77.55102040816327	80.41237113402062