Transcripcion	Levenstein	Orden	Parcial
Estandar	56.52173913043479	68.08510638297872	69.56521739130434
Estandar_normalizada	61.40350877192983	68.08510638297872	71.42857142857143
Dialectal	56.52173913043479	68.08510638297872	69.56521739130434
Dialectal_normalizada	61.40350877192983	68.08510638297872	71.42857142857143