Transcripcion	Levenstein	Orden	Parcial
Estandar	37.5	72.72727272727273	80.0
Estandar_normalizada	50.0	69.33333333333334	84.7457627118644
Dialectal	37.5	72.72727272727273	80.0
Dialectal_normalizada	50.0	69.33333333333334	84.7457627118644