Transcripcion	Levenstein	Orden	Parcial
Estandar	5.555555555555558	12.5	19.999999999999996
Estandar_normalizada	7.14285714285714	12.5	25.0
Dialectal	5.555555555555558	12.5	19.999999999999996
Dialectal_normalizada	7.14285714285714	12.5	25.0