Transcripcion	Levenstein	Orden	Parcial
Estandar	51.12359550561798	75.70093457943925	60.60606060606061
Estandar_normalizada	58.21917808219178	76.41509433962264	67.04545454545455
Dialectal	51.12359550561798	75.70093457943925	60.60606060606061
Dialectal_normalizada	58.21917808219178	76.41509433962264	67.04545454545455