Transcripcion	Levenstein	Orden	Parcial
Estandar	40.993788819875775	66.29213483146069	66.19718309859155
Estandar_normalizada	49.6124031007752	68.20809248554913	74.24242424242425
Dialectal	40.993788819875775	66.29213483146069	66.19718309859155
Dialectal_normalizada	49.6124031007752	68.20809248554913	74.24242424242425