Transcripcion	Levenstein	Orden	Parcial
Estandar	11.428571428571432	18.181818181818176	42.85714285714286
Estandar_normalizada	9.677419354838712	18.181818181818176	50.0
Dialectal	11.428571428571432	18.181818181818176	42.85714285714286
Dialectal_normalizada	9.677419354838712	18.181818181818176	50.0