Transcripcion	Levenstein	Orden	Parcial
Estandar	6.896551724137934	18.181818181818176	33.333333333333336
Estandar_normalizada	9.999999999999998	19.999999999999996	36.36363636363637
Dialectal	6.896551724137934	18.181818181818176	33.333333333333336
Dialectal_normalizada	9.999999999999998	19.999999999999996	36.36363636363637