Transcripcion	Levenstein	Orden	Parcial
Estandar	18.72509960159362	32.081911262798634	56.19834710743802
Estandar_normalizada	19.831223628691987	31.506849315068497	64.0
Dialectal	18.72509960159362	32.081911262798634	56.19834710743802
Dialectal_normalizada	19.831223628691987	31.506849315068497	64.0