Transcripcion	Levenstein	Orden	Parcial
Estandar	67.50972762645915	89.35064935064935	72.34042553191489
Estandar_normalizada	75.0	89.81723237597912	77.14285714285715
Dialectal	67.50972762645915	89.35064935064935	72.34042553191489
Dialectal_normalizada	75.0	89.81723237597912	77.14285714285715