Transcripcion	Levenstein	Orden	Parcial
Estandar	50.0	72.72727272727273	52.17391304347826
Estandar_normalizada	58.33333333333333	72.72727272727273	66.66666666666667
Dialectal	50.0	72.72727272727273	52.17391304347826
Dialectal_normalizada	58.33333333333333	72.72727272727273	66.66666666666667