Transcripcion	Levenstein	Orden	Parcial
Estandar	18.75	39.682539682539684	50.0
Estandar_normalizada	20.491803278688526	42.27642276422764	57.77777777777777
Dialectal	18.75	39.682539682539684	50.0
Dialectal_normalizada	20.491803278688526	42.27642276422764	57.77777777777777