Transcripcion	Levenstein	Orden	Parcial
Estandar	8.720930232558144	16.393442622950815	32.8125
Estandar_normalizada	10.942249240121582	15.890410958904111	44.680851063829785
Dialectal	8.720930232558144	16.393442622950815	32.8125
Dialectal_normalizada	10.942249240121582	15.890410958904111	44.680851063829785