Transcripcion	Levenstein	Orden	Parcial
Estandar	56.76855895196506	80.62764031382017	64.49468085106382
Estandar_normalizada	65.87301587301587	81.40947752126367	73.4610123119015
Dialectal	56.76855895196506	80.62764031382017	64.49468085106382
Dialectal_normalizada	65.87301587301587	81.40947752126367	73.4610123119015