Transcripcion	Levenstein	Orden	Parcial
Estandar	51.386481802426346	75.42857142857142	62.15022091310751
Estandar_normalizada	59.140859140859135	76.19047619047619	69.62406015037594
Dialectal	51.386481802426346	75.42857142857142	62.15022091310751
Dialectal_normalizada	59.140859140859135	76.19047619047619	69.62406015037594