Transcripcion	Levenstein	Orden	Parcial
Estandar	23.529411764705888	46.34146341463414	46.875
Estandar_normalizada	28.358208955223883	44.44444444444444	53.333333333333336
Dialectal	23.529411764705888	46.34146341463414	46.875
Dialectal_normalizada	28.358208955223883	44.44444444444444	53.333333333333336