Transcripcion	Levenstein	Orden	Parcial
Estandar	4.753199268738573	9.174311926605505	80.70175438596492
Estandar_normalizada	5.009633911368017	9.174311926605505	88.46153846153845
Dialectal	4.753199268738573	9.174311926605505	80.70175438596492
Dialectal_normalizada	5.009633911368017	9.174311926605505	88.46153846153845