Transcripcion	Levenstein	Orden	Parcial
Estandar	61.53846153846154	92.53731343283582	78.78787878787878
Estandar_normalizada	75.60975609756098	92.53731343283582	90.32258064516128
Dialectal	61.53846153846154	92.53731343283582	78.78787878787878
Dialectal_normalizada	75.60975609756098	92.53731343283582	90.32258064516128