Transcripcion	Levenstein	Orden	Parcial
Estandar	62.130177514792905	82.84518828451883	73.17073170731707
Estandar_normalizada	68.96551724137932	81.35593220338984	77.98165137614679
Dialectal	62.130177514792905	82.84518828451883	73.17073170731707
Dialectal_normalizada	68.96551724137932	81.35593220338984	77.98165137614679