Transcripcion	Levenstein	Orden	Parcial
Estandar	14.070351758793976	27.27272727272727	52.63157894736843
Estandar_normalizada	16.216216216216218	26.48401826484018	68.57142857142857
Dialectal	14.070351758793976	27.27272727272727	52.63157894736843
Dialectal_normalizada	16.216216216216218	26.48401826484018	68.57142857142857