Transcripcion	Levenstein	Orden	Parcial
Estandar	57.057416267942585	82.9059829059829	65.14061478090255
Estandar_normalizada	65.73650503202195	83.40987370838118	72.83387622149837
Dialectal	57.04590818363273	83.0909609352723	65.13911620294598
Dialectal_normalizada	65.73522675217592	83.59666762424591	72.9641693811075