Transcripcion	Levenstein	Orden	Parcial
Estandar	34.693877551020414	61.5819209039548	81.56862745098039
Estandar_normalizada	37.71186440677966	61.5819209039548	87.76371308016877
Dialectal	34.693877551020414	61.5819209039548	81.56862745098039
Dialectal_normalizada	37.71186440677966	61.5819209039548	87.76371308016877