Transcripcion	Levenstein	Orden	Parcial
Estandar	33.333333333333336	51.798561151079134	84.70588235294117
Estandar_normalizada	33.009708737864074	51.798561151079134	93.33333333333333
Dialectal	33.333333333333336	51.798561151079134	84.70588235294117
Dialectal_normalizada	33.009708737864074	51.798561151079134	93.33333333333333