Transcripcion	Levenstein	Orden	Parcial
Estandar	56.25990491283677	81.23348017621146	76.88564476885644
Estandar_normalizada	63.77295492487479	81.30511463844798	88.09980806142035
Dialectal	56.25990491283677	81.23348017621146	76.88564476885644
Dialectal_normalizada	63.77295492487479	81.30511463844798	88.09980806142035