Transcripcion	Levenstein	Orden	Parcial
Estandar	33.443708609271525	62.80193236714976	49.25816023738873
Estandar_normalizada	41.12903225806451	64.05867970660147	56.08465608465609
Dialectal	33.443708609271525	62.80193236714976	49.25816023738873
Dialectal_normalizada	41.12903225806451	64.05867970660147	56.08465608465609