Transcripcion	Levenstein	Orden	Parcial
Estandar	72.41379310344827	93.19371727748691	82.0
Estandar_normalizada	85.57692307692308	93.19371727748691	88.52459016393442
Dialectal	72.41379310344827	93.19371727748691	82.0
Dialectal_normalizada	85.57692307692308	93.19371727748691	88.52459016393442