Transcripcion	Levenstein	Orden	Parcial
Estandar	59.74025974025974	67.42424242424244	75.0
Estandar_normalizada	63.44827586206896	67.42424242424244	78.48101265822784
Dialectal	59.74025974025974	67.42424242424244	75.0
Dialectal_normalizada	63.44827586206896	67.42424242424244	78.48101265822784