Transcripcion	Levenstein	Orden	Parcial
Estandar	80.35714285714286	97.87234042553192	87.2340425531915
Estandar_normalizada	92.0	97.87234042553192	95.74468085106383
Dialectal	80.35714285714286	97.87234042553192	87.2340425531915
Dialectal_normalizada	92.0	97.87234042553192	95.74468085106383