Transcripcion	Levenstein	Orden	Parcial
Estandar	86.48648648648648	91.72932330827068	91.17647058823529
Estandar_normalizada	90.0	91.72932330827068	92.3076923076923
Dialectal	86.48648648648648	91.72932330827068	91.17647058823529
Dialectal_normalizada	90.0	91.72932330827068	92.3076923076923