Transcripcion	Levenstein	Orden	Parcial
Estandar	68.02721088435374	81.03448275862068	85.98130841121495
Estandar_normalizada	72.93233082706767	81.03448275862068	88.46153846153845
Dialectal	68.02721088435374	81.03448275862068	85.98130841121495
Dialectal_normalizada	72.93233082706767	81.03448275862068	88.46153846153845