Transcripcion	Levenstein	Orden	Parcial
Estandar	45.40816326530612	70.04048582995952	70.83333333333333
Estandar_normalizada	52.727272727272734	70.46843177189409	76.6497461928934
Dialectal	45.40816326530612	70.04048582995952	70.83333333333333
Dialectal_normalizada	52.727272727272734	70.46843177189409	76.6497461928934