Transcripcion	Levenstein	Orden	Parcial
Estandar	15.322580645161288	29.81818181818182	94.11764705882352
Estandar_normalizada	17.09401709401709	29.81818181818182	98.79518072289156
Dialectal	15.322580645161288	29.81818181818182	94.11764705882352
Dialectal_normalizada	17.09401709401709	29.81818181818182	98.79518072289156