Transcripcion	Levenstein	Orden	Parcial
Estandar	18.101545253863137	36.19402985074627	73.26732673267327
Estandar_normalizada	18.937644341801384	35.88785046728972	78.49462365591397
Dialectal	18.101545253863137	36.19402985074627	73.26732673267327
Dialectal_normalizada	18.937644341801384	35.88785046728972	78.49462365591397