Transcripcion	Levenstein	Orden	Parcial
Estandar	19.999999999999996	29.629629629629626	42.10526315789473
Estandar_normalizada	19.047619047619047	29.629629629629626	42.85714285714286
Dialectal	19.999999999999996	29.629629629629626	42.10526315789473
Dialectal_normalizada	19.047619047619047	29.629629629629626	42.85714285714286