Transcripcion	Levenstein	Orden	Parcial
Estandar	65.0	93.93939393939394	82.85714285714285
Estandar_normalizada	80.0	93.93939393939394	95.38461538461537
Dialectal	65.0	93.93939393939394	82.85714285714285
Dialectal_normalizada	80.0	93.93939393939394	95.38461538461537