Transcripcion	Levenstein	Orden	Parcial
Estandar	26.984126984126988	50.62240663900415	72.55520504731861
Estandar_normalizada	31.161473087818692	50.72765072765073	82.97872340425532
Dialectal	26.984126984126988	50.62240663900415	72.55520504731861
Dialectal_normalizada	31.161473087818692	50.72765072765073	82.97872340425532