Transcripcion	Levenstein	Orden	Parcial
Estandar	1.7073170731707332	2.736318407960203	46.666666666666664
Estandar_normalizada	1.6393442622950838	2.736318407960203	53.84615384615385
Dialectal	1.7073170731707332	2.736318407960203	46.666666666666664
Dialectal_normalizada	1.6393442622950838	2.736318407960203	53.84615384615385