Transcripcion	Levenstein	Orden	Parcial
Estandar	15.116279069767447	41.53846153846153	31.944444444444443
Estandar_normalizada	27.380952380952383	40.625	43.548387096774185
Dialectal	15.116279069767447	41.53846153846153	31.944444444444443
Dialectal_normalizada	27.380952380952383	40.625	43.548387096774185