Transcripcion	Levenstein	Orden	Parcial
Estandar	30.15873015873016	62.295081967213115	68.29268292682926
Estandar_normalizada	41.666666666666664	63.33333333333333	80.0
Dialectal	30.15873015873016	62.295081967213115	68.29268292682926
Dialectal_normalizada	41.666666666666664	63.33333333333333	80.0