Transcripcion	Levenstein	Orden	Parcial
Estandar	70.80194949047409	83.45588235294117	75.49530761209593
Estandar_normalizada	77.40196078431373	83.41655716162944	82.13903743315508
Dialectal	70.60915962650067	82.47368421052632	75.44316996871741
Dialectal_normalizada	77.31299212598425	82.48617329470635	82.24598930481284