Transcripcion	Levenstein	Orden	Parcial
Estandar	61.48648648648649	78.18181818181819	77.14285714285715
Estandar_normalizada	71.31782945736434	78.53881278538812	87.25490196078431
Dialectal	61.48648648648649	78.18181818181819	77.14285714285715
Dialectal_normalizada	71.31782945736434	78.53881278538812	87.25490196078431