Transcripcion	Levenstein	Orden	Parcial
Estandar	58.06451612903225	64.1025641025641	72.9559748427673
Estandar_normalizada	66.27906976744187	64.51612903225806	79.43262411347519
Dialectal	58.06451612903225	64.1025641025641	72.9559748427673
Dialectal_normalizada	66.27906976744187	64.51612903225806	79.43262411347519