Transcripcion	Levenstein	Orden	Parcial
Estandar	67.86427145708582	80.07181328545781	73.77146240378923
Estandar_normalizada	74.64008859357696	80.07181328545781	79.35723114956737
Dialectal	67.96407185628742	80.07181328545781	73.8898756660746
Dialectal_normalizada	74.75083056478405	80.07181328545781	79.48084054388134