Transcripcion	Levenstein	Orden	Parcial
Estandar	16.49484536082474	32.49999999999999	54.16666666666667
Estandar_normalizada	20.270270270270274	32.91139240506329	65.0
Dialectal	16.49484536082474	32.49999999999999	54.16666666666667
Dialectal_normalizada	20.270270270270274	32.91139240506329	65.0