Transcripcion	Levenstein	Orden	Parcial
Estandar	51.72413793103448	71.57894736842105	79.12087912087912
Estandar_normalizada	63.55932203389831	71.95767195767195	86.20689655172413
Dialectal	51.72413793103448	71.57894736842105	79.12087912087912
Dialectal_normalizada	63.55932203389831	71.95767195767195	86.20689655172413