Transcripcion	Levenstein	Orden	Parcial
Estandar	70.26491259686429	83.59555506656397	72.72931654676259
Estandar_normalizada	76.55721393034825	83.75427373993602	79.81101636321733
Dialectal	70.04516711833784	83.17355371900827	72.7068345323741
Dialectal_normalizada	76.39193773697865	83.2431238263559	79.81101636321733