Transcripcion	Levenstein	Orden	Parcial
Estandar	64.39393939393939	79.79214780600462	70.07874015748031
Estandar_normalizada	70.86446104589115	80.02316155182397	78.11764705882354
Dialectal	64.54976303317535	79.60716348931254	70.1912260967379
Dialectal_normalizada	71.04700854700855	79.95365005793744	78.3529411764706