Transcripcion	Levenstein	Orden	Parcial
Estandar	70.0	74.07407407407408	81.4814814814815
Estandar_normalizada	71.42857142857143	74.07407407407408	83.01886792452831
Dialectal	70.0	74.07407407407408	81.4814814814815
Dialectal_normalizada	71.42857142857143	74.07407407407408	83.01886792452831