Transcripcion	Levenstein	Orden	Parcial
Estandar	13.888888888888884	25.0	34.48275862068966
Estandar_normalizada	13.888888888888884	25.0	38.46153846153846
Dialectal	13.888888888888884	25.0	34.48275862068966
Dialectal_normalizada	13.888888888888884	25.0	38.46153846153846