Transcripcion	Levenstein	Orden	Parcial
Estandar	35.38461538461538	49.382716049382715	75.86206896551724
Estandar_normalizada	39.6551724137931	51.28205128205128	95.65217391304348
Dialectal	35.38461538461538	49.382716049382715	75.86206896551724
Dialectal_normalizada	39.6551724137931	51.28205128205128	95.65217391304348