Transcripcion	Levenstein	Orden	Parcial
Estandar	37.28813559322034	74.78260869565217	49.68944099378882
Estandar_normalizada	44.58333333333333	75.88235294117646	60.41666666666667
Dialectal	37.28813559322034	74.78260869565217	49.68944099378882
Dialectal_normalizada	44.58333333333333	75.88235294117646	60.41666666666667