Transcripcion	Levenstein	Orden	Parcial
Estandar	68.4782608695652	87.83783783783784	80.55555555555556
Estandar_normalizada	76.82926829268293	87.83783783783784	90.14084507042254
Dialectal	68.4782608695652	87.83783783783784	80.55555555555556
Dialectal_normalizada	76.82926829268293	87.83783783783784	90.14084507042254