Transcripcion	Levenstein	Orden	Parcial
Estandar	5.405405405405405	3.738317757009346	50.0
Estandar_normalizada	3.809523809523807	3.738317757009346	100.0
Dialectal	5.405405405405405	3.738317757009346	50.0
Dialectal_normalizada	3.809523809523807	3.738317757009346	100.0