Transcripcion	Levenstein	Orden	Parcial
Estandar	32.820512820512825	71.69811320754718	47.56756756756757
Estandar_normalizada	40.65934065934066	70.47619047619047	73.64341085271317
Dialectal	32.820512820512825	71.69811320754718	47.56756756756757
Dialectal_normalizada	40.65934065934066	70.47619047619047	73.64341085271317