Transcripcion	Levenstein	Orden	Parcial
Estandar	50.0	68.85245901639344	62.93706293706294
Estandar_normalizada	61.53846153846154	69.23076923076923	69.06474820143885
Dialectal	50.0	68.85245901639344	62.93706293706294
Dialectal_normalizada	61.53846153846154	69.23076923076923	69.06474820143885