Transcripcion	Levenstein	Orden	Parcial
Estandar	11.66666666666667	23.529411764705888	25.806451612903224
Estandar_normalizada	13.725490196078427	23.880597014925375	30.434782608695656
Dialectal	11.66666666666667	23.529411764705888	25.806451612903224
Dialectal_normalizada	13.725490196078427	23.880597014925375	30.434782608695656