Transcripcion	Levenstein	Orden	Parcial
Estandar	71.89542483660131	81.78137651821862	77.31092436974791
Estandar_normalizada	79.56204379562044	81.78137651821862	83.05084745762711
Dialectal	71.89542483660131	81.78137651821862	77.31092436974791
Dialectal_normalizada	79.56204379562044	81.78137651821862	83.05084745762711