Transcripcion	Levenstein	Orden	Parcial
Estandar	6.25	37.03703703703704	22.22222222222222
Estandar_normalizada	18.75	30.76923076923077	38.095238095238095
Dialectal	6.25	37.03703703703704	22.22222222222222
Dialectal_normalizada	18.75	30.76923076923077	38.095238095238095