Transcripcion	Levenstein	Orden	Parcial
Estandar	15.384615384615385	32.432432432432435	26.66666666666667
Estandar_normalizada	19.999999999999996	30.136986301369863	33.9622641509434
Dialectal	15.384615384615385	32.432432432432435	26.66666666666667
Dialectal_normalizada	19.999999999999996	30.136986301369863	33.9622641509434