Transcripcion	Levenstein	Orden	Parcial
Estandar	30.270270270270274	54.45544554455446	48.71794871794872
Estandar_normalizada	38.41059602649006	52.52525252525253	55.12820512820513
Dialectal	30.270270270270274	54.45544554455446	48.71794871794872
Dialectal_normalizada	38.41059602649006	52.52525252525253	55.12820512820513