Transcripcion	Levenstein	Orden	Parcial
Estandar	77.14285714285715	96.55172413793103	93.10344827586206
Estandar_normalizada	90.32258064516128	96.55172413793103	96.55172413793103
Dialectal	77.14285714285715	96.55172413793103	93.10344827586206
Dialectal_normalizada	90.32258064516128	96.55172413793103	96.55172413793103