Transcripcion	Levenstein	Orden	Parcial
Estandar	61.39332365747461	76.44444444444444	69.12521440823328
Estandar_normalizada	69.83870967741936	76.51245551601423	76.75276752767527
Dialectal	61.39332365747461	76.44444444444444	69.12521440823328
Dialectal_normalizada	69.83870967741936	76.51245551601423	76.75276752767527