Transcripcion	Levenstein	Orden	Parcial
Estandar	21.42857142857143	55.55555555555556	36.36363636363637
Estandar_normalizada	38.46153846153846	55.55555555555556	75.0
Dialectal	21.42857142857143	55.55555555555556	36.36363636363637
Dialectal_normalizada	38.46153846153846	55.55555555555556	75.0