Transcripcion	Levenstein	Orden	Parcial
Estandar	37.03703703703704	46.15384615384615	66.66666666666667
Estandar_normalizada	42.307692307692314	46.15384615384615	80.0
Dialectal	37.03703703703704	46.15384615384615	66.66666666666667
Dialectal_normalizada	42.307692307692314	46.15384615384615	80.0