Transcripcion	Levenstein	Orden	Parcial
Estandar	58.53658536585367	64.61538461538461	71.875
Estandar_normalizada	67.56756756756756	64.61538461538461	73.33333333333334
Dialectal	58.53658536585367	64.61538461538461	71.875
Dialectal_normalizada	67.56756756756756	64.61538461538461	73.33333333333334