Transcripcion	Levenstein	Orden	Parcial
Estandar	52.3076923076923	78.0	86.95652173913044
Estandar_normalizada	58.33333333333333	78.0	95.1219512195122
Dialectal	52.3076923076923	78.0	86.95652173913044
Dialectal_normalizada	58.33333333333333	78.0	95.1219512195122