Transcripcion	Levenstein	Orden	Parcial
Estandar	40.42553191489362	61.9718309859155	72.72727272727273
Estandar_normalizada	41.30434782608695	61.9718309859155	78.43137254901961
Dialectal	40.42553191489362	61.9718309859155	72.72727272727273
Dialectal_normalizada	41.30434782608695	61.9718309859155	78.43137254901961