Transcripcion	Levenstein	Orden	Parcial
Estandar	62.82051282051282	81.4968814968815	75.25987525987526
Estandar_normalizada	72.26277372262774	81.83716075156576	83.04347826086956
Dialectal	61.935483870967744	80.58455114822547	74.3801652892562
Dialectal_normalizada	71.32352941176471	80.92243186582809	82.17391304347827