Transcripcion	Levenstein	Orden	Parcial
Estandar	5.555555555555558	21.42857142857143	23.076923076923073
Estandar_normalizada	11.111111111111116	21.42857142857143	37.5
Dialectal	5.555555555555558	21.42857142857143	23.076923076923073
Dialectal_normalizada	11.111111111111116	21.42857142857143	37.5