Transcripcion	Levenstein	Orden	Parcial
Estandar	4.7761194029850795	7.602339181286554	33.333333333333336
Estandar_normalizada	5.230769230769228	7.03812316715543	43.99999999999999
Dialectal	4.7761194029850795	7.602339181286554	33.333333333333336
Dialectal_normalizada	5.230769230769228	7.03812316715543	43.99999999999999