Transcripcion	Levenstein	Orden	Parcial
Estandar	72.17741935483872	93.78238341968913	77.41935483870968
Estandar_normalizada	82.27272727272728	94.02597402597402	85.16483516483517
Dialectal	72.17741935483872	93.78238341968913	77.41935483870968
Dialectal_normalizada	82.27272727272728	94.02597402597402	85.16483516483517