Transcripcion	Levenstein	Orden	Parcial
Estandar	46.76258992805755	80.23952095808383	71.25
Estandar_normalizada	60.18518518518518	78.3132530120482	80.0
Dialectal	46.76258992805755	80.23952095808383	71.25
Dialectal_normalizada	60.18518518518518	78.3132530120482	80.0