Transcripcion	Levenstein	Orden	Parcial
Estandar	26.086956521739136	46.666666666666664	38.46153846153846
Estandar_normalizada	26.315789473684216	46.666666666666664	46.15384615384615
Dialectal	26.086956521739136	46.666666666666664	38.46153846153846
Dialectal_normalizada	26.315789473684216	46.666666666666664	46.15384615384615