Transcripcion	Levenstein	Orden	Parcial
Estandar	30.434782608695656	60.0	85.71428571428572
Estandar_normalizada	38.095238095238095	60.0	94.73684210526316
Dialectal	30.434782608695656	60.0	85.71428571428572
Dialectal_normalizada	38.095238095238095	60.0	94.73684210526316