Transcripcion	Levenstein	Orden	Parcial
Estandar	42.10526315789473	80.0	68.96551724137932
Estandar_normalizada	58.82352941176471	80.0	85.71428571428572
Dialectal	42.10526315789473	80.0	68.96551724137932
Dialectal_normalizada	58.82352941176471	80.0	85.71428571428572