Transcripcion	Levenstein	Orden	Parcial
Estandar	90.75630252100841	95.9090909090909	97.01149425287356
Estandar_normalizada	92.17391304347827	95.9090909090909	97.88235294117648
Dialectal	90.75630252100841	95.9090909090909	97.01149425287356
Dialectal_normalizada	92.17391304347827	95.9090909090909	97.88235294117648