Transcripcion	Levenstein	Orden	Parcial
Estandar	4.545454545454541	16.666666666666664	16.666666666666664
Estandar_normalizada	14.28571428571429	16.666666666666664	40.0
Dialectal	4.545454545454541	16.666666666666664	16.666666666666664
Dialectal_normalizada	14.28571428571429	16.666666666666664	40.0