Transcripcion	Levenstein	Orden	Parcial
Estandar	60.63829787234043	70.3030303030303	70.32967032967032
Estandar_normalizada	71.26436781609196	68.71165644171779	74.64788732394366
Dialectal	60.63829787234043	70.3030303030303	70.32967032967032
Dialectal_normalizada	71.26436781609196	68.71165644171779	74.64788732394366