Transcripcion	Levenstein	Orden	Parcial
Estandar	58.46153846153845	74.74747474747474	64.58333333333333
Estandar_normalizada	67.27272727272727	74.74747474747474	76.28865979381443
Dialectal	58.46153846153845	74.74747474747474	64.58333333333333
Dialectal_normalizada	67.27272727272727	74.74747474747474	76.28865979381443