Transcripcion	Levenstein	Orden	Parcial
Estandar	26.76056338028169	46.700507614213194	64.22018348623853
Estandar_normalizada	31.159420289855078	44.89795918367348	72.0
Dialectal	26.76056338028169	46.700507614213194	64.22018348623853
Dialectal_normalizada	31.159420289855078	44.89795918367348	72.0