Transcripcion	Levenstein	Orden	Parcial
Estandar	32.82442748091603	60.0	56.60377358490566
Estandar_normalizada	40.36697247706422	58.9041095890411	65.38461538461539
Dialectal	32.82442748091603	60.0	56.60377358490566
Dialectal_normalizada	40.36697247706422	58.9041095890411	65.38461538461539