Transcripcion	Levenstein	Orden	Parcial
Estandar	29.78723404255319	68.35443037974683	61.53846153846154
Estandar_normalizada	38.80597014925373	71.05263157894737	71.42857142857143
Dialectal	29.78723404255319	68.35443037974683	61.53846153846154
Dialectal_normalizada	38.80597014925373	71.05263157894737	71.42857142857143