Transcripcion	Levenstein	Orden	Parcial
Estandar	45.55555555555556	62.121212121212125	64.51612903225806
Estandar_normalizada	54.054054054054056	63.07692307692307	70.49180327868852
Dialectal	45.55555555555556	62.121212121212125	64.51612903225806
Dialectal_normalizada	54.054054054054056	63.07692307692307	70.49180327868852