Transcripcion	Levenstein	Orden	Parcial
Estandar	31.999999999999996	53.65853658536586	50.0
Estandar_normalizada	45.833333333333336	53.65853658536586	57.14285714285714
Dialectal	31.999999999999996	53.65853658536586	50.0
Dialectal_normalizada	45.833333333333336	53.65853658536586	57.14285714285714