Transcripcion	Levenstein	Orden	Parcial
Estandar	55.78947368421052	78.4503631961259	63.02083333333333
Estandar_normalizada	66.26506024096386	79.31873479318735	71.89189189189189
Dialectal	55.78947368421052	78.4503631961259	63.02083333333333
Dialectal_normalizada	66.26506024096386	79.31873479318735	71.89189189189189