Transcripcion	Levenstein	Orden	Parcial
Estandar	79.41176470588236	96.42857142857143	94.73684210526316
Estandar_normalizada	90.0	96.42857142857143	96.42857142857143
Dialectal	79.41176470588236	96.42857142857143	94.73684210526316
Dialectal_normalizada	90.0	96.42857142857143	96.42857142857143