Transcripcion	Levenstein	Orden	Parcial
Estandar	20.79207920792079	35.29411764705882	41.9753086419753
Estandar_normalizada	25.510204081632647	35.29411764705882	52.5
Dialectal	20.79207920792079	35.29411764705882	41.9753086419753
Dialectal_normalizada	25.510204081632647	35.29411764705882	52.5