Transcripcion	Levenstein	Orden	Parcial
Estandar	62.5	100.0	85.71428571428572
Estandar_normalizada	83.33333333333334	100.0	92.3076923076923
Dialectal	62.5	100.0	85.71428571428572
Dialectal_normalizada	83.33333333333334	100.0	92.3076923076923