Transcripcion	Levenstein	Orden	Parcial
Estandar	75.0	95.45454545454545	84.0
Estandar_normalizada	87.5	95.45454545454545	95.45454545454545
Dialectal	75.0	95.45454545454545	84.0
Dialectal_normalizada	87.5	95.45454545454545	95.45454545454545