Transcripcion	Levenstein	Orden	Parcial
Estandar	19.999999999999996	45.16129032258065	50.0
Estandar_normalizada	26.923076923076927	46.666666666666664	58.33333333333333
Dialectal	19.999999999999996	45.16129032258065	50.0
Dialectal_normalizada	26.923076923076927	46.666666666666664	58.33333333333333