Transcripcion	Levenstein	Orden	Parcial
Estandar	57.25190839694656	82.84960422163589	61.12600536193029
Estandar_normalizada	66.66666666666667	83.59788359788361	70.05988023952096
Dialectal	57.25190839694656	82.84960422163589	61.12600536193029
Dialectal_normalizada	66.66666666666667	83.59788359788361	70.05988023952096