Transcripcion	Levenstein	Orden	Parcial
Estandar	41.509433962264154	68.96551724137932	65.51724137931035
Estandar_normalizada	58.97435897435898	68.96551724137932	77.55102040816327
Dialectal	41.509433962264154	68.96551724137932	65.51724137931035
Dialectal_normalizada	58.97435897435898	68.96551724137932	77.55102040816327