Transcripcion	Levenstein	Orden	Parcial
Estandar	26.739926739926744	45.14285714285714	80.0
Estandar_normalizada	27.756653992395442	45.14285714285714	84.14634146341463
Dialectal	26.739926739926744	45.14285714285714	80.0
Dialectal_normalizada	27.756653992395442	45.14285714285714	84.14634146341463