Transcripcion	Levenstein	Orden	Parcial
Estandar	38.63636363636363	55.28455284552846	83.9506172839506
Estandar_normalizada	44.047619047619044	55.28455284552846	90.9090909090909
Dialectal	38.63636363636363	55.28455284552846	83.9506172839506
Dialectal_normalizada	44.047619047619044	55.28455284552846	90.9090909090909