Transcripcion	Levenstein	Orden	Parcial
Estandar	73.72881355932203	89.40568475452196	77.77777777777779
Estandar_normalizada	82.29665071770334	89.11917098445596	86.52849740932642
Dialectal	73.72881355932203	89.40568475452196	77.77777777777779
Dialectal_normalizada	82.29665071770334	89.11917098445596	86.52849740932642