Transcripcion	Levenstein	Orden	Parcial
Estandar	33.85826771653543	61.96213425129088	50.45045045045045
Estandar_normalizada	42.28971962616822	63.06620209059233	59.624413145539904
Dialectal	33.85826771653543	61.96213425129088	50.45045045045045
Dialectal_normalizada	42.28971962616822	63.06620209059233	59.624413145539904