Transcripcion	Levenstein	Orden	Parcial
Estandar	64.70588235294117	70.58823529411764	78.04878048780488
Estandar_normalizada	72.34042553191489	70.58823529411764	79.48717948717949
Dialectal	64.70588235294117	70.58823529411764	78.04878048780488
Dialectal_normalizada	72.34042553191489	70.58823529411764	79.48717948717949