Transcripcion	Levenstein	Orden	Parcial
Estandar	68.34170854271358	86.64495114006515	88.88888888888889
Estandar_normalizada	78.28571428571429	86.55737704918033	93.5251798561151
Dialectal	68.34170854271358	86.64495114006515	88.88888888888889
Dialectal_normalizada	78.28571428571429	86.55737704918033	93.5251798561151