Transcripcion	Levenstein	Orden	Parcial
Estandar	45.72649572649573	70.67669172932331	64.69135802469135
Estandar_normalizada	50.0	69.84924623115577	72.67904509283821
Dialectal	45.72649572649573	70.67669172932331	64.69135802469135
Dialectal_normalizada	50.0	69.84924623115577	72.67904509283821