Transcripcion	Levenstein	Orden	Parcial
Estandar	42.592592592592595	63.888888888888886	65.38461538461539
Estandar_normalizada	48.0	63.888888888888886	68.0
Dialectal	42.592592592592595	63.888888888888886	65.38461538461539
Dialectal_normalizada	48.0	63.888888888888886	68.0