Transcripcion	Levenstein	Orden	Parcial
Estandar	4.545454545454541	16.666666666666664	16.666666666666664
Estandar_normalizada	9.999999999999998	16.666666666666664	40.0
Dialectal	4.545454545454541	16.666666666666664	16.666666666666664
Dialectal_normalizada	9.999999999999998	16.666666666666664	40.0