Transcripcion	Levenstein	Orden	Parcial
Estandar	40.38461538461539	60.13986013986015	89.79591836734694
Estandar_normalizada	44.44444444444444	60.13986013986015	95.65217391304348
Dialectal	40.38461538461539	60.13986013986015	89.79591836734694
Dialectal_normalizada	44.44444444444444	60.13986013986015	95.65217391304348