Transcripcion	Levenstein	Orden	Parcial
Estandar	15.463917525773196	28.358208955223883	73.93939393939394
Estandar_normalizada	17.105263157894733	28.037383177570096	78.37837837837837
Dialectal	15.463917525773196	28.358208955223883	73.93939393939394
Dialectal_normalizada	17.105263157894733	28.037383177570096	78.37837837837837