Transcripcion	Levenstein	Orden	Parcial
Estandar	80.55555555555556	95.0	85.71428571428572
Estandar_normalizada	86.36363636363636	95.0	89.0909090909091
Dialectal	80.55555555555556	95.0	85.71428571428572
Dialectal_normalizada	86.36363636363636	95.0	89.0909090909091