Transcripcion	Levenstein	Orden	Parcial
Estandar	28.08510638297872	66.27565982404693	49.375
Estandar_normalizada	31.122448979591834	64.68842729970326	55.00000000000001
Dialectal	28.08510638297872	66.27565982404693	49.375
Dialectal_normalizada	31.122448979591834	64.68842729970326	55.00000000000001