Transcripcion	Levenstein	Orden	Parcial
Estandar	27.823050058207222	60.945454545454545	53.32390381895332
Estandar_normalizada	34.83870967741935	60.0	62.254901960784316
Dialectal	27.70663562281723	60.932944606414	53.153791637136784
Dialectal_normalizada	34.58064516129033	60.13264554163595	62.08026208026208