Transcripcion	Levenstein	Orden	Parcial
Estandar	56.753407682775716	75.41115122342559	65.9983291562239
Estandar_normalizada	63.02695231513476	75.4625905068383	72.35915492957746
Dialectal	56.57320872274143	75.1207729468599	66.16541353383458
Dialectal_normalizada	62.865090403337966	75.17157852240614	72.1830985915493