Transcripcion	Levenstein	Orden	Parcial
Estandar	57.7716643741403	80.14911463187325	75.04950495049505
Estandar_normalizada	65.37267080745342	80.52434456928839	81.1902231668438
Dialectal	57.32044198895028	80.0	74.60317460317461
Dialectal_normalizada	64.89859594383776	80.18779342723005	80.72417465388712