Transcripcion	Levenstein	Orden	Parcial
Estandar	51.66666666666666	83.56164383561644	90.625
Estandar_normalizada	63.54166666666667	84.72222222222221	95.08196721311475
Dialectal	51.66666666666666	83.56164383561644	90.625
Dialectal_normalizada	63.54166666666667	84.72222222222221	95.08196721311475