Transcripcion	Levenstein	Orden	Parcial
Estandar	82.75862068965517	100.0	95.83333333333334
Estandar_normalizada	92.0	100.0	100.0
Dialectal	82.75862068965517	100.0	95.83333333333334
Dialectal_normalizada	92.0	100.0	100.0