Transcripcion	Levenstein	Orden	Parcial
Estandar	74.64788732394366	88.07339449541286	76.78571428571428
Estandar_normalizada	85.24590163934427	88.07339449541286	86.79245283018868
Dialectal	74.64788732394366	88.07339449541286	76.78571428571428
Dialectal_normalizada	85.24590163934427	88.07339449541286	86.79245283018868