Transcripcion	Levenstein	Orden	Parcial
Estandar	23.611111111111114	46.753246753246756	50.70422535211267
Estandar_normalizada	25.454545454545453	47.36842105263158	60.0
Dialectal	23.611111111111114	46.753246753246756	50.70422535211267
Dialectal_normalizada	25.454545454545453	47.36842105263158	60.0