Transcripcion	Levenstein	Orden	Parcial
Estandar	7.331378299120239	13.900709219858154	55.118110236220474
Estandar_normalizada	8.47457627118644	13.636363636363635	66.66666666666667
Dialectal	7.331378299120239	13.900709219858154	55.118110236220474
Dialectal_normalizada	8.47457627118644	13.636363636363635	66.66666666666667