Transcripcion	Levenstein	Orden	Parcial
Estandar	13.76404494382022	26.221079691516714	83.76068376068376
Estandar_normalizada	15.43026706231454	25.257731958762886	88.67924528301887
Dialectal	13.76404494382022	26.221079691516714	83.76068376068376
Dialectal_normalizada	15.43026706231454	25.257731958762886	88.67924528301887