Transcripcion	Levenstein	Orden	Parcial
Estandar	46.20462046204621	63.06027820710973	63.556338028169016
Estandar_normalizada	51.31086142322096	62.48062015503876	68.19852941176471
Dialectal	46.09460946094609	63.83307573415765	63.20422535211267
Dialectal_normalizada	51.1860174781523	63.4108527131783	67.83088235294117