Transcripcion	Levenstein	Orden	Parcial
Estandar	45.333333333333336	67.84059314179795	56.51260504201681
Estandar_normalizada	51.50214592274678	67.97385620915033	62.32044198895028
Dialectal	45.333333333333336	67.84059314179795	56.51260504201681
Dialectal_normalizada	51.50214592274678	67.97385620915033	62.32044198895028