Transcripcion	Levenstein	Orden	Parcial
Estandar	33.01886792452831	56.666666666666664	86.8421052631579
Estandar_normalizada	38.888888888888886	56.666666666666664	91.66666666666666
Dialectal	33.01886792452831	56.666666666666664	86.8421052631579
Dialectal_normalizada	38.888888888888886	56.666666666666664	91.66666666666666