Transcripcion	Levenstein	Orden	Parcial
Estandar	59.07692307692307	72.76422764227642	65.1063829787234
Estandar_normalizada	65.78483245149911	73.26530612244898	71.25683060109289
Dialectal	59.01386748844376	72.8382502543235	65.1063829787234
Dialectal_normalizada	65.7243816254417	73.34014300306436	71.25683060109289