Transcripcion	Levenstein	Orden	Parcial
Estandar	71.21307353865494	85.00948766603416	76.38572513287775
Estandar_normalizada	77.35457063711911	85.041761579347	82.07771609833465
Dialectal	71.03099304237824	85.1047619047619	76.30979498861048
Dialectal_normalizada	77.19665271966527	85.13719512195121	82.07771609833465