Transcripcion	Levenstein	Orden	Parcial
Estandar	62.30636833046472	76.17977528089888	72.26277372262774
Estandar_normalizada	69.61538461538461	76.17977528089888	77.69423558897243
Dialectal	61.63194444444444	75.9322033898305	71.77615571776155
Dialectal_normalizada	68.93203883495146	75.9322033898305	77.07808564231739