Transcripcion	Levenstein	Orden	Parcial
Estandar	30.434782608695656	52.63157894736843	53.84615384615385
Estandar_normalizada	42.592592592592595	52.63157894736843	63.63636363636363
Dialectal	29.230769230769226	47.22222222222222	51.28205128205128
Dialectal_normalizada	42.00000000000001	47.22222222222222	60.60606060606061