Transcripcion	Levenstein	Orden	Parcial
Estandar	75.75757575757575	98.11320754716981	96.15384615384616
Estandar_normalizada	89.65517241379311	98.11320754716981	100.0
Dialectal	75.75757575757575	98.11320754716981	96.15384615384616
Dialectal_normalizada	89.65517241379311	98.11320754716981	100.0