Transcripcion	Levenstein	Orden	Parcial
Estandar	50.0	69.51219512195121	77.14285714285715
Estandar_normalizada	56.310679611650485	69.93865030674846	79.71014492753623
Dialectal	50.0	69.51219512195121	77.14285714285715
Dialectal_normalizada	56.310679611650485	69.93865030674846	79.71014492753623