Transcripcion	Levenstein	Orden	Parcial
Estandar	19.999999999999996	65.06024096385542	73.46938775510203
Estandar_normalizada	23.880597014925375	66.66666666666667	82.6086956521739
Dialectal	19.999999999999996	65.06024096385542	73.46938775510203
Dialectal_normalizada	23.880597014925375	66.66666666666667	82.6086956521739