Transcripcion	Levenstein	Orden	Parcial
Estandar	66.73684210526316	77.55610972568579	72.22222222222221
Estandar_normalizada	74.65116279069768	76.84605757196495	81.31313131313132
Dialectal	65.74468085106383	77.79171894604768	72.47474747474747
Dialectal_normalizada	73.6470588235294	76.57430730478589	81.31313131313132