Transcripcion	Levenstein	Orden	Parcial
Estandar	80.43478260869566	80.48780487804879	87.05882352941177
Estandar_normalizada	82.55813953488372	80.48780487804879	87.65432098765432
Dialectal	80.43478260869566	80.48780487804879	87.05882352941177
Dialectal_normalizada	82.55813953488372	80.48780487804879	87.65432098765432