Transcripcion	Levenstein	Orden	Parcial
Estandar	63.44827586206896	77.32181425485962	76.57657657657657
Estandar_normalizada	70.65637065637065	77.65726681127983	81.8390804597701
Dialectal	63.44827586206896	77.32181425485962	76.57657657657657
Dialectal_normalizada	70.65637065637065	77.65726681127983	81.8390804597701