Transcripcion	Levenstein	Orden	Parcial
Estandar	77.33990147783251	79.16666666666666	86.37532133676092
Estandar_normalizada	80.41237113402062	79.16666666666666	88.18897637795276
Dialectal	76.23762376237624	78.85117493472585	86.08247422680412
Dialectal_normalizada	79.38144329896907	78.85117493472585	86.01036269430051