Transcripcion	Levenstein	Orden	Parcial
Estandar	15.151515151515149	34.78260869565217	36.8421052631579
Estandar_normalizada	20.68965517241379	34.78260869565217	36.8421052631579
Dialectal	15.151515151515149	34.78260869565217	36.8421052631579
Dialectal_normalizada	20.68965517241379	34.78260869565217	36.8421052631579