Transcripcion	Levenstein	Orden	Parcial
Estandar	59.45945945945945	66.66666666666667	83.33333333333334
Estandar_normalizada	65.71428571428571	66.66666666666667	87.5
Dialectal	59.45945945945945	66.66666666666667	83.33333333333334
Dialectal_normalizada	65.71428571428571	66.66666666666667	87.5