Transcripcion	Levenstein	Orden	Parcial
Estandar	69.44444444444444	80.0	85.18518518518519
Estandar_normalizada	73.52941176470588	80.0	86.27450980392157
Dialectal	69.44444444444444	80.0	85.18518518518519
Dialectal_normalizada	73.52941176470588	80.0	86.27450980392157