Transcripcion	Levenstein	Orden	Parcial
Estandar	51.674641148325364	71.61290322580645	71.72413793103448
Estandar_normalizada	57.75401069518716	72.07792207792207	76.2589928057554
Dialectal	51.674641148325364	71.61290322580645	71.72413793103448
Dialectal_normalizada	57.75401069518716	72.07792207792207	76.2589928057554