Transcripcion	Levenstein	Orden	Parcial
Estandar	90.69767441860466	100.0	93.82716049382715
Estandar_normalizada	97.5609756097561	100.0	100.0
Dialectal	90.69767441860466	100.0	93.82716049382715
Dialectal_normalizada	97.5609756097561	100.0	100.0