Transcripcion	Levenstein	Orden	Parcial
Estandar	56.60377358490566	81.86813186813187	77.56410256410257
Estandar_normalizada	63.793103448275865	82.54847645429363	82.87671232876713
Dialectal	56.60377358490566	81.86813186813187	77.56410256410257
Dialectal_normalizada	63.793103448275865	82.54847645429363	82.87671232876713