Transcripcion	Levenstein	Orden	Parcial
Estandar	60.74074074074074	80.62317429406038	71.17516629711751
Estandar_normalizada	67.09886547811993	80.93841642228739	76.94013303769401
Dialectal	60.74074074074074	80.62317429406038	71.17516629711751
Dialectal_normalizada	67.09886547811993	80.93841642228739	76.94013303769401