Transcripcion	Levenstein	Orden	Parcial
Estandar	72.41379310344827	94.11764705882352	77.94117647058823
Estandar_normalizada	84.0	94.11764705882352	88.05970149253731
Dialectal	69.23076923076923	91.42857142857143	76.2589928057554
Dialectal_normalizada	79.74683544303798	91.42857142857143	84.84848484848484