Transcripcion	Levenstein	Orden	Parcial
Estandar	71.42857142857143	87.5	86.48648648648648
Estandar_normalizada	76.47058823529412	87.5	90.9090909090909
Dialectal	71.42857142857143	87.5	86.48648648648648
Dialectal_normalizada	76.47058823529412	87.5	90.9090909090909