Transcripcion	Levenstein	Orden	Parcial
Estandar	55.47945205479452	74.87179487179488	63.80368098159509
Estandar_normalizada	63.70967741935484	75.64766839378238	71.14093959731544
Dialectal	55.47945205479452	74.87179487179488	63.80368098159509
Dialectal_normalizada	63.70967741935484	75.64766839378238	71.14093959731544