Transcripcion	Levenstein	Orden	Parcial
Estandar	57.8125	61.53846153846154	71.42857142857143
Estandar_normalizada	63.793103448275865	61.53846153846154	77.55102040816327
Dialectal	57.8125	61.53846153846154	71.42857142857143
Dialectal_normalizada	63.793103448275865	61.53846153846154	77.55102040816327