Transcripcion	Levenstein	Orden	Parcial
Estandar	59.285714285714285	81.85654008438819	70.0
Estandar_normalizada	64.84375	81.85654008438819	73.6842105263158
Dialectal	59.285714285714285	81.85654008438819	70.0
Dialectal_normalizada	64.84375	81.85654008438819	73.6842105263158