Transcripcion	Levenstein	Orden	Parcial
Estandar	22.22222222222222	64.0	66.66666666666667
Estandar_normalizada	31.999999999999996	66.66666666666667	80.0
Dialectal	22.22222222222222	64.0	66.66666666666667
Dialectal_normalizada	31.999999999999996	66.66666666666667	80.0