Transcripcion	Levenstein	Orden	Parcial
Estandar	29.84293193717278	64.12698412698413	68.98954703832753
Estandar_normalizada	34.319526627218934	65.17571884984025	71.73913043478262
Dialectal	30.15873015873016	63.25878594249201	69.47368421052632
Dialectal_normalizada	34.73053892215569	64.30868167202573	72.26277372262774