Transcripcion	Levenstein	Orden	Parcial
Estandar	48.5981308411215	64.7887323943662	61.01694915254237
Estandar_normalizada	59.09090909090908	65.24822695035462	69.0909090909091
Dialectal	48.5981308411215	64.7887323943662	61.01694915254237
Dialectal_normalizada	59.09090909090908	65.24822695035462	69.0909090909091