Transcripcion	Levenstein	Orden	Parcial
Estandar	37.5	57.60000000000001	80.0
Estandar_normalizada	43.956043956043956	58.06451612903225	90.2439024390244
Dialectal	37.5	57.60000000000001	80.0
Dialectal_normalizada	43.956043956043956	58.06451612903225	90.2439024390244