Transcripcion	Levenstein	Orden	Parcial
Estandar	60.67415730337078	65.40880503144655	70.73170731707317
Estandar_normalizada	65.06024096385542	65.40880503144655	75.9493670886076
Dialectal	60.67415730337078	65.40880503144655	70.73170731707317
Dialectal_normalizada	65.06024096385542	65.40880503144655	75.9493670886076