Transcripcion	Levenstein	Orden	Parcial
Estandar	66.36085626911314	77.55102040816327	69.4980694980695
Estandar_normalizada	72.75747508305648	78.06691449814126	76.28458498023716
Dialectal	65.6441717791411	76.95167286245353	69.1119691119691
Dialectal_normalizada	72.0	77.46741154562383	76.28458498023716