Transcripcion	Levenstein	Orden	Parcial
Estandar	58.47076461769116	74.29111531190927	73.21772639691714
Estandar_normalizada	65.71428571428571	73.62428842504744	79.8019801980198
Dialectal	58.55855855855856	74.17218543046357	73.21772639691714
Dialectal_normalizada	65.82491582491583	73.50427350427351	79.8019801980198