Transcripcion	Levenstein	Orden	Parcial
Estandar	35.321100917431195	55.64516129032258	68.67469879518072
Estandar_normalizada	40.86021505376344	55.96707818930041	73.41772151898735
Dialectal	35.64814814814815	61.78861788617886	69.87951807228916
Dialectal_normalizada	41.30434782608695	63.07053941908713	74.68354430379746