Transcripcion	Levenstein	Orden	Parcial
Estandar	56.33802816901409	86.36363636363636	87.5
Estandar_normalizada	65.51724137931035	87.35632183908046	94.73684210526316
Dialectal	56.33802816901409	86.36363636363636	87.5
Dialectal_normalizada	65.51724137931035	87.35632183908046	94.73684210526316