Transcripcion	Levenstein	Orden	Parcial
Estandar	10.81081081081081	38.46153846153846	44.44444444444444
Estandar_normalizada	17.85714285714286	40.0	88.88888888888889
Dialectal	10.81081081081081	38.46153846153846	44.44444444444444
Dialectal_normalizada	17.85714285714286	40.0	88.88888888888889