Transcripcion	Levenstein	Orden	Parcial
Estandar	75.65217391304347	79.02439024390245	79.8076923076923
Estandar_normalizada	80.37383177570094	79.02439024390245	84.31372549019608
Dialectal	75.65217391304347	79.02439024390245	79.8076923076923
Dialectal_normalizada	80.37383177570094	79.02439024390245	84.31372549019608