Transcripcion	Levenstein	Orden	Parcial
Estandar	7.936507936507942	17.391304347826086	66.66666666666667
Estandar_normalizada	9.523809523809524	17.391304347826086	88.0
Dialectal	7.936507936507942	17.391304347826086	66.66666666666667
Dialectal_normalizada	9.523809523809524	17.391304347826086	88.0