Transcripcion	Levenstein	Orden	Parcial
Estandar	64.40677966101696	80.0	79.01234567901234
Estandar_normalizada	69.81132075471699	80.0	81.57894736842105
Dialectal	64.40677966101696	80.0	79.01234567901234
Dialectal_normalizada	69.81132075471699	80.0	81.57894736842105