Transcripcion	Levenstein	Orden	Parcial
Estandar	40.70796460176991	53.63128491620112	71.42857142857143
Estandar_normalizada	43.925233644859816	53.63128491620112	76.05633802816901
Dialectal	40.70796460176991	53.63128491620112	71.42857142857143
Dialectal_normalizada	43.925233644859816	53.63128491620112	76.05633802816901