Transcripcion	Levenstein	Orden	Parcial
Estandar	18.181818181818176	39.15343915343915	57.831325301204814
Estandar_normalizada	20.805369127516784	39.15343915343915	71.23287671232876
Dialectal	18.181818181818176	39.15343915343915	57.831325301204814
Dialectal_normalizada	20.805369127516784	39.15343915343915	71.23287671232876