Transcripcion	Levenstein	Orden	Parcial
Estandar	65.97938144329896	69.36416184971098	75.0
Estandar_normalizada	68.13186813186813	69.36416184971098	76.47058823529412
Dialectal	67.36842105263158	66.66666666666667	76.13636363636364
Dialectal_normalizada	69.6629213483146	66.66666666666667	77.64705882352942