Transcripcion	Levenstein	Orden	Parcial
Estandar	20.348837209302328	36.68639053254438	62.22222222222222
Estandar_normalizada	26.530612244897956	37.34939759036144	67.3913043478261
Dialectal	20.348837209302328	36.68639053254438	62.22222222222222
Dialectal_normalizada	26.530612244897956	37.34939759036144	67.3913043478261