Transcripcion	Levenstein	Orden	Parcial
Estandar	21.126760563380287	34.48275862068966	64.28571428571428
Estandar_normalizada	26.470588235294112	34.48275862068966	80.0
Dialectal	21.126760563380287	34.883720930232556	61.81818181818181
Dialectal_normalizada	25.0	34.883720930232556	77.27272727272727