Transcripcion	Levenstein	Orden	Parcial
Estandar	22.799999999999997	39.14373088685015	55.026455026455025
Estandar_normalizada	23.236514522821572	39.14373088685015	58.241758241758234
Dialectal	22.799999999999997	39.14373088685015	55.026455026455025
Dialectal_normalizada	23.236514522821572	39.14373088685015	58.241758241758234