Transcripcion	Levenstein	Orden	Parcial
Estandar	6.896551724137934	21.052631578947366	100.0
Estandar_normalizada	9.523809523809524	23.529411764705888	100.0
Dialectal	6.896551724137934	21.052631578947366	100.0
Dialectal_normalizada	9.523809523809524	23.529411764705888	100.0