Transcripcion	Levenstein	Orden	Parcial
Estandar	23.870967741935488	39.75155279503105	75.0
Estandar_normalizada	26.66666666666667	40.0	85.33333333333333
Dialectal	23.870967741935488	39.75155279503105	75.0
Dialectal_normalizada	26.66666666666667	40.0	85.33333333333333