Transcripcion	Levenstein	Orden	Parcial
Estandar	65.60509554140128	88.03418803418803	72.98578199052133
Estandar_normalizada	78.51851851851852	87.55364806866953	81.08108108108108
Dialectal	65.60509554140128	88.03418803418803	72.98578199052133
Dialectal_normalizada	78.51851851851852	87.55364806866953	81.08108108108108