Transcripcion	Levenstein	Orden	Parcial
Estandar	75.10729613733905	86.68341708542714	80.05050505050505
Estandar_normalizada	81.0747663551402	87.37373737373737	84.14154652686763
Dialectal	73.96963123644251	84.19721871049305	79.29292929292929
Dialectal_normalizada	79.90543735224587	84.87928843710293	83.11345646437995