Transcripcion	Levenstein	Orden	Parcial
Estandar	67.42424242424244	89.69072164948454	77.65957446808511
Estandar_normalizada	76.31578947368422	89.69072164948454	83.14606741573034
Dialectal	67.42424242424244	89.69072164948454	77.65957446808511
Dialectal_normalizada	76.31578947368422	89.69072164948454	83.14606741573034