Transcripcion	Levenstein	Orden	Parcial
Estandar	58.30388692579505	75.65714285714286	68.5579196217494
Estandar_normalizada	64.01590457256461	75.60137457044674	74.0648379052369
Dialectal	58.30388692579505	76.11428571428571	68.5579196217494
Dialectal_normalizada	64.21471172962227	76.05956471935853	74.3142144638404