Transcripcion	Levenstein	Orden	Parcial
Estandar	52.94117647058824	80.0	73.91304347826086
Estandar_normalizada	62.96296296296296	80.0	80.95238095238095
Dialectal	54.54545454545454	81.81818181818181	73.91304347826086
Dialectal_normalizada	65.38461538461539	81.81818181818181	80.95238095238095