Transcripcion	Levenstein	Orden	Parcial
Estandar	72.46376811594203	88.28828828828829	79.62962962962963
Estandar_normalizada	83.60655737704919	88.28828828828829	87.03703703703704
Dialectal	72.46376811594203	88.28828828828829	79.62962962962963
Dialectal_normalizada	83.60655737704919	88.28828828828829	87.03703703703704