Transcripcion	Levenstein	Orden	Parcial
Estandar	65.78947368421053	80.59701492537313	84.375
Estandar_normalizada	75.0	80.59701492537313	91.80327868852459
Dialectal	65.78947368421053	80.59701492537313	84.375
Dialectal_normalizada	75.0	80.59701492537313	91.80327868852459