Transcripcion	Levenstein	Orden	Parcial
Estandar	44.827586206896555	66.88206785137318	62.78195488721805
Estandar_normalizada	50.61425061425062	67.3170731707317	69.04761904761905
Dialectal	44.827586206896555	66.88206785137318	62.78195488721805
Dialectal_normalizada	50.61425061425062	67.3170731707317	69.04761904761905