Transcripcion	Levenstein	Orden	Parcial
Estandar	85.71428571428572	100.0	100.0
Estandar_normalizada	94.73684210526316	100.0	100.0
Dialectal	85.71428571428572	100.0	100.0
Dialectal_normalizada	94.73684210526316	100.0	100.0