Transcripcion	Levenstein	Orden	Parcial
Estandar	74.66666666666666	87.54716981132076	81.95488721804512
Estandar_normalizada	80.71428571428572	87.54716981132076	88.03088803088804
Dialectal	75.33333333333333	88.30188679245283	82.70676691729324
Dialectal_normalizada	81.42857142857143	88.30188679245283	88.8030888030888