Transcripcion	Levenstein	Orden	Parcial
Estandar	77.41935483870968	100.0	85.71428571428572
Estandar_normalizada	88.0	100.0	95.23809523809523
Dialectal	77.41935483870968	100.0	85.71428571428572
Dialectal_normalizada	88.0	100.0	95.23809523809523