Transcripcion	Levenstein	Orden	Parcial
Estandar	25.984251968503933	49.76076555023924	52.80898876404494
Estandar_normalizada	30.400000000000006	49.03846153846154	60.0
Dialectal	25.984251968503933	49.76076555023924	52.80898876404494
Dialectal_normalizada	30.400000000000006	49.03846153846154	60.0