Transcripcion	Levenstein	Orden	Parcial
Estandar	30.12820512820513	66.66666666666667	65.87301587301587
Estandar_normalizada	28.36879432624113	66.9172932330827	69.64285714285714
Dialectal	30.12820512820513	66.66666666666667	65.87301587301587
Dialectal_normalizada	28.36879432624113	66.9172932330827	69.64285714285714