Transcripcion	Levenstein	Orden	Parcial
Estandar	74.8502994011976	78.26086956521739	84.21052631578947
Estandar_normalizada	78.06451612903226	78.26086956521739	86.2876254180602
Dialectal	71.42857142857143	79.18088737201366	82.58064516129032
Dialectal_normalizada	74.0	79.18088737201366	84.7457627118644