Transcripcion	Levenstein	Orden	Parcial
Estandar	28.57142857142857	66.66666666666667	70.37037037037037
Estandar_normalizada	39.6551724137931	67.64705882352942	86.95652173913044
Dialectal	28.57142857142857	66.66666666666667	70.37037037037037
Dialectal_normalizada	39.6551724137931	67.64705882352942	86.95652173913044