Transcripcion	Levenstein	Orden	Parcial
Estandar	75.0	79.36507936507937	80.64516129032258
Estandar_normalizada	79.41176470588236	79.36507936507937	80.0
Dialectal	75.0	79.36507936507937	80.64516129032258
Dialectal_normalizada	79.41176470588236	79.36507936507937	80.0