Transcripcion	Levenstein	Orden	Parcial
Estandar	56.62100456621004	68.33333333333333	67.0391061452514
Estandar_normalizada	62.43654822335025	67.40947075208913	74.28571428571429
Dialectal	56.62100456621004	68.33333333333333	67.0391061452514
Dialectal_normalizada	62.43654822335025	67.40947075208913	74.28571428571429