Transcripcion	Levenstein	Orden	Parcial
Estandar	57.14285714285714	73.48242811501598	70.92198581560284
Estandar_normalizada	63.44086021505376	73.07692307692308	75.18248175182481
Dialectal	57.14285714285714	73.48242811501598	70.92198581560284
Dialectal_normalizada	63.44086021505376	73.07692307692308	75.18248175182481