Transcripcion	Levenstein	Orden	Parcial
Estandar	24.375000000000004	49.54128440366973	72.72727272727273
Estandar_normalizada	26.1437908496732	49.54128440366973	76.42276422764228
Dialectal	23.750000000000004	48.62385321100917	71.21212121212122
Dialectal_normalizada	24.836601307189543	48.62385321100917	74.79674796747969