Transcripcion	Levenstein	Orden	Parcial
Estandar	32.25806451612904	51.28205128205128	47.36842105263158
Estandar_normalizada	40.0	51.28205128205128	50.0
Dialectal	32.25806451612904	51.28205128205128	47.36842105263158
Dialectal_normalizada	40.0	51.28205128205128	50.0