Transcripcion	Levenstein	Orden	Parcial
Estandar	65.18987341772151	91.62995594713657	78.89908256880733
Estandar_normalizada	77.61194029850746	91.62995594713657	88.44221105527639
Dialectal	65.18987341772151	91.62995594713657	78.89908256880733
Dialectal_normalizada	77.61194029850746	91.62995594713657	88.44221105527639