Transcripcion	Levenstein	Orden	Parcial
Estandar	33.333333333333336	56.809338521400775	54.0
Estandar_normalizada	38.35616438356164	56.25	57.29166666666667
Dialectal	33.333333333333336	57.36434108527132	54.72636815920397
Dialectal_normalizada	37.671232876712324	56.809338521400775	58.03108808290156