Transcripcion	Levenstein	Orden	Parcial
Estandar	28.57142857142857	46.15384615384615	50.0
Estandar_normalizada	34.693877551020414	46.15384615384615	50.0
Dialectal	28.57142857142857	46.15384615384615	50.0
Dialectal_normalizada	34.693877551020414	46.15384615384615	50.0