Transcripcion	Levenstein	Orden	Parcial
Estandar	67.24137931034483	66.66666666666667	75.0
Estandar_normalizada	76.0	66.66666666666667	82.97872340425532
Dialectal	67.24137931034483	66.66666666666667	75.0
Dialectal_normalizada	76.0	66.66666666666667	82.97872340425532