Transcripcion	Levenstein	Orden	Parcial
Estandar	68.04979253112033	73.86091127098322	78.44036697247707
Estandar_normalizada	71.23287671232876	73.86091127098322	81.05515587529976
Dialectal	67.64705882352942	73.91304347826086	78.44036697247707
Dialectal_normalizada	70.83333333333333	73.91304347826086	81.15942028985508