Transcripcion	Levenstein	Orden	Parcial
Estandar	70.78947368421052	78.25409197194077	75.74803149606299
Estandar_normalizada	75.60283687943262	77.75175644028103	80.16393442622952
Dialectal	70.88274044795784	78.31513260530421	75.90551181102362
Dialectal_normalizada	75.71022727272727	77.8125	80.32786885245902