Transcripcion	Levenstein	Orden	Parcial
Estandar	56.896551724137936	84.34782608695653	74.66666666666666
Estandar_normalizada	66.43835616438356	85.08771929824562	81.95121951219512
Dialectal	55.81395348837209	83.33333333333334	73.21428571428572
Dialectal_normalizada	65.27777777777779	84.070796460177	80.58252427184466