Transcripcion	Levenstein	Orden	Parcial
Estandar	80.23255813953489	90.72847682119205	86.18421052631578
Estandar_normalizada	86.70886075949366	90.72847682119205	92.05298013245033
Dialectal	80.23255813953489	90.72847682119205	86.18421052631578
Dialectal_normalizada	86.70886075949366	90.72847682119205	92.05298013245033