Transcripcion	Levenstein	Orden	Parcial
Estandar	42.73504273504274	68.63468634686348	59.25925925925925
Estandar_normalizada	52.08333333333333	69.14498141263941	67.96116504854368
Dialectal	42.73504273504274	68.63468634686348	59.25925925925925
Dialectal_normalizada	52.08333333333333	69.14498141263941	67.96116504854368