Transcripcion	Levenstein	Orden	Parcial
Estandar	78.94736842105263	100.0	86.66666666666667
Estandar_normalizada	86.66666666666667	100.0	100.0
Dialectal	78.94736842105263	100.0	86.66666666666667
Dialectal_normalizada	86.66666666666667	100.0	100.0