Transcripcion	Levenstein	Orden	Parcial
Estandar	71.08433734939759	90.22556390977444	81.9672131147541
Estandar_normalizada	80.0	90.22556390977444	85.24590163934427
Dialectal	71.08433734939759	90.22556390977444	81.9672131147541
Dialectal_normalizada	80.0	90.22556390977444	85.24590163934427