Transcripcion	Levenstein	Orden	Parcial
Estandar	41.35667396061269	62.2792937399679	54.45544554455446
Estandar_normalizada	46.4935064935065	62.25806451612903	61.648745519713266
Dialectal	41.318681318681314	62.47987117552335	54.45544554455446
Dialectal_normalizada	46.47519582245431	62.45954692556634	61.648745519713266