Transcripcion	Levenstein	Orden	Parcial
Estandar	17.647058823529417	19.047619047619047	30.000000000000004
Estandar_normalizada	18.75	19.047619047619047	42.85714285714286
Dialectal	17.647058823529417	19.047619047619047	30.000000000000004
Dialectal_normalizada	18.75	19.047619047619047	42.85714285714286