Transcripcion	Levenstein	Orden	Parcial
Estandar	56.52173913043479	84.84848484848484	81.25
Estandar_normalizada	73.6842105263158	84.84848484848484	86.66666666666667
Dialectal	56.52173913043479	84.84848484848484	81.25
Dialectal_normalizada	73.6842105263158	84.84848484848484	86.66666666666667