Transcripcion	Levenstein	Orden	Parcial
Estandar	51.61290322580645	71.44754316069057	65.64102564102564
Estandar_normalizada	57.25190839694656	70.66666666666667	72.34042553191489
Dialectal	50.92592592592593	70.83888149134488	64.87179487179488
Dialectal_normalizada	56.26598465473146	70.32085561497325	71.54255319148936