Transcripcion	Levenstein	Orden	Parcial
Estandar	24.13793103448276	36.8421052631579	41.17647058823529
Estandar_normalizada	28.000000000000004	36.8421052631579	46.666666666666664
Dialectal	24.13793103448276	36.8421052631579	41.17647058823529
Dialectal_normalizada	28.000000000000004	36.8421052631579	46.666666666666664