Transcripcion	Levenstein	Orden	Parcial
Estandar	67.48251748251748	85.27472527472527	78.89908256880733
Estandar_normalizada	75.09727626459144	85.46255506607929	86.91588785046729
Dialectal	67.95774647887323	85.65121412803532	78.89908256880733
Dialectal_normalizada	75.68627450980392	85.84070796460178	86.91588785046729