Transcripcion	Levenstein	Orden	Parcial
Estandar	52.17391304347826	81.35593220338984	62.295081967213115
Estandar_normalizada	68.05555555555556	81.35593220338984	78.57142857142857
Dialectal	52.17391304347826	81.35593220338984	62.295081967213115
Dialectal_normalizada	68.05555555555556	81.35593220338984	78.57142857142857