Transcripcion	Levenstein	Orden	Parcial
Estandar	57.40072202166064	74.47306791569086	73.23232323232322
Estandar_normalizada	62.65060240963856	74.47306791569086	76.5625
Dialectal	57.664233576642346	75.0	73.73737373737373
Dialectal_normalizada	63.00813008130082	75.0	77.08333333333334