Transcripcion	Levenstein	Orden	Parcial
Estandar	58.490566037735846	79.51807228915662	82.92682926829268
Estandar_normalizada	63.829787234042556	79.51807228915662	87.17948717948718
Dialectal	60.37735849056604	81.92771084337349	85.36585365853658
Dialectal_normalizada	65.95744680851064	81.92771084337349	89.74358974358975