Transcripcion	Levenstein	Orden	Parcial
Estandar	48.67724867724868	69.76744186046511	68.18181818181819
Estandar_normalizada	55.487804878048784	69.53125	73.58490566037736
Dialectal	48.67724867724868	69.76744186046511	68.18181818181819
Dialectal_normalizada	55.487804878048784	69.53125	73.58490566037736