Transcripcion	Levenstein	Orden	Parcial
Estandar	62.89752650176679	78.57935627081021	71.3968957871397
Estandar_normalizada	68.52589641434264	78.66666666666666	78.7037037037037
Dialectal	62.83185840707964	78.22222222222223	71.17516629711751
Dialectal_normalizada	68.66267465069859	78.30923248053394	78.47222222222221