Transcripcion	Levenstein	Orden	Parcial
Estandar	15.492957746478876	33.333333333333336	30.000000000000004
Estandar_normalizada	18.867924528301884	36.61971830985915	35.29411764705882
Dialectal	15.492957746478876	33.333333333333336	30.000000000000004
Dialectal_normalizada	18.867924528301884	36.61971830985915	35.29411764705882