Transcripcion	Levenstein	Orden	Parcial
Estandar	27.27272727272727	48.0	41.666666666666664
Estandar_normalizada	22.22222222222222	48.0	45.45454545454546
Dialectal	27.27272727272727	48.0	41.666666666666664
Dialectal_normalizada	22.22222222222222	48.0	45.45454545454546