Transcripcion	Levenstein	Orden	Parcial
Estandar	32.14285714285714	46.15384615384615	46.666666666666664
Estandar_normalizada	34.61538461538461	46.15384615384615	50.0
Dialectal	32.14285714285714	46.15384615384615	46.666666666666664
Dialectal_normalizada	34.61538461538461	46.15384615384615	50.0