Transcripcion	Levenstein	Orden	Parcial
Estandar	28.36879432624113	32.820512820512825	55.714285714285715
Estandar_normalizada	31.25	32.98969072164949	58.64661654135339
Dialectal	30.069930069930074	39.59390862944162	57.74647887323944
Dialectal_normalizada	33.07692307692308	37.755102040816325	60.74074074074074