Transcripcion	Levenstein	Orden	Parcial
Estandar	66.3716814159292	76.78410117434508	75.93283582089552
Estandar_normalizada	72.58064516129032	76.9927536231884	81.69556840077071
Dialectal	66.32200886262925	76.49186256781194	75.74626865671642
Dialectal_normalizada	72.37479806138933	76.69990933816864	81.5028901734104