Transcripcion	Levenstein	Orden	Parcial
Estandar	18.881118881118887	39.00414937759336	37.24696356275303
Estandar_normalizada	25.0	39.16666666666667	42.00913242009132
Dialectal	18.881118881118887	39.00414937759336	37.24696356275303
Dialectal_normalizada	25.0	39.16666666666667	42.00913242009132