Transcripcion	Levenstein	Orden	Parcial
Estandar	41.13475177304965	73.61963190184049	58.57142857142856
Estandar_normalizada	54.95495495495495	70.37037037037037	73.52941176470588
Dialectal	41.13475177304965	73.61963190184049	58.57142857142856
Dialectal_normalizada	54.95495495495495	70.37037037037037	73.52941176470588