Transcripcion	Levenstein	Orden	Parcial
Estandar	4.668304668304668	10.73170731707317	30.000000000000004
Estandar_normalizada	6.806282722513091	9.313725490196079	44.73684210526315
Dialectal	4.668304668304668	10.73170731707317	30.000000000000004
Dialectal_normalizada	6.806282722513091	9.313725490196079	44.73684210526315