Transcripcion	Levenstein	Orden	Parcial
Estandar	42.85714285714286	76.92307692307692	66.66666666666667
Estandar_normalizada	50.0	76.92307692307692	80.0
Dialectal	42.85714285714286	76.92307692307692	66.66666666666667
Dialectal_normalizada	50.0	76.92307692307692	80.0