Transcripcion	Levenstein	Orden	Parcial
Estandar	21.739130434782606	44.827586206896555	48.78048780487805
Estandar_normalizada	27.77777777777778	41.73913043478261	52.5
Dialectal	21.92982456140351	45.21739130434783	48.78048780487805
Dialectal_normalizada	28.08988764044944	42.10526315789473	52.5