Transcripcion	Levenstein	Orden	Parcial
Estandar	25.0	35.55555555555555	45.238095238095234
Estandar_normalizada	23.529411764705888	35.55555555555555	50.0
Dialectal	24.786324786324787	36.76470588235294	45.238095238095234
Dialectal_normalizada	23.300970873786408	36.76470588235294	50.0