Transcripcion	Levenstein	Orden	Parcial
Estandar	21.739130434782606	42.553191489361694	44.99999999999999
Estandar_normalizada	24.752475247524753	42.553191489361694	45.333333333333336
Dialectal	21.739130434782606	42.553191489361694	44.99999999999999
Dialectal_normalizada	24.752475247524753	42.553191489361694	45.333333333333336