Transcripcion	Levenstein	Orden	Parcial
Estandar	18.300653594771244	43.24324324324324	35.91549295774647
Estandar_normalizada	20.71428571428572	42.51968503937008	44.166666666666664
Dialectal	17.218543046357617	43.57976653696498	35.55555555555555
Dialectal_normalizada	21.42857142857143	42.85714285714286	44.53781512605042