Transcripcion	Levenstein	Orden	Parcial
Estandar	21.1864406779661	42.6829268292683	40.44943820224719
Estandar_normalizada	21.875	44.44444444444444	44.705882352941174
Dialectal	21.1864406779661	42.6829268292683	40.44943820224719
Dialectal_normalizada	21.875	44.44444444444444	44.705882352941174