Transcripcion	Levenstein	Orden	Parcial
Estandar	11.627906976744185	26.415094339622648	28.57142857142857
Estandar_normalizada	16.216216216216218	23.076923076923073	38.888888888888886
Dialectal	11.627906976744185	26.415094339622648	28.57142857142857
Dialectal_normalizada	16.216216216216218	23.076923076923073	38.888888888888886