Transcripcion	Levenstein	Orden	Parcial
Estandar	38.80597014925373	67.5	89.65517241379311
Estandar_normalizada	46.55172413793104	68.35443037974683	89.65517241379311
Dialectal	38.80597014925373	67.5	89.65517241379311
Dialectal_normalizada	46.55172413793104	68.35443037974683	89.65517241379311