Transcripcion	Levenstein	Orden	Parcial
Estandar	18.681318681318682	41.23711340206185	36.36363636363637
Estandar_normalizada	21.42857142857143	42.553191489361694	41.379310344827594
Dialectal	18.681318681318682	41.23711340206185	36.36363636363637
Dialectal_normalizada	21.42857142857143	42.553191489361694	41.379310344827594