Transcripcion	Levenstein	Orden	Parcial
Estandar	3.8461538461538436	12.5	25.0
Estandar_normalizada	5.882352941176472	13.33333333333333	44.44444444444444
Dialectal	3.8461538461538436	12.5	25.0
Dialectal_normalizada	5.882352941176472	13.33333333333333	44.44444444444444