Transcripcion	Levenstein	Orden	Parcial
Estandar	44.64285714285714	56.70103092783505	71.00591715976333
Estandar_normalizada	51.81818181818182	56.994818652849744	79.48717948717949
Dialectal	44.64285714285714	56.70103092783505	71.00591715976333
Dialectal_normalizada	51.81818181818182	56.994818652849744	79.48717948717949