Transcripcion	Levenstein	Orden	Parcial
Estandar	25.0	27.027027027027028	37.83783783783784
Estandar_normalizada	31.818181818181824	27.027027027027028	42.42424242424242
Dialectal	25.0	27.027027027027028	37.83783783783784
Dialectal_normalizada	31.818181818181824	27.027027027027028	42.42424242424242