Transcripcion	Levenstein	Orden	Parcial
Estandar	0.0	11.32075471698113	0.0
Estandar_normalizada	6.25	11.32075471698113	40.0
Dialectal	0.0	11.32075471698113	0.0
Dialectal_normalizada	6.25	11.32075471698113	40.0