Transcripcion	Levenstein	Orden	Parcial
Estandar	32.846715328467155	58.54430379746836	60.60606060606061
Estandar_normalizada	37.43455497382199	57.23370429252782	67.74847870182556
Dialectal	32.846715328467155	58.54430379746836	60.60606060606061
Dialectal_normalizada	37.43455497382199	57.23370429252782	67.74847870182556