Transcripcion	Levenstein	Orden	Parcial
Estandar	43.529411764705884	64.38356164383562	70.58823529411764
Estandar_normalizada	47.5609756097561	64.38356164383562	76.42276422764228
Dialectal	43.529411764705884	64.38356164383562	70.58823529411764
Dialectal_normalizada	47.5609756097561	64.38356164383562	76.42276422764228