Transcripcion	Levenstein	Orden	Parcial
Estandar	25.79365079365079	39.27492447129909	44.329896907216494
Estandar_normalizada	25.92592592592593	39.27492447129909	46.59090909090909
Dialectal	25.79365079365079	39.27492447129909	44.329896907216494
Dialectal_normalizada	25.92592592592593	39.27492447129909	46.59090909090909