Transcripcion	Levenstein	Orden	Parcial
Estandar	22.7390180878553	51.2	44.97607655502392
Estandar_normalizada	26.797385620915037	51.6260162601626	48.36272040302268
Dialectal	22.7390180878553	52.400000000000006	44.97607655502392
Dialectal_normalizada	26.797385620915037	52.84552845528455	48.36272040302268