Transcripcion	Levenstein	Orden	Parcial
Estandar	42.85714285714286	52.42718446601942	75.0
Estandar_normalizada	46.57534246575342	52.94117647058824	76.31578947368422
Dialectal	42.85714285714286	52.42718446601942	75.0
Dialectal_normalizada	46.57534246575342	52.94117647058824	76.31578947368422