Transcripcion	Levenstein	Orden	Parcial
Estandar	9.090909090909093	29.629629629629626	30.76923076923077
Estandar_normalizada	13.636363636363635	23.076923076923073	50.0
Dialectal	9.090909090909093	29.629629629629626	30.76923076923077
Dialectal_normalizada	13.636363636363635	23.076923076923073	50.0