Transcripcion	Levenstein	Orden	Parcial
Estandar	35.17786561264822	58.04195804195804	54.54545454545454
Estandar_normalizada	42.58373205741627	57.95053003533569	61.76470588235294
Dialectal	33.864541832669325	57.74647887323944	53.807106598984774
Dialectal_normalizada	41.545893719806756	57.65124555160141	61.08374384236453