Transcripcion	Levenstein	Orden	Parcial
Estandar	1.4995313964386137	2.5048169556840083	57.89473684210527
Estandar_normalizada	1.4634146341463428	2.5048169556840083	66.66666666666667
Dialectal	1.4995313964386137	2.5048169556840083	57.89473684210527
Dialectal_normalizada	1.4634146341463428	2.5048169556840083	66.66666666666667