Transcripcion	Levenstein	Orden	Parcial
Estandar	12.121212121212121	26.315789473684216	30.000000000000004
Estandar_normalizada	17.85714285714286	27.027027027027028	40.0
Dialectal	12.121212121212121	26.315789473684216	30.000000000000004
Dialectal_normalizada	17.85714285714286	27.027027027027028	40.0