Transcripcion	Levenstein	Orden	Parcial
Estandar	21.42857142857143	36.8421052631579	42.42424242424242
Estandar_normalizada	25.92592592592593	36.8421052631579	46.15384615384615
Dialectal	21.42857142857143	36.8421052631579	42.42424242424242
Dialectal_normalizada	25.92592592592593	36.8421052631579	46.15384615384615