Transcripcion	Levenstein	Orden	Parcial
Estandar	25.0	40.0	40.0
Estandar_normalizada	21.739130434782606	40.0	38.888888888888886
Dialectal	25.0	40.0	40.0
Dialectal_normalizada	21.739130434782606	40.0	38.888888888888886