Transcripcion	Levenstein	Orden	Parcial
Estandar	12.5	13.33333333333333	25.0
Estandar_normalizada	9.090909090909093	13.33333333333333	28.57142857142857
Dialectal	12.5	13.33333333333333	25.0
Dialectal_normalizada	9.090909090909093	13.33333333333333	28.57142857142857