Transcripcion	Levenstein	Orden	Parcial
Estandar	21.333333333333336	32.94117647058824	36.36363636363637
Estandar_normalizada	22.580645161290324	33.333333333333336	40.625
Dialectal	21.333333333333336	32.94117647058824	36.36363636363637
Dialectal_normalizada	22.580645161290324	33.333333333333336	40.625