Transcripcion	Levenstein	Orden	Parcial
Estandar	65.03496503496504	87.5	81.25
Estandar_normalizada	72.8	87.5	88.04347826086956
Dialectal	65.03496503496504	87.5	81.25
Dialectal_normalizada	72.8	87.5	88.04347826086956