Transcripcion	Levenstein	Orden	Parcial
Estandar	57.02917771883289	78.17703768624014	68.60356138706653
Estandar_normalizada	63.52765321375187	78.34870443566095	74.58455522971651
Dialectal	56.97131420947299	78.48658161020677	68.9784442361762
Dialectal_normalizada	63.50639578630549	78.65961199294533	74.68230694037146