Transcripcion	Levenstein	Orden	Parcial
Estandar	69.00269541778977	86.32115548003398	77.59856630824373
Estandar_normalizada	74.33234421364985	86.12765957446808	82.28782287822878
Dialectal	69.05405405405405	86.29787234042553	77.77777777777779
Dialectal_normalizada	74.40476190476191	86.10400682011935	82.47232472324724