Transcripcion	Levenstein	Orden	Parcial
Estandar	60.54628224582701	76.38190954773869	65.56291390728477
Estandar_normalizada	67.75300171526585	76.81451612903226	70.02237136465325
Dialectal	60.54628224582701	76.38190954773869	65.56291390728477
Dialectal_normalizada	67.75300171526585	76.81451612903226	70.02237136465325