Transcripcion	Levenstein	Orden	Parcial
Estandar	65.55183946488295	81.4498933901919	77.27272727272727
Estandar_normalizada	72.65917602996255	81.11587982832617	85.0
Dialectal	65.33333333333333	81.27659574468085	76.81818181818181
Dialectal_normalizada	72.38805970149254	80.94218415417559	84.54545454545455