Transcripcion	Levenstein	Orden	Parcial
Estandar	36.73469387755102	66.08695652173913	75.55555555555556
Estandar_normalizada	47.43589743589743	66.66666666666667	77.27272727272727
Dialectal	36.73469387755102	66.08695652173913	75.55555555555556
Dialectal_normalizada	47.43589743589743	66.66666666666667	77.27272727272727