Transcripcion	Levenstein	Orden	Parcial
Estandar	40.46242774566474	69.1588785046729	51.64835164835164
Estandar_normalizada	49.6551724137931	69.81132075471699	63.63636363636363
Dialectal	40.22988505747126	68.83720930232558	52.74725274725275
Dialectal_normalizada	49.31506849315068	69.48356807511738	62.5