Transcripcion	Levenstein	Orden	Parcial
Estandar	32.82442748091603	56.64739884393064	59.154929577464785
Estandar_normalizada	35.3448275862069	56.97674418604651	65.67164179104478
Dialectal	32.82442748091603	56.64739884393064	59.154929577464785
Dialectal_normalizada	35.3448275862069	56.97674418604651	65.67164179104478