Transcripcion	Levenstein	Orden	Parcial
Estandar	51.77304964539007	75.67567567567568	68.75
Estandar_normalizada	59.166666666666664	76.08695652173914	74.02597402597402
Dialectal	51.77304964539007	75.67567567567568	68.75
Dialectal_normalizada	59.166666666666664	76.08695652173914	74.02597402597402