Transcripcion	Levenstein	Orden	Parcial
Estandar	42.22222222222223	74.62686567164178	62.5
Estandar_normalizada	59.45945945945945	74.62686567164178	79.41176470588236
Dialectal	41.30434782608695	73.52941176470588	60.0
Dialectal_normalizada	56.75675675675676	73.52941176470588	78.26086956521739