Transcripcion	Levenstein	Orden	Parcial
Estandar	33.333333333333336	53.333333333333336	72.0
Estandar_normalizada	45.238095238095234	54.23728813559322	72.34042553191489
Dialectal	33.333333333333336	53.333333333333336	72.0
Dialectal_normalizada	45.238095238095234	54.23728813559322	72.34042553191489