Transcripcion	Levenstein	Orden	Parcial
Estandar	0.5671077504725952	0.9708737864077666	40.0
Estandar_normalizada	0.5853658536585371	0.9708737864077666	66.66666666666667
Dialectal	0.5671077504725952	0.9708737864077666	40.0
Dialectal_normalizada	0.5853658536585371	0.9708737864077666	66.66666666666667