Transcripcion	Levenstein	Orden	Parcial
Estandar	42.85714285714286	67.05882352941177	80.0
Estandar_normalizada	47.05882352941176	67.85714285714286	81.9047619047619
Dialectal	42.85714285714286	67.05882352941177	80.0
Dialectal_normalizada	47.05882352941176	67.85714285714286	81.9047619047619