Transcripcion	Levenstein	Orden	Parcial
Estandar	47.48201438848921	79.06482465462274	64.61232604373757
Estandar_normalizada	52.716297786720325	79.14893617021276	71.60751565762004
Dialectal	47.48201438848921	79.06482465462274	64.61232604373757
Dialectal_normalizada	52.716297786720325	79.14893617021276	71.60751565762004