Transcripcion	Levenstein	Orden	Parcial
Estandar	61.76470588235294	63.76811594202898	71.1340206185567
Estandar_normalizada	67.5	63.76811594202898	76.59574468085107
Dialectal	61.76470588235294	63.76811594202898	71.1340206185567
Dialectal_normalizada	67.5	63.76811594202898	76.59574468085107