Transcripcion	Levenstein	Orden	Parcial
Estandar	12.93103448275862	17.05426356589147	50.0
Estandar_normalizada	12.612612612612617	17.05426356589147	48.64864864864865
Dialectal	12.93103448275862	17.05426356589147	50.0
Dialectal_normalizada	12.612612612612617	17.05426356589147	48.64864864864865