Transcripcion	Levenstein	Orden	Parcial
Estandar	10.256410256410254	30.000000000000004	30.000000000000004
Estandar_normalizada	9.999999999999998	25.64102564102564	28.57142857142857
Dialectal	10.256410256410254	30.000000000000004	30.000000000000004
Dialectal_normalizada	9.999999999999998	25.64102564102564	28.57142857142857