Transcripcion	Levenstein	Orden	Parcial
Estandar	68.75	79.36507936507937	80.18867924528301
Estandar_normalizada	74.19354838709677	79.36507936507937	85.85365853658537
Dialectal	68.26568265682657	78.63636363636364	80.18867924528301
Dialectal_normalizada	73.6842105263158	78.63636363636364	85.36585365853658