Transcripcion	Levenstein	Orden	Parcial
Estandar	2.564102564102566	3.076923076923077	40.0
Estandar_normalizada	1.4925373134328401	3.125	33.333333333333336
Dialectal	2.564102564102566	3.076923076923077	40.0
Dialectal_normalizada	1.4925373134328401	3.125	33.333333333333336