Transcripcion	Levenstein	Orden	Parcial
Estandar	41.952789699570815	75.43745949449125	62.309102015882715
Estandar_normalizada	47.57281553398058	75.5035737491878	68.04657179818886
Dialectal	41.952789699570815	75.43745949449125	62.309102015882715
Dialectal_normalizada	47.57281553398058	75.5035737491878	68.04657179818886