Transcripcion	Levenstein	Orden	Parcial
Estandar	5.882352941176472	6.451612903225811	60.0
Estandar_normalizada	5.000000000000004	6.451612903225811	100.0
Dialectal	5.882352941176472	6.451612903225811	60.0
Dialectal_normalizada	5.000000000000004	6.451612903225811	100.0