Transcripcion	Levenstein	Orden	Parcial
Estandar	15.384615384615385	25.0	27.77777777777778
Estandar_normalizada	16.000000000000004	25.0	31.25
Dialectal	15.384615384615385	25.0	27.77777777777778
Dialectal_normalizada	16.000000000000004	25.0	31.25