Transcripcion	Levenstein	Orden	Parcial
Estandar	44.9678800856531	66.16989567809239	60.501567398119114
Estandar_normalizada	50.36319612590798	66.56671664167916	65.51724137931035
Dialectal	44.516129032258064	66.06875934230195	59.87460815047022
Dialectal_normalizada	49.878345498783446	66.46616541353383	65.17241379310346