Transcripcion	Levenstein	Orden	Parcial
Estandar	4.545454545454541	8.695652173913048	16.666666666666664
Estandar_normalizada	6.25	8.695652173913048	16.666666666666664
Dialectal	4.545454545454541	8.695652173913048	16.666666666666664
Dialectal_normalizada	6.25	8.695652173913048	16.666666666666664