Transcripcion	Levenstein	Orden	Parcial
Estandar	62.22222222222222	87.09677419354838	86.20689655172413
Estandar_normalizada	75.67567567567568	87.09677419354838	90.9090909090909
Dialectal	62.22222222222222	87.09677419354838	86.20689655172413
Dialectal_normalizada	75.67567567567568	87.09677419354838	90.9090909090909