Transcripcion	Levenstein	Orden	Parcial
Estandar	29.032258064516125	47.72727272727273	69.0909090909091
Estandar_normalizada	31.666666666666664	47.72727272727273	73.07692307692308
Dialectal	29.032258064516125	47.72727272727273	69.0909090909091
Dialectal_normalizada	31.666666666666664	47.72727272727273	73.07692307692308