Transcripcion	Levenstein	Orden	Parcial
Estandar	50.0	64.24870466321244	56.05095541401274
Estandar_normalizada	54.91803278688525	64.24870466321244	63.41463414634146
Dialectal	50.0	64.24870466321244	56.05095541401274
Dialectal_normalizada	54.91803278688525	64.24870466321244	63.41463414634146