Transcripcion	Levenstein	Orden	Parcial
Estandar	24.50980392156863	51.48514851485149	61.9718309859155
Estandar_normalizada	28.04878048780488	52.0	66.66666666666667
Dialectal	24.50980392156863	51.48514851485149	61.9718309859155
Dialectal_normalizada	28.04878048780488	52.0	66.66666666666667