Transcripcion	Levenstein	Orden	Parcial
Estandar	64.70588235294117	78.07486631016043	87.29281767955801
Estandar_normalizada	69.6969696969697	78.07486631016043	89.14285714285714
Dialectal	64.70588235294117	78.07486631016043	87.29281767955801
Dialectal_normalizada	69.6969696969697	78.07486631016043	89.14285714285714