Transcripcion	Levenstein	Orden	Parcial
Estandar	48.421052631578945	68.18181818181819	75.92592592592592
Estandar_normalizada	59.756097560975604	68.70229007633588	83.33333333333334
Dialectal	48.421052631578945	68.18181818181819	75.92592592592592
Dialectal_normalizada	59.756097560975604	68.70229007633588	83.33333333333334