Transcripcion	Levenstein	Orden	Parcial
Estandar	52.27272727272727	75.86206896551724	88.0
Estandar_normalizada	57.89473684210527	75.86206896551724	91.30434782608697
Dialectal	52.27272727272727	75.86206896551724	88.0
Dialectal_normalizada	57.89473684210527	75.86206896551724	91.30434782608697