Transcripcion	Levenstein	Orden	Parcial
Estandar	6.153846153846154	10.1010101010101	48.0
Estandar_normalizada	5.978260869565222	10.1010101010101	46.666666666666664
Dialectal	6.153846153846154	10.1010101010101	48.0
Dialectal_normalizada	5.978260869565222	10.1010101010101	46.666666666666664