Transcripcion	Levenstein	Orden	Parcial
Estandar	15.151515151515149	32.55813953488372	25.0
Estandar_normalizada	20.68965517241379	28.57142857142857	40.0
Dialectal	15.151515151515149	32.55813953488372	25.0
Dialectal_normalizada	20.68965517241379	28.57142857142857	40.0