Transcripcion	Levenstein	Orden	Parcial
Estandar	17.34939759036145	33.05439330543933	77.65957446808511
Estandar_normalizada	17.46835443037975	33.05439330543933	83.72093023255813
Dialectal	17.34939759036145	33.05439330543933	77.65957446808511
Dialectal_normalizada	17.46835443037975	33.05439330543933	83.72093023255813