Transcripcion	Levenstein	Orden	Parcial
Estandar	44.64285714285714	72.09302325581395	82.85714285714285
Estandar_normalizada	52.727272727272734	72.09302325581395	93.93939393939394
Dialectal	44.64285714285714	72.09302325581395	82.85714285714285
Dialectal_normalizada	52.727272727272734	72.09302325581395	93.93939393939394