Transcripcion	Levenstein	Orden	Parcial
Estandar	9.290953545232272	17.28971962616822	69.33333333333334
Estandar_normalizada	9.718670076726344	17.28971962616822	73.6842105263158
Dialectal	9.290953545232272	17.28971962616822	69.33333333333334
Dialectal_normalizada	9.718670076726344	17.28971962616822	73.6842105263158