Transcripcion	Levenstein	Orden	Parcial
Estandar	24.489795918367353	38.095238095238095	67.6923076923077
Estandar_normalizada	28.723404255319153	38.095238095238095	74.19354838709677
Dialectal	23.469387755102044	39.682539682539684	64.61538461538461
Dialectal_normalizada	27.6595744680851	39.682539682539684	70.96774193548387