Transcripcion	Levenstein	Orden	Parcial
Estandar	31.182795698924725	60.8	66.66666666666667
Estandar_normalizada	39.50617283950617	60.8	75.0
Dialectal	31.182795698924725	60.8	66.66666666666667
Dialectal_normalizada	39.50617283950617	60.8	75.0