Transcripcion	Levenstein	Orden	Parcial
Estandar	15.625	37.5	71.42857142857143
Estandar_normalizada	21.42857142857143	37.5	100.0
Dialectal	15.625	37.5	71.42857142857143
Dialectal_normalizada	21.42857142857143	37.5	100.0