Transcripcion	Levenstein	Orden	Parcial
Estandar	49.494949494949495	81.94444444444444	66.66666666666667
Estandar_normalizada	55.81395348837209	82.51748251748252	72.93233082706767
Dialectal	49.494949494949495	81.94444444444444	66.66666666666667
Dialectal_normalizada	55.81395348837209	82.51748251748252	72.93233082706767