Transcripcion	Levenstein	Orden	Parcial
Estandar	70.76923076923076	88.67924528301887	92.3076923076923
Estandar_normalizada	77.96610169491525	88.67924528301887	96.96969696969697
Dialectal	70.76923076923076	88.67924528301887	92.3076923076923
Dialectal_normalizada	77.96610169491525	88.67924528301887	96.96969696969697