Transcripcion	Levenstein	Orden	Parcial
Estandar	78.4	85.98130841121495	89.32038834951457
Estandar_normalizada	84.61538461538461	85.98130841121495	93.06930693069306
Dialectal	78.04878048780488	86.79245283018868	88.3495145631068
Dialectal_normalizada	84.34782608695653	86.79245283018868	92.07920792079209