Transcripcion	Levenstein	Orden	Parcial
Estandar	40.33613445378151	76.92307692307692	64.0
Estandar_normalizada	44.44444444444444	74.02597402597402	71.83098591549295
Dialectal	40.33613445378151	76.92307692307692	64.0
Dialectal_normalizada	44.44444444444444	74.02597402597402	71.83098591549295