Transcripcion	Levenstein	Orden	Parcial
Estandar	22.916666666666664	39.43661971830986	39.50617283950617
Estandar_normalizada	28.947368421052634	39.43661971830986	46.42857142857143
Dialectal	22.916666666666664	39.43661971830986	39.50617283950617
Dialectal_normalizada	28.947368421052634	39.43661971830986	46.42857142857143