Transcripcion	Levenstein	Orden	Parcial
Estandar	50.847457627118644	47.82608695652174	73.26732673267327
Estandar_normalizada	54.71698113207547	47.82608695652174	81.3953488372093
Dialectal	50.847457627118644	47.82608695652174	73.26732673267327
Dialectal_normalizada	54.71698113207547	47.82608695652174	81.3953488372093