Transcripcion	Levenstein	Orden	Parcial
Estandar	48.275862068965516	80.4733727810651	63.51351351351351
Estandar_normalizada	58.58585858585859	80.95238095238095	69.50354609929079
Dialectal	48.275862068965516	80.4733727810651	63.51351351351351
Dialectal_normalizada	58.58585858585859	80.95238095238095	69.50354609929079