Transcripcion	Levenstein	Orden	Parcial
Estandar	13.636363636363635	26.086956521739136	42.85714285714286
Estandar_normalizada	11.111111111111116	26.086956521739136	36.36363636363637
Dialectal	13.636363636363635	26.086956521739136	42.85714285714286
Dialectal_normalizada	11.111111111111116	26.086956521739136	36.36363636363637