Transcripcion	Levenstein	Orden	Parcial
Estandar	9.090909090909093	46.15384615384615	60.0
Estandar_normalizada	11.111111111111116	46.15384615384615	75.0
Dialectal	9.090909090909093	46.15384615384615	60.0
Dialectal_normalizada	11.111111111111116	46.15384615384615	75.0