Transcripcion	Levenstein	Orden	Parcial
Estandar	68.0	84.7457627118644	78.0
Estandar_normalizada	78.78787878787878	85.47008547008546	81.9047619047619
Dialectal	67.10526315789474	84.03361344537815	77.22772277227723
Dialectal_normalizada	77.61194029850746	84.7457627118644	81.13207547169812